comuna,region_id,cplt_code,fuente,tabla_id,tabla_nombre,tipo_acto,numero,fecha,titulo,tipo_norma_clasif,materia,materia_id,source_listing_url,target_url,verification_status,sha256,bytes
Providencia,13,MU228,Municipalidad,112,Ordenanzas y Textos Refundidos D.O.,Ordenanza,75,2013-12-20,"Modifícase la Ordenanza Nº65 de 19 de Noviembre de 2007, que aprobó la Ordenanza sobre ""Condiciones necesarias para la fijación de tarifas del servicio domiciliario por extracción de basura y exención total y parcial"". N° 75: Modifícase la Ordenanza Nº65 de 19 de Noviembre de 200",ordenanza_base,Derechos Municipales y Tarifas,derechos_tarifas,https://transparencia.providencia.cl/Carpeta/VerTabla/112/1/2008,http://firma.providencia.cl/dsign/cgi/sdoc.exe/sdoc/document?id=EeMnznUUkrOzR87zddfqOQ%3D%3D,verified,2428124564985614134ba9691c102433ce8af0d4c334a4ca27da6d354c84cea6,324388
Providencia,13,MU228,Municipalidad,112,Ordenanzas y Textos Refundidos D.O.,Decreto exento,2007,2009-09-22,"Fíjase El Siguiente Texto Refundido Y Sistematizado De La Ordenanza Comunal Sobre La ""instalación De Mesas Y Toldos En El Bien Nacional De Uso Público Paseo Peatonal General Holley"".- N° 2007: Fíjase El Siguiente Texto Refundido Y Sistematizado De La Ordenanza Comunal Sobre La ""i",texto_refundido,"Aseo, Ornato y Gestión de Residuos",aseo_medioambiente,https://transparencia.providencia.cl/Carpeta/VerTabla/112/1/2009,http://firma.providencia.cl/dsign/cgi/sdoc.exe/sdoc/document?id=kj%2FnjSyhp8hqsWyGLso%2FkQ%3D%3D,verified,6caea7e0dbc6bdca3895fc820fb6bfe234c8259fe55e7c9dd387d2b1be057a6b,55286
Providencia,13,MU228,Municipalidad,112,Ordenanzas y Textos Refundidos D.O.,Decreto exento,1374,2009-07-03,"Fíjase El Siguiente Texto Refundido Y Sistematizado De La Ordenanza Comunal Nº2 De Fecha 6-03-2000 ""sobre La Actividad Comercial, De Alcoholes, Industrial, Profesional Y De Servicios "".- N° 1374: Fíjase El Siguiente Texto Refundido Y Sistematizado De La Ordenanza Comunal Nº2 De F",texto_refundido,"Comercio, Alcoholes y Patentes",comercio_alcoholes,https://transparencia.providencia.cl/Carpeta/VerTabla/112/1/2009,http://firma.providencia.cl/dsign/cgi/sdoc.exe/sdoc/document?id=Ye2Z6BD7KuKWZqEZ4cLO5g%3D%3D,verified,8f71f25fa4346b52fa6d5529035a97286e5282616c8b76effe624f783d79c522,2254765
Providencia,13,MU228,Municipalidad,112,Ordenanzas y Textos Refundidos D.O.,Decreto exento,1374,2009-07-10,"Fíjase El Siguiente Texto Refundido Y Sistematizado De La Ordenanza Comunal Nº2 De Fecha 6-03-2000 ""sobre La Actividad Comercial, De Alcoholes, Industrial, Profesional Y De Servicios "".- N° 1374: Fíjase El Siguiente Texto Refundido Y Sistematizado De La Ordenanza Comunal Nº2 De F",texto_refundido,"Comercio, Alcoholes y Patentes",comercio_alcoholes,https://transparencia.providencia.cl/Carpeta/VerTabla/112/1/2009,http://firma.providencia.cl/dsign/cgi/sdoc.exe/sdoc/document?id=j%2FYo%2FjB%2F1eB31uzvFc%2FhuA%3D%3D,verified,aee97a69b710b0e586589f8bbfdd7d88df2db27601bc15c0f0627b8946ec0331,945552
Providencia,13,MU228,Municipalidad,112,Ordenanzas y Textos Refundidos D.O.,Decreto exento,1349,2009-06-27,Apruébase El Siguiente Texto Refundido Y Sistematizado De La Ordenanza Sobre Instalación De Mesas En El Bien Nacional De Uso Público De La Comuna De Providencia. N° 1349: Apruébase El Siguiente Texto Refundido Y Sistematizado De La Ordenanza Sobre Instalación De Mesas En El Bien ,texto_refundido,Derechos Municipales y Tarifas,derechos_tarifas,https://transparencia.providencia.cl/Carpeta/VerTabla/112/1/2009,http://firma.providencia.cl/dsign/cgi/sdoc.exe/sdoc/document?id=Ka4llaNds5iQjCE110dCvQ%3D%3D,verified,a6b79557bceac83945fbf4cd35a93f44afd43d686722688e56c031dd819c1cf1,770644
Providencia,13,MU228,Municipalidad,112,Ordenanzas y Textos Refundidos D.O.,Decreto exento,630,2009-03-28,"Fíjase El Siguiente Texto Refundido Y Sistematizado De La Ordenanza Sobre ""condiciones Necesarios Para La Fijación De Tarifas Del Servicio Domiciliario Por Extracción De Basura Y Exenciones Total Y Parcial"". N° 630: Fíjase El Siguiente Texto Refundido Y Sistematizado De La Ordena",texto_refundido,Derechos Municipales y Tarifas,derechos_tarifas,https://transparencia.providencia.cl/Carpeta/VerTabla/112/1/2009,http://firma.providencia.cl/dsign/cgi/sdoc.exe/sdoc/document?id=wN9buEgHml%2BpX5GRUD7dhA%3D%3D,verified,2b1505b4e7c084a925bf1528669dfc2b17bd512cca0a34345c7aeee7ffe67710,1415534
Providencia,13,MU228,Municipalidad,112,Ordenanzas y Textos Refundidos D.O.,Decreto exento,589,2009-03-23,"Fíjase El Siguiente Texto Refundido Y Sistematizado De La Ordenanza Sobre Obras De Contrucción, Reconstrucción, Reparación, Alteración, Ampliación Y Demolición De Edificios Y Obras De Urbanización. N° 589: Fíjase El Siguiente Texto Refundido Y Sistematizado De La Ordenanza Sobre ",texto_refundido,"Obras, Urbanismo y Espacio Público",urbanismo_obras,https://transparencia.providencia.cl/Carpeta/VerTabla/112/1/2009,http://firma.providencia.cl/dsign/cgi/sdoc.exe/sdoc/document?id=nxnHXQr9JFZg3i8R1uyUHw%3D%3D,verified,7dfaa71f37d3ef32d6588f556cd0828c991f8ce9e8c77e4a44766d7d4ff6e173,1871030
Providencia,13,MU228,Municipalidad,112,Ordenanzas y Textos Refundidos D.O.,Decreto exento,491,2009-03-19,Fíjase El Siguiente Texto Refundido Y Sistematizado De La Ordenanza Que Reglamenta La Numeración De Los Inmuebles De La Comuna. N° 491: Fíjase El Siguiente Texto Refundido Y Sistematizado De La Ordenanza Que Reglamenta La Numeración De Los Inmuebles De La Comuna,texto_refundido,Derechos Municipales y Tarifas,derechos_tarifas,https://transparencia.providencia.cl/Carpeta/VerTabla/112/1/2009,http://firma.providencia.cl/dsign/cgi/sdoc.exe/sdoc/document?id=BgEMOCwwMo9f1JduJtdwqw%3D%3D,verified,189b1d948b942f914bea4424f264058ad8939bcee9996a9008c2fef48bbfb73d,494291
Providencia,13,MU228,Municipalidad,112,Ordenanzas y Textos Refundidos D.O.,Decreto exento,349,2009-02-24,Fíjase El Siguiente Texto Refundido De La Ordenanza Sobre Estacionamientos Reservados Para Vehículos N° 349: Fíjase El Siguiente Texto Refundido De La Ordenanza Sobre Estacionamientos Reservados Para Vehículos,texto_refundido,"Tránsito, Transporte y Espacio Público",transito_transporte,https://transparencia.providencia.cl/Carpeta/VerTabla/112/1/2009,http://firma.providencia.cl/dsign/cgi/sdoc.exe/sdoc/document?id=1Oj5vJc6I%2BgNIWEMKNFHqA%3D%3D,verified,3e5660ddc7b9674e1afa55153367ddcefd8fe1254aa6e92dd6e75620889ac8aa,824553
Providencia,13,MU228,Municipalidad,112,Ordenanzas y Textos Refundidos D.O.,Ordenanza,86,2009-12-28,"Dejase Establecido El Monto Para El ""cobro Derecho De Aseo Domiciliario Para El Año 2010"", Conforme Lo Establecido Por Ordenanza Nº85 De 14-10-2009. N° 86: Dejase Establecido El Monto Para El ""cobro Derecho De Aseo Domiciliario Para El Año 2010"", Conforme Lo Establecido Por Orden",ordenanza_base,Derechos Municipales y Tarifas,derechos_tarifas,https://transparencia.providencia.cl/Carpeta/VerTabla/112/1/2009,http://firma.providencia.cl/dsign/cgi/sdoc.exe/sdoc/document?id=W1CHHDAXpP7bvKb3CORIfA%3D%3D,verified,40cb7ea71e40473e9ee9ce2e58c27e0d672c2a67b527641a7a8095be34d6157e,462433
Providencia,13,MU228,Municipalidad,112,Ordenanzas y Textos Refundidos D.O.,Ordenanza,85,2009-10-21,"Renuévase Para El Año 2010, La Ordenanza N°76 De 28-10-2008, Que Aprobó La Ordenanza De ""cobro De Derecho De Aseo Domiciliario Para El Año 2009"". N° 85: Renuévase Para El Año 2010, La Ordenanza N°76 De 28-10-2008, Que Aprobó La Ordenanza De ""cobro De Derecho De Aseo Domiciliario ",ordenanza_base,Derechos Municipales y Tarifas,derechos_tarifas,https://transparencia.providencia.cl/Carpeta/VerTabla/112/1/2009,http://firma.providencia.cl/dsign/cgi/sdoc.exe/sdoc/document?id=wsyKokTlVO4lXsB6cQfz6Q%3D%3D,verified,747f7f515cf20d4a19de40244cb6e06d6edc2856d6150ebc220e2b99efb51b01,764316
Providencia,13,MU228,Municipalidad,112,Ordenanzas y Textos Refundidos D.O.,Decreto Exento,2361,2010-12-24,Texto Refundido Y Sistematizado De La Ordenanza De Derechos Municipales Que Regirá Para El Año 2011 N° 2361: Texto Refundido Y Sistematizado De La Ordenanza De Derechos Municipales Que Regirá Para El Año 2011,texto_refundido,Derechos Municipales y Tarifas,derechos_tarifas,https://transparencia.providencia.cl/Carpeta/VerTabla/112/1/2010,http://firma.providencia.cl/dsign/cgi/sdoc.exe/sdoc/document?id=WzMDmP60NppptaHX%2BYWMOg%3D%3D,verified,322a7e5656511840c7c04677500b596fdafd19282122f6e3edddc378ecd8b2c6,109447
Providencia,13,MU228,Municipalidad,112,Ordenanzas y Textos Refundidos D.O.,Decreto Exento,1607,2010-08-28,"Fíjase El Siguiente Texto Refundido, Coordinado Y Sistematizado De La Ordenanza Sobre ""ocupación De Bien Nacional De Uso Público Calle Pío Nono"". N° 1607: Fíjase El Siguiente Texto Refundido, Coordinado Y Sistematizado De La Ordenanza Sobre ""ocupación De Bien Nacional De Uso Públ",texto_refundido,Derechos Municipales y Tarifas,derechos_tarifas,https://transparencia.providencia.cl/Carpeta/VerTabla/112/1/2010,http://firma.providencia.cl/dsign/cgi/sdoc.exe/sdoc/document?id=JKDfIqf8ESjWSHV2lMYzwA%3D%3D,verified,111ac5c06b0b1319c41022d31a36e266e25997a19c6ccf093e6e1cc72fecd84d,120919
Providencia,13,MU228,Municipalidad,112,Ordenanzas y Textos Refundidos D.O.,Decreto Exento,1553,2010-08-21,"Apruébase Y Promúlgase La Aprobación De Las Nuevas Normas Urbanisticas Asignadas A Las Fajas De Utilidad Pública Caducadas De Calle Pedro Lira, Asimilándolas A Las Zonas De Uso De Suelo Y Edificación Predominantes En El Sector. N° 1553: Apruébase Y Promúlgase La Aprobación De Las",ordenanza_base,"Obras, Urbanismo y Espacio Público",urbanismo_obras,https://transparencia.providencia.cl/Carpeta/VerTabla/112/1/2010,http://firma.providencia.cl/dsign/cgi/sdoc.exe/sdoc/document?id=GQqC3wjKK%2BGAm4qavxdnBg%3D%3D,verified,d94b9d45da6a4dec9d9f86966390d127bbad27a042d418b1fb92e6427e520db5,232786
Providencia,13,MU228,Municipalidad,112,Ordenanzas y Textos Refundidos D.O.,Ordenanza,99,2010-12-24,"Déjase Establecido El Monto Para El ""cobro Derecho De Aseo Domiciliaro Para El Año 2011"", Conforme A Lo Establecido Por Ordenanza Nº93 De 12-10-2010 N° 99: Déjase Establecido El Monto Para El ""cobro Derecho De Aseo Domiciliaro Para El Año 2011"", Conforme A Lo Establecido Por Orde",ordenanza_base,Derechos Municipales y Tarifas,derechos_tarifas,https://transparencia.providencia.cl/Carpeta/VerTabla/112/1/2010,http://firma.providencia.cl/dsign/cgi/sdoc.exe/sdoc/document?id=%2FcAe2nNQDfGqgQ6MNNjNYw%3D%3D,verified,d41bffa5dcf2a0c42c50bc34a7620a6326b8a969cba669fa1196a73c9dfa13a8,109428
Providencia,13,MU228,Municipalidad,112,Ordenanzas y Textos Refundidos D.O.,Ordenanza,98,2010-11-18,Díctase La Ordenanza Sobre Servicios Del Sistema De Bibliotecas De La Municipalidad De Providencia N° 98: Díctase La Ordenanza Sobre Servicios Del Sistema De Bibliotecas De La Municipalidad De Providencia,ordenanza_base,Derechos Municipales y Tarifas,derechos_tarifas,https://transparencia.providencia.cl/Carpeta/VerTabla/112/1/2010,http://firma.providencia.cl/dsign/cgi/sdoc.exe/sdoc/document?id=2oRAxPo9b8QRsnvrl9HNZA%3D%3D,verified,220ade36d504cd50df1a136a4e1aa7de8672aaaa2667e8b719f84cad8ce7027c,409184
Providencia,13,MU228,Municipalidad,112,Ordenanzas y Textos Refundidos D.O.,Ordenanza,97,2010-11-18,"Modifícase La Ordenanza Nº22 De 28.12.2001 ""ordenanza Local Sobre Derechos Municipales Que Rige Para El 2010"", Cuyo Texto Refundido Fue Aprobado Por ExNº2669 De 18.12.2009 N° 97: Modifícase La Ordenanza Nº22 De 28",texto_refundido,Derechos Municipales y Tarifas,derechos_tarifas,https://transparencia.providencia.cl/Carpeta/VerTabla/112/1/2010,http://firma.providencia.cl/dsign/cgi/sdoc.exe/sdoc/document?id=FEvGhqx9FOOViYbYkYvZyQ%3D%3D,verified,c1b3207932eb4dbd111411bfafe783152f3a9fc4c352f2b8867c6da4d1bf41ac,535009
Providencia,13,MU228,Municipalidad,112,Ordenanzas y Textos Refundidos D.O.,Ordenanza,96,2010-11-18,"Modifícase La Ordenanza Nº8 De 01.10.2003 Sobre ""permisos Y Concesiones De Bienes Municipales Y Nacionales De Uso Público Y Concesiones De Servicios Municipales"" N° 96: Modifícase La Ordenanza Nº8 De 01",ordenanza_base,Derechos Municipales y Tarifas,derechos_tarifas,https://transparencia.providencia.cl/Carpeta/VerTabla/112/1/2010,http://firma.providencia.cl/dsign/cgi/sdoc.exe/sdoc/document?id=yvWVC%2FK2SBwgXeygHAzzpw%3D%3D,verified,a822fc8c264d63e36a3a52a94b80360237a99ee216cd55191179d0e68fbd7a1a,137404
Providencia,13,MU228,Municipalidad,112,Ordenanzas y Textos Refundidos D.O.,Ordenanza,95,2010-11-18,"Sustitúyase El Artículo 3º De La Ordenanza Nº16 De 04.02.2004, Sobre ""funcionamiento Del Depósito Municipal De Vehículos"". N° 95: Sustitúyase El Artículo 3º De La Ordenanza Nº16 De 04",ordenanza_base,"Tránsito, Transporte y Espacio Público",transito_transporte,https://transparencia.providencia.cl/Carpeta/VerTabla/112/1/2010,http://firma.providencia.cl/dsign/cgi/sdoc.exe/sdoc/document?id=UBVgrayoFI6sTsucxq9oPg%3D%3D,verified,f66a8c8a6b64729ce994518b5e24067abfaa79809b915588a8bd9910f1e57fb0,281409
Providencia,13,MU228,Municipalidad,112,Ordenanzas y Textos Refundidos D.O.,Ordenanza,94,2010-11-18,"Modifícase La Ordenanza Nº13 De 02.12.2003, Que Aprobó La ""ordenanza Sobre Obras De Construcción, Reconstrucción, Reparación, Alteración, Ampliación Y Demolición De Edificios Y Obras De Urbanización"". N° 94: Modifícase La Ordenanza Nº13 De 02",ordenanza_base,"Obras, Urbanismo y Espacio Público",urbanismo_obras,https://transparencia.providencia.cl/Carpeta/VerTabla/112/1/2010,http://firma.providencia.cl/dsign/cgi/sdoc.exe/sdoc/document?id=pFyMUMOI9jRue5Shvncwng%3D%3D,verified,5d868bce54b9b3b07f4855322e772c97b91239b7aac4c29c8a9a1e8b4a3c9227,150919
Providencia,13,MU228,Municipalidad,112,Ordenanzas y Textos Refundidos D.O.,Ordenanza,93,2010-10-16,"Apruébase La Siguiente ""ordenanza De Cobro De Derecho De Aseo Domiciliario Para El Año 2011"". N° 93: Apruébase La Siguiente ""ordenanza De Cobro De Derecho De Aseo Domiciliario Para El Año 2011""",ordenanza_base,Derechos Municipales y Tarifas,derechos_tarifas,https://transparencia.providencia.cl/Carpeta/VerTabla/112/1/2010,http://firma.providencia.cl/dsign/cgi/sdoc.exe/sdoc/document?id=iOATwpeoNjwut%2FrtOfT%2Bbw%3D%3D,verified,9543a31808025e09c319f9ee31e3ce517f5a0e95a808fba167768004ab36efb9,322366
Providencia,13,MU228,Municipalidad,112,Ordenanzas y Textos Refundidos D.O.,Decreto Exento,2466,2011-12-30,"Fíjase El Texto Refundido Y Sistematizado De La Ordenanza Nº22 De 28-12-2011 Y Sus Modificaciones ""ordenanza Local Sobre Derechos Municipales"" Que Regirá Para El Año 2012.- N° 2466: Fíjase El Texto Refundido Y Sistematizado De La Ordenanza Nº22 De 28-12-2011 Y Sus Modificaciones ",texto_refundido,Derechos Municipales y Tarifas,derechos_tarifas,https://transparencia.providencia.cl/Carpeta/VerTabla/112/1/2011,http://firma.providencia.cl/dsign/cgi/sdoc.exe/sdoc/document?id=3CsdpkfrFLHMO4V9X0PVIA%3D%3D,verified,56ac40f318f51bc3e67b44952291b3a12c5f95a5a4acb4918cd99aad1f096bd4,158141
Providencia,13,MU228,Municipalidad,112,Ordenanzas y Textos Refundidos D.O.,Decreto Exento,2038,2011-11-05,"Fíjese El Siguiente Texto Refundido Y Sistematizado De La Ordenanza Nº 1 De 24-01-2002 ""ordenanza De Ornato"". N° 2038: Fíjese El Siguiente Texto Refundido Y Sistematizado De La Ordenanza Nº 1 De 24-01-2002 ""ordenanza De Ornato""",texto_refundido,Derechos Municipales y Tarifas,derechos_tarifas,https://transparencia.providencia.cl/Carpeta/VerTabla/112/1/2011,http://firma.providencia.cl/dsign/cgi/sdoc.exe/sdoc/document?id=59%2BlQ65Xo14WRlZFntcA1g%3D%3D,verified,4a60418d1921067e64b193cd107e334119942163628c080ed59e52853408f6c0,104081
Providencia,13,MU228,Municipalidad,112,Ordenanzas y Textos Refundidos D.O.,Decreto Exento,970,2011-06-03,"Pónese Término Al Permiso Precario Otorgado A Doña Elena Quezada Quezada, Rut.nº992.975-4 Y Marta Iturrieta Vergara, Rut.nº4.665.898-1, Por La Ocupación Del Local Nº5, Del Mercado Funcional De Providencia, Ubicado En Calle Antonio Bellet Nº58.- N° 970: Pónese Término Al Permiso P",ordenanza_base,Derechos Municipales y Tarifas,derechos_tarifas,https://transparencia.providencia.cl/Carpeta/VerTabla/112/1/2011,http://firma.providencia.cl/dsign/cgi/sdoc.exe/sdoc/document?id=fxddK7uCHME6A041WgssMw%3D%3D,verified,f75d6e9c182cd2eb92cfa9e4741b3df5c84dfd9e2fff5b164a4277e0c2794792,1385430
Providencia,13,MU228,Municipalidad,112,Ordenanzas y Textos Refundidos D.O.,Decreto Exento,858,2011-04-27,"Apruébase El Siguiente Texto Refundido Y Sistematizado De La Ordenanza Sobre Permisos Y Concesiones De Bienes Municipales Y Nacionales De Uso Público Y Concesiones De Servicios Municipales"" N° 858: Apruébase El Siguiente Texto Refundido Y Sistematizado De La Ordenanza Sobre Permi",texto_refundido,Derechos Municipales y Tarifas,derechos_tarifas,https://transparencia.providencia.cl/Carpeta/VerTabla/112/1/2011,http://firma.providencia.cl/dsign/cgi/sdoc.exe/sdoc/document?id=fcdy4AHDHQBc6HYegb7GXA%3D%3D,verified,bbe24eaad9f4082e89a32c477487694b88b5aac47e1e0804132e3b32ae7da6c3,537168
Providencia,13,MU228,Municipalidad,112,Ordenanzas y Textos Refundidos D.O.,Decreto Exento,777,2011-04-16,"Fíjase El Texto Refundido Y Sistematizado De La Ordenanza Sobre ""funcionamiento Del Depósito Municipal De Vehículos "".- N° 777: Fíjase El Texto Refundido Y Sistematizado De La Ordenanza Sobre ""funcionamiento Del Depósito Municipal De Vehículos """,texto_refundido,"Tránsito, Transporte y Espacio Público",transito_transporte,https://transparencia.providencia.cl/Carpeta/VerTabla/112/1/2011,http://firma.providencia.cl/dsign/cgi/sdoc.exe/sdoc/document?id=HwgQWPQ%2FpqivWa7E7hXOmA%3D%3D,verified,7c738bed2ebfd5ed33b52364b678e1c02cded625a6fa1867637648c2d20364e4,100485
Providencia,13,MU228,Municipalidad,112,Ordenanzas y Textos Refundidos D.O.,Decreto Exento,721,2011-04-09,Fíjase El Siguiente Texto Refundido Y Sistematizado De La Ordenanza Sobre Normas Sanitarias Básicas.- N° 721: Fíjase El Siguiente Texto Refundido Y Sistematizado De La Ordenanza Sobre Normas Sanitarias Básicas,texto_refundido,Derechos Municipales y Tarifas,derechos_tarifas,https://transparencia.providencia.cl/Carpeta/VerTabla/112/1/2011,http://firma.providencia.cl/dsign/cgi/sdoc.exe/sdoc/document?id=P%2FLPA8JmQZRyvu%2FqhwoN3A%3D%3D,verified,06026b9bcafe51e51b7050e3d8b9564b9e3b186b674681b26c154527205a60c4,117519
Providencia,13,MU228,Municipalidad,112,Ordenanzas y Textos Refundidos D.O.,Decreto Exento,720,2011-04-09,"Fíjese El Siguiente Texto Refundido Y Sistematizado De La Ordenanza Sobre Obras De Construcción, Reconstrucción, Reparación, Alteración, Ampliación Y Demolición De Edificios Y Obras De Urbanización.- N° 720: Fíjese El Siguiente Texto Refundido Y Sistematizado De La Ordenanza Sobr",texto_refundido,"Obras, Urbanismo y Espacio Público",urbanismo_obras,https://transparencia.providencia.cl/Carpeta/VerTabla/112/1/2011,http://firma.providencia.cl/dsign/cgi/sdoc.exe/sdoc/document?id=jueHfP486Ri9jo3YYWG2BA%3D%3D,verified,94d184f151c107a768eedfe54eb454c5b5536e03a0657439c3f4ff2405b5911a,120548
Providencia,13,MU228,Municipalidad,112,Ordenanzas y Textos Refundidos D.O.,Ordenanza,114,2011-10-25,"Ordenanza Nº114 De 20.10.2011- Modifícase Ordenanzas 109, 110, 111 Y 113 Todas De 07.10.2011 Por Existir Error En Los Números De Acuerdos , Dejando Establecido Que Los Números Correctos De Acuerdos Son 716,715 Y 717 N° 114: Ordenanza Nº114 De 20",ordenanza_base,Derechos Municipales y Tarifas,derechos_tarifas,https://transparencia.providencia.cl/Carpeta/VerTabla/112/1/2011,http://firma.providencia.cl/dsign/cgi/sdoc.exe/sdoc/document?id=oT5Nsxcq93O5W%2BmX49m1fg%3D%3D,verified,3160024d76f2b16006d3a1a84aebd9a5de94140c49179eb7ee792659221a30e0,171731
Providencia,13,MU228,Municipalidad,112,Ordenanzas y Textos Refundidos D.O.,Ordenanza,113,2011-10-18,"Modifícase La Ordenanza Nº8 De 29-10-1999, ""ordenanza De Participación Ciudadana De La Comuna De Providencia"", Cuyo Texto Refundido Y Sistematizado Fue Fijado Por Decreto Alcaldicio ExNº374 De 29-02-2008 N° 113: Modifícase La Ordenanza Nº8 De 29-10-1999, ""ordenanza De Participaci",texto_refundido,Participación Ciudadana,participacion_ciudadana,https://transparencia.providencia.cl/Carpeta/VerTabla/112/1/2011,http://firma.providencia.cl/dsign/cgi/sdoc.exe/sdoc/document?id=XSoPXCYiJppu%2FeTl1Er9Ww%3D%3D,verified,b70125042a1d94c9a4ad4ee0c12ca9350035ea0cfcda29aa1c0300eed84867bd,112544
Providencia,13,MU228,Municipalidad,112,Ordenanzas y Textos Refundidos D.O.,Ordenanza,112,2011-10-14,"Modifícase La Ordenanza Nº5 De 26-08-1999 Sobre ""cierre De Calles O Pasajes Públicos Ciegos De La Comuna De Providencia"", Cuyo Texto Refundido Y Sistematizado Fue Aprobado Por Decreto Alcaldicio ExNº360 De 27-02-2008 N° 112: Modifícase La Ordenanza Nº5 De 26-08-1999 Sobre ""cierre",texto_refundido,Derechos Municipales y Tarifas,derechos_tarifas,https://transparencia.providencia.cl/Carpeta/VerTabla/112/1/2011,http://firma.providencia.cl/dsign/cgi/sdoc.exe/sdoc/document?id=g%2FRUqXsmSRgH46MSFjCF%2FQ%3D%3D,verified,83d8b8a40f3487404228c9332fbf9b87ec64f40b329d197a4669a45730d1f4ef,228614
Providencia,13,MU228,Municipalidad,112,Ordenanzas y Textos Refundidos D.O.,Decreto Exento,2508,2012-01-11,"Apruébase El Siguiente Texto Refundido Y Sistematizado De La Ordenanza Nº 5 De 26-08-1999 Sobre, ""cierre De Calles O Pasajes Públicos Ciegos De La Comuna De Providencia"". N° 2508: Apruébase El Siguiente Texto Refundido Y Sistematizado De La Ordenanza Nº 5 De 26-08-1999 Sobre, ""ci",texto_refundido,Derechos Municipales y Tarifas,derechos_tarifas,https://transparencia.providencia.cl/Carpeta/VerTabla/112/1/2012,http://firma.providencia.cl/dsign/cgi/sdoc.exe/sdoc/document?id=5eaCKPPKXFHy04z6olccTg%3D%3D,verified,602d54e9f629052cfe666276aedef4285552d9037bec7a0834af6843ae4cbb20,119348
Providencia,13,MU228,Municipalidad,112,Ordenanzas y Textos Refundidos D.O.,Decreto Exento,2507,2012-01-10,"Apruébase El Siguiente Texto Refundido Y Sistematizado De La Ordenanza Sobre ""participación Ciudadana De La Comuna De Providencia"", Suyo Texto Será El Siguiente. N° 2507: Apruébase El Siguiente Texto Refundido Y Sistematizado De La Ordenanza Sobre ""participación Ciudadana De La C",texto_refundido,Participación Ciudadana,participacion_ciudadana,https://transparencia.providencia.cl/Carpeta/VerTabla/112/1/2012,http://firma.providencia.cl/dsign/cgi/sdoc.exe/sdoc/document?id=qN%2BDYgCHVLwTVLL9vstgog%3D%3D,verified,b143189b34aa6a5b296d2a345dd23a94b0c58a6800dc632f70f255395c108429,121476
Providencia,13,MU228,Municipalidad,112,Ordenanzas y Textos Refundidos D.O.,Decreto Exento,2419,2012-11-29,"Fíjase el siguiente texto refundido y sistematizado de la ""Ordenanza sobre normas sanitarias básicas"". N° 2419: Fíjase el siguiente texto refundido y sistematizado de la ""Ordenanza sobre normas sanitarias básicas""",texto_refundido,Derechos Municipales y Tarifas,derechos_tarifas,https://transparencia.providencia.cl/Carpeta/VerTabla/112/1/2012,http://firma.providencia.cl/dsign/cgi/sdoc.exe/sdoc/document?id=dBQZs1X3rrTFGi%2BOzkDeYA%3D%3D,verified,9976a074f65ef80f264a47df5d936a413e54e1096102b04915e29c41afcca616,276690
Providencia,13,MU228,Municipalidad,112,Ordenanzas y Textos Refundidos D.O.,Decreto Exento,2304,2012-11-19,Diario Oficial Lunes  19.11.2012 -  Extracto del Texto Refundido y Sistematizado de la Ordenanza  de Derechos Municipales para el año 2013 - Decreto EXNº2304 de 09.11.2012 N° 2304: Diario Oficial Lunes  19,texto_refundido,Derechos Municipales y Tarifas,derechos_tarifas,https://transparencia.providencia.cl/Carpeta/VerTabla/112/1/2012,http://firma.providencia.cl/dsign/cgi/sdoc.exe/sdoc/document?id=z%2B0zyIFJ7uQbmEu1H1RdxQ%3D%3D,verified,ba14f73f10d5496fe4138bdcf3e4aa4e10244ef571e8ec7c1b0c7db1bb3c1f15,41758
Providencia,13,MU228,Municipalidad,112,Ordenanzas y Textos Refundidos D.O.,Decreto Exento,1723,2012-08-25,"Fijase el siguiente texto refundido y sistematizado de la Ordenanza Nº9 de 22 de Octubre de 2003 sobre ""Estacionamientos Controlados en las Vías Públicas de la Comuna N° 1723: Fijase el siguiente texto refundido y sistematizado de la Ordenanza Nº9 de 22 de Octubre de 2003 sobre """,texto_refundido,"Tránsito, Transporte y Espacio Público",transito_transporte,https://transparencia.providencia.cl/Carpeta/VerTabla/112/1/2012,http://firma.providencia.cl/dsign/cgi/sdoc.exe/sdoc/document?id=t%2FbbQJf3KbieA3igPTO9gw%3D%3D,verified,752ca1c26266226257b1ae1d4105b80106c4e28977d37bc95d4cdbd742160f0c,97850
Providencia,13,MU228,Municipalidad,112,Ordenanzas y Textos Refundidos D.O.,Ordenanza,120,2012-10-30,Diario Oficial Martes 30.10.2012 -  Extracto de la Ordenanza Nº120 de 30 de Octubre de 2012 N° 120: Diario Oficial Martes 30,extracto_do,Derechos Municipales y Tarifas,derechos_tarifas,https://transparencia.providencia.cl/Carpeta/VerTabla/112/1/2012,http://firma.providencia.cl/dsign/cgi/sdoc.exe/sdoc/document?id=m1At3L0E5Ngp6215TRnUSg%3D%3D,verified,1dcc49c415b69ec8c9e3915db1b5337f97b2c2916b77aea5bf020a12812fedaa,418885
Providencia,13,MU228,Municipalidad,112,Ordenanzas y Textos Refundidos D.O.,Ordenanza,119,2012-10-25,"Ordenanza 119 de 16.10.2012- Modifica la Ordenanza Nº22 de 2001, ""Ordenanza Local sobre Derechos Municipales que rige para el año 2012"" texto refundido y sistematizado por Decreto EX2466 de 2011. Diario Oficial: 25 de Octubre de 2012. N° 119: Ordenanza 119 de 16",texto_refundido,Derechos Municipales y Tarifas,derechos_tarifas,https://transparencia.providencia.cl/Carpeta/VerTabla/112/1/2012,http://firma.providencia.cl/dsign/cgi/sdoc.exe/sdoc/document?id=gw4hBCCrroSw19fV2MQvZQ%3D%3D,verified,cfce57f386b847bef909fa8d7df1b4a83801470969363b294ba508a636d9d74a,56306
Providencia,13,MU228,Municipalidad,112,Ordenanzas y Textos Refundidos D.O.,Ordenanza,118,2012-10-26,Ordenanza 118 de 11.10.2012- Establece el monto para el cobro de Derechos de Aseo Domiciliario para el año 2013. Diario Oficial: 26 de Octubre de 2012. N° 118: Ordenanza 118 de 11,ordenanza_base,Derechos Municipales y Tarifas,derechos_tarifas,https://transparencia.providencia.cl/Carpeta/VerTabla/112/1/2012,http://firma.providencia.cl/dsign/cgi/sdoc.exe/sdoc/document?id=vPcuzjcje38Uj%2Bu61VKfvA%3D%3D,verified,001e1a21bd8cbad0e7ae4ae7ff7fa5f30380dd90743d1621931d6646dec7d0ac,74104
Providencia,13,MU228,Municipalidad,112,Ordenanzas y Textos Refundidos D.O.,Ordenanza,117,2012-07-13,"Modificase la Ordenanza Nº22 de fecha 28.12.2001 ""Ordenanza local sobre derechos municipales"" que rige para el año 2012, cuyo texto refundido y sistematizado fue aprobado por Dto Ex.Nº2466 de 26.12.2011. N° 117: Modificase la Ordenanza Nº22 de fecha 28",texto_refundido,Derechos Municipales y Tarifas,derechos_tarifas,https://transparencia.providencia.cl/Carpeta/VerTabla/112/1/2012,http://firma.providencia.cl/dsign/cgi/sdoc.exe/sdoc/document?id=xpdZAZFydYD4tEjXDl5QKQ%3D%3D,verified,c91b1efbe0f6c5f2f87d062cc0f26ac897dd28aaadac15188b5e13e92d9011ac,966491
Providencia,13,MU228,Municipalidad,112,Ordenanzas y Textos Refundidos D.O.,Creados sin sistema,116,2012-04-19,"Modifícase la Ordenanza Nº9 de fecha 22.10.2003, sobre ""Estacionamientos Controlados en las Vías Públicas de la Comuna"". N° 116: Modifícase la Ordenanza Nº9 de fecha 22",ordenanza_base,"Tránsito, Transporte y Espacio Público",transito_transporte,https://transparencia.providencia.cl/Carpeta/VerTabla/112/1/2012,http://firma.providencia.cl/dsign/cgi/sdoc.exe/sdoc/document?id=Awyj%2FYppbkRF2MK2wEPfsw%3D%3D,verified,0e2bb8996c5a44889bb5078f95d49308de930eaf5a4bf5bb8186e815062523fc,89927
Providencia,13,MU228,Municipalidad,112,Ordenanzas y Textos Refundidos D.O.,Decreto Alcaldicio Exento,189,2013-12-26,"D.Oficial, Extracto Decreto Alcaldicio EX.2590 de 17.12.2013. N° 189: D",extracto_do,Derechos Municipales y Tarifas,derechos_tarifas,https://transparencia.providencia.cl/Carpeta/VerTabla/112/1/2013,http://firma.providencia.cl/dsign/cgi/sdoc.exe/sdoc/document?id=Hs7yCmo9YGQGlJo1PQC9qg%3D%3D,verified,e5ddace3f22331275472b2931ac879ea9a720626e10136779c92778e097ef14d,410870
Providencia,13,MU228,Municipalidad,112,Ordenanzas y Textos Refundidos D.O.,Ordenanza,127,2013-12-21,D.Oficial 21.12.2013 Derechos de Aseo Domiciliario. N° 127: D,ordenanza_base,Derechos Municipales y Tarifas,derechos_tarifas,https://transparencia.providencia.cl/Carpeta/VerTabla/112/1/2013,http://firma.providencia.cl/dsign/cgi/sdoc.exe/sdoc/document?id=FFCrTDbZDkMKoHt1SWZ6nA%3D%3D,verified,24a1d51d92d190565c986cacc32cde115b7c629107352c625ec90666e914aa20,147748
Providencia,13,MU228,Municipalidad,112,Ordenanzas y Textos Refundidos D.O.,Ordenanza,126,2013-12-21,D.Oficial 21.12.2013 OR.126 Notificaciones y Publicaciones de Resoluciones Municipales. N° 126: D,ordenanza_base,Derechos Municipales y Tarifas,derechos_tarifas,https://transparencia.providencia.cl/Carpeta/VerTabla/112/1/2013,http://firma.providencia.cl/dsign/cgi/sdoc.exe/sdoc/document?id=7N3Qo5ijfObT7h8BUXsb%2Bw%3D%3D,verified,24a1d51d92d190565c986cacc32cde115b7c629107352c625ec90666e914aa20,147748
Providencia,13,MU228,Municipalidad,112,Ordenanzas y Textos Refundidos D.O.,Ordenanza,125,2013-12-20,"D.Oficial 20.12.2013, Modifica el artículo 75º de la Ordenanza Nº2 de 06.01.2000, Sobre actividad Comercial, de Alcoholes, Industrial, profesional y de Servicios. N° 125: D",modificacion,"Comercio, Alcoholes y Patentes",comercio_alcoholes,https://transparencia.providencia.cl/Carpeta/VerTabla/112/1/2013,http://firma.providencia.cl/dsign/cgi/sdoc.exe/sdoc/document?id=fkEWBjAjYBP%2F6xLlZSrwRw%3D%3D,verified,4b02956e231fb76bf93afaaa8423686e113a0695a7a3a79cf49c5ccf4019602d,181157
Providencia,13,MU228,Municipalidad,112,Ordenanzas y Textos Refundidos D.O.,Ordenanza,124,2013-11-06,"Publicación Diario Oficial 06.11.2013  Extracto Ordenanza Nº124 de 29 de Octubre de 2013 que modifica Ordenanza Local Nº22 de 2001 sobre "" Ordenanza Local sobre Derechos Municipales"" que rige para el año 2013, texto refundido y sistematizado fue aprobado por decreto alcaldicio EX",texto_refundido,Derechos Municipales y Tarifas,derechos_tarifas,https://transparencia.providencia.cl/Carpeta/VerTabla/112/1/2013,http://firma.providencia.cl/dsign/cgi/sdoc.exe/sdoc/document?id=%2B8ty%2FpS6WBWV8FI4rjIOVw%3D%3D,verified,2a8bdbc20e4d3dc6524728ae5b8bd6d93b757b3c90f5717bea9dc7eedfef1b9e,1311138
Providencia,13,MU228,Municipalidad,112,Ordenanzas y Textos Refundidos D.O.,Ordenanza,123,2013-08-20,"Diario Oficial 20.08.2013 . Ordenanza Nº123 de 13 de Agosto de 2013. que modifica el Art. 1 de la Ordenanza Nº1020 de 21 de Septiembre de 1982, sobre  Estacionamientos Reservados para Vehículos, en el sentido de sustituir la frase ""artículo 164 de la Ley de Tránsito Nº18.290"", po",modificacion,"Tránsito, Transporte y Espacio Público",transito_transporte,https://transparencia.providencia.cl/Carpeta/VerTabla/112/1/2013,http://firma.providencia.cl/dsign/cgi/sdoc.exe/sdoc/document?id=zgdMCN9ByLAwp5%2FTualdvw%3D%3D,verified,0b4244cfdd0181765cf91dbbaded2b0d533c297ff25a305c55258b29775ae1d7,180294
Providencia,13,MU228,Municipalidad,112,Ordenanzas y Textos Refundidos D.O.,Ordenanza,122,2013-08-20,"Diario Oficial 20.08.2013 . Ordenanza Nº122 de 13 de Agosto de 2013. que modifica la Ordenanza Nº2 de 10 de Junio de 2033, ""Ordenanza sobre subvenciones Municipales"", en el sentido de sustituir el Art. 21 N° 122: Diario Oficial 20",modificacion,Subvenciones y Régimen Interno,organizacion_interna,https://transparencia.providencia.cl/Carpeta/VerTabla/112/1/2013,http://firma.providencia.cl/dsign/cgi/sdoc.exe/sdoc/document?id=N4ZT6%2B8N64Bhhkxdcy%2BifQ%3D%3D,verified,542784018bb055223ea986aa988f7fa21738f811aad3abcf3e17220a041e96df,180296
Providencia,13,MU228,Municipalidad,112,Ordenanzas y Textos Refundidos D.O.,Decreto Exento,751,2014-04-08,Extracto Decreto Alcaldicio EX.751 de 03.04.2014 N° 751: Extracto Decreto Alcaldicio EX,extracto_do,Derechos Municipales y Tarifas,derechos_tarifas,https://transparencia.providencia.cl/Carpeta/VerTabla/112/1/2014,http://firma.providencia.cl/dsign/cgi/sdoc.exe/sdoc/document?id=zwQ5JBsrzIkWucz9B9hiXQ%3D%3D,verified,e89dac9375879392ef5be661e99061c17e4688234e50171457826e43fb0ba741,144236
Providencia,13,MU228,Municipalidad,112,Ordenanzas y Textos Refundidos D.O.,Decreto Exento,277,2014-03-26,Publicación Diario Oficial 26 de Marzo de 2014. N° 277 - Ordenanzas y Textos Refundidos D.O.,extracto_do,Derechos Municipales y Tarifas,derechos_tarifas,https://transparencia.providencia.cl/Carpeta/VerTabla/112/1/2014,http://firma.providencia.cl/dsign/cgi/sdoc.exe/sdoc/document?id=iAEtVld23hig%2BVLhdjbCgA%3D%3D,verified,d6f2f7759b6e227d13fe484feecd8171dd331606aa9c134815b2089b942faf5e,152697
Providencia,13,MU228,Municipalidad,112,Ordenanzas y Textos Refundidos D.O.,Ordenanza,137,2014-12-20,Publicación Diario Oficial Extracto Ordenanza Nº137 de 10.12.2014 N° 137 - Ordenanzas y Textos Refundidos D.O.,extracto_do,Derechos Municipales y Tarifas,derechos_tarifas,https://transparencia.providencia.cl/Carpeta/VerTabla/112/1/2014,http://firma.providencia.cl/dsign/cgi/sdoc.exe/sdoc/document?id=o46kQSZSuECJsY1zkUE49g%3D%3D,verified,bd1a6c7294626c137c504bf5fcbce912a58c82d93a7f3c91612a541c7bb8611a,954152
Providencia,13,MU228,Municipalidad,112,Ordenanzas y Textos Refundidos D.O.,Ordenanza,136,2014-11-07,Publicación Diario Oficial Ordenanza N°136 N° 136 - Ordenanzas y Textos Refundidos D.O.,extracto_do,Derechos Municipales y Tarifas,derechos_tarifas,https://transparencia.providencia.cl/Carpeta/VerTabla/112/1/2014,http://firma.providencia.cl/dsign/cgi/sdoc.exe/sdoc/document?id=zCB9aaF2Tc7bisVw52zB6Q%3D%3D,verified,946bb7021947ad65debe352cd83a8196d7bed3d8cc3ff4cd2f223eace5b34cf0,197332
Providencia,13,MU228,Municipalidad,112,Ordenanzas y Textos Refundidos D.O.,Ordenanza,135,2014-11-07,Publicación Diario Oficial Ordenanza N°135. N° 135 - Ordenanzas y Textos Refundidos D.O.,extracto_do,Derechos Municipales y Tarifas,derechos_tarifas,https://transparencia.providencia.cl/Carpeta/VerTabla/112/1/2014,http://firma.providencia.cl/dsign/cgi/sdoc.exe/sdoc/document?id=yk47x9lbgFQPl2zv8BEMiQ%3D%3D,verified,a737a652f72ab2dd69757f1db69ea28867b58a384b74918ae9866d7989a7f5b2,153843
Providencia,13,MU228,Municipalidad,112,Ordenanzas y Textos Refundidos D.O.,Ordenanza,134,2014-11-07,Publicación Diario Oficial Extracto Ordenanza N°134 N° 134 - Ordenanzas y Textos Refundidos D.O.,extracto_do,Derechos Municipales y Tarifas,derechos_tarifas,https://transparencia.providencia.cl/Carpeta/VerTabla/112/1/2014,http://firma.providencia.cl/dsign/cgi/sdoc.exe/sdoc/document?id=VntFKwwaeql0rn%2Fm33DZ5w%3D%3D,verified,fb8a3f6f971407af483d0baefccd2825638ec816f43602bde1696dab58e74720,155218
Providencia,13,MU228,Municipalidad,112,Ordenanzas y Textos Refundidos D.O.,Ordenanza,133,2014-11-07,Publicación Diario Oficial Ordenanza N°133 N° 133 - Ordenanzas y Textos Refundidos D.O.,extracto_do,Derechos Municipales y Tarifas,derechos_tarifas,https://transparencia.providencia.cl/Carpeta/VerTabla/112/1/2014,http://firma.providencia.cl/dsign/cgi/sdoc.exe/sdoc/document?id=lE8YccG3QiffAgUwSA%2FoNA%3D%3D,verified,629cc9a169590ed0ac19c41462a2d5f035b45724a6293bae6aa5fa4e0c2ae5c8,176950
Providencia,13,MU228,Municipalidad,112,Ordenanzas y Textos Refundidos D.O.,Ordenanza,132,2014-10-17,Publicación Diario Oficial 17.10.2014. Ordenanza de Zonificación y Horarios de Funcionamiento de los Negocios de Expendio y Consumo de Bebidas Alcohólicas. N° 132 - Ordenanzas y Textos Refundidos D.O.,extracto_do,Derechos Municipales y Tarifas,derechos_tarifas,https://transparencia.providencia.cl/Carpeta/VerTabla/112/1/2014,http://firma.providencia.cl/dsign/cgi/sdoc.exe/sdoc/document?id=bAbTRzP9yzwiqLfYv7NnZg%3D%3D,verified,d34c873522a63277517fa696257218073caee0aebc88a188e9fc012d4618e395,1733520
Providencia,13,MU228,Municipalidad,112,Ordenanzas y Textos Refundidos D.O.,Ordenanza,131,2014-06-24,"Publicación Diario Oficial, 24 de Junio de 2014, Ordenanza Nº131 N° 131 - Ordenanzas y Textos Refundidos D.O.",extracto_do,Derechos Municipales y Tarifas,derechos_tarifas,https://transparencia.providencia.cl/Carpeta/VerTabla/112/1/2014,http://firma.providencia.cl/dsign/cgi/sdoc.exe/sdoc/document?id=jEOfQ8oegLszNjgxPJEl1A%3D%3D,verified,9c3dc40f55410aed81bafaf65326162f05b3b91554254cedf3737647df98913a,352763
Providencia,13,MU228,Municipalidad,112,Ordenanzas y Textos Refundidos D.O.,Ordenanza,130,2014-05-22,Publicación Diario Oficial 22.05.2014 Ordenanza Nº130 N° 130 - Ordenanzas y Textos Refundidos D.O.,extracto_do,Derechos Municipales y Tarifas,derechos_tarifas,https://transparencia.providencia.cl/Carpeta/VerTabla/112/1/2014,http://firma.providencia.cl/dsign/cgi/sdoc.exe/sdoc/document?id=p2ViIdiDBcPLHnXtTWDJFQ%3D%3D,verified,1f4bd7f8abd46562b7ce1d47e3889a94d495f16f7f618c2d87db544f81ba1601,163253
Providencia,13,MU228,Municipalidad,112,Ordenanzas y Textos Refundidos D.O.,Decreto Alcaldicio,2547,2015-03-11,Publicación Diario Oficial de Decreto EX Nº2547 de 23.12.2014.- Extracto de la Ordenanza Local sobre Derechos Municipales para el año 2015 N° 2547 - Ordenanzas y Textos Refundidos D.O.,extracto_do,Derechos Municipales y Tarifas,derechos_tarifas,https://transparencia.providencia.cl/Carpeta/VerTabla/112/1/2015,http://firma.providencia.cl/dsign/cgi/sdoc.exe/sdoc/document?id=qXb2DC5UgN%2B8oa1fsMjMCA%3D%3D,verified,4b5478283cd3bc12e6afbb8132c5980266420505bae94da986d36e83dbab834f,353965
Providencia,13,MU228,Municipalidad,112,Ordenanzas y Textos Refundidos D.O.,Decreto Exento,1811,2015-11-12,Publicacion Texto Refundido EX.N°1811 en Diario Oficial el día 12.11.2015 N° 1811: Publicacion Texto Refundido EX,texto_refundido,Derechos Municipales y Tarifas,derechos_tarifas,https://transparencia.providencia.cl/Carpeta/VerTabla/112/1/2015,http://firma.providencia.cl/dsign/cgi/sdoc.exe/sdoc/document?id=AWJx4BiAqJr47DSwDKrzNQ%3D%3D,verified,46880c7c31c4fcaa77478c9b0ed75ad524dadd934334e0cdeda261d0daf83149,182915
Providencia,13,MU228,Municipalidad,112,Ordenanzas y Textos Refundidos D.O.,Decreto Exento,1809,2015-11-12,Publicacion Texto Refundido EX.N°1809 en Diario Oficial el 12.11.2015. N° 1809: Publicacion Texto Refundido EX,texto_refundido,Derechos Municipales y Tarifas,derechos_tarifas,https://transparencia.providencia.cl/Carpeta/VerTabla/112/1/2015,http://firma.providencia.cl/dsign/cgi/sdoc.exe/sdoc/document?id=NGenqqx88kmhB61i10gEBQ%3D%3D,verified,46880c7c31c4fcaa77478c9b0ed75ad524dadd934334e0cdeda261d0daf83149,182915
Providencia,13,MU228,Municipalidad,112,Ordenanzas y Textos Refundidos D.O.,Ordenanza,144,2015-11-05,"Publicación Ordenanza N°144 de 27.10.2015, publicada en Diario Oficial 05.11.2015 N° 144 - Ordenanzas y Textos Refundidos D.O.",ordenanza_base,Derechos Municipales y Tarifas,derechos_tarifas,https://transparencia.providencia.cl/Carpeta/VerTabla/112/1/2015,http://firma.providencia.cl/dsign/cgi/sdoc.exe/sdoc/document?id=LUdd3YRUqa8dNTIlPdl2dw%3D%3D,verified,63dff14641faa0b15eec9207cee161e5c5802bf864f2a0e1902d96d8175e4351,741572
Providencia,13,MU228,Municipalidad,112,Ordenanzas y Textos Refundidos D.O.,Ordenanza,143,2015-11-05,"Publicación Ordenanza N°143 de 27.10.2015, publicada en Diario Oficial 05.11.2015 N° 143 - Ordenanzas y Textos Refundidos D.O.",ordenanza_base,Derechos Municipales y Tarifas,derechos_tarifas,https://transparencia.providencia.cl/Carpeta/VerTabla/112/1/2015,http://firma.providencia.cl/dsign/cgi/sdoc.exe/sdoc/document?id=e1IFGLxrFYztCvydKZGV4w%3D%3D,verified,8cef0caa5a41e7918cbf092ca58504e86e2f252c7e6703b6f810a9653285a928,367205
Providencia,13,MU228,Municipalidad,112,Ordenanzas y Textos Refundidos D.O.,Ordenanza,142,2015-11-05,"Publicación Ordenanza N°142 de 27.10.2015, publicada en Diario Oficial 05.11.2015 N° 142 - Ordenanzas y Textos Refundidos D.O.",ordenanza_base,Derechos Municipales y Tarifas,derechos_tarifas,https://transparencia.providencia.cl/Carpeta/VerTabla/112/1/2015,http://firma.providencia.cl/dsign/cgi/sdoc.exe/sdoc/document?id=C5HYvE9QrecS87qgDsCB8Q%3D%3D,verified,a42ff8b610da05995c7bac1278b6980ef7a3548de8f235057c1aec47b95c2ab5,513030
Providencia,13,MU228,Municipalidad,112,Ordenanzas y Textos Refundidos D.O.,Ordenanza,141,2015-10-24,"Publicación Diario Oficial Ordenanza N°141 de 2015, publicada el 24.10.2015. N° 141 - Ordenanzas y Textos Refundidos D.O.",extracto_do,Derechos Municipales y Tarifas,derechos_tarifas,https://transparencia.providencia.cl/Carpeta/VerTabla/112/1/2015,http://firma.providencia.cl/dsign/cgi/sdoc.exe/sdoc/document?id=YDG0PI3XZ6Eg8i9yeWsOHg%3D%3D,verified,0d2a882adb13a5e2038f85cd70c88cd38799b5ad455923e3b696c80480e41b65,287984
Providencia,13,MU228,Municipalidad,112,Ordenanzas y Textos Refundidos D.O.,Ordenanza,140,2015-10-13,Modifícase la Ordenanza N° de 26 de Agosto de 1999 sobre Cierre de calles o pasajes públicos ciegos de la Comuna de Providencia. Reemplázase el nombre de la Ordenanza por Cierre de  Calles o Pasajes Ciegos de la Comuna de Providencia N° 140: Modifícase la Ordenanza N° de 26 de Ag,modificacion,Derechos Municipales y Tarifas,derechos_tarifas,https://transparencia.providencia.cl/Carpeta/VerTabla/112/1/2015,http://firma.providencia.cl/dsign/cgi/sdoc.exe/sdoc/document?id=gQLSvgcoGB1xotQdFGiMxQ%3D%3D,verified,4fbfd2745e07df8e43c2a089f34394d98dfd43637134b371ce862addad05f772,243512
Providencia,13,MU228,Municipalidad,112,Ordenanzas y Textos Refundidos D.O.,Ordenanza,138,2015-04-28,"Diairio Oficial día 28.4.2015. Ordenanza Nº138 de 21 d e Abril de 2015 sobre la "" Ordenanza del Area de Exclusión de Estacionamientos Pedro de valdivia Nº963 "" N° 138: Diairio Oficial día 28",ordenanza_base,"Tránsito, Transporte y Espacio Público",transito_transporte,https://transparencia.providencia.cl/Carpeta/VerTabla/112/1/2015,http://firma.providencia.cl/dsign/cgi/sdoc.exe/sdoc/document?id=EhorAOycUM0wXGoeJ95gGw%3D%3D,verified,577b87fb454a148aa1d994e6bb8f55655edbb8d70bbcc7666913bba57cb7c7b7,420882
Providencia,13,MU228,Municipalidad,112,Ordenanzas y Textos Refundidos D.O.,Ordenanza,75,2015-08-14,"Publicación en Diario Oficial de Ordenanza N°139, publicada el 14 de Agosto de 2015.- N° 75 - Ordenanzas y Textos Refundidos D.O.",ordenanza_base,Derechos Municipales y Tarifas,derechos_tarifas,https://transparencia.providencia.cl/Carpeta/VerTabla/112/1/2015,http://firma.providencia.cl/dsign/cgi/sdoc.exe/sdoc/document?id=fGC8ITFJgv9fxMjIEM5AIA%3D%3D,verified,654ae1bccd0c1ffa78247fef3e48edd32a9fe50a66106e0dc12d32bf02e3cdd8,575909
Providencia,13,MU228,Municipalidad,112,Ordenanzas y Textos Refundidos D.O.,Decreto Exento,2031,2016-12-09,"Publicación EX.2031, en Diario Oficial el 09.12.2016.- N° 2031 - Ordenanzas y Textos Refundidos D.O.",ordenanza_base,Derechos Municipales y Tarifas,derechos_tarifas,https://transparencia.providencia.cl/Carpeta/VerTabla/112/1/2016,http://firma.providencia.cl/dsign/cgi/sdoc.exe/sdoc/document?id=QFqw2nGN%2FRrSEPugaamBjw%3D%3D,verified,b714cbb487b1730a1b0e632101a7108819f136a64a76e78ac2b8a004256932e2,164306
Providencia,13,MU228,Municipalidad,112,Ordenanzas y Textos Refundidos D.O.,Decreto exento,2009,2016-12-06,"Promúlgase la Modificación N°4 Patrimonio del Plan Regulador Comunal de Providencia 2007, aprobado por EXN°131 DE 19.1.2007. Modifica Ordenanza Local año 2007 N° 2009: Promúlgase la Modificación N°4 Patrimonio del Plan Regulador Comunal de Providencia 2007, aprobado por EXN°131 D",modificacion,Derechos Municipales y Tarifas,derechos_tarifas,https://transparencia.providencia.cl/Carpeta/VerTabla/112/1/2016,http://firma.providencia.cl/dsign/cgi/sdoc.exe/sdoc/document?id=Dc0xv1MQD76TXqavLYKJLw%3D%3D,verified,04dc46cc4b7862788e23637e391786976584c6b3e16ffc8aa34d930914f9dd34,1465335
Providencia,13,MU228,Municipalidad,112,Ordenanzas y Textos Refundidos D.O.,Texto Refundido,629,2016-04-25,Publicación Diario Oficial 25.04.2016 Ex.N°629 N° 629 - Ordenanzas y Textos Refundidos D.O.,extracto_do,Derechos Municipales y Tarifas,derechos_tarifas,https://transparencia.providencia.cl/Carpeta/VerTabla/112/1/2016,http://firma.providencia.cl/dsign/cgi/sdoc.exe/sdoc/document?id=i8Vb3Mk6Fi7sqlOUGRDVGQ%3D%3D,verified,860f869fe54ef1a1e9df785039449bc8db60e7403ac5baf29620fa65555d2330,287429
Providencia,13,MU228,Municipalidad,112,Ordenanzas y Textos Refundidos D.O.,Ordenanza,155,2016-12-09,"Publicación Ordenanza N°155 de 2016, en Diario Oficial el 09.12.2016. N° 155 - Ordenanzas y Textos Refundidos D.O.",ordenanza_base,Derechos Municipales y Tarifas,derechos_tarifas,https://transparencia.providencia.cl/Carpeta/VerTabla/112/1/2016,http://firma.providencia.cl/dsign/cgi/sdoc.exe/sdoc/document?id=htQBAU4T5XzYjAldHNaw6Q%3D%3D,verified,997e680189b4f390cb745aac358fc6a177bcda38444a5b8c23b8098eb4031180,164319
Providencia,13,MU228,Municipalidad,112,Ordenanzas y Textos Refundidos D.O.,Ordenanza,154,2016-11-15,Publicación Diario Oficial Ordenanza N°154 N° 154 - Ordenanzas y Textos Refundidos D.O.,extracto_do,Derechos Municipales y Tarifas,derechos_tarifas,https://transparencia.providencia.cl/Carpeta/VerTabla/112/1/2016,http://firma.providencia.cl/dsign/cgi/sdoc.exe/sdoc/document?id=%2BTLlX06N2mQ5D%2FZSCy5voQ%3D%3D,verified,64ebc5b82a7c18dd0e8da0bff3718e73c40eedb30dc9c8ada4c88fd7d166817e,164182
Providencia,13,MU228,Municipalidad,112,Ordenanzas y Textos Refundidos D.O.,Ordenanza,153,2016-11-15,Publicación Diario Oficial Ordenanza N°153 N° 153 - Ordenanzas y Textos Refundidos D.O.,extracto_do,Derechos Municipales y Tarifas,derechos_tarifas,https://transparencia.providencia.cl/Carpeta/VerTabla/112/1/2016,http://firma.providencia.cl/dsign/cgi/sdoc.exe/sdoc/document?id=ZQF0xrU%2BEgXV8deL1kTy5g%3D%3D,verified,e7d86b8db2acc5edad4861d216e945839b2afc9040e74c810720347bfdb1550d,164150
Providencia,13,MU228,Municipalidad,112,Ordenanzas y Textos Refundidos D.O.,Ordenanza,152,2016-09-27,"Publicación Diario Oficial, Extracto Ordenanza N°152 de 16 de Septiembre de 2016, ""Ordenanza de Participación Ciudadana"". N° 152 - Ordenanzas y Textos Refundidos D.O.",extracto_do,Participación Ciudadana,participacion_ciudadana,https://transparencia.providencia.cl/Carpeta/VerTabla/112/1/2016,http://firma.providencia.cl/dsign/cgi/sdoc.exe/sdoc/document?id=vmvb2DWxq8d9nSO2ON7nYQ%3D%3D,verified,bf7591bcee569b4fd29361c37cfbd55c3fde7537c2e9474abd7be4af4868b492,39695
Providencia,13,MU228,Municipalidad,112,Ordenanzas y Textos Refundidos D.O.,Ordenanza,151,2016-08-27,Publicación Diario Oficial Ordenanza N°151 N° 151 - Ordenanzas y Textos Refundidos D.O.,extracto_do,Derechos Municipales y Tarifas,derechos_tarifas,https://transparencia.providencia.cl/Carpeta/VerTabla/112/1/2016,http://firma.providencia.cl/dsign/cgi/sdoc.exe/sdoc/document?id=ld2Ww989Iy6RvSYZm3in%2Fw%3D%3D,verified,97d33bdce68512e0885993d8727959f66643cd22f54a2e939ab2104e58ccbd53,164282
Providencia,13,MU228,Municipalidad,112,Ordenanzas y Textos Refundidos D.O.,Ordenanza,150,2016-07-19,Publicación Diario Oficial Ordenanza N°150 de 11.07.2016.- N° 150 - Ordenanzas y Textos Refundidos D.O.,extracto_do,Derechos Municipales y Tarifas,derechos_tarifas,https://transparencia.providencia.cl/Carpeta/VerTabla/112/1/2016,http://firma.providencia.cl/dsign/cgi/sdoc.exe/sdoc/document?id=VoWYro6UDFktrNML3yRf%2BQ%3D%3D,verified,db905d2753863e19c7325354d149c1c9eab00b39a70deab3bd843b466a1d9dc9,349950
Providencia,13,MU228,Municipalidad,112,Ordenanzas y Textos Refundidos D.O.,Ordenanza,149,2016-07-06,Publicación Diario Oficial Extracto Ordenanza N°149 de 29.06.2016.- N° 149 - Ordenanzas y Textos Refundidos D.O.,extracto_do,Derechos Municipales y Tarifas,derechos_tarifas,https://transparencia.providencia.cl/Carpeta/VerTabla/112/1/2016,http://firma.providencia.cl/dsign/cgi/sdoc.exe/sdoc/document?id=ElqXKcR9qT3g8dq5HcSOkg%3D%3D,verified,06fada0eb9fa1d51f59154b3cd6382a3dd3bea5583b72e2c3e1a230cb317a634,217390
Providencia,13,MU228,Municipalidad,112,Ordenanzas y Textos Refundidos D.O.,Ordenanzas y Textos Refundidos,809,2017-05-15,"Extracto de EXN°809 de 8 de Mayo de 2017- Diario Oficial 15.05.2017 sobre la Ordenanza ""Condiciones necesarias para la fijación de tarifas del servicio domiciliario por extracción de basuras y exenciones total y parcial"". N° 809: Extracto de EXN°809 de 8 de Mayo de 2017- Diario O",extracto_do,Derechos Municipales y Tarifas,derechos_tarifas,https://transparencia.providencia.cl/Carpeta/VerTabla/112/1/2017,http://firma.providencia.cl/dsign/cgi/sdoc.exe/sdoc/document?id=QJcEC9aIM670KVXL%2Bq43BA%3D%3D,verified,aee93bf1589f027ce5b613aa06bfef2764faa744ad66aac9409d9567169c6d81,164308
Providencia,13,MU228,Municipalidad,112,Ordenanzas y Textos Refundidos D.O.,Ordenanza,160,2017-11-21,"Ordenanza N° 160, de 15 de noviembre de 2017, que modifica la Ordenanza Local Sobre Derechos Municipales N° 160: Ordenanza N° 160, de 15 de noviembre de 2017, que modifica la Ordenanza Local Sobre Derechos Municipales",modificacion,Derechos Municipales y Tarifas,derechos_tarifas,https://transparencia.providencia.cl/Carpeta/VerTabla/112/1/2017,http://firma.providencia.cl/dsign/cgi/sdoc.exe/sdoc/document?id=PaZVOQPBFRp%2BJMKm89eesg%3D%3D,verified,ac22b4bf12013cbe6d2fda22e28524fbf97592617a64941519b805e945352094,37824
Providencia,13,MU228,Municipalidad,112,Ordenanzas y Textos Refundidos D.O.,Ordenanza,159,2017-11-07,"Ordenanza N° 159, de 31 de octubre de 2017, que modifica la Ordenanza local sobre Derechos Municipales.- N° 159: Ordenanza N° 159, de 31 de octubre de 2017, que modifica la Ordenanza local sobre Derechos Municipales",modificacion,Derechos Municipales y Tarifas,derechos_tarifas,https://transparencia.providencia.cl/Carpeta/VerTabla/112/1/2017,http://firma.providencia.cl/dsign/cgi/sdoc.exe/sdoc/document?id=QgPNAjw6AtPMnCtwjYlvHw%3D%3D,verified,868b1efca481ed96f99723b9e9c4c9b45f8455ee830595e337b76725c62bf66c,37889
Providencia,13,MU228,Municipalidad,112,Ordenanzas y Textos Refundidos D.O.,Ordenanza,158,2017-11-07,"Ordenanza N° 158, de 30 de octubre de 2017, que modifica la Ordenanza local sobre Derechos Municipales N° 158: Ordenanza N° 158, de 30 de octubre de 2017, que modifica la Ordenanza local sobre Derechos Municipales",modificacion,Derechos Municipales y Tarifas,derechos_tarifas,https://transparencia.providencia.cl/Carpeta/VerTabla/112/1/2017,http://firma.providencia.cl/dsign/cgi/sdoc.exe/sdoc/document?id=KTVQALpKdjYWq68NTRTHrA%3D%3D,verified,352e8880a8ca5f29e51b3096e515889db7f3752eb3da520b4c85cdb9df3e5660,37869
Providencia,13,MU228,Municipalidad,112,Ordenanzas y Textos Refundidos D.O.,Ordenanza,157,2017-10-19,Ordenanza N°157  de  13 de Octubre de 2017 que fija el monto anual por derecho para el Servicio Domiciliario de Aseo N° 157: Ordenanza N°157  de  13 de Octubre de 2017 que fija el monto anual por derecho para el Servicio Domiciliario de Aseo,ordenanza_base,Derechos Municipales y Tarifas,derechos_tarifas,https://transparencia.providencia.cl/Carpeta/VerTabla/112/1/2017,http://firma.providencia.cl/dsign/cgi/sdoc.exe/sdoc/document?id=v5PX%2FrQF1TsuMlGAuqfSvQ%3D%3D,verified,e9b8e0a604e85053805e04e37aa42ec4e4743111cd16019c9f7ee478f339c070,38914
Providencia,13,MU228,Municipalidad,112,Ordenanzas y Textos Refundidos D.O.,Ordenanza,156,2017-04-28,"Modificase la Ordenanza N°65 de 19 de Noviembre de 2017, sobre Condiciones Necesarias para la Fijación de Tarifas del servicio Domiciliario por Extracción de Basuras y Exenciones total y Parcial, cuyto texto refundido y sistematizado fue fijado por EXN°2.265 de 28.12.2016, en el ",texto_refundido,Derechos Municipales y Tarifas,derechos_tarifas,https://transparencia.providencia.cl/Carpeta/VerTabla/112/1/2017,http://firma.providencia.cl/dsign/cgi/sdoc.exe/sdoc/document?id=7%2FsLp9KGcF%2FNbleSLk7Fag%3D%3D,verified,7d3f43777736652eb1f5b5ad14bd4df617a95d6036e8c9bd5cc13b46db444be5,167692
Providencia,13,MU228,Municipalidad,112,Ordenanzas y Textos Refundidos D.O.,Ordenanzas y Textos Refundidos,1014,2018-07-13,"Publicación Extracto Decreto EX.N°1014 de 06.07.2018, que apruéba el texto refundido y sistematizado de la Ordenanza ""SOBRE PUBLICIDAD Y PROPAGANDA EN LA COMUNA DE PROVIDENCIA"". N° 1014 - Ordenanzas y Textos Refundidos D.O.",texto_refundido,"Comercio, Alcoholes y Patentes",comercio_alcoholes,https://transparencia.providencia.cl/Carpeta/VerTabla/112/1/2018,http://firma.providencia.cl/dsign/cgi/sdoc.exe/sdoc/document?id=286MvvIjz%2BWY86iwfqO8EA%3D%3D,verified,70e627384059bae75689c93b59f39cc0b051d1ebff2f0979756a15f5e97676a3,164232
Providencia,13,MU228,Municipalidad,112,Ordenanzas y Textos Refundidos D.O.,Ordenanzas y Textos Refundidos,1013,2018-07-13,"Publicación Extracto Decreto EX.N°1013 de 06.07.2018, que fija el texto refundido y sistematizado de la ORDENAZA COMUNAL°2 de fecha 6 de Marzo de 2000, ""SOBRE LA ACTIVIDAD COMERCIAL, DE ALCOHOLES, INDUSTRIAL, PROFESIONAL Y DE SERVICIOS"". N° 1013 - Ordenanzas y Textos Refundidos D",texto_refundido,"Comercio, Alcoholes y Patentes",comercio_alcoholes,https://transparencia.providencia.cl/Carpeta/VerTabla/112/1/2018,http://firma.providencia.cl/dsign/cgi/sdoc.exe/sdoc/document?id=i9SXvpPFCyMrLZwr3dnmqw%3D%3D,verified,25ebf12d98376842bc9f0c0c88720752f6e9d588033154b90bd201a6a53787d5,164306
Providencia,13,MU228,Municipalidad,112,Ordenanzas y Textos Refundidos D.O.,Ordenanzas y Textos Refundidos,967,2018-07-06,"Extracto publicación el Diario Oficial, Decreto Exento N°967 de 3 de Julio, que fija el texto refundido y sistematizado de la Ordenanza Sobre Estacionamiento Reservado para Vehículos. N° 967: Extracto publicación el Diario Oficial, Decreto Exento N°967 de 3 de Julio, que fija el ",texto_refundido,"Tránsito, Transporte y Espacio Público",transito_transporte,https://transparencia.providencia.cl/Carpeta/VerTabla/112/1/2018,http://firma.providencia.cl/dsign/cgi/sdoc.exe/sdoc/document?id=h2x%2B4fS8MWKlELrEipXe%2Fg%3D%3D,verified,1c506e5eaf4b4e74aaaa7a519c2d5ad2af59ef09899dc3a782df8ec59183c9dc,164207
Providencia,13,MU228,Municipalidad,112,Ordenanzas y Textos Refundidos D.O.,Ordenanza,165,2018-07-20,Publicación Extracto Ordenanza N°165 de 11.07.2018. N° 165 - Ordenanzas y Textos Refundidos D.O.,extracto_do,Derechos Municipales y Tarifas,derechos_tarifas,https://transparencia.providencia.cl/Carpeta/VerTabla/112/1/2018,http://firma.providencia.cl/dsign/cgi/sdoc.exe/sdoc/document?id=WACfwxvYAQt1zbxr8vYC5A%3D%3D,verified,f7065eb9674ecf5d6fb14217d3379924a617e511fe45c5b2d99dadf33f2205cb,29847
Providencia,13,MU228,Municipalidad,112,Ordenanzas y Textos Refundidos D.O.,Ordenanza,164,2018-06-16,Extracto publicación del Diario Oficial de Ordenanza N°164 de 12 de Junio de 2018 N° 164: Extracto publicación del Diario Oficial de Ordenanza N°164 de 12 de Junio de 2018,extracto_do,Derechos Municipales y Tarifas,derechos_tarifas,https://transparencia.providencia.cl/Carpeta/VerTabla/112/1/2018,http://firma.providencia.cl/dsign/cgi/sdoc.exe/sdoc/document?id=K8%2Bors1a9Zep5BP%2B8s6hYQ%3D%3D,verified,6c3f4d14afc7968667f000e07c003cdccb1b442708b3b142144f6638da9e8ba3,1552
Providencia,13,MU228,Municipalidad,112,Ordenanzas y Textos Refundidos D.O.,Ordenanza,163,2018-06-11,Extracto publicación del Diario Oficial de Ordenanza N°163 de 11 de Junio de 2018 N° 163: Extracto publicación del Diario Oficial de Ordenanza N°163 de 11 de Junio de 2018,extracto_do,Derechos Municipales y Tarifas,derechos_tarifas,https://transparencia.providencia.cl/Carpeta/VerTabla/112/1/2018,http://firma.providencia.cl/dsign/cgi/sdoc.exe/sdoc/document?id=0IZnZ1nbcQ7C8kPOaHU0xA%3D%3D,verified,b5279e6798dffb62c88f9b9d81c576d3044ebc0613e68f62c37e04f131978866,38199
Providencia,13,MU228,Municipalidad,112,Ordenanzas y Textos Refundidos D.O.,Ordenanza,162,2018-06-14,Extracto publicación del Diario Oficial de Ordenanza N°162 de 8 de Junio de 2018 N° 162: Extracto publicación del Diario Oficial de Ordenanza N°162 de 8 de Junio de 2018,extracto_do,Derechos Municipales y Tarifas,derechos_tarifas,https://transparencia.providencia.cl/Carpeta/VerTabla/112/1/2018,http://firma.providencia.cl/dsign/cgi/sdoc.exe/sdoc/document?id=jFulfE8figtPkonlNruVuA%3D%3D,verified,4e2596bff9452bdceed112d325a8351075bdb493f975c918456717643da83627,38023
Providencia,13,MU228,Municipalidad,112,Ordenanzas y Textos Refundidos D.O.,Decreto Alcaldicio,1991,2021-12-29,"Extracto de Decreto Alcaldicio EXN°1991 de 29 de Diciembre de 2021, sobre Texto Refundido y Sistematizado de la Ordenanza Sobre Derechos Municipales Año 2022.- N° 1991: Extracto de Decreto Alcaldicio EXN°1991 de 29 de Diciembre de 2021, sobre Texto Refundido y Sistematizado de la",texto_refundido,Derechos Municipales y Tarifas,derechos_tarifas,https://transparencia.providencia.cl/Carpeta/VerTabla/112/1/2022,http://firma.providencia.cl/dsign/cgi/sdoc.exe/sdoc/document?id=JUyr0svCNJQHgrQE%2Fem4Hw%3D%3D,verified,4e631a08b2019ef28f02eb4b9b727ec1bc08933d2a52df91fb344a27147ab6db,164119
Providencia,13,MU228,Municipalidad,112,Ordenanzas y Textos Refundidos D.O.,Decreto Exento,1842,2024-12-17,"Publicación Diario Oficial 24.12.2024 .- Extracto de Decreto Alcaldicio EXN°1842 de 17 de Diciembre de 2024, sobre Texto Refundido y Sistematizado de la Ordenanza Sobre Derechos Municipales que regirá para el Año 2025. N° 1842 - Ordenanzas y Textos Refundidos D.O.",texto_refundido,Derechos Municipales y Tarifas,derechos_tarifas,https://transparencia.providencia.cl/Carpeta/VerTabla/112/1/2024,http://firma.providencia.cl/dsign/cgi/sdoc.exe/sdoc/document?id=46Xt%2BiZYqZDcl%2BriTDw3Ug%3D%3D,verified,94add57f6cf84ed3f6ca4184193736f59cc56cd227af77fec7e8a1ed5f7c3a4e,342511
Providencia,13,MU228,Municipalidad,112,Ordenanzas y Textos Refundidos D.O.,Decreto Exento,1803,2025-12-16,"Publicación en Dario Oficial del 23 de diciembre de 2025, Extracto de Decreto Alcaldicio Exento N°1803 de 16.12.2025, que fija el texto refundido y sistematizado de la ""Ordenanza Local sobre Derechos Municipales"" que regirá para el año 2026. N° 1803 - Ordenanzas y Textos Refundid",texto_refundido,Derechos Municipales y Tarifas,derechos_tarifas,https://transparencia.providencia.cl/Carpeta/VerTabla/112/1/2025,http://firma.providencia.cl/dsign/cgi/sdoc.exe/sdoc/document?id=7NQmddv3y9qkgzB4S43mZg%3D%3D,verified,f411f21c24fe996ad9021d8675ab812ff1c00234894a0308fb0825653dac6842,162270
Providencia,13,MU228,Municipalidad,23063,Condiciones necesarias para la fijación de Tarifas del Servicio Domiciliario por Extracción de Basuras y Exenciones Total y Parcial,Ordenanza,11,2001-10-11,"Condiciones necesarias para la fijación de Tarifas del Servicio Domiciliario por Extracción de Basuras y Exenciones Total y Parcial. N° 11: Fíjase el siguiente texto refundido y adecuado de la Ordenanza sobre ""CONDICIONES NECESARIAS PARA LA FIJACION DE TARIFAS DEL SERVICIO DOMICI",texto_refundido,Derechos Municipales y Tarifas,derechos_tarifas,https://transparencia.providencia.cl/Carpeta/VerTabla/23063/1/2001,http://firma.providencia.cl/dsign/cgi/sdoc.exe/sdoc/document?id=hqp33PLTbwLu6%2Bj3pnlILA%3D%3D,verified,500fd4ba7ec45ae6cff625e44fb8bd42b739b50dfe390a2fb4f3b22b4c965a16,357539
Providencia,13,MU228,Municipalidad,23063,Condiciones necesarias para la fijación de Tarifas del Servicio Domiciliario por Extracción de Basuras y Exenciones Total y Parcial,Ordenanza,10,2001-08-27,Condiciones necesarias para la fijación de Tarifas del Servicio Domiciliario por Extracción de basuras y Exenciones Total y Parcial N° 10: Modificase la Ordenanza Nª6 del 15,modificacion,Derechos Municipales y Tarifas,derechos_tarifas,https://transparencia.providencia.cl/Carpeta/VerTabla/23063/1/2001,http://firma.providencia.cl/dsign/cgi/sdoc.exe/sdoc/document?id=rfKsf5kzdkic%2BshO1gQHFw%3D%3D,verified,4dc85b8a64d0c0ee59ddcd67d8e52a579539a13a6da5f4abbe3d81b8a637f9cf,54742
Providencia,13,MU228,Municipalidad,23063,Condiciones necesarias para la fijación de Tarifas del Servicio Domiciliario por Extracción de Basuras y Exenciones Total y Parcial,Ordenanza,65,2007-11-19,Condiciones necesarias para la fijación de Tarifas del Servicio Domiciliario por Extracción de Basuras y Exenciones Total y Parcial N° 65: Fíjase la siguiente ordenanza sobre Condiciones necesarias para la fuijación de tarifas del servicio domiciliario por extracción de basurta y,ordenanza_base,Derechos Municipales y Tarifas,derechos_tarifas,https://transparencia.providencia.cl/Carpeta/VerTabla/23063/1/2007,http://firma.providencia.cl/dsign/cgi/sdoc.exe/sdoc/document?id=qp2TN7%2FcadXks9lHe2h%2FrA%3D%3D,verified,a02ed85273b4863a7c8c10c6f59d0afeb44d782a1fb2fe42df5ffe2f637e9b50,1820238
Providencia,13,MU228,Municipalidad,23063,Condiciones necesarias para la fijación de Tarifas del Servicio Domiciliario por Extracción de Basuras y Exenciones Total y Parcial,Ordenanza,75,2008-10-14,"Condiciones necesarias para la fijación de Tarifas del Servicio Domiciliario por Extracción de Basuras y Exenciones Total y Parcial N° 75: Modifícase la Ordenanza Nº65 de 19 de Noviembre de 2007, que aprobó la Ordenanza sobre ""Condiciones necesarias para la fijación de tarifas de",ordenanza_base,Derechos Municipales y Tarifas,derechos_tarifas,https://transparencia.providencia.cl/Carpeta/VerTabla/23063/1/2008,http://firma.providencia.cl/dsign/cgi/sdoc.exe/sdoc/document?id=EeMnznUUkrOzR87zddfqOQ%3D%3D,verified,2428124564985614134ba9691c102433ce8af0d4c334a4ca27da6d354c84cea6,324388
Providencia,13,MU228,Municipalidad,23063,Condiciones necesarias para la fijación de Tarifas del Servicio Domiciliario por Extracción de Basuras y Exenciones Total y Parcial,Ordenanza,82,2009-07-23,Condiciones necesarias para la fijación de Tarifas del S ervicio Domiciliario por Extracción de Basuras y Exenciones Total y Parcial N° 82: Modificación Ordenanza Nº65 de 19,modificacion,Derechos Municipales y Tarifas,derechos_tarifas,https://transparencia.providencia.cl/Carpeta/VerTabla/23063/1/2009,http://firma.providencia.cl/dsign/cgi/sdoc.exe/sdoc/document?id=u1TBhZp%2FKNq85%2BwxnqyYNg%3D%3D,verified,2386a01959ee3717fa8949d7a680ac8e480f3c055f83196ca8a3557b0f20c53d,320797
Providencia,13,MU228,Municipalidad,23063,Condiciones necesarias para la fijación de Tarifas del Servicio Domiciliario por Extracción de Basuras y Exenciones Total y Parcial,Ordenanza,80,2009-06-01,"Condiciones necesarias para la fijación de Tarifas del servicio Domiciliaro por Extracción de Basuras y Exenciones Total y Parcial N° 80: Modifícase la Ordenanza Nº 65 de 19 de Noviembre de 2007, sobre ""Condiciones necesarias para la fijación de tarifas del servicio domiciliario ",ordenanza_base,Derechos Municipales y Tarifas,derechos_tarifas,https://transparencia.providencia.cl/Carpeta/VerTabla/23063/1/2009,http://firma.providencia.cl/dsign/cgi/sdoc.exe/sdoc/document?id=clDCxyRhR3VUbbwiQVZ7Vg%3D%3D,verified,16d1402dff8a5f8b2f1fea46db7877e11c37e07235f6d338a99595c20dd285e8,171362
Providencia,13,MU228,Municipalidad,23063,Condiciones necesarias para la fijación de Tarifas del Servicio Domiciliario por Extracción de Basuras y Exenciones Total y Parcial,Decreto exento,630,2009-03-23,"Condiciones necesarias para la fijación de Tarifas del Servicio Domiciliario por Extracción de basuras y Exenciones Total y Parcial N° 630: Fíjase el siguiente texto refundido y sistematizado de la Ordenanza sobre ""Condiciones necesarios para la fijación de tarifas del servicio d",texto_refundido,Derechos Municipales y Tarifas,derechos_tarifas,https://transparencia.providencia.cl/Carpeta/VerTabla/23063/1/2009,http://firma.providencia.cl/dsign/cgi/sdoc.exe/sdoc/document?id=kPCR%2F3AUV1IiRbkRLs0eoQ%3D%3D,verified,a48cea4af82af47a6fde44f8ae7cd52fa2df1e65dae97c545dd6ad6ebf04e5c2,2221454
Providencia,13,MU228,Municipalidad,23063,Condiciones necesarias para la fijación de Tarifas del Servicio Domiciliario por Extracción de Basuras y Exenciones Total y Parcial,Ordenanza,90,2010-06-24,Condiciones necesarias para la fijación de Tarifa del servicio Domiciliario por Extracción de Basuras y Exenciones Total y  Parcial N° 90: Modifícase la Ordenanza Nº65 de 19,texto_refundido,Derechos Municipales y Tarifas,derechos_tarifas,https://transparencia.providencia.cl/Carpeta/VerTabla/23063/1/2010,http://firma.providencia.cl/dsign/cgi/sdoc.exe/sdoc/document?id=MoGBliFy6bzAF6ok5CFksw%3D%3D,verified,d7e7ee069b7e6c63f1e02926baf722465bb10d48a36283158b90202756d984c2,74803
Providencia,13,MU228,Municipalidad,23063,Condiciones necesarias para la fijación de Tarifas del Servicio Domiciliario por Extracción de Basuras y Exenciones Total y Parcial,Decreto exento,2418,2012-11-23,"Condiciones necesarias para la fijación de Tarifas del Servicio Domiciliario por Extracción de basuras y Exenciones Total y Parcial N° 2418: Fíjase el siguiente texto refundido y sistematizado de la Ordenanza sobre ""Condiciones necesarias para la fijación de tarifas del servicio ",texto_refundido,Derechos Municipales y Tarifas,derechos_tarifas,https://transparencia.providencia.cl/Carpeta/VerTabla/23063/1/2012,http://firma.providencia.cl/dsign/cgi/sdoc.exe/sdoc/document?id=94Dkk2dLiUNFBA4Ffg0a4A%3D%3D,verified,2b8be795cfc72e8926efd6281d6bffd9d0812cead679e3d3669b1ee40d66edfa,490071
Providencia,13,MU228,Municipalidad,23063,Condiciones necesarias para la fijación de Tarifas del Servicio Domiciliario por Extracción de Basuras y Exenciones Total y Parcial,Ordenanza,143,2015-10-27,"Condiciones necesarias para la fijación de Tarifas del Servicio Domiciliario por Extracción de Basuras y Exenciones Total y Parcial N° 143: Modifícase la Ordenanza N°65 de 19 de Novioembre de 2007, sobre ""Condiciones necesarias para la fijación de trarifas del servicio domiciliar",texto_refundido,Derechos Municipales y Tarifas,derechos_tarifas,https://transparencia.providencia.cl/Carpeta/VerTabla/23063/1/2015,http://firma.providencia.cl/dsign/cgi/sdoc.exe/sdoc/document?id=1pnIBuwpyR2dwoQGLl04xA%3D%3D,verified,ab992c0a626da04ad525ac904e0f2a98246ecf61bbb9f7075094e0de1ed31df0,457224
Providencia,13,MU228,Municipalidad,23063,Condiciones necesarias para la fijación de Tarifas del Servicio Domiciliario por Extracción de Basuras y Exenciones Total y Parcial,Decreto exento,2265,2016-12-28,"Condiciones necesarias para la fijación de Tarifas del Servicio Domiciliario por Extracción de basuras y Exenciones Total y Parcial N° 2265: Fíjase el siguiente texto refundido y sistematizado de la Ordenanza sobre ""Condiciones necesarias para la fijación de tarifas del Servicio ",texto_refundido,Derechos Municipales y Tarifas,derechos_tarifas,https://transparencia.providencia.cl/Carpeta/VerTabla/23063/1/2016,http://firma.providencia.cl/dsign/cgi/sdoc.exe/sdoc/document?id=lzQqw5zt2zAEE93u6HGyzA%3D%3D,verified,387c35def61c3ef71a18999987dc949af79fa0e735c69caa5f135f0ed0a5f747,723803
Providencia,13,MU228,Municipalidad,23063,Condiciones necesarias para la fijación de Tarifas del Servicio Domiciliario por Extracción de Basuras y Exenciones Total y Parcial,Ordenanza,155,2016-11-29,"Condiciones necesarias para la fijación de Tarifas del Servicio Domiciliario por Extracción de Basuras y Exenciones Total y Parcial N° 155: Modifícase la Ordenanza N°65 de 19 de Noviembre de 2007, sobre Condiciones Necesarias para la Fijación de Tarifas del S ervicio Domiciliario",texto_refundido,Derechos Municipales y Tarifas,derechos_tarifas,https://transparencia.providencia.cl/Carpeta/VerTabla/23063/1/2016,http://firma.providencia.cl/dsign/cgi/sdoc.exe/sdoc/document?id=GdN9PwHb7CSkEOe6nEWFKw%3D%3D,verified,f2377a10b59351ecf2a7c3847f1a13a012f4b8d528a34fde9809fc22efb358ca,192644
Providencia,13,MU228,Municipalidad,23063,Condiciones necesarias para la fijación de Tarifas del Servicio Domiciliario por Extracción de Basuras y Exenciones Total y Parcial,Decreto exento,809,2017-05-08,"Condiciones necesarias para la fijación de Tarifas del Servicio Domiciliario por Extracción de basuras y Exenciones Total y Parcial N° 809: Fíjase el siguiente texto refundido y sistematizado de la Ordenanza sobre ""Condiciones necesarias para la fijación de tarifas del servicio d",texto_refundido,Derechos Municipales y Tarifas,derechos_tarifas,https://transparencia.providencia.cl/Carpeta/VerTabla/23063/1/2017,http://firma.providencia.cl/dsign/cgi/sdoc.exe/sdoc/document?id=nppNdIC7dSWD2FwaG9EgBg%3D%3D,verified,a0d4ce0f2d46e014bb3c5750bf7a49a7bbe72c710a452e77280f7d2da706ead6,399148
Providencia,13,MU228,Municipalidad,23063,Condiciones necesarias para la fijación de Tarifas del Servicio Domiciliario por Extracción de Basuras y Exenciones Total y Parcial,Ordenanza,156,2017-04-18,Condiciones necesarias para la fijación de Tarifas del Servicio Domiciliario por Extracción de Basuras y Exenciones Total y Parcial N° 156: Modifícase la Ordenanza N°65 de 19,texto_refundido,Derechos Municipales y Tarifas,derechos_tarifas,https://transparencia.providencia.cl/Carpeta/VerTabla/23063/1/2017,http://firma.providencia.cl/dsign/cgi/sdoc.exe/sdoc/document?id=sb%2FHAkQO0h3FYsO%2B26qwRg%3D%3D,verified,60b90d1a1c66843c26d61b3e0e1a62aa36b6e4b6998babba3c4450842e2a5fe4,730950
Providencia,13,MU228,Municipalidad,23063,Condiciones necesarias para la fijación de Tarifas del Servicio Domiciliario por Extracción de Basuras y Exenciones Total y Parcial,Decreto,520,2020-04-14,"Decreto Exento N° 520: Fíjase el siguiente texto refundido y sistematizado de la Ordenanza sobre ""CONDICONES NECESARIAS PARA LA FIJACION DE TARIFAS DEL SERVICIO DOMICILIARIO POR EXTRACCION DE BASURA Y EXENCIONES TOTAL Y PARCIAL """,texto_refundido,Derechos Municipales y Tarifas,derechos_tarifas,https://transparencia.providencia.cl/Carpeta/VerTabla/23063/1/2020,http://firma.providencia.cl/dsign/cgi/sdoc.exe/sdoc/document?id=bCAy6i0w6Lg9hz3yKfAKlA%3D%3D,verified,018655aacd39b65cfc7eaf9bd7cd7f573f7c9e32a8671125971f5f212a943bfd,2538514
Providencia,13,MU228,Municipalidad,23063,Condiciones necesarias para la fijación de Tarifas del Servicio Domiciliario por Extracción de Basuras y Exenciones Total y Parcial,Ordenanza,188,2020-01-15,"Ordenanza N° 188: Modifícase la Ordenanza sobre ""CONDICIONES NECESARIAS PARA LA FIJACION DE TARIFAS DEL SERVICIO DOMICILIARIO POR EXTRACCION DE BASURAS Y EXENCIONES TOTAL Y PARCIAL"", cuyo texto refundido y sistematizado fue fijado por EX°809 de 8",texto_refundido,Derechos Municipales y Tarifas,derechos_tarifas,https://transparencia.providencia.cl/Carpeta/VerTabla/23063/1/2020,http://firma.providencia.cl/dsign/cgi/sdoc.exe/sdoc/document?id=KrVgMPtOTYcQAHKuiqAG6Q%3D%3D,verified,0109e9c6102b6982d858c68e0d917117a6b24bcf61d6950718797b27fa700d05,300722
Providencia,13,MU228,Municipalidad,23064,De Aseo,Ordenanza,18,2001-11-14,"De Aseo N° 18: Fíjase el texto refundido de la ""Ordenanza de Aseo de la Comuna de Providencia""",texto_refundido,"Aseo, Ornato y Gestión de Residuos",aseo_medioambiente,https://transparencia.providencia.cl/Carpeta/VerTabla/23064/1/2001,http://firma.providencia.cl/dsign/cgi/sdoc.exe/sdoc/document?id=jrIDUwPp2kXhSf0dpC%2FhpA%3D%3D,verified,b4da0e7983229f258848bbed8283ad6351afed154288d3fe0ee46df33e16bfc4,133328
Providencia,13,MU228,Municipalidad,23064,De Aseo,Ordenanza,13,2001-10-18,"De Aseo N° 13: Modificase la Ordenanza Nº 4 de 29 de Agosto de 1997, que reemplazo el texto de la Ordenanza de Aseo de la Comuna de Providencia, en los sentidos que se indican",modificacion,"Aseo, Ornato y Gestión de Residuos",aseo_medioambiente,https://transparencia.providencia.cl/Carpeta/VerTabla/23064/1/2001,http://firma.providencia.cl/dsign/cgi/sdoc.exe/sdoc/document?id=89SRndm196Dzh7tGVwAm%2Bw%3D%3D,verified,208bfebe6e0df68aeb8bc22c23b47874aa5919124774a23eab498d5a97624144,65737
Providencia,13,MU228,Municipalidad,23064,De Aseo,Decreto,874,2003-05-23,Decreto Exento N° 874: Fíjase el siguiente texto refundido y sistematizado de la ORDENANZA DE ASEO de la Comuna de Providencia,texto_refundido,"Aseo, Ornato y Gestión de Residuos",aseo_medioambiente,https://transparencia.providencia.cl/Carpeta/VerTabla/23064/1/2003,http://firma.providencia.cl/dsign/cgi/sdoc.exe/sdoc/document?id=sFloBa3j9uWjTZDcd%2BrmSQ%3D%3D,verified,6a1ca13fdfc1ee66ab51f334d679576bc1b883e119e9734d1f225f908d0c07e7,344326
Providencia,13,MU228,Municipalidad,23064,De Aseo,Ordenanza,1,2003-05-05,"Ordenanza N° 1: Modifícase la ORDENANZA DE ASEO, N° 18, de 14 de noviembre de 2001",ordenanza_base,"Aseo, Ornato y Gestión de Residuos",aseo_medioambiente,https://transparencia.providencia.cl/Carpeta/VerTabla/23064/1/2003,http://firma.providencia.cl/dsign/cgi/sdoc.exe/sdoc/document?id=EOJ25SjhOr0iMAsk1HJTrA%3D%3D,verified,6df0495f07e3c9dd81b71353766b8678cfbd50b067699eb5b6d9710b7bb89588,54188
Providencia,13,MU228,Municipalidad,23665,De Gestión Hidrica Local,Decreto,519,2020-04-14,Decreto Exento N° 519: Fíjase el siguiente texto refundido y sistematizado de la ORDENANZA DE GESTION HIDRICA LOCAL,texto_refundido,"Aseo, Ornato y Medio Ambiente",aseo_medioambiente,https://transparencia.providencia.cl/Carpeta/VerTabla/23665/1/2020,http://firma.providencia.cl/dsign/cgi/sdoc.exe/sdoc/document?id=5SlpB1XOEm9wLL7M0g0IyQ%3D%3D,verified,760e082fe9c0a71d88a10155a374b9769dff5896db882860207ecc2482c0f040,280618
Providencia,13,MU228,Municipalidad,23665,De Gestión Hidrica Local,Ordenanza,191,2020-04-07,"Ordenanza N° 191: Modifícase la Ordenanza Nº189, de 6 de febrero de 2020, ORDENANZA DE GESTION HIDRICA LOCAL",ordenanza_base,"Aseo, Ornato y Medio Ambiente",aseo_medioambiente,https://transparencia.providencia.cl/Carpeta/VerTabla/23665/1/2020,http://firma.providencia.cl/dsign/cgi/sdoc.exe/sdoc/document?id=cznQkyNy9cQWLClioOIB6g%3D%3D,verified,3dbb77440be92a84c2d8394c14ab15f91c0387ed6609040acec1698eadf805bd,431955
Providencia,13,MU228,Municipalidad,23665,De Gestión Hidrica Local,Ordenanza,189,2020-02-06,Ordenanza N° 189: Apruébese la siguiente ORDENANZA DE GESTION HIDRICA LOCAL,ordenanza_base,"Aseo, Ornato y Medio Ambiente",aseo_medioambiente,https://transparencia.providencia.cl/Carpeta/VerTabla/23665/1/2020,http://firma.providencia.cl/dsign/cgi/sdoc.exe/sdoc/document?id=3ZXILBHIB7x9fnrP7HVxEQ%3D%3D,verified,34c937729e4cc4ff4f0d2377ba26aa0c6d044ab5a77f20e6a86f9d59299e8183,73924
Providencia,13,MU228,Municipalidad,23065,De Ornato,Ordenanza,1,2002-01-24,De Ornato N° 1: Fíjase el siguiente texto refundidio y modificado de la Ordenanza de Ornato,modificacion,"Aseo, Ornato y Medio Ambiente",aseo_medioambiente,https://transparencia.providencia.cl/Carpeta/VerTabla/23065/1/2002,http://firma.providencia.cl/dsign/cgi/sdoc.exe/sdoc/document?id=ZKxrfUT2dTSPJbzMpA8jjQ%3D%3D,verified,730b059eb09196ee032253b4100ebb8ee5f5a7ca972f97df2876e0a2111d18fe,149525
Providencia,13,MU228,Municipalidad,23065,De Ornato,Decreto exento,1029,2003-07-01,De Ornato N° 1029: Fíjase el siguiente texto refundido y sistematizado de la Ordenanza Nº1 de 24,texto_refundido,"Aseo, Ornato y Medio Ambiente",aseo_medioambiente,https://transparencia.providencia.cl/Carpeta/VerTabla/23065/1/2003,http://firma.providencia.cl/dsign/cgi/sdoc.exe/sdoc/document?id=78%2FjjCx%2BCPZQZc%2FhHGXKmw%3D%3D,verified,f2da94afea08a3c0eaf8ff6f4d39da1831ab2fc0b68c7d59a00697b15de799ad,380092
Providencia,13,MU228,Municipalidad,23065,De Ornato,Ordenanza,3,2003-06-10,"De Ornato N° 3: Modifícase la Ordenanza de Ornato Nº 1 de 24,1,02, en los siguientes sentidos",ordenanza_base,"Aseo, Ornato y Medio Ambiente",aseo_medioambiente,https://transparencia.providencia.cl/Carpeta/VerTabla/23065/1/2003,http://firma.providencia.cl/dsign/cgi/sdoc.exe/sdoc/document?id=gIPdMv8R%2FSIb0C6kN321Qw%3D%3D,verified,2f7ca6c71a746589f59afd6a5120ce2af45fbaf95014e2181a7160997aff0357,49236
Providencia,13,MU228,Municipalidad,23065,De Ornato,Decreto exento,2038,2011-10-26,"De Ornato N° 2038: Fíjese el siguiente texto refundido y sistematizado de la Ordenanza Nº 1 de 24 de Enero de 2002 ""ORDENANZA DE ORNATO""",texto_refundido,"Aseo, Ornato y Medio Ambiente",aseo_medioambiente,https://transparencia.providencia.cl/Carpeta/VerTabla/23065/1/2011,http://firma.providencia.cl/dsign/cgi/sdoc.exe/sdoc/document?id=e4CnWor7PUOAn9w%2FwOhAoQ%3D%3D,verified,4404321310c06d9d8a325c2b7cbc4b9473a94437b65e9e96f0be012b7d742080,334317
Providencia,13,MU228,Municipalidad,23065,De Ornato,Ordenanza,104,2011-08-16,"De Ornato N° 104: Modifícase la Ordenanza Nº1 de 24 de Enero de 2002 ""Ordenanza de Ornato"", cuyo texto refundido y sistematizado fue fijado por Decreto Alcaldicio EX:Nº1029 de 1 de Julio de 2003",texto_refundido,"Aseo, Ornato y Medio Ambiente",aseo_medioambiente,https://transparencia.providencia.cl/Carpeta/VerTabla/23065/1/2011,http://firma.providencia.cl/dsign/cgi/sdoc.exe/sdoc/document?id=E61EgzbYQz%2BuYMmofUfIzQ%3D%3D,verified,3effc9712043f38f3866857c9c0ba02decec9d81337c753b13366caf2fc6165d,186821
Providencia,13,MU228,Municipalidad,23065,De Ornato,Decreto exento,751,2014-04-03,"De Ornato N° 751: Fíjase el siguiente texto refundido y sistematizado de la Ordenanza Nº1 de 24 de Enero de 2002 ""Ordenanza de Ornato""",texto_refundido,"Aseo, Ornato y Medio Ambiente",aseo_medioambiente,https://transparencia.providencia.cl/Carpeta/VerTabla/23065/1/2014,http://firma.providencia.cl/dsign/cgi/sdoc.exe/sdoc/document?id=pa%2BHv5Vqzq1u%2BkI1JtF1Bg%3D%3D,verified,1141c06b997aa2163b2f3acd8bcfe9aaf09828ef77504f13cd48e9c32e5c75a3,117663
Providencia,13,MU228,Municipalidad,23065,De Ornato,Ordenanza,128,2014-03-05,De Ornato N° 128: Modifícase la Ordenanza N°1 de 24,texto_refundido,"Aseo, Ornato y Medio Ambiente",aseo_medioambiente,https://transparencia.providencia.cl/Carpeta/VerTabla/23065/1/2014,http://firma.providencia.cl/dsign/cgi/sdoc.exe/sdoc/document?id=no7owVG1XhuksNU97WZjNg%3D%3D,verified,133fcdb83482ec00e789f64d0bbf3bd3418c59e7bce327ef12fc8ba4a908de90,54031
Providencia,13,MU228,Municipalidad,23065,De Ornato,Ordenanza,209,2021-10-25,"De Ornato N° 209: Modifícase la Ordenanza N° 1 de 24 de Enero de 2002 ""Ordenanza de Ornato"", cuyo texto refundido y sistematizado fue fijado por Decreto Alcaldicio EX",texto_refundido,"Aseo, Ornato y Medio Ambiente",aseo_medioambiente,https://transparencia.providencia.cl/Carpeta/VerTabla/23065/1/2021,http://firma.providencia.cl/dsign/cgi/sdoc.exe/sdoc/document?id=%2FUJCIqa6yFVPa32vwjFOog%3D%3D,verified,1761e596fba1e4e542df667078cf935c8217cdf8d9ad6104bf3dee6bc78db93f,628464
Providencia,13,MU228,Municipalidad,23065,De Ornato,Decreto exento,1382,2021-09-28,"De Ornato N° 1382: Fíjase el texto refundido y sistematizado de la Ordenanza N°1 de 24 de enero de 2002 ""Ordenanza de Ornato""",texto_refundido,"Aseo, Ornato y Medio Ambiente",aseo_medioambiente,https://transparencia.providencia.cl/Carpeta/VerTabla/23065/1/2021,http://firma.providencia.cl/dsign/cgi/sdoc.exe/sdoc/document?id=duICj10EU4C2gBpeAfSvEA%3D%3D,verified,955ef437e297f2527d112acc7d006316278fdda8ee4c94c82d06e0ba59f4043f,1214026
Providencia,13,MU228,Municipalidad,23065,De Ornato,Ordenanza,207,2021-09-10,"De Ornato N° 207: Modifícase la Ordenanza N°1 de 24 de Enero de 2002 ""Ordenanza de Ornato"", cuyo texto refundido y sistematizado fue fijado por Decreto Alcaldicio EX",texto_refundido,"Aseo, Ornato y Medio Ambiente",aseo_medioambiente,https://transparencia.providencia.cl/Carpeta/VerTabla/23065/1/2021,http://firma.providencia.cl/dsign/cgi/sdoc.exe/sdoc/document?id=Pb5UGm2miihynqXTR8zNtw%3D%3D,verified,64ac030d3925442844036bfc7788752a9390da2d1c766d286577dfd1087cd6b1,586637
Providencia,13,MU228,Municipalidad,23065,De Ornato,Ordenanza,212,2022-07-26,"Ordenanza N° 212: Modifícase la Ordenanza N°1 de 24 de Enero de 2002 ""ORDENANZA DE ORNATO"", cuyo texto refundido y sistematizado, fue fijado por Decreto Alcaldicio EXN°1",texto_refundido,"Aseo, Ornato y Medio Ambiente",aseo_medioambiente,https://transparencia.providencia.cl/Carpeta/VerTabla/23065/1/2022,http://firma.providencia.cl/dsign/cgi/sdoc.exe/sdoc/document?id=l8Vx%2FT9B9L%2Bx5oVLkNme2Q%3D%3D,verified,e9b70d85d60def1c84d96b56fda866c20a412b2a126627f9a7cbd0df74b7e0f6,224953
Providencia,13,MU228,Municipalidad,23065,De Ornato,Decreto,495,2024-04-08,"Decreto Exento N° 495: Fíjase el siguiente texto refundido y sistematizado de la Ordenanza N°1 de 24 de enero de 2002 ""ORDENANZA DE ORNATO""",texto_refundido,"Aseo, Ornato y Medio Ambiente",aseo_medioambiente,https://transparencia.providencia.cl/Carpeta/VerTabla/23065/1/2024,http://firma.providencia.cl/dsign/cgi/sdoc.exe/sdoc/document?id=TQO6asLVPzOXVyF97cm9mA%3D%3D,verified,67cd0bd2974685fd192fb1138a58d546ce38b4017e5aa65b8f5125edacbfb5a2,1965388
Providencia,13,MU228,Municipalidad,23972,Sobre Gestión de Residuos Reciclables de la Comuna de Providencia,Ordenanza,224,2023-09-12,"Ordenanza N° 224: Apruébese el siguiente texto de la Ordenanza ""SOBRE GESTION DE RESIDUOS RECICLABLES DE LA COMUNA DE PROVIDENCIA""",ordenanza_base,"Aseo, Ornato y Gestión de Residuos",aseo_medioambiente,https://transparencia.providencia.cl/Carpeta/VerTabla/23972/1/2023,http://firma.providencia.cl/dsign/cgi/sdoc.exe/sdoc/document?id=gcL0OZl%2Bu6TD843xlaWnDw%3D%3D,verified,d8e78667819583944acad6d62a8381794b41fc5809ad9e1f55b801920aeff653,4806447
Providencia,13,MU228,Municipalidad,23602,Sobre Plásticos De Un Solo Uso En La Comuna Providencia,Ordenanza,182,2019-04-29,"Ordenanza N° 182: Apruébase la Ordenanza ""SOBRE PLASTICOS DE UN SOLO USO EN LA COMUNA DE PROVIDENCIA""",ordenanza_base,"Aseo, Ornato y Medio Ambiente",aseo_medioambiente,https://transparencia.providencia.cl/Carpeta/VerTabla/23602/1/2019,http://firma.providencia.cl/dsign/cgi/sdoc.exe/sdoc/document?id=m1ciWzr7bPPKYQDtolD2kw%3D%3D,verified,dd955d05500248e7d1c27856c5515b5bc3d1833cf8e91c89e38f5d93726f3a03,1124559
Providencia,13,MU228,Municipalidad,23066,Usuarios Aguas de Regadío,Ordenanza,66,2007-11-20,"Ordenanza N° 66: Fíjase el siguiente texto de la ordenanza sobre ""USUARIOS AGUAS DE RAGADIO""",ordenanza_base,"Aseo, Ornato y Medio Ambiente",aseo_medioambiente,https://transparencia.providencia.cl/Carpeta/VerTabla/23066/1/2007,http://firma.providencia.cl/dsign/cgi/sdoc.exe/sdoc/document?id=7UADFUr3peGeiGJuXLaqLg%3D%3D,verified,063c036254765c316027671e19c22a94b38360237f08a4623d33395572c72409,191413
Providencia,13,MU228,Municipalidad,23933,"Cierre o Implementación de Medidas de Control de Acceso en Calles, Pasajes o Conjuntos Habitacionaless, Por Motivos de Seguridad, de la Comuna de Providencia",Ordenanza,220,2023-06-23,"Ordenanza N° 220: Fíjase la siguiente ordenanza sobre ""CIERRE O IMPLEMENTACION DE MEDIDAS DE CONTROL DE ACCESO EN CALLES, PASAJES O CONJUNTOS HABITACIONALES, POR MOTIVOS DE SEGURIDAD, DE LA COMUNA DE PROVIDENCIA""",ordenanza_base,Convivencia Vecinal y Seguridad,convivencia_seguridad,https://transparencia.providencia.cl/Carpeta/VerTabla/23933/1/2023,http://firma.providencia.cl/dsign/cgi/sdoc.exe/sdoc/document?id=C3XqoXQZr0S1NTJh%2FqL0tQ%3D%3D,verified,13c49ce5862389dadf02c4ec50aee86ca5ceddbe2f63e3de9de853e50289e2b5,5697728
Providencia,13,MU228,Municipalidad,23933,"Cierre o Implementación de Medidas de Control de Acceso en Calles, Pasajes o Conjuntos Habitacionaless, Por Motivos de Seguridad, de la Comuna de Providencia",Decreto,1923,2025-12-31,"Decreto Exento N° 1923: Fíjase el siguiente texto refunddo y sistematizado de la Ordenanza sobre ""CIERRE O IMPLEMENTACION DE MEDIDAS DE CONTROL DE ACCESO EN CALLES, PASAJES O CONJUNTOS HABITACIONALES, POR MOTIVOS DE SEGURIDAD, DE LA COMUNA DE PROVIDENCIA""",ordenanza_base,Convivencia Vecinal y Seguridad,convivencia_seguridad,https://transparencia.providencia.cl/Carpeta/VerTabla/23933/1/2025,http://firma.providencia.cl/dsign/cgi/sdoc.exe/sdoc/document?id=HOz0j62H3bOH%2BlJDoyK5Gw%3D%3D,verified,5efa79fd20c5bd479ef0da7f47a6e6a34ab93e804d95f36a0f822d8de3c5fe70,5822898
Providencia,13,MU228,Municipalidad,23933,"Cierre o Implementación de Medidas de Control de Acceso en Calles, Pasajes o Conjuntos Habitacionaless, Por Motivos de Seguridad, de la Comuna de Providencia",Ordenanza,238,2025-05-16,"Ordenanza N° 238: Modifícase la Ordenanza sobre ""CIERRA O IMPLEMENTACIÓN DE MEDIDAS DE CONTROL DE ACCESO EN CALLES, PASAJES O CONJUNTOS HABITACIONALES , POR MOTIVOS DE SEGURIDAD, DE LA COMUNA DE PROVIDENCIA"", cuyo texto fue fijado mediante Ordenanza N°220 de 23",ordenanza_base,Convivencia Vecinal y Seguridad,convivencia_seguridad,https://transparencia.providencia.cl/Carpeta/VerTabla/23933/1/2025,http://firma.providencia.cl/dsign/cgi/sdoc.exe/sdoc/document?id=%2F6X0G4ZH9Kc9thy97bk%2BRA%3D%3D,verified,838ff7d866d5f9d5924551c6b8d19a9b9cfaf23b6774fb81e6f5894ac3886633,1660086
Providencia,13,MU228,Municipalidad,23068,Cierre de calles o pasajes  ciegos de la Comuna de Providencia (Derogada por Ordenanza 220 de 23.06.2023),Decreto,360,2008-02-27,"Decreto Exento N° 360: Apruébase siguiente texto refundido y sistematizado de la Ordenanza sobre ""CIERRE DE CALLES O PASAJES PUBLICOS CIEGOS DE LA COMUNA DE PROVIDENCIA""",texto_refundido,"Obras, Urbanismo y Espacio Público",urbanismo_obras,https://transparencia.providencia.cl/Carpeta/VerTabla/23068/1/2008,http://firma.providencia.cl/dsign/cgi/sdoc.exe/sdoc/document?id=2Y81JCUGDxK%2FLoeTolK2GA%3D%3D,verified,9ab523775d4f4012d06ced48ab274e046a8f165f98a7dd028d7c0bde5f01b345,551249
Providencia,13,MU228,Municipalidad,23068,Cierre de calles o pasajes  ciegos de la Comuna de Providencia (Derogada por Ordenanza 220 de 23.06.2023),Decreto,2508,2011-12-30,"Decreto Exento N° 2508: Apruébase el siguiente texto refundido y sistematizado de la Ordenanza Nº 5 de 26 de Agosto de 1999 sobre, ""CIERRE DE CALLES O PASAJES PÚBLICOS CIEGOS DE LA COMUNA DE PROVIDENCIA",texto_refundido,"Obras, Urbanismo y Espacio Público",urbanismo_obras,https://transparencia.providencia.cl/Carpeta/VerTabla/23068/1/2011,http://firma.providencia.cl/dsign/cgi/sdoc.exe/sdoc/document?id=E49lxJyV8zh1cRL6NJ7Slw%3D%3D,verified,d608dd20eb5cf533e008d3e42573e0e96a1d149f69d3a648a89203a58425b769,219027
Providencia,13,MU228,Municipalidad,23068,Cierre de calles o pasajes  ciegos de la Comuna de Providencia (Derogada por Ordenanza 220 de 23.06.2023),Ordenanza,112,2011-10-07,"Ordenanza N° 112: Modifícase la Ordenanza Nº5 de 26 de Agosto de 1999 sobre ""CIERRE DE CALLES O PASAJES CIEGOS DE LA COMUNA DE PROVIDENCIA"" cuyo texto refundido y sistematizado fue aprobado por Decreto Alcaldicio EX",texto_refundido,"Obras, Urbanismo y Espacio Público",urbanismo_obras,https://transparencia.providencia.cl/Carpeta/VerTabla/23068/1/2011,http://firma.providencia.cl/dsign/cgi/sdoc.exe/sdoc/document?id=gV48LCBlbQQTr22m1jlyjQ%3D%3D,verified,d73fae59a2ccd1ffb0ce5625ab9c070909a588466568350337ca0bf61d159bb0,131505
Providencia,13,MU228,Municipalidad,23068,Cierre de calles o pasajes  ciegos de la Comuna de Providencia (Derogada por Ordenanza 220 de 23.06.2023),Decreto,1809,2015-11-06,"Decreto Exento N° 1809: Apruébase el siguiente texto refundido y sistematizado de la Ordenanza Nº5 de 26 de Agosto de 1999, sobre ""CIERRE DE CALLES O PASAJES CIEGOS DE LA COMUNA DE PROVIDENCIA""",texto_refundido,"Obras, Urbanismo y Espacio Público",urbanismo_obras,https://transparencia.providencia.cl/Carpeta/VerTabla/23068/1/2015,http://firma.providencia.cl/dsign/cgi/sdoc.exe/sdoc/document?id=XDXvvchrcaWK6XRruZztWg%3D%3D,verified,df968a25aec8a0b8f010fdc60662f1d67bb5ebd04288da6722394b09445e3268,440545
Providencia,13,MU228,Municipalidad,23068,Cierre de calles o pasajes  ciegos de la Comuna de Providencia (Derogada por Ordenanza 220 de 23.06.2023),Ordenanza,140,2015-10-05,"Ordenanza N° 140: Modifícase la Ordenanza N° de 26 de agosto de 1999 sobre ""CIERRE DE CALLES O PASAJES PÚBLICOS CIEGOS DE LA COMUNA DE PROVIDENCIA""",ordenanza_base,"Obras, Urbanismo y Espacio Público",urbanismo_obras,https://transparencia.providencia.cl/Carpeta/VerTabla/23068/1/2015,http://firma.providencia.cl/dsign/cgi/sdoc.exe/sdoc/document?id=gQLSvgcoGB1xotQdFGiMxQ%3D%3D,verified,4fbfd2745e07df8e43c2a089f34394d98dfd43637134b371ce862addad05f772,243512
Providencia,13,MU228,Municipalidad,23068,Cierre de calles o pasajes  ciegos de la Comuna de Providencia (Derogada por Ordenanza 220 de 23.06.2023),Ordenanza,220,2023-06-23,"Ordenanza N° 220: Fíjase la siguiente ordenanza sobre ""Cierre o Implementación de Medidas de Control de Acceso en Calles, Pasajes o Conjuntos Habitacionales, por motivos de Seguridad de la Comuna de Providencia""Derógase la Ordenanza N°5 de 1999 y EX1809 de 2015",ordenanza_base,Convivencia Vecinal y Seguridad,convivencia_seguridad,https://transparencia.providencia.cl/Carpeta/VerTabla/23068/1/2023,http://firma.providencia.cl/dsign/cgi/sdoc.exe/sdoc/document?id=C3XqoXQZr0S1NTJh%2FqL0tQ%3D%3D,verified,13c49ce5862389dadf02c4ec50aee86ca5ceddbe2f63e3de9de853e50289e2b5,5697728
Providencia,13,MU228,Municipalidad,23068,Cierre de calles o pasajes  ciegos de la Comuna de Providencia (Derogada por Ordenanza 220 de 23.06.2023),Decreto,1923,2025-12-31,"Decreto Exento N° 1923: Fíjase el siguiente texto refunddo y sistematizado de la Ordenanza sobre ""CIERRE O IMPLEMENTACION DE MEDIDAS DE CONTROL DE ACCESO EN CALLES, PASAJES O CONJUNTOS HABITACIONALES, POR MOTIVOS DE SEGURIDAD, DE LA COMUNA DE PROVIDENCIA""",ordenanza_base,Convivencia Vecinal y Seguridad,convivencia_seguridad,https://transparencia.providencia.cl/Carpeta/VerTabla/23068/1/2025,http://firma.providencia.cl/dsign/cgi/sdoc.exe/sdoc/document?id=HOz0j62H3bOH%2BlJDoyK5Gw%3D%3D,verified,5efa79fd20c5bd479ef0da7f47a6e6a34ab93e804d95f36a0f822d8de3c5fe70,5822898
Providencia,13,MU228,Municipalidad,23068,Cierre de calles o pasajes  ciegos de la Comuna de Providencia (Derogada por Ordenanza 220 de 23.06.2023),Ordenanza,238,2025-05-16,"Ordenanza N° 238: Modifícase la Ordenanza sobre ""CIERRA O IMPLEMENTACIÓN DE MEDIDAS DE CONTROL DE ACCESO EN CALLES, PASAJES O CONJUNTOS HABITACIONALES , POR MOTIVOS DE SEGURIDAD, DE LA COMUNA DE PROVIDENCIA"", cuyo texto fue fijado mediante Ordenanza N°220 de 23",ordenanza_base,Convivencia Vecinal y Seguridad,convivencia_seguridad,https://transparencia.providencia.cl/Carpeta/VerTabla/23068/1/2025,http://firma.providencia.cl/dsign/cgi/sdoc.exe/sdoc/document?id=%2F6X0G4ZH9Kc9thy97bk%2BRA%3D%3D,verified,838ff7d866d5f9d5924551c6b8d19a9b9cfaf23b6774fb81e6f5894ac3886633,1660086
Providencia,13,MU228,Municipalidad,23069,Instalación de Líneas Distribuidoras de Energia Eléctrica y de Telecomunicaciones en la Comuna de Providencia,Ordenanza,12,2000-12-18,"Ordenanza N° 12: Prorrogase hasta el 15 de abril de 2001, la suspension de la aplicacion del articulo Nº 7 de la ordenanza Nº3 del 14 de marzo de 2000, sobre ""INSTALACION DE LINEAS DISTRIBUIDORAS DE ENERGIA ELECTRICA Y DE TELECOMUNICACIONES EN LA COMUNA DE PROVIDENCIA""",ordenanza_base,"Obras, Urbanismo y Espacio Público",urbanismo_obras,https://transparencia.providencia.cl/Carpeta/VerTabla/23069/1/2000,http://firma.providencia.cl/dsign/cgi/sdoc.exe/sdoc/document?id=UhjjjZoOqXxgEmxbiDd28A%3D%3D,verified,4eedd942d806c5647c9c5b968c12af527466bff1d0fa3ddb715dc72b33303f80,40825
Providencia,13,MU228,Municipalidad,23069,Instalación de Líneas Distribuidoras de Energia Eléctrica y de Telecomunicaciones en la Comuna de Providencia,Ordenanza,7,2000-06-23,"Ordenanza N° 7: Suspéndese hasta el 31 de diciembre de 2000, la aplicación del articulo 7º de la Ordenanza 3 de 14 de marzo 2000 sobre ""INSTALACIÓN DE LINEAS DISTRIBUIDORAS DE ENERGIA ELECTRICA Y DE TELECOMUNICACIONES EN LA COMUNA DE PROVIDENCIA""",ordenanza_base,"Obras, Urbanismo y Espacio Público",urbanismo_obras,https://transparencia.providencia.cl/Carpeta/VerTabla/23069/1/2000,http://firma.providencia.cl/dsign/cgi/sdoc.exe/sdoc/document?id=K4ZWBLqpsLK52mOruj%2BFTg%3D%3D,verified,12272750f03f44d9f695e8625dc1c3aec0445ac442c96dffb5a431a20b6804fc,101872
Providencia,13,MU228,Municipalidad,23069,Instalación de Líneas Distribuidoras de Energia Eléctrica y de Telecomunicaciones en la Comuna de Providencia,Ordenanza,3,2000-03-14,"Ordenanza N° 3: ""SOBRE INSTALACION DE LINEAS DlSTRlBUl DORAS DE ENERGIA ELECTRICA Y DE TELECOMUNICACIONES EN LA COMUNA DE
PROVIDENCIA""",ordenanza_base,"Obras, Urbanismo y Espacio Público",urbanismo_obras,https://transparencia.providencia.cl/Carpeta/VerTabla/23069/1/2000,http://firma.providencia.cl/dsign/cgi/sdoc.exe/sdoc/document?id=uiY4dVuMNTQL3VtbDpVElg%3D%3D,verified,ffd73855543cefceef0ddcaab5a53ab5bf58a0a95d9b36d78641c85a1dab7da9,179259
Providencia,13,MU228,Municipalidad,23070,Instalación de mesas en el bien nacional de uso público de la Comuna de Providencia,Ordenanza,19,2001-11-26,Ordenanza N° 19: Rectifícase el Anexo Nº 2 de la Ordenanza Nº 16 de 26,ordenanza_base,"Obras, Urbanismo y Espacio Público",urbanismo_obras,https://transparencia.providencia.cl/Carpeta/VerTabla/23070/1/2001,http://firma.providencia.cl/dsign/cgi/sdoc.exe/sdoc/document?id=SXCxOtIzLce9qNjCaYoNAw%3D%3D,verified,48ee8a507a52bfa5c51d9f800fe28c2066a7a2a66e6712ffcfb195d66876c3ab,52605
Providencia,13,MU228,Municipalidad,23070,Instalación de mesas en el bien nacional de uso público de la Comuna de Providencia,Ordenanza,16,2001-10-26,"Ordenanza N° 16: Apruebase la ""ORDENANZA SOBRE INSTALACION DE MESAS EN EL BIEN NACIONAL DE USO PUBLICO DE LA COMUNA DE PROVIDENCIA",ordenanza_base,"Obras, Urbanismo y Espacio Público",urbanismo_obras,https://transparencia.providencia.cl/Carpeta/VerTabla/23070/1/2001,http://firma.providencia.cl/dsign/cgi/sdoc.exe/sdoc/document?id=h0NVQIe%2FXPDC5kgTuYZCvw%3D%3D,verified,be62074300fa24f8160fa58c7b56dfb143857a9fbf0fd329206881710d3b5b5f,384277
Providencia,13,MU228,Municipalidad,23070,Instalación de mesas en el bien nacional de uso público de la Comuna de Providencia,Decreto,1349,2009-06-22,"Decreto Exento N° 1349: Apruébase el siguiente texto refundido y sistematizado de la ""ORDENANZA SOBRE LA INSTALACIÓN DE MESAS EN EL BIEN DE USO PÚBLICO DE LA COMUNA DE PROVIDENCIA""",texto_refundido,"Obras, Urbanismo y Espacio Público",urbanismo_obras,https://transparencia.providencia.cl/Carpeta/VerTabla/23070/1/2009,http://firma.providencia.cl/dsign/cgi/sdoc.exe/sdoc/document?id=kQO6KQ%2Bd2MMQyS6Gk1EfDg%3D%3D,verified,9480e87aee335ac55d1f0b1dc5e46b12d1257495ae8f08c0c90c96b186080a65,295304
Providencia,13,MU228,Municipalidad,23070,Instalación de mesas en el bien nacional de uso público de la Comuna de Providencia,Ordenanza,78,2009-05-12,Ordenanza N° 78: Modifícase la ordenanza Nº16 de 26,ordenanza_base,"Obras, Urbanismo y Espacio Público",urbanismo_obras,https://transparencia.providencia.cl/Carpeta/VerTabla/23070/1/2009,http://firma.providencia.cl/dsign/cgi/sdoc.exe/sdoc/document?id=wCMtWM0AHnb9k1RMgyEzdA%3D%3D,verified,184188aecac518154bc79ba2298cb8d3dfaf3e9b9eaeb62b4fbbcbb206613113,43431
Providencia,13,MU228,Municipalidad,23070,Instalación de mesas en el bien nacional de uso público de la Comuna de Providencia,Decreto,1234,2018-08-27,"Decreto Exento N° 1234: Fíjase el siguiente texto refundido y sistematizado de la Ordenanza Sobre ""INSTALACIÓN DE MESAS EN EL BIEN NACIONAL DE USO PÚBLICO DE LA COMUNA DE PROVIDENCIA""",texto_refundido,"Obras, Urbanismo y Espacio Público",urbanismo_obras,https://transparencia.providencia.cl/Carpeta/VerTabla/23070/1/2018,http://firma.providencia.cl/dsign/cgi/sdoc.exe/sdoc/document?id=pGC5UcijU6Ell8N415OMjQ%3D%3D,verified,38e38abd081368fd85a42eeb8458e97c8c7309a13245526749896b9548bba033,4540276
Providencia,13,MU228,Municipalidad,23070,Instalación de mesas en el bien nacional de uso público de la Comuna de Providencia,Ordenanza,167,2018-08-07,"Ordenanza N° 167: Modifícase la ""ORDENANZA SOBRE LA INSTALACIÓN DE MESAS EN EL BIEN NACIONAL DE USO PÚBLICO DE LA COMUNA DE PROVIDENCIA"", cuyo texto refundido se fijó por Decreto Alcaldicio EX",texto_refundido,"Obras, Urbanismo y Espacio Público",urbanismo_obras,https://transparencia.providencia.cl/Carpeta/VerTabla/23070/1/2018,http://firma.providencia.cl/dsign/cgi/sdoc.exe/sdoc/document?id=FAK7WRcl180i8XexwtMTng%3D%3D,verified,a2100c983208e187586be4c4dc24efdae6ad6211ab92c680669fd4d25abd804b,4111500
Providencia,13,MU228,Municipalidad,23070,Instalación de mesas en el bien nacional de uso público de la Comuna de Providencia,Ordenanza,201,2020-07-14,"Ordenanza N° 201: Modifícase la Ordenanza sobre ""INSTALACIÓN DE MESAS EN EL BIEN NACIONAL DE USO PÚBLICO DE LA COMUNA DE PROVIDENCIA"" cuyo texto refundido fue fijado por EX",texto_refundido,"Obras, Urbanismo y Espacio Público",urbanismo_obras,https://transparencia.providencia.cl/Carpeta/VerTabla/23070/1/2020,http://firma.providencia.cl/dsign/cgi/sdoc.exe/sdoc/document?id=MAKuU4I%2F8R1VTkBrLEuGJQ%3D%3D,verified,76d24b56fb1ff40d3542382d540a01f370b490207ce919aa0736b6cb95c38f60,342670
Providencia,13,MU228,Municipalidad,23070,Instalación de mesas en el bien nacional de uso público de la Comuna de Providencia,Decreto,107,2021-02-05,"Decreto Exento N° 107: Fíjase el siguiente texto refundido y sistematizado de la ""ORDENANZA SOBRE LA INSTALACIÓN DE MESAS EN EL BIEN NACIONAL DE USO PÚBLICO DE LA COMUNA DE PROVIDENCIA""",texto_refundido,"Obras, Urbanismo y Espacio Público",urbanismo_obras,https://transparencia.providencia.cl/Carpeta/VerTabla/23070/1/2021,http://firma.providencia.cl/dsign/cgi/sdoc.exe/sdoc/document?id=jer7OvmUc339Wb9WwAhUxw%3D%3D,verified,80c53c4b96413cd085b00bf8d83f0ff684233df3b674179d21828f421332acd9,3923633
Providencia,13,MU228,Municipalidad,23070,Instalación de mesas en el bien nacional de uso público de la Comuna de Providencia,Ordenanza,211,2022-05-09,"Ordenanza N° 211: Modifícase la Ordenanza sobre ""INSTALACION DE MESAS EN EL BIEN NACIONAL DE USO PÚBLICO DE LA COMUNA DE PROVIDENCIA"", cuyo texto refundido y sisematizado fue fijado por EX",texto_refundido,"Obras, Urbanismo y Espacio Público",urbanismo_obras,https://transparencia.providencia.cl/Carpeta/VerTabla/23070/1/2022,http://firma.providencia.cl/dsign/cgi/sdoc.exe/sdoc/document?id=1eSLOFacXAzVq2C8hAFxsQ%3D%3D,verified,09c73ba7e80e636eb3cf8ebe34576d107d5f2618f8eaac3ec0ed491900e4011c,2691483
Providencia,13,MU228,Municipalidad,23070,Instalación de mesas en el bien nacional de uso público de la Comuna de Providencia,Decreto,502,2024-04-11,"Decreto Exento N° 502: Fijase el siguiente tecto refundido y sistematizado de la ""ORDENANZA SOBRE INSTALACION DE MESAS EN EL BIEN NACIONAL DE USO PUBLICO DE LA COMUNA DE PROVIDENCIA""",texto_refundido,"Obras, Urbanismo y Espacio Público",urbanismo_obras,https://transparencia.providencia.cl/Carpeta/VerTabla/23070/1/2024,http://firma.providencia.cl/dsign/cgi/sdoc.exe/sdoc/document?id=E6zJSekGZ3Ng6tbil7w8Wg%3D%3D,verified,6cf80bcd9c437a1af1b5effae141d334cd798c7ec22e99e1ee33bfd2b299ec73,4987751
Providencia,13,MU228,Municipalidad,23071,"Instalación de mesas y toldos en el bien nacional de uso público ""Paseo Peatonal General Holley""",Ordenanza,9,2001-08-22,"Ordenanza N° 9: Apruebase el siguiente texto  de la ordenanza comunal sobre la ""INSTALACION DE MESAS Y TOLDOS EN EL BIEN NACIONAL DE USO PUBLICO-PASEO PEATONAL GENERAL HOLLEY""",ordenanza_base,"Aseo, Ornato y Gestión de Residuos",aseo_medioambiente,https://transparencia.providencia.cl/Carpeta/VerTabla/23071/1/2001,http://firma.providencia.cl/dsign/cgi/sdoc.exe/sdoc/document?id=KkZtNRueYup9imjjifDEtQ%3D%3D,verified,8c79557ef769205deaae6bf54ebeca3e3064b85cc5c2c5d33ab7ab6ce9c1e5df,75013
Providencia,13,MU228,Municipalidad,23071,"Instalación de mesas y toldos en el bien nacional de uso público ""Paseo Peatonal General Holley""",Decreto,2007,2009-09-11,"Decreto Exento N° 2007: Fíjase el siguiente texto refundido y sistematizado de la Ordenanza Comunal sobre la ""INSTALACION DE MESAS Y TOLDOS EN EL BIEN NACIONAL DE USO PUBLICO PASEO PEATONAL GENERAL HOLLEY""",texto_refundido,"Aseo, Ornato y Gestión de Residuos",aseo_medioambiente,https://transparencia.providencia.cl/Carpeta/VerTabla/23071/1/2009,http://firma.providencia.cl/dsign/cgi/sdoc.exe/sdoc/document?id=RocLw8x7s4tCl3jqfH4m4g%3D%3D,verified,8309d03ef7e0bab09576d2f2b66fd525d774c589ef53422c7f2a00803612a236,136414
Providencia,13,MU228,Municipalidad,23071,"Instalación de mesas y toldos en el bien nacional de uso público ""Paseo Peatonal General Holley""",Ordenanza,83,2009-07-28,"Ordenanza N° 83: Modifícase la Ordenanza N°9 de 22 de Agosto de 2001, que aprobó la Ordenanza Comunal sobre ""INSTALACION DE MESAS Y TOLDOS EN EL BIEN NACIONAL DE USO PUBLICO PASEO PEATONAL GENERAL HOLLEY""",ordenanza_base,"Aseo, Ornato y Gestión de Residuos",aseo_medioambiente,https://transparencia.providencia.cl/Carpeta/VerTabla/23071/1/2009,http://firma.providencia.cl/dsign/cgi/sdoc.exe/sdoc/document?id=njxmVU%2FaJUqeXuAm4MvfSg%3D%3D,verified,54cbb3d74732e83e506841b955d77a8a7b24967dc92794ca29ae5440613b3c49,146686
Providencia,13,MU228,Municipalidad,23072,"Instalación de Torres, Antenas y Parabolas para cualquier tipo de Telecomunicaciones",Ordenanza,172,2018-11-08,"Ordenanza N° 172: Derógase la Ordenanza N°2 de 31 de Marzo de 1998, que aprobó la Ordenanza para la ""INSTALACION DE TORRES,  ANTENAS Y PARABOLAS PARA CUALQUIER TIPO DE TELECOMUNICACIONES""",ordenanza_base,"Obras, Urbanismo y Espacio Público",urbanismo_obras,https://transparencia.providencia.cl/Carpeta/VerTabla/23072/1/2018,http://firma.providencia.cl/dsign/cgi/sdoc.exe/sdoc/document?id=CQV57tMsil8bBT4FQKrkMQ%3D%3D,verified,6fcdc54277b714b4bc8526cfe993d6d0d378092cbf1ad075cc353fde9c00d7df,196082
Providencia,13,MU228,Municipalidad,23683,Localización Soportes de Antenas y Elementos Asociados en Bienes Nacionales de Uso Público de la Comuna de Providencia,Ordenanza,196,2020-04-21,"Ordenanza N° 196: Apruébase la siguiente ""ORDENANZA QUE REGULA LA LOCALIZACION SOPORTES DE ANTENAS Y ELEMENTOS ASOCIADOS EN BIENES NACIONALES DE USO PUBLICO DE LA COMUNA DE PROVIDENCIA""",ordenanza_base,"Obras, Urbanismo y Espacio Público",urbanismo_obras,https://transparencia.providencia.cl/Carpeta/VerTabla/23683/1/2020,http://firma.providencia.cl/dsign/cgi/sdoc.exe/sdoc/document?id=LPk0x0j1cBKlvCAANk5IQQ%3D%3D,verified,4d6a8b0ef049fec51e128d737b2d308a29d9c1d7d30bffe15fd3cca941f4c788,481964
Providencia,13,MU228,Municipalidad,23611,Sobre Mantenimiento y Fiscalización de cableado Aéreo en la Comuna de Providencia,Ordenanza,184,2019-07-08,Ordenanza N° 184: Apruébese la Ordenanza SOBRE MANTENIMIENTO Y FISCALIZACIÓN DE CABLEADO AÉREO EN LA COMUNA DE PROVIDENCIA,ordenanza_base,"Obras, Urbanismo y Espacio Público",urbanismo_obras,https://transparencia.providencia.cl/Carpeta/VerTabla/23611/1/2019,http://firma.providencia.cl/dsign/cgi/sdoc.exe/sdoc/document?id=x6jAMQeHu133DZM7L0vnuQ%3D%3D,verified,f25b880e6928795243b2986ad04ed368e858eb310d8feab864f2bb3c79aae254,783511
Providencia,13,MU228,Municipalidad,23611,Sobre Mantenimiento y Fiscalización de cableado Aéreo en la Comuna de Providencia,Decreto,900,2020-08-04,"Decreto Exento N° 900: Apruébase el siguiente texto refundido y sistematizado de la ""ORDENANZA SOBRE MANTENIMIENTO Y FISCALIZACIÓN DE CABLEADO AÉREO EN LA COMUNA DE PROVIDENCIA""",texto_refundido,"Obras, Urbanismo y Espacio Público",urbanismo_obras,https://transparencia.providencia.cl/Carpeta/VerTabla/23611/1/2020,http://firma.providencia.cl/dsign/cgi/sdoc.exe/sdoc/document?id=O8SdAF%2FxaspYR5B%2F1fLqbQ%3D%3D,verified,b0a4d7a1d80628b0fd0368a80b59fe3dbdd8a6f5f10f826727d000b8f62b41b8,6098994
Providencia,13,MU228,Municipalidad,23611,Sobre Mantenimiento y Fiscalización de cableado Aéreo en la Comuna de Providencia,Ordenanza,193,2020-04-13,"Ordenanza N° 193: Modifícase la ordenanza N°184 de 8 de julio de 2019, ""ORDENANZA SOBRE MANTENIMIENTO Y FISCALIZACIÓN DE CLABLEADO AÉREO EN LA COMUNA DE PROVIDENCIA""",ordenanza_base,"Obras, Urbanismo y Espacio Público",urbanismo_obras,https://transparencia.providencia.cl/Carpeta/VerTabla/23611/1/2020,http://firma.providencia.cl/dsign/cgi/sdoc.exe/sdoc/document?id=OsD2MZS6aoQrxjVs5JaKVg%3D%3D,verified,5ea3e21b4a3829be03aa3153d450204bd0eb7e993f85f40609998a84ee089709,563600
Providencia,13,MU228,Municipalidad,23611,Sobre Mantenimiento y Fiscalización de cableado Aéreo en la Comuna de Providencia,Ordenanza,206,2021-07-08,"Ordenanza N° 206: Modifícase la ""ORDENANZA SOBRE MANTENIMIENTO Y FISCALIZACION DE CABLEADO AEREO EN LA COMUNA DE PROVIDENCIA"", cuyo tecto refundido y sistematizado fue aprobado por el Decreto Alcaldicio EX",texto_refundido,"Obras, Urbanismo y Espacio Público",urbanismo_obras,https://transparencia.providencia.cl/Carpeta/VerTabla/23611/1/2021,http://firma.providencia.cl/dsign/cgi/sdoc.exe/sdoc/document?id=g5HGrP5Cy0GNkkU4oytNfw%3D%3D,verified,47c9714d34c6ab2d53f9eaf8da9341ccc17f17362ce38dddf1826049ca312bde,650987
Providencia,13,MU228,Municipalidad,23611,Sobre Mantenimiento y Fiscalización de cableado Aéreo en la Comuna de Providencia,Decreto,494,2024-04-08,"Decreto Exento N° 494: Fijase le siguiente tecto refundido y sistematizado de la ""ORDENANZA SOBRE MANTENIMIENTO Y FISCALIZACION DE CABLEADO AEREO EN LA COMUNA DE PROVIDENCIA""",texto_refundido,"Obras, Urbanismo y Espacio Público",urbanismo_obras,https://transparencia.providencia.cl/Carpeta/VerTabla/23611/1/2024,http://firma.providencia.cl/dsign/cgi/sdoc.exe/sdoc/document?id=Ysifh6JSIlId8zy%2FfhIV5Q%3D%3D,verified,e7268c2acafa63bd634305ef14a97484568061b36f37d87a136f3359fe1f63f8,3171746
Providencia,13,MU228,Municipalidad,23938,Sobre Murales Ornamentales o Decorativos en la Comuna de Providencia,Ordenanza,221,2023-07-04,"Ordenanza N° 221: Apruébese la Ordenanza ""SOBRE MURALES ORNAMENTALES O DECORATIVOS EN LA COMUNA  DE PROVIDENCIA""",ordenanza_base,"Obras, Urbanismo y Espacio Público",urbanismo_obras,https://transparencia.providencia.cl/Carpeta/VerTabla/23938/1/2023,http://firma.providencia.cl/dsign/cgi/sdoc.exe/sdoc/document?id=OTK2dNu0PPHCoc3aAJuOUw%3D%3D,verified,6f3c66e9fb961ab286df5e5b86d87ec08f3669525de8343b45d0fac2cf47f4f8,603838
Providencia,13,MU228,Municipalidad,23073,Ocupación Bien Nacional de Uso Público Calle Pío Nono,Decreto,1607,2010-08-20,"Decreto Exento N° 1607: Fíjase el siguiente texto refundido, coordinado y sistematizado de la Ordenanza sobre ""OCUPACION BIEN NACIONAL DE USO PÚBLICO CALLE PIO NONO""",texto_refundido,"Obras, Urbanismo y Espacio Público",urbanismo_obras,https://transparencia.providencia.cl/Carpeta/VerTabla/23073/1/2010,http://firma.providencia.cl/dsign/cgi/sdoc.exe/sdoc/document?id=v9TCSw8jrhNyMQUDQmTZKA%3D%3D,verified,dcdde3224687530ccbd07ad814bbb226c3ddde19501b4ea582e538bbcb830f62,478325
Providencia,13,MU228,Municipalidad,23073,Ocupación Bien Nacional de Uso Público Calle Pío Nono,Ordenanza,91,2010-08-05,"Ordenanza N° 91: Modifícase la Ordenanza Nº87 de 28  de abril de 2010, sobre, ""OCUPACION BIEN NACIONAL DE USO PUBLICO CALLE POO NONO""",ordenanza_base,"Obras, Urbanismo y Espacio Público",urbanismo_obras,https://transparencia.providencia.cl/Carpeta/VerTabla/23073/1/2010,http://firma.providencia.cl/dsign/cgi/sdoc.exe/sdoc/document?id=RGNJNmK%2BTb7xnLdDA8C15A%3D%3D,verified,277801d18556d881c5876f762460e8beef604ddb2414f317ae4e01e32275ffe6,56541
Providencia,13,MU228,Municipalidad,23073,Ocupación Bien Nacional de Uso Público Calle Pío Nono,Ordenanza,87,2010-04-28,"Ordenanza N° 87: Apruébase la Ordenanza sobre ""OCUPACION BIEN NACIONAL DE USO PUBLICO CALLE PIO NONO""",ordenanza_base,"Obras, Urbanismo y Espacio Público",urbanismo_obras,https://transparencia.providencia.cl/Carpeta/VerTabla/23073/1/2010,http://firma.providencia.cl/dsign/cgi/sdoc.exe/sdoc/document?id=wSDBjJZf5v1OU6jchsB9uQ%3D%3D,verified,53346f1c3ada106231d96ed25762de631c912d69b78ba3ae4140c96f374b72f1,474434
Providencia,13,MU228,Municipalidad,23074,Ordenanza Comunal sobre Ocupación Transitoria del Espacio Público por la Ejecución de Faenas,Ordenanza,14,2004-01-14,"Ocupación Comunal sobre Ocupacion Transitoria del Espacio Público por la Ejecución de Faenas N° 14: Apruébase la ""Ordenanza Comunal Sobre Ocupación Tránsitoria del Espacio Público por la Ejecución de Faenas""",ordenanza_base,"Tránsito, Transporte y Espacio Público",transito_transporte,https://transparencia.providencia.cl/Carpeta/VerTabla/23074/1/2004,http://firma.providencia.cl/dsign/cgi/sdoc.exe/sdoc/document?id=m5iBagW%2FcqL5pjoKFS%2Be9g%3D%3D,verified,da020446cdb8c2f5e284284a0c4a931d7235f5fbf6e5741d7b6a0c7401942c56,299958
Providencia,13,MU228,Municipalidad,23074,Ordenanza Comunal sobre Ocupación Transitoria del Espacio Público por la Ejecución de Faenas,Ordenanza,135,2014-10-29,"Ocupación Comunal sobre Ocupacion Transitoria del Espacio Público por la Ejecución de Faenas N° 135: Modifícase la Ordenanza Nº129 de 14 de Abril de 2014 ""Ordenanzsa Comunal sobre Ocupación Transitoria del Espacio Público por la ejecución de faenas y otras actividades""",ordenanza_base,"Tránsito, Transporte y Espacio Público",transito_transporte,https://transparencia.providencia.cl/Carpeta/VerTabla/23074/1/2014,http://firma.providencia.cl/dsign/cgi/sdoc.exe/sdoc/document?id=yTXd3NOydL1KbDyvHCMLFw%3D%3D,verified,70a5cacf299a540511d77e644873ed347cb289c67ea3a5fd095724b3074f8ec5,316604
Providencia,13,MU228,Municipalidad,23074,Ordenanza Comunal sobre Ocupación Transitoria del Espacio Público por la Ejecución de Faenas,Ordenanza,129,2014-04-14,Ocupación Comunal sobre Ocupacion Transitoria del Espacio Público por la Ejecución de Faenas N° 129: Apruébase la Ordenanza Comunal sobre Ocupación Transitoria del Espacio Público por la Ejecución de Faenas y Otras Actividades,ordenanza_base,"Tránsito, Transporte y Espacio Público",transito_transporte,https://transparencia.providencia.cl/Carpeta/VerTabla/23074/1/2014,http://firma.providencia.cl/dsign/cgi/sdoc.exe/sdoc/document?id=CJoCEB8Rg20eRaTHwDOXFQ%3D%3D,verified,4aa9bcb533aad4cf426561671956950978d29cadea8f5946416440df0235827b,4047182
Providencia,13,MU228,Municipalidad,23074,Ordenanza Comunal sobre Ocupación Transitoria del Espacio Público por la Ejecución de Faenas,Decreto exento,1529,2018-10-12,"Ocupación Comunal sobre Ocupacion Transitoria del Espacio Público por la Ejecución de Faenas N° 1529: Fijase el texto refundido y sistematizado de la ""Ordenanza Comunal sobre Ocupación Transitoria del Espacio Público por la Ejecución de Faenas y Otras Actividades """,texto_refundido,"Tránsito, Transporte y Espacio Público",transito_transporte,https://transparencia.providencia.cl/Carpeta/VerTabla/23074/1/2018,http://firma.providencia.cl/dsign/cgi/sdoc.exe/sdoc/document?id=5UhgSrKxok0IlNaY5TRAwQ%3D%3D,verified,33b2aaa8e6e8c5a4c5fc042e2ee0c681fcca070d31298ae17ac2e4461025bf16,1223406
Providencia,13,MU228,Municipalidad,23074,Ordenanza Comunal sobre Ocupación Transitoria del Espacio Público por la Ejecución de Faenas,Ordenanza,169,2018-10-04,"Ocupación Comunal sobre Ocupacion Transitoria del Espacio Público por la Ejecución de Faenas N° 169: Modifícase la ""ORDENANZA COMUNAL SOBRE OCUPACION TRANSITORIA DEL ESPACIO PUBLICO POR LA EJECUCION DE FAENAS Y OTRAS ACTIVIDADES""N°129 DE 14 de Abril de 2014",ordenanza_base,"Tránsito, Transporte y Espacio Público",transito_transporte,https://transparencia.providencia.cl/Carpeta/VerTabla/23074/1/2018,http://firma.providencia.cl/dsign/cgi/sdoc.exe/sdoc/document?id=p0IdJNruFXmhv%2FADd5AVWg%3D%3D,verified,82bab2d151fcc365e517b1b1bae23e4cc080f5d2b52b5f06e11ec0cc0777532f,523929
Providencia,13,MU228,Municipalidad,23074,Ordenanza Comunal sobre Ocupación Transitoria del Espacio Público por la Ejecución de Faenas,Decreto,1576,2023-10-24,"Decreto Exento N° 1576: Fíjase el siguiente texto refundido y sistematizado de la ""ORDENANZA COMUNAL SOBRE OCUPACION TRANSITORIA DEL ESPACIO PUBLICO POR LA EJECUCCION DE FAENAS""",texto_refundido,"Tránsito, Transporte y Espacio Público",transito_transporte,https://transparencia.providencia.cl/Carpeta/VerTabla/23074/1/2023,http://firma.providencia.cl/dsign/cgi/sdoc.exe/sdoc/document?id=4UIVqrMFJdoaOuktYn%2B43g%3D%3D,verified,7065135e30b2ceaaae64a3254ecc9878c8b93b327be8be0c7563b059dd1740cd,14736135
Providencia,13,MU228,Municipalidad,23074,Ordenanza Comunal sobre Ocupación Transitoria del Espacio Público por la Ejecución de Faenas,Ordenanza,225,2023-10-10,"Ordenanza N° 225: Modifícase  la ""ORDENANZA COMUNAL SOBRE OCUPACION TRANSITORIA DEL ESPACIO PUBLICO POR LA EJECCIÓN DE FAENAS
 Y OTRAS ACTIVIDADES""",ordenanza_base,"Tránsito, Transporte y Espacio Público",transito_transporte,https://transparencia.providencia.cl/Carpeta/VerTabla/23074/1/2023,http://firma.providencia.cl/dsign/cgi/sdoc.exe/sdoc/document?id=sNdmLXSCNVNlbvqtoqFBsA%3D%3D,verified,7a1e9ef526682dc62c1dfda2077e64576c0d86f34ac87da12743384f95612fe7,3203634
Providencia,13,MU228,Municipalidad,23075,Permisos y Concesiones de Bienes Municipales y Nacionales de Uso Público y Concesiones de Servicios Municipales,Ordenanza,8,2003-10-01,Permisos y Concesiones de Bienes Municipales y Nacionales de Uso Público y Concesiones de Servicios Municipales N° 8: Apruébase la Ordenanza sobre Permisos y Concesiones de Bienes Mun icipales y Nacionales de Uso Publico y Concesiones de Servicios Municipales,ordenanza_base,"Obras, Urbanismo y Espacio Público",urbanismo_obras,https://transparencia.providencia.cl/Carpeta/VerTabla/23075/1/2003,http://firma.providencia.cl/dsign/cgi/sdoc.exe/sdoc/document?id=6C3I1lwrXpbpd1r6sVrGTw%3D%3D,verified,93a1f4b188595acebd947ed270292297ab9aa00ed3b50f9e160bb6c63a7aa832,176696
Providencia,13,MU228,Municipalidad,23075,Permisos y Concesiones de Bienes Municipales y Nacionales de Uso Público y Concesiones de Servicios Municipales,Ordenanza,96,2010-10-12,Permisos y Concesiones de Bienes Municipales y Nacionales de Uso Público y Concesiones de Servicios Municipales N° 96: Modifícase la ordenanza Nº8 de 01,ordenanza_base,"Obras, Urbanismo y Espacio Público",urbanismo_obras,https://transparencia.providencia.cl/Carpeta/VerTabla/23075/1/2010,http://firma.providencia.cl/dsign/cgi/sdoc.exe/sdoc/document?id=AEeW8bflkB%2F%2FcVfYW9faRQ%3D%3D,verified,83c51a7134ba229e50fba3bab4e34e36ef183da45141779152f303e782755935,88161
Providencia,13,MU228,Municipalidad,23075,Permisos y Concesiones de Bienes Municipales y Nacionales de Uso Público y Concesiones de Servicios Municipales,Decreto,858,2011-04-19,"Decreto Exento N° 858: Apruébase el siguiente texto refundido y sistematizado de la ordenanza sobre ""PERMISOS Y CONCESIONES DE BIENES MUNICIPALES Y NACIONALES DE USO PUBLICO Y CONCESIONES DE SERVICIOS MUNCIPALES""",texto_refundido,"Obras, Urbanismo y Espacio Público",urbanismo_obras,https://transparencia.providencia.cl/Carpeta/VerTabla/23075/1/2011,http://firma.providencia.cl/dsign/cgi/sdoc.exe/sdoc/document?id=86Gqx8Ei5Jc%2FUEen%2Foij0A%3D%3D,verified,023eb6a8bbcf6b2c10f075546cba664178be5057796410885b9713975d9457ed,496559
Providencia,13,MU228,Municipalidad,23077,Aplicación del artículo 8 de la Ley de Alcoholes,Ordenanza,19,2004-06-15,Ordenanza N° 19: Apruébase la Ordenanza para la APLICACION DEL ARTICULO 8 DE LA LEY 19,ordenanza_base,"Comercio, Alcoholes y Patentes",comercio_alcoholes,https://transparencia.providencia.cl/Carpeta/VerTabla/23077/1/2004,http://firma.providencia.cl/dsign/cgi/sdoc.exe/sdoc/document?id=9p3A8e3TR%2FpgA4o89pVDow%3D%3D,verified,4f3fc9467e840811cae9c321b4b5db1b66a1f254d9aa597cb3a15049a0fa9176,48407
Providencia,13,MU228,Municipalidad,23078,"Normas para la Cobranza de Contribuciones, Impuestos y Derechos Municipales que se Encuentran Morosos",Decreto exento,1160,2005-07-11,"Cobranza de patentes derechos y contribuciones que se encuentra morosas N° 1160: Fíjase el siguiente texto refundido y adecuado de la Ordenanza sobre ""Normas para  la cobrabza de patentes, derechos y contribuciones que se encuentran morosas"", aprobada por Ordenanza Nº3 de 15 de A",texto_refundido,Derechos Municipales y Tarifas,derechos_tarifas,https://transparencia.providencia.cl/Carpeta/VerTabla/23078/1/2005,http://firma.providencia.cl/dsign/cgi/sdoc.exe/sdoc/document?id=vijPpWbqM%2BT%2FTtlB%2Bm4cww%3D%3D,verified,4a05a07ad8abc7c28c243bf3ef66d6adc5fd86d4628cb84aad86602069572326,129266
Providencia,13,MU228,Municipalidad,23078,"Normas para la Cobranza de Contribuciones, Impuestos y Derechos Municipales que se Encuentran Morosos",Ordenanza,30,2005-05-31,"Cobranza de patentes derechos y contribuciones quew se encuentran morosas N° 30: Modificase la Ordenanza Nº3 del 1991, respecto de la cobranza de patentes morosas",modificacion,Derechos Municipales y Tarifas,derechos_tarifas,https://transparencia.providencia.cl/Carpeta/VerTabla/23078/1/2005,http://firma.providencia.cl/dsign/cgi/sdoc.exe/sdoc/document?id=AW8ljEkC31U4jkFB5GqJ7w%3D%3D,verified,6add96014e151d7664c31bdf4b809cf4e70d162282b573079eda5309501e68eb,75881
Providencia,13,MU228,Municipalidad,23078,"Normas para la Cobranza de Contribuciones, Impuestos y Derechos Municipales que se Encuentran Morosos",Decreto exento,953,2006-05-23,"Cobranza de patente de derechos y contribucuones que se encuentran morosas N° 953: Fíjase el siguiente texto refundido y adecuado de la Ordenanza Nº 3 de 15 de Abril de 1991sobre Normas Para la Cobranza de Patentes, Derechos y Contribucuones que se Encuentran Morosa",texto_refundido,Derechos Municipales y Tarifas,derechos_tarifas,https://transparencia.providencia.cl/Carpeta/VerTabla/23078/1/2006,http://firma.providencia.cl/dsign/cgi/sdoc.exe/sdoc/document?id=NOBB2AvK92pg3Ubc8LedvA%3D%3D,verified,1165a1d85b72afc494b1b3d0f913ab26aafee2c8c732c63da00e9d1a8a38dfcb,279605
Providencia,13,MU228,Municipalidad,23078,"Normas para la Cobranza de Contribuciones, Impuestos y Derechos Municipales que se Encuentran Morosos",Ordenanza,44,2006-05-15,"Cobranza de patentes derechos y contribuciones que se encuentran morosas N° 44: Modifícase la Ordenanza N°3 de 15 de Abril de 1991 sobre ""Normas para la cobranza de patentes, derechos y contribuciones que se encuentran morosos""",ordenanza_base,Derechos Municipales y Tarifas,derechos_tarifas,https://transparencia.providencia.cl/Carpeta/VerTabla/23078/1/2006,http://firma.providencia.cl/dsign/cgi/sdoc.exe/sdoc/document?id=BzJbb3T0YS9tto%2BSfOagNQ%3D%3D,verified,a85f6bbd5ae49bd50a4017e8adb0a80b4b24727d608a459ea0cb1d657274749e,156432
Providencia,13,MU228,Municipalidad,23078,"Normas para la Cobranza de Contribuciones, Impuestos y Derechos Municipales que se Encuentran Morosos",Decreto exento,1936,2009-09-08,Cobranza de patentes derechos y contribuciones que se encuentran morosas N° 1936: Autoriza el no cobro de intereses y reajustes a aquellos contribuyentes que se vieron afectados con el problema suscitado en el sistema computacional de rentas,ordenanza_base,Derechos Municipales y Tarifas,derechos_tarifas,https://transparencia.providencia.cl/Carpeta/VerTabla/23078/1/2009,http://firma.providencia.cl/dsign/cgi/sdoc.exe/sdoc/document?id=qeXgOIOagtx1HnHwcHG5PQ%3D%3D,verified,dbe000d6632318b712cef43017af6d1a4cfbb76340ca78f5cf4ea82895810554,171006
Providencia,13,MU228,Municipalidad,23078,"Normas para la Cobranza de Contribuciones, Impuestos y Derechos Municipales que se Encuentran Morosos",Ordenanza,147,2016-04-05,"Cobranza de patentes derechos y contribuciones que se encuentran morosas N° 147: Fijese el siguiente texto de la Ordenanza Local sobre ""Normas para la Cobranza de Contribuciones, Impuestos y Derechos Municipales que se encuentran morosos""",ordenanza_base,Derechos Municipales y Tarifas,derechos_tarifas,https://transparencia.providencia.cl/Carpeta/VerTabla/23078/1/2016,http://firma.providencia.cl/dsign/cgi/sdoc.exe/sdoc/document?id=UOoAVL%2BjXM%2Fpwl3HVACzcg%3D%3D,verified,c847132d91b316251db22e9c2e8533aeacdd4b97080d35dc2e1f6f54cdf12bee,428618
Providencia,13,MU228,Municipalidad,23078,"Normas para la Cobranza de Contribuciones, Impuestos y Derechos Municipales que se Encuentran Morosos",Decreto exento,825,2020-07-10,"Cobranza de patentes derechos y contribuciones que se encuentran morosas N° 825: Fíjese el texto refundido y sistematizado de la Ordenanza Local sobre "" Normas para la  Cobranza de Contribuciones , Impuestos y Derechos Municipales que se encuentran morosos """,texto_refundido,Derechos Municipales y Tarifas,derechos_tarifas,https://transparencia.providencia.cl/Carpeta/VerTabla/23078/1/2020,http://firma.providencia.cl/dsign/cgi/sdoc.exe/sdoc/document?id=N1kat8canCPmMMDlAgWxkA%3D%3D,verified,d34bf00118c273ba93dd6c2301f3728c7539bbb8d1ac43d0124f5501994c71e6,2586659
Providencia,13,MU228,Municipalidad,23078,"Normas para la Cobranza de Contribuciones, Impuestos y Derechos Municipales que se Encuentran Morosos",Ordenanza,198,2020-05-25,"Cobranza de patentes derechos y contribuciones que se encuentran mososas N° 198: Modifícase la ordenanza sobre ""Normas para la cobranza de contribuciones, impuestos y derechos municipales que se encuentran morosos"", cuyos texto fue fijado por la Ordenanza N°147 de 5 de abril de 2",ordenanza_base,Derechos Municipales y Tarifas,derechos_tarifas,https://transparencia.providencia.cl/Carpeta/VerTabla/23078/1/2020,http://firma.providencia.cl/dsign/cgi/sdoc.exe/sdoc/document?id=FpeuBc2VmhBLTkq%2BKEL7Kw%3D%3D,verified,5aa5cb9867a50d733626072ef252a832ce5e0b5d009eecb94c7d018e0184b1cc,1188226
Providencia,13,MU228,Municipalidad,23078,"Normas para la Cobranza de Contribuciones, Impuestos y Derechos Municipales que se Encuentran Morosos",Decreto,1963,2021-12-29,Decreto Exento N° 1963: Déjase sin efecto el Decreto Alcaldicio EX,ordenanza_base,Derechos Municipales y Tarifas,derechos_tarifas,https://transparencia.providencia.cl/Carpeta/VerTabla/23078/1/2021,http://firma.providencia.cl/dsign/cgi/sdoc.exe/sdoc/document?id=naunyDYGlaj0X8g8GZskVg%3D%3D,verified,b9593cb3b72b29f0e47625d834d795b4a53c5bee348d6959c9ca4e01577a2df2,370323
Providencia,13,MU228,Municipalidad,23078,"Normas para la Cobranza de Contribuciones, Impuestos y Derechos Municipales que se Encuentran Morosos",Decreto,78,2021-01-29,"Decreto Exento N° 78: Fíjese el siguiente texto refundido y sistematizado de la Ordenanza Local sobre ""NORMAS PARA LA COBRANZA DE  CONTRIBUCIONES, IMPUESTOS Y DERECHOS MUNICIPALES QUE SE ENCUENTRAN MOROSOS""",texto_refundido,Derechos Municipales y Tarifas,derechos_tarifas,https://transparencia.providencia.cl/Carpeta/VerTabla/23078/1/2021,http://firma.providencia.cl/dsign/cgi/sdoc.exe/sdoc/document?id=KCmfOcJQYXFZYbRMHm6t7Q%3D%3D,verified,bf190490e3e9378b3c8916088b9aa5b61d9233dd5aaacc96929199a55f2d291a,2464736
Providencia,13,MU228,Municipalidad,23078,"Normas para la Cobranza de Contribuciones, Impuestos y Derechos Municipales que se Encuentran Morosos",Ordenanza,232,2024-06-10,"Ordenanza N° 232: Modifícase la Ordenanza sobre ""NORMAS PARA LA COBRANZA DE CONTRIBUCIONES, IMPUESTOS Y DERECHOS MUNICIPALES QUE SE ENCUENTRAN MOROSOS"", cuyo tecto refundido y sistematizado fue fijado mediante Decreto Alcaldicio EX",texto_refundido,Derechos Municipales y Tarifas,derechos_tarifas,https://transparencia.providencia.cl/Carpeta/VerTabla/23078/1/2024,http://firma.providencia.cl/dsign/cgi/sdoc.exe/sdoc/document?id=e5oZp2Wl0ilujqfz%2FQReaQ%3D%3D,verified,1e9af89b8c87f847f414e27101c397b4d2d3ddcbf38ef7f75cf9ddfc02ad0d04,1002871
Providencia,13,MU228,Municipalidad,23078,"Normas para la Cobranza de Contribuciones, Impuestos y Derechos Municipales que se Encuentran Morosos",Decreto,494,2025-04-01,"Decreto Exento N° 494: Fíjese el siguiente texto refundido y sistematizado de la Ordenanza Locasl sobre ""NORMAS PARA LA COBRANZA  DE CONTRIBUCONES, IMPUESTOS Y DERECHOS MUNICIPALES QUE SE ENCUENTRAS MOROSOS",texto_refundido,Derechos Municipales y Tarifas,derechos_tarifas,https://transparencia.providencia.cl/Carpeta/VerTabla/23078/1/2025,http://firma.providencia.cl/dsign/cgi/sdoc.exe/sdoc/document?id=3cOWlNjcgXEFfy28rfXSqA%3D%3D,verified,7e7a09fb63e494c2bf2a4611a89c3bdcea093365694810a125a12646c14637f5,3210559
Providencia,13,MU228,Municipalidad,23078,"Normas para la Cobranza de Contribuciones, Impuestos y Derechos Municipales que se Encuentran Morosos",Ordenanza,237,2025-03-24,"Ordenanza N° 237: Modificase la Ordenanza sobre ""NORMAS PARA LA COBRANZA DE CONTRIBUCIONES , IMPUESTOS Y DERECHOS MUNICIPALES QUE SE ENCUENTRAN MOROSOS"", cuyo texto refundido y sistematizado fue fijado mediante Decreto Alcadicio EX",texto_refundido,Derechos Municipales y Tarifas,derechos_tarifas,https://transparencia.providencia.cl/Carpeta/VerTabla/23078/1/2025,http://firma.providencia.cl/dsign/cgi/sdoc.exe/sdoc/document?id=0gfVy2IHAUktBg6XVBLa9Q%3D%3D,verified,5caae47611fd2941dcdd404b2a19220979d15cdbc4eca8e007b28a332ce3b3b9,3601623
Providencia,13,MU228,Municipalidad,23144,Otorgamiento de patentes municipales provisorias en la Comuna de Providencia,Ordenanza,136,2014-10-29,"Otorgamiento de patentes municipales provisorias en la Comuna de Providencia N° 136: Fíjese el siguiente texto de la Ordenanza Local para el ""Otorgamiento de Patentes Municipales Provisorias en la Comuna de Providencia""",ordenanza_base,"Comercio, Alcoholes y Patentes",comercio_alcoholes,https://transparencia.providencia.cl/Carpeta/VerTabla/23144/1/2014,http://firma.providencia.cl/dsign/cgi/sdoc.exe/sdoc/document?id=wDF0flDmc9xj2GgNhMLSxA%3D%3D,verified,ca0d09f6619ed8eafca6f314302b921e4e98c3aea535cc42ba3d3379535ccd86,2800480
Providencia,13,MU228,Municipalidad,23144,Otorgamiento de patentes municipales provisorias en la Comuna de Providencia,Decreto,319,2019-03-01,"Decreto Exento N° 319: Fíjese el siguiente texto refundido y sistematizado de la Ordenanza Local para el ""OTORGAMIENTO DE PATENTES MUNICIPALES PROVISORIAS EN LA COMUNA DE PROVIDENCIA""",texto_refundido,"Comercio, Alcoholes y Patentes",comercio_alcoholes,https://transparencia.providencia.cl/Carpeta/VerTabla/23144/1/2019,http://firma.providencia.cl/dsign/cgi/sdoc.exe/sdoc/document?id=K%2Bwfx%2F1Ia8qlfwREDaQqkQ%3D%3D,verified,82febcfa25f4117e43af97a6661640469400bef6de6bb1d1220882ba0a977360,4272512
Providencia,13,MU228,Municipalidad,23144,Otorgamiento de patentes municipales provisorias en la Comuna de Providencia,Ordenanza,179,2019-02-08,"Ordenanza N° 179: Sustitúyanse el encabezamiento y letra a) del Artículo 1° de la Ordenanza Local para el ""OTORGAMIENTO DE PATENTES MUNICIPALES PROVISORIA EN LA COMUNA DE PROVIDENCIA""",ordenanza_base,"Comercio, Alcoholes y Patentes",comercio_alcoholes,https://transparencia.providencia.cl/Carpeta/VerTabla/23144/1/2019,http://firma.providencia.cl/dsign/cgi/sdoc.exe/sdoc/document?id=F14ghCayUnKj3Z7N0DPr2w%3D%3D,verified,faa9876ee03941bf9135314adc0ac2125757747bcef740946727a2d99e8d8adb,950108
Providencia,13,MU228,Municipalidad,23079,"Sobre hoteles, apart-hoteles, moteles residenciales y hospederias",Decreto,1159,2010-06-11,"Decreto Exento N° 1159: Fíjase el siguiente texto refundido, coordinado y sistematizado de la Ordenanza sobre ""HOTELES, APART HOTELES, MOTELES RESIDENCIALES Y HOSPEDERIAS""",texto_refundido,"Comercio, Alcoholes y Patentes",comercio_alcoholes,https://transparencia.providencia.cl/Carpeta/VerTabla/23079/1/2010,http://firma.providencia.cl/dsign/cgi/sdoc.exe/sdoc/document?id=b0D8Y3CL3I8pqOo0vkaHfQ%3D%3D,verified,2c3d53d362d143955c8b021b7820c7d0056a9407a23fd7ff277054dfa5ed1e7b,177060
Providencia,13,MU228,Municipalidad,23079,"Sobre hoteles, apart-hoteles, moteles residenciales y hospederias",Ordenanza,88,2010-05-27,"Ordenanza N° 88: Modifícase  la Ordenanza Nº66 de 4 de Julio de 1994, que aprobó la Ordenanza SOBRE HOTELES, APART-HOTELES, MOTELES, RESIDENCIALES Y HOSPEDERIAS""",ordenanza_base,"Comercio, Alcoholes y Patentes",comercio_alcoholes,https://transparencia.providencia.cl/Carpeta/VerTabla/23079/1/2010,http://firma.providencia.cl/dsign/cgi/sdoc.exe/sdoc/document?id=feMIFE01FR0%2FRfOjT8lEsA%3D%3D,verified,4d16b3bf62d94aecf4ffa921d8fefa014841d3cd1e1babfe8f684d0d7fd609a1,69255
Providencia,13,MU228,Municipalidad,23080,"Sobre la actividad comercial, de alcoholes, industrial, profesional y de servicios",Ordenanza,2,2000-03-06,"Sobre la actividad comercial, de alcoholes, industrial, profesional y de servicios N° 2: Fíjase el texto de la Ordenanza Comunal sobre la Actividad Comercial, de Alcoholes, Industrial, Profesional y de Servicios",modificacion,"Comercio, Alcoholes y Patentes",comercio_alcoholes,https://transparencia.providencia.cl/Carpeta/VerTabla/23080/1/2000,http://firma.providencia.cl/dsign/cgi/sdoc.exe/sdoc/document?id=uBF6g8gtRG2SgqqPf65uLQ%3D%3D,verified,1aee01ebc2b218210730128b4226a602c0cacdc6fd7a38c929199b5b27c7a179,500133
Providencia,13,MU228,Municipalidad,23080,"Sobre la actividad comercial, de alcoholes, industrial, profesional y de servicios",Ordenanza,8,2002-07-10,"Sobre actividad comercial, de alcoholes, industrial, profesional y de servicios N° 8: Modificase la ordenanza Nº 2 de 6",modificacion,"Comercio, Alcoholes y Patentes",comercio_alcoholes,https://transparencia.providencia.cl/Carpeta/VerTabla/23080/1/2002,http://firma.providencia.cl/dsign/cgi/sdoc.exe/sdoc/document?id=Jxo8r25hv3mTO8KhMsKIkQ%3D%3D,verified,21b5b8ce8e09321b1c62cd92283c23513ce265368c6c604f0b06572b6e246940,164985
Providencia,13,MU228,Municipalidad,23080,"Sobre la actividad comercial, de alcoholes, industrial, profesional y de servicios",Decreto exento,1492,2007-09-05,"Sobre la actividad comercial, de alcoholes, industrial, profesional y de servicios N° 1492: Fíjase el sisguiente texto refundido y sistematizado de la Ordenanza Comunal Nº 2 de fecha 6 de Marzo de 2000, sobre la Actividad Comercial, de Alcoholes, Industrial, Profesional y de Serv",texto_refundido,"Comercio, Alcoholes y Patentes",comercio_alcoholes,https://transparencia.providencia.cl/Carpeta/VerTabla/23080/1/2007,http://firma.providencia.cl/dsign/cgi/sdoc.exe/sdoc/document?id=5B3Ta0p6NC5TQQXQptU%2Bow%3D%3D,verified,d848f05861f017434447bfd4ca0fe85d2f84bf61cd9c385d67d277da4f63f5b7,3535642
Providencia,13,MU228,Municipalidad,23080,"Sobre la actividad comercial, de alcoholes, industrial, profesional y de servicios",Ordenanza,58,2007-08-21,"Sobre la actividad comercial, de alcohoes, industrial, profesional y de servicios N° 58: Modifícase la Ordenanza Nª2 de 6 de Marzo de 2000 sobre la Actividad Comercial, de Alcoholes, Industrial, Profesional y de servicios, cuyo texto refundido y sistematizado se aprobó por Decret",texto_refundido,"Comercio, Alcoholes y Patentes",comercio_alcoholes,https://transparencia.providencia.cl/Carpeta/VerTabla/23080/1/2007,http://firma.providencia.cl/dsign/cgi/sdoc.exe/sdoc/document?id=ha0HwfqcljIZFCuFB6Ixfg%3D%3D,verified,ffd888a481209bc5d593c0972b1dee048169f37c5d31294021683e215c216228,51142
Providencia,13,MU228,Municipalidad,23080,"Sobre la actividad comercial, de alcoholes, industrial, profesional y de servicios",Ordenanza,55,2007-05-24,"Sobre la actividad comercial, de alcoholes, industrial, profesional y de servicios N° 55: Modifícase la Ordenanza Nº2 de 6 de Mayo de 2000 sobre la ""Actividad comercial, de alcoholes, profesional y de servicios"", cuyo texto refundido y sistematizado se aprobó por decreto alcaldic",texto_refundido,"Comercio, Alcoholes y Patentes",comercio_alcoholes,https://transparencia.providencia.cl/Carpeta/VerTabla/23080/1/2007,http://firma.providencia.cl/dsign/cgi/sdoc.exe/sdoc/document?id=CC5gYpA6YkBk26ALfBTZvA%3D%3D,verified,05c9d3c8b266e3981276fd9e046e1ad25cbdebab36b2f98c4af6f1d4c50aeb77,616218
Providencia,13,MU228,Municipalidad,23080,"Sobre la actividad comercial, de alcoholes, industrial, profesional y de servicios",Decreto exento,1374,2009-06-24,"Sobre la actividad comercial, de alcoholes, industrial, profesional y de servicios N° 1374: Fíjase el siguiente texto refundido y sistematizado de la Ordenanza Comunal Nº2 de fecha 6 de Marzo de 2000 ""Sobre la Actividad Comercial, de Alcoholes, Industrial, Profesional y de Servic",texto_refundido,"Comercio, Alcoholes y Patentes",comercio_alcoholes,https://transparencia.providencia.cl/Carpeta/VerTabla/23080/1/2009,http://firma.providencia.cl/dsign/cgi/sdoc.exe/sdoc/document?id=5GmMFnkC6d%2B5LdkWpqTX7Q%3D%3D,verified,7095bc8a9aa874ffc7a5d7e28c8771a1f4f9574afd63e78fb226442f20480fcf,1293007
Providencia,13,MU228,Municipalidad,23080,"Sobre la actividad comercial, de alcoholes, industrial, profesional y de servicios",Ordenanza,79,2009-06-01,"Sobre la actividad comercial, de alcoholes, industrial, profesional y de servicios N° 79: Modifícase la Ordenanza Nº 2 de fecha 06 de marzo de 2000 ""Sobre la actividad comercial, de alcoholes, industrial, profesional y de servicios""",ordenanza_base,"Comercio, Alcoholes y Patentes",comercio_alcoholes,https://transparencia.providencia.cl/Carpeta/VerTabla/23080/1/2009,http://firma.providencia.cl/dsign/cgi/sdoc.exe/sdoc/document?id=eQoc0PegEClObXG14azggA%3D%3D,verified,7ea938c65a964428d96aa2f349bd288b63014194672a88922015ce103baa773c,139991
Providencia,13,MU228,Municipalidad,23080,"Sobre la actividad comercial, de alcoholes, industrial, profesional y de servicios",Ordenanza,108,2011-10-05,"Sobre la actividad comercial, de alcoholes, industrial, profesional y de servicios N° 108: Modifícase la Ordenanza Comunal Nº2 de 6 de Marzo de 2000, sobre la ""Actividad comercial de alcoholes, industrial, profesional y de servicios"", cuyo texto refundido y sistematizado fue apro",texto_refundido,"Comercio, Alcoholes y Patentes",comercio_alcoholes,https://transparencia.providencia.cl/Carpeta/VerTabla/23080/1/2011,http://firma.providencia.cl/dsign/cgi/sdoc.exe/sdoc/document?id=Y1tPWwuwd8yVDAujLlOJ5w%3D%3D,verified,3688f3574f43962758b74953fef5a0db67fb21187bcd33ecb31201c9f1336ef4,60967
Providencia,13,MU228,Municipalidad,23080,"Sobre la actividad comercial, de alcoholes, industrial, profesional y de servicios",Ordenanza,125,2013-12-16,"Sobre la actividad comercial, de alcoholes, indus rial, profesional y de servicios N° 125: Modifícase el artículo 75 de la Ordenanza Nº2 de fecha 6 de Marzo de 2000, sobre la Actividad Comercial, de Alcoholes, Industrial,Profesional y de Servicios, cuyo texto refundido y sistemat",texto_refundido,"Comercio, Alcoholes y Patentes",comercio_alcoholes,https://transparencia.providencia.cl/Carpeta/VerTabla/23080/1/2013,http://firma.providencia.cl/dsign/cgi/sdoc.exe/sdoc/document?id=nNLs%2F4eo8Oy2MfKZFFmWjg%3D%3D,verified,29f10141f15cc9b103b597a21fc58ddab904f3aa97011472c22f04447c358d04,21796
Providencia,13,MU228,Municipalidad,23080,"Sobre la actividad comercial, de alcoholes, industrial, profesional y de servicios",Decreto exento,277,2014-02-04,"Sobre la actividad comercial, de alcoholes, industrial, profesional y de servicios N° 277: Fíjase el siguiente texto refundido y sistematizado de la Ordenanza Comunal Nº2 de fecha 06 de Marzo de 2000 ""Sobre la actividad comercial, de alcoholes, industrial, profesional y de servic",texto_refundido,"Comercio, Alcoholes y Patentes",comercio_alcoholes,https://transparencia.providencia.cl/Carpeta/VerTabla/23080/1/2014,http://firma.providencia.cl/dsign/cgi/sdoc.exe/sdoc/document?id=QepDJVgNGrpdr74A4F7C6A%3D%3D,verified,35844aae3f85dc60807daf05467f419bbce5ad3fd967eb61f8214f7202143236,1242866
Providencia,13,MU228,Municipalidad,23080,"Sobre la actividad comercial, de alcoholes, industrial, profesional y de servicios",Decreto exento,1920,2018-12-26,"Sobre la actividad comercial, de alcoholes, industrial, profesional y de servicios N° 1920: Fíjase el texto refundido y sistematizado de la Ordenanza Comunal N°2 de 6",texto_refundido,"Comercio, Alcoholes y Patentes",comercio_alcoholes,https://transparencia.providencia.cl/Carpeta/VerTabla/23080/1/2018,http://firma.providencia.cl/dsign/cgi/sdoc.exe/sdoc/document?id=7znVZhye4aK6umuZEbd8KA%3D%3D,verified,63d472faefe2786da4bf336873a1d8f489d58a8da7773741b996f3132cf6cd45,2648175
Providencia,13,MU228,Municipalidad,23080,"Sobre la actividad comercial, de alcoholes, industrial, profesional y de servicios",Ordenanza,174,2018-11-30,"Sobre la actividad comercial, de alcoholes, industrial, profesional y de servicios N° 174: Modifícase la Ordenanza  Comunal N°2 de 6",ordenanza_base,"Comercio, Alcoholes y Patentes",comercio_alcoholes,https://transparencia.providencia.cl/Carpeta/VerTabla/23080/1/2018,http://firma.providencia.cl/dsign/cgi/sdoc.exe/sdoc/document?id=cvDvX%2Ba3kzqNrbP%2BZL0O1w%3D%3D,verified,0d708a0e44b70e87b6220df14cb3db1fae2db0028d6ed54357d85cf1c98ab4b3,225860
Providencia,13,MU228,Municipalidad,23080,"Sobre la actividad comercial, de alcoholes, industrial, profesional y de servicios",Decreto exento,1013,2018-07-06,"Sobre la actividad comercial, de alcoholes, industrial, profesional y de servicios N° 1013: Fíjase el siguiente texto refundido y sistematizado de la Ordenanza Comunal N°2 de fecha 6 de Marzo de 2000, ""Sobre la actividad comercial, de alcohles, industrial, profesional y de servic",texto_refundido,"Comercio, Alcoholes y Patentes",comercio_alcoholes,https://transparencia.providencia.cl/Carpeta/VerTabla/23080/1/2018,http://firma.providencia.cl/dsign/cgi/sdoc.exe/sdoc/document?id=Apfv9Y5mrUFK79ZeRPgt5g%3D%3D,verified,318cdac70f9099b826a7bab27f85276514bcf410dbb7ac5c0085a39283c73c0b,17616933
Providencia,13,MU228,Municipalidad,23080,"Sobre la actividad comercial, de alcoholes, industrial, profesional y de servicios",Ordenanza,162,2018-06-08,"Sobre la actividad comercial, de alcoholes, industrial, profesional y de servicios N° 162: Modifícase la Ordenanza Comunal N°2 de 6",ordenanza_base,"Comercio, Alcoholes y Patentes",comercio_alcoholes,https://transparencia.providencia.cl/Carpeta/VerTabla/23080/1/2018,http://firma.providencia.cl/dsign/cgi/sdoc.exe/sdoc/document?id=iCQXixB4Bs21E1uY5zoUaA%3D%3D,verified,534c9ae8538cefe902ffa1c8aaf7510a54d72c85f835cc54068ca9f6f6da9345,166389
Providencia,13,MU228,Municipalidad,23080,"Sobre la actividad comercial, de alcoholes, industrial, profesional y de servicios",Decreto exento,901,2020-08-04,"Sobre la actividad comercial, de alcoholes, industrial, profesional y de servicios. N° 901: Fíjase el siguiente texto refundido y sistematizado de la Ordenanza Comunal N°2 de fecha 6 de marzo de 2000, ""Sobre la actividad comercial, de alcoholes, industrial, profesional y de servi",texto_refundido,"Comercio, Alcoholes y Patentes",comercio_alcoholes,https://transparencia.providencia.cl/Carpeta/VerTabla/23080/1/2020,http://firma.providencia.cl/dsign/cgi/sdoc.exe/sdoc/document?id=cUndVzm9JBFLUO%2BlIQUhHw%3D%3D,verified,9e9fb94b4d4681b314ecc487351d69507a952f17c530e0200ebb1a2d356fbb7a,15331763
Providencia,13,MU228,Municipalidad,23080,"Sobre la actividad comercial, de alcoholes, industrial, profesional y de servicios",Ordenanza,197,2020-05-25,"Sobre la actividad comercial, de alcoholes, industrial, profesional y de servicios N° 197: Agréguese el siguiente Artículo Transitorio a la Ordenanza Comunal N°2 de fecha 6",texto_refundido,"Comercio, Alcoholes y Patentes",comercio_alcoholes,https://transparencia.providencia.cl/Carpeta/VerTabla/23080/1/2020,http://firma.providencia.cl/dsign/cgi/sdoc.exe/sdoc/document?id=%2FZCuRrp8h1bqG5G%2Fp8UC2w%3D%3D,verified,2a62c304964aec43fcd7289064d95558a0a4fc8481355540aa74ac5e48ab8a82,606630
Providencia,13,MU228,Municipalidad,23080,"Sobre la actividad comercial, de alcoholes, industrial, profesional y de servicios",Decreto exento,524,2020-04-17,"Sobre la actividad comercial, de alcoholes, industrial, profesional y de servicios N° 524: Fíjase el texto refundido y sistematizado de l ordenanza Comunal N°2  de 6 de Marzo de 2020 sobre la Actividad Comercial, de Alcoholes, Industrial, Profesional y de Servicios",texto_refundido,"Comercio, Alcoholes y Patentes",comercio_alcoholes,https://transparencia.providencia.cl/Carpeta/VerTabla/23080/1/2020,http://firma.providencia.cl/dsign/cgi/sdoc.exe/sdoc/document?id=gG5va7snk9UgcgoCMYgzKw%3D%3D,verified,23b37b632c031fe3948dea25ef06e1122362e46362f6ff7c767aa9c70ed987c6,2602381
Providencia,13,MU228,Municipalidad,23080,"Sobre la actividad comercial, de alcoholes, industrial, profesional y de servicios",Ordenanza,190,2020-03-17,"Sobre la actividad comercial, de alcoholes, industrial, profesional y de servicios N° 190: Agrégase el siguiente artículo Transitorio a la Ordenanza Comunal N°2 de fecha 6 de marzo de 2000, ""Sobre la Actividad Comercial, de Alcoholes, Industrial , Porfesional y de Servicios""",texto_refundido,"Comercio, Alcoholes y Patentes",comercio_alcoholes,https://transparencia.providencia.cl/Carpeta/VerTabla/23080/1/2020,http://firma.providencia.cl/dsign/cgi/sdoc.exe/sdoc/document?id=mPxggMkmLaIV8%2B%2F7Edndgg%3D%3D,verified,710f6744ec4ce79d6e572137e7fc526acf7ae0a6100c69ed2f8812b0aa39b9d0,556725
Providencia,13,MU228,Municipalidad,23080,"Sobre la actividad comercial, de alcoholes, industrial, profesional y de servicios",Decreto,1844,2023-12-07,Decreto Exento N° 1844: Fijase el siguiente texto refundido y sistematizado de la ORDENANZA COMUNAL Nº2,texto_refundido,"Comercio, Alcoholes y Patentes",comercio_alcoholes,https://transparencia.providencia.cl/Carpeta/VerTabla/23080/1/2023,http://firma.providencia.cl/dsign/cgi/sdoc.exe/sdoc/document?id=HCd7CT0Q1lQgn0fhYIuCoA%3D%3D,verified,88915463d02cd6e5be8d8835f15f563287a0cd9bd8ff5b6f8604ee430e7ede1e,8119101
Providencia,13,MU228,Municipalidad,23080,"Sobre la actividad comercial, de alcoholes, industrial, profesional y de servicios",Ordenanza,226,2023-10-19,"Ordenanza N° 226: Modificase la Ordenanza Comunal N°2 de fecha 6 de Marzo de 2000, ""SOBRE LA ACTIVIDAD COMERCIAL, DE ALCOHOLES, INDUSTRIAL, PROFESIONAL Y SERVICIOS"", cuyo texto refundido y sistematizado fue fijado por Decreto Alcaldicio EX",texto_refundido,"Comercio, Alcoholes y Patentes",comercio_alcoholes,https://transparencia.providencia.cl/Carpeta/VerTabla/23080/1/2023,http://firma.providencia.cl/dsign/cgi/sdoc.exe/sdoc/document?id=ZaT0FmoK39tIlJDRKE6c%2Fg%3D%3D,verified,52c137129b9bbf83579c042f70f7838989fa024fd87f540d4eac1910f1c7f812,543935
Providencia,13,MU228,Municipalidad,23080,"Sobre la actividad comercial, de alcoholes, industrial, profesional y de servicios",Decreto,1922,2025-12-31,"Decreto Exento N° 1922: Fíjese el ciguiente texto refundido y sistematizado de lA ORDENANZA COMUNAL N°2 de fecha 6 de marzo de 2000, ""SOBRE LA ACTIVIDAD COMERCIAL, DE ALCOHOLES, INDUSTRIAL, PROFESIONAL Y DE SERVICIOS""",texto_refundido,"Comercio, Alcoholes y Patentes",comercio_alcoholes,https://transparencia.providencia.cl/Carpeta/VerTabla/23080/1/2025,http://firma.providencia.cl/dsign/cgi/sdoc.exe/sdoc/document?id=zWC8aaPZkslZ6tY5RDd3wg%3D%3D,verified,5e63a52b2f3f3da1d6497d3216ffab6c0ce9731fbbed64e1dcf806f6ad26908a,12390156
Providencia,13,MU228,Municipalidad,23080,"Sobre la actividad comercial, de alcoholes, industrial, profesional y de servicios",Ordenanza,236,2025-03-21,"Ordenanza N° 236: Modifícase la ODENANZA Comunal N°2 de fecha 6 de marzo de 2000 , ""SOBRE LA ACTIVIDAD COMERCIAL , DE ALCOHOLES , INDUSTRIAL , PROFESIONAL Y DE SERVICIOS"" , cuyo texto refundido y sistematizado fue fijado mediante Decreto Alcaldicio EX",texto_refundido,"Comercio, Alcoholes y Patentes",comercio_alcoholes,https://transparencia.providencia.cl/Carpeta/VerTabla/23080/1/2025,http://firma.providencia.cl/dsign/cgi/sdoc.exe/sdoc/document?id=YzaU057Gezs3h95%2F7yWDzQ%3D%3D,verified,ea2413d74bdad7dee6602b9e41682327dd37671ecea858c49db261033a97d550,2855630
Providencia,13,MU228,Municipalidad,23081,Sobre publicidad y propaganda en la Comuna de Providencia,Ordenanza,9,2000-08-04,Sobre publicidad y propaganda en la Comuna de Providencia N° 9: Modifícase la Ordenanza Nº 4 de 23,ordenanza_base,"Comercio, Alcoholes y Patentes",comercio_alcoholes,https://transparencia.providencia.cl/Carpeta/VerTabla/23081/1/2000,http://firma.providencia.cl/dsign/cgi/sdoc.exe/sdoc/document?id=H6BKX3dGEAXGT2rnIYP%2BTQ%3D%3D,verified,c566968285ea4e804bb5f7221a5ca9451a108b5515ae8b686929dee599cbe3d0,54785
Providencia,13,MU228,Municipalidad,23081,Sobre publicidad y propaganda en la Comuna de Providencia,Ordenanza,4,2000-05-23,"Sobre publicidad y propaganda  en la Comuna de Providencia N° 4: Apruébase la Ordenanza ""Sobre Publicidad y Propaganda en la Comuna de Providencia """,ordenanza_base,"Comercio, Alcoholes y Patentes",comercio_alcoholes,https://transparencia.providencia.cl/Carpeta/VerTabla/23081/1/2000,http://firma.providencia.cl/dsign/cgi/sdoc.exe/sdoc/document?id=uGmeP7qJbv995ZpWXNEnQw%3D%3D,verified,e565904c187efa46606326c05d4361779244cfad5a55a6fad70021a948bfa8de,392260
Providencia,13,MU228,Municipalidad,23081,Sobre publicidad y propaganda en la Comuna de Providencia,Ordenanza,2,2001-03-12,Sobre publicidad y propaganda en al Comuna de Providencia N° 2: Modifícase la Ordenanza Nº4 de 23,ordenanza_base,"Comercio, Alcoholes y Patentes",comercio_alcoholes,https://transparencia.providencia.cl/Carpeta/VerTabla/23081/1/2001,http://firma.providencia.cl/dsign/cgi/sdoc.exe/sdoc/document?id=oU7COTjkvU7h0uaYLQuU4g%3D%3D,verified,e62baeab8d1f709fac3f5414e0ee64bee0b63675de8a4a7f851beb7cb2d766a6,124112
Providencia,13,MU228,Municipalidad,23081,Sobre publicidad y propaganda en la Comuna de Providencia,Ordenanza,4,2002-02-14,"Sobre publicidad y propaganda en la Comuna de Providencia N° 4: Apruébase el siguiente texto refundido y sistematizado de la Ordenanza sobre""Publicidad y Propaganda en la Comuna de Providencia""",texto_refundido,"Comercio, Alcoholes y Patentes",comercio_alcoholes,https://transparencia.providencia.cl/Carpeta/VerTabla/23081/1/2002,http://firma.providencia.cl/dsign/cgi/sdoc.exe/sdoc/document?id=8TqS2kP7ow1eQaWbV0Z2oQ%3D%3D,verified,ac4c55b0e83c37e8040841e6ccf5f82ecf70b36e1f26f95cea13a70b60d91c78,770708
Providencia,13,MU228,Municipalidad,23081,Sobre publicidad y propaganda en la Comuna de Providencia,Ordenanza,2,2002-01-28,"Sobre publicidad y propaganda en la Comuna de Providencia N° 2: Modificase la Ordenanza Nº 4 de 23 de Mayo de 2000 ""Sobre Publicidad y Propaganda en la Comuna de Providencia"", modificada por las Ordenanzas Nº 9 de 2000 y Nº 2 del 2001, de la siguiente forma",modificacion,"Comercio, Alcoholes y Patentes",comercio_alcoholes,https://transparencia.providencia.cl/Carpeta/VerTabla/23081/1/2002,http://firma.providencia.cl/dsign/cgi/sdoc.exe/sdoc/document?id=h7mW9voxS1MTPSNBgrfhAA%3D%3D,verified,aee239665757db71eafea40891577213b0c5c0d58fb6e10e04f200de6f4d25e9,68567
Providencia,13,MU228,Municipalidad,23081,Sobre publicidad y propaganda en la Comuna de Providencia,Decreto exento,888,2004-05-18,"Sobre publicidad y propaganda en la Comuna de Providencia N° 888: Apruébase el siguiente texto refundido y sistematizado de la Ordenanza ""Sobre publicidad y propaganda en la comuna de Providencia""",texto_refundido,"Comercio, Alcoholes y Patentes",comercio_alcoholes,https://transparencia.providencia.cl/Carpeta/VerTabla/23081/1/2004,http://firma.providencia.cl/dsign/cgi/sdoc.exe/sdoc/document?id=SV32xWKvjXsxB57vDDv%2BMA%3D%3D,verified,174c5e85480a1a4def36911f854541df7cc7b738bf92fb726302da798aa14fa8,311833
Providencia,13,MU228,Municipalidad,23081,Sobre publicidad y propaganda en la Comuna de Providencia,Ordenanza,18,2004-04-20,Sobre publicidad y propaganda en la Comuna de Providencia N° 18: Modificación Ordenanza 4 de 14,texto_refundido,"Comercio, Alcoholes y Patentes",comercio_alcoholes,https://transparencia.providencia.cl/Carpeta/VerTabla/23081/1/2004,http://firma.providencia.cl/dsign/cgi/sdoc.exe/sdoc/document?id=lpFcxrN39LYBnaCcCxqgEg%3D%3D,verified,722fbae089305b0f01d7785f1519aad4e6b4865a9546c7af8ba8e2f82ddb10b2,87429
Providencia,13,MU228,Municipalidad,23081,Sobre publicidad y propaganda en la Comuna de Providencia,Ordenanza,31,2005-08-12,Sobre publicidad y propaganda en la Comuna de Providencia N° 31: Modificase la ordenanza Nº 4 de 14,texto_refundido,"Comercio, Alcoholes y Patentes",comercio_alcoholes,https://transparencia.providencia.cl/Carpeta/VerTabla/23081/1/2005,http://firma.providencia.cl/dsign/cgi/sdoc.exe/sdoc/document?id=Szk011KUr2MYPxNFHojmvg%3D%3D,verified,3db8ce5e1033eb3db565666116c871adb0d483631738af52d948f5ce9b040d1a,68927
Providencia,13,MU228,Municipalidad,23081,Sobre publicidad y propaganda en la Comuna de Providencia,Decreto exento,378,2008-02-29,"Sobre publicidad  y propaganda en la Comuna de Providencia N° 378: Apruébase el siguiente texto refundido y sistematizado de laordenanza ""Sobre publicidad y propaganda en la comuna de Providencia""",texto_refundido,"Comercio, Alcoholes y Patentes",comercio_alcoholes,https://transparencia.providencia.cl/Carpeta/VerTabla/23081/1/2008,http://firma.providencia.cl/dsign/cgi/sdoc.exe/sdoc/document?id=y4n4ygxv8pwufIrRn5QCfg%3D%3D,verified,e5455a17965290c1f11819113d875762ac0e504db0cb6e69e3e0f9df41b0b6f1,2301620
Providencia,13,MU228,Municipalidad,23081,Sobre publicidad y propaganda en la Comuna de Providencia,Ordenanza,67,2008-02-08,"Sobre publicidad y propaganda para la Comuna de Providencia N° 67: Modifícase la Ordenanza Nº 4 de 14 de Febrero de 2002, sobre Publicidad y Propaganda en la Comuna de Providerncia-",ordenanza_base,"Comercio, Alcoholes y Patentes",comercio_alcoholes,https://transparencia.providencia.cl/Carpeta/VerTabla/23081/1/2008,http://firma.providencia.cl/dsign/cgi/sdoc.exe/sdoc/document?id=6LlW02Du3GwkDi2lnjWCXg%3D%3D,verified,8c984dc2ae5ddfcc8157ca4536707d18a3b9ff29b24d72bb7e901f723af6766b,438743
Providencia,13,MU228,Municipalidad,23081,Sobre publicidad y propaganda en la Comuna de Providencia,Ordenanza,107,2011-09-22,Sobre publicidad y propaganda en la Comuna de Providencia N° 107: Modifícase la ordenanza Nº4 de 14,texto_refundido,"Comercio, Alcoholes y Patentes",comercio_alcoholes,https://transparencia.providencia.cl/Carpeta/VerTabla/23081/1/2011,http://firma.providencia.cl/dsign/cgi/sdoc.exe/sdoc/document?id=1aT2HJ6OTTftrEuH8djvMA%3D%3D,verified,ea18ff5cc1d45ea639c1bd79100206b5082dc73f91f55b2aed2bc3726ac24cb1,255723
Providencia,13,MU228,Municipalidad,23081,Sobre publicidad y propaganda en la Comuna de Providencia,Decreto exento,1477,2014-07-09,"Sobre publicidad  y propaganda en la Comuna de Providencia N° 1477: Apruebase el siguiente texto refundido y sistematizado de la Ordenanza ""Sobre Publicidad y Propaganda en la comuna de Providencia""",texto_refundido,"Comercio, Alcoholes y Patentes",comercio_alcoholes,https://transparencia.providencia.cl/Carpeta/VerTabla/23081/1/2014,http://firma.providencia.cl/dsign/cgi/sdoc.exe/sdoc/document?id=hvrcYLr3xOlwPkCk5iVUSg%3D%3D,verified,65e7107ff85615523ceb31bbca6bbe8e6fa146fcb217a465c88107f633097dbb,3358454
Providencia,13,MU228,Municipalidad,23081,Sobre publicidad y propaganda en la Comuna de Providencia,Ordenanza,131,2014-06-19,Sobre publicidad y propaganda en la Comuna de Providencia N° 131: Modifícase la Ordenanza Nº4 de 14,texto_refundido,"Comercio, Alcoholes y Patentes",comercio_alcoholes,https://transparencia.providencia.cl/Carpeta/VerTabla/23081/1/2014,http://firma.providencia.cl/dsign/cgi/sdoc.exe/sdoc/document?id=4zSwcyH4%2BnOh0awEtKfIXA%3D%3D,verified,8f266d92e7185188919c50e546208c041f8bbb472d306ea4a991cfea442070e6,462091
Providencia,13,MU228,Municipalidad,23081,Sobre publicidad y propaganda en la Comuna de Providencia,Ordenanza,149,2016-06-29,"Sobre publicidad y propaganda en la Comuna de Providencia N° 149: Modifícase la Ordenanza N°4 de 14 de Febrero de 2002, Sobre Publicidad y Propaganda en la Comuna de Providencia"", en lo que se indica",ordenanza_base,"Comercio, Alcoholes y Patentes",comercio_alcoholes,https://transparencia.providencia.cl/Carpeta/VerTabla/23081/1/2016,http://firma.providencia.cl/dsign/cgi/sdoc.exe/sdoc/document?id=A%2Fwo6saM%2Bcb8mnUOROjPAQ%3D%3D,verified,53c2962d428a5d6ca35d5dc7abae6429461e5df47e32063559b2b9e06d157136,395072
Providencia,13,MU228,Municipalidad,23081,Sobre publicidad y propaganda en la Comuna de Providencia,Decreto exento,1014,2018-07-06,"Sobre publicidad y propaganda en la Comuna de Providencia N° 1014: Apruébase el siguiente texto refundido y sistematizado de la Ordenanza ""Sobre publicidad y propaganda en la comuna de Providencia""",texto_refundido,"Comercio, Alcoholes y Patentes",comercio_alcoholes,https://transparencia.providencia.cl/Carpeta/VerTabla/23081/1/2018,http://firma.providencia.cl/dsign/cgi/sdoc.exe/sdoc/document?id=MZ%2Fu6iigym89uGaRodN5xQ%3D%3D,verified,e2efcefe7748ae17c6abc041665dff1ce65ea7ceca72a31a22a94e0451d4d06f,12745239
Providencia,13,MU228,Municipalidad,23081,Sobre publicidad y propaganda en la Comuna de Providencia,Decreto exento,579,2019-04-17,"Sobre publicidad y propaganda en la comuna de Providencia N° 579: Apruébase el siguiente texto refundido y sistematizado de la Ordenanza ""Sobre publicidad y propaganda en la comuna de Providencia""",texto_refundido,"Comercio, Alcoholes y Patentes",comercio_alcoholes,https://transparencia.providencia.cl/Carpeta/VerTabla/23081/1/2019,http://firma.providencia.cl/dsign/cgi/sdoc.exe/sdoc/document?id=7oACHC0YhVO%2BLhhjR72m9Q%3D%3D,verified,bb4b663d7dc78eb3e4034d6ae78499c781981fc52d1868b18b50ecab5c5637a1,15743699
Providencia,13,MU228,Municipalidad,23081,Sobre publicidad y propaganda en la Comuna de Providencia,Ordenanza,181,2019-04-09,"Sobre publicidad y propaganda en la Comuna de Providencia N° 181: Modifícase la Ordenanza N°4 de 14 de Febrero de 2002, Sobre Publicidad y Propaganda en la Comuna de Providencia",ordenanza_base,"Comercio, Alcoholes y Patentes",comercio_alcoholes,https://transparencia.providencia.cl/Carpeta/VerTabla/23081/1/2019,http://firma.providencia.cl/dsign/cgi/sdoc.exe/sdoc/document?id=0DdRnsvqj7E00UK0%2BoFPpQ%3D%3D,verified,7a8e0e52f6545893db0ec6a5eef4a68e72bfb63db3d475a57afb4f30204018c1,3977822
Providencia,13,MU228,Municipalidad,23081,Sobre publicidad y propaganda en la Comuna de Providencia,Decreto exento,677,2020-06-03,"Sobre publicidad y propaganda en la Comuna de Providencia N° 677: Apruébase el siguiente texto refundido y sistematizado de la Ordenanza ""Sobre Publicidad y Propaganda en la Comuna de Providencia""",texto_refundido,"Comercio, Alcoholes y Patentes",comercio_alcoholes,https://transparencia.providencia.cl/Carpeta/VerTabla/23081/1/2020,http://firma.providencia.cl/dsign/cgi/sdoc.exe/sdoc/document?id=74MVFX5OkDpG2tfupMXY2w%3D%3D,verified,1c5bd458e3955041afc1a62362b59178a8f3b6231057d195a0db7e0f4609d032,14247291
Providencia,13,MU228,Municipalidad,23081,Sobre publicidad y propaganda en la Comuna de Providencia,Ordenanza,192,2020-04-07,"Sobre publicidad y propaganda en la Comuna de Providencia N° 192: Modifícase la Ordenanza N°4 de 14 de febrero de 2002, Sobre Publicidad y Propaganda en la Comuna de Providencia, cuyo texto refundido y sistematizado fue aprobado por Decreto Alcaldicio EX",texto_refundido,"Comercio, Alcoholes y Patentes",comercio_alcoholes,https://transparencia.providencia.cl/Carpeta/VerTabla/23081/1/2020,http://firma.providencia.cl/dsign/cgi/sdoc.exe/sdoc/document?id=D%2BGlPdaxGRdwAnfWEdtuvg%3D%3D,verified,47fa7bd6048adb231d591e2c1c052e98f398bc9b9971b9c3fd45e05684893509,1861953
Providencia,13,MU228,Municipalidad,23081,Sobre publicidad y propaganda en la Comuna de Providencia,Ordenanza,222,2023-08-10,"Ordenanza N° 222: Apruébase el siguiente texto de la Ordenanza ""SOBRE PUBLICIDAD Y PROPAGANDA EN LA COMUNA DE PROVIDENCIA""",ordenanza_base,"Comercio, Alcoholes y Patentes",comercio_alcoholes,https://transparencia.providencia.cl/Carpeta/VerTabla/23081/1/2023,http://firma.providencia.cl/dsign/cgi/sdoc.exe/sdoc/document?id=S3tIDpXEl6KRESaDoJjyfQ%3D%3D,verified,3135ff9c96eaddc907007a78500caaf4f1a99b2c567759659a071abf2dafacf3,7758235
Providencia,13,MU228,Municipalidad,23081,Sobre publicidad y propaganda en la Comuna de Providencia,Ordenanza,216,2023-01-20,"Ordenanza N° 216: Modificase la Ordenanza N°4 de 14 de Febrero de 2022, ""SOBRE PUBLICIDAD Y PROPAGANDA EN LA COMUNA DE PROVIDENCIA"", cuyo texto refundido y sistematizado fue aprobado por Decreto Alcaldicio EX",texto_refundido,"Comercio, Alcoholes y Patentes",comercio_alcoholes,https://transparencia.providencia.cl/Carpeta/VerTabla/23081/1/2023,http://firma.providencia.cl/dsign/cgi/sdoc.exe/sdoc/document?id=PZlnE8gyR3%2FbjU9AYI6s0A%3D%3D,verified,22ceeb1cfce44641a566322f59f57ac85698ef517079af9dccda804bfc69e32f,3407986
Providencia,13,MU228,Municipalidad,23946,Ordenanza sobre Kioscos Municipales,Ordenanza,223,2023-08-11,Ordenanza N° 223: Apruébase la ORDENANZA SOBRE KIOSKOS MUNICIPALES,ordenanza_base,"Comercio, Alcoholes y Patentes",comercio_alcoholes,https://transparencia.providencia.cl/Carpeta/VerTabla/23946/1/2023,http://firma.providencia.cl/dsign/cgi/sdoc.exe/sdoc/document?id=b3eFNghlaL79YddlSCHn8A%3D%3D,verified,8357cff6babfc187d0e1072f5f2f895d134ef103e26898c35706d14447436b22,2589635
Providencia,13,MU228,Municipalidad,23134,Ordenanza de Zonificación y Horarios de Funcionamiento de los Establecimientos de Expendio y Consumo de Bebidas Alcohólicas para la Convivencia Justa en los Barrios,Ordenanza,137,2014-12-10,"Ordenanza N° 137: Apruébase la ""ORDENANZA DE ZONIFICACION Y HORARIOS DE FUNCIONAMIENTO DE LOS ESTABLECIMIENTOS DE EXPENDIO Y CONSUMO DE BEBIDAS ALCOHOLICAS PARA LA CONVIVENCIA JUSTA EN LOS BARRIOS""",ordenanza_base,Convivencia Vecinal y Seguridad,convivencia_seguridad,https://transparencia.providencia.cl/Carpeta/VerTabla/23134/1/2014,http://firma.providencia.cl/dsign/cgi/sdoc.exe/sdoc/document?id=6tOAWcCh8zwjbucDU%2F0tgw%3D%3D,verified,c499e4c647cd02ed51afbb9cac04cbd9c46daf6b132b0211e54dcdbebde1db46,1609309
Providencia,13,MU228,Municipalidad,23134,Ordenanza de Zonificación y Horarios de Funcionamiento de los Establecimientos de Expendio y Consumo de Bebidas Alcohólicas para la Convivencia Justa en los Barrios,Ordenanza,132,2014-10-07,"Ordenanza N° 132: Apruébase la "" ORDENANZA DE ZONIFICACION Y HORARIOS DE FUNCIONAMIENTO DE LOS NEGOCIOS DE EXPENDIO Y CONSUMO DE BEBIDAS ALCOHOLICAS""",ordenanza_base,Convivencia Vecinal y Seguridad,convivencia_seguridad,https://transparencia.providencia.cl/Carpeta/VerTabla/23134/1/2014,http://firma.providencia.cl/dsign/cgi/sdoc.exe/sdoc/document?id=9daNecGLH05v%2BddaFyRV6Q%3D%3D,verified,52c4a56a1adc973b534f1c2fb81a527e5f22d7342313e054d1cae4fc2c497965,854210
Providencia,13,MU228,Municipalidad,23083,Cobro de derecho de aseo domiciliario,Ordenanza,10,2000-11-15,"Cobro de derecho de aseo domiciliario N° 10: Aprueba la ""Ordenanza de cobro de Derecho de Aseo domiciliario para el año 2001""",ordenanza_base,Derechos Municipales y Tarifas,derechos_tarifas,https://transparencia.providencia.cl/Carpeta/VerTabla/23083/1/2000,http://firma.providencia.cl/dsign/cgi/sdoc.exe/sdoc/document?id=0Gddwzw7EC991y3ScONKRw%3D%3D,verified,26b55394dd47c409eaebf90d69b1db4603d712f3b0b19f96cce73e0297b59bd9,49918
Providencia,13,MU228,Municipalidad,23083,Cobro de derecho de aseo domiciliario,Ordenanza,15,2001-10-26,"Cobro de derecho de aseo domiciliario N° 15: Apruebase la siguiente ""ORDENANZA DE COBRO DE DERECHO DE ASEO DOMICILIARIO PARA EL AÑO 2002""",ordenanza_base,Derechos Municipales y Tarifas,derechos_tarifas,https://transparencia.providencia.cl/Carpeta/VerTabla/23083/1/2001,http://firma.providencia.cl/dsign/cgi/sdoc.exe/sdoc/document?id=tkxBDVHvDbbpjmWlZBfevA%3D%3D,verified,d5492a021bdf39886f5b64b48bce500de8ce40b2e1edc4350486beac52ee4bf4,55453
Providencia,13,MU228,Municipalidad,23083,Cobro de derecho de aseo domiciliario,Ordenanza,6,2001-05-15,"Cobro de derecho de aseo domiciliario N° 6: Fíjase el texto refundido de la Ordenanza sobre "" Condiciones necesarias para la fijacion de tarifas del servicio domiciliario por extraccion de basuras y exenciones total y parcial""",texto_refundido,Derechos Municipales y Tarifas,derechos_tarifas,https://transparencia.providencia.cl/Carpeta/VerTabla/23083/1/2001,http://firma.providencia.cl/dsign/cgi/sdoc.exe/sdoc/document?id=akz114YD%2B24%2BF7%2BZIajJxg%3D%3D,verified,431bef61aa8dd477c8909cce8f6cb9533a8b8cc282bfb0ee9cc1e0eca38a09b9,102839
Providencia,13,MU228,Municipalidad,23083,Cobro de derecho de aseo domiciliario,Ordenanza,10,2002-11-11,"Cobro de derecho de aseo domiciliario N° 10: Apruébase la siguiente ""Ordenanza de Cobro de Derechos de Aseo Domiciliario para el año 2003""",ordenanza_base,Derechos Municipales y Tarifas,derechos_tarifas,https://transparencia.providencia.cl/Carpeta/VerTabla/23083/1/2002,http://firma.providencia.cl/dsign/cgi/sdoc.exe/sdoc/document?id=SThCp0GDR%2FJMTIcpALtyjw%3D%3D,verified,f4035d33444c93a40cf7346d09d5f9bceaa94e70aa44806b1ea567fcb0cfc6d9,56019
Providencia,13,MU228,Municipalidad,23083,Cobro de derecho de aseo domiciliario,Ordenanza,11,2003-11-06,"Cobro de derechos de aseo domiciliario N° 11: Apruébase la siguiente ""Ordenanza de  cobro de derecho de aseo domociliario para el año 2004",ordenanza_base,Derechos Municipales y Tarifas,derechos_tarifas,https://transparencia.providencia.cl/Carpeta/VerTabla/23083/1/2003,http://firma.providencia.cl/dsign/cgi/sdoc.exe/sdoc/document?id=lgc29WKgNwYqnCZXMHgu5Q%3D%3D,verified,0b38d85031a0d8f9365e00d192bef12c390395342913a26e76596e36ba74e658,53271
Providencia,13,MU228,Municipalidad,23083,Cobro de derecho de aseo domiciliario,Ordenanza,25,2004-10-25,Cobro de derecho de aseo domiciliario N° 25: Apruébase la Ordenanza de Cobro de Derecho de Aseo  Domiciliario para el año 2005,ordenanza_base,Derechos Municipales y Tarifas,derechos_tarifas,https://transparencia.providencia.cl/Carpeta/VerTabla/23083/1/2004,http://firma.providencia.cl/dsign/cgi/sdoc.exe/sdoc/document?id=TMP%2FTrqZbea%2BP9LzmFJ9bg%3D%3D,verified,819673ccfde5bf863f10c47b3e4fe545bdfa79db90ea05530bb68f3bea1db7d0,58593
Providencia,13,MU228,Municipalidad,23083,Cobro de derecho de aseo domiciliario,Ordenanza,38,2005-11-02,Cobro de derecho de aseo domiciliario N° 38: Apruébsae la Ordenanza de Cobro de Derecho de Aseo Domiciliario para el año 2006,ordenanza_base,Derechos Municipales y Tarifas,derechos_tarifas,https://transparencia.providencia.cl/Carpeta/VerTabla/23083/1/2005,http://firma.providencia.cl/dsign/cgi/sdoc.exe/sdoc/document?id=70Y42cYmDcCnRdLh7MlUnA%3D%3D,verified,1924f5d969f19b0f191a3db68ce1f09fbb074139157dac6c89bb895df1ccd95e,66116
Providencia,13,MU228,Municipalidad,23083,Cobro de derecho de aseo domiciliario,Ordenanza,51,2006-10-23,Cobro de derecho de aseo domiciliario N° 51: Apruébase la siguiente Ordenanza de Cobro de Derecho de Aseo Domiciliario para el año 2007,ordenanza_base,Derechos Municipales y Tarifas,derechos_tarifas,https://transparencia.providencia.cl/Carpeta/VerTabla/23083/1/2006,http://firma.providencia.cl/dsign/cgi/sdoc.exe/sdoc/document?id=CiuL8RFewkGhS2OU7Gn0cw%3D%3D,verified,d4f30105197bd6961c81acbb9fffdcb9d1b8a489aaf506e6cd1bdb52d7eebc01,141777
Providencia,13,MU228,Municipalidad,23083,Cobro de derecho de aseo domiciliario,Ordenanza,64,2007-10-30,"Cobro de derechos de aseo domiciliario N° 64: Apruébase la siguiente ""Ordenanza de cobro de derecho de aseo domiciliario para el año 2008""",ordenanza_base,Derechos Municipales y Tarifas,derechos_tarifas,https://transparencia.providencia.cl/Carpeta/VerTabla/23083/1/2007,http://firma.providencia.cl/dsign/cgi/sdoc.exe/sdoc/document?id=MYAxsSNDLzgUy0oWDkoPdg%3D%3D,verified,e3ac468ef5724eb8c64efbf3c62bfe51b32df95219e08e3aec9d589252664b76,174982
Providencia,13,MU228,Municipalidad,23083,Cobro de derecho de aseo domiciliario,Ordenanza,76,2008-10-28,Cobro de derecho de aseo domiciliario N° 76: Apruébase la siguiente Ordenanza  de Cobro de Derecho de Aseo Domiciliaro para el año 2009,ordenanza_base,Derechos Municipales y Tarifas,derechos_tarifas,https://transparencia.providencia.cl/Carpeta/VerTabla/23083/1/2008,http://firma.providencia.cl/dsign/cgi/sdoc.exe/sdoc/document?id=e7WYKwiQA4ex3R%2BkR3EoKQ%3D%3D,verified,1186431b185ebd92f206573f6cf9e0e363cb14d6c14652cf03c6099e7a73c396,196950
Providencia,13,MU228,Municipalidad,23083,Cobro de derecho de aseo domiciliario,Ordenanza,86,2009-12-10,"Cobro de derecho de aseo domiciliario N° 86: Dejase establecido el monto para el ""Cobro Derecho de Aseo Domiciliario para el Año 2010"", conforme lo establecido por Ordenanza Nº85 de 14 de Octubre de 2009",ordenanza_base,Derechos Municipales y Tarifas,derechos_tarifas,https://transparencia.providencia.cl/Carpeta/VerTabla/23083/1/2009,http://firma.providencia.cl/dsign/cgi/sdoc.exe/sdoc/document?id=4PSs7cveDDmTlXfTt6Qeag%3D%3D,verified,2d20bae85bd6fbc905e5de17b9feb20af129a69b9923af70ebf8ce45a3d7ed90,52665
Providencia,13,MU228,Municipalidad,23083,Cobro de derecho de aseo domiciliario,Ordenanza,85,2009-10-14,"Cobro de derecho de aseo domiciliario N° 85: Renuévase para el año 2010, la Ordenanza N°76 de 28 de Octubre de 2008, que aprobó la Ordenanza de ""Cobro de Derecho de Aseo Domiciliario para el año 2009""",ordenanza_base,Derechos Municipales y Tarifas,derechos_tarifas,https://transparencia.providencia.cl/Carpeta/VerTabla/23083/1/2009,http://firma.providencia.cl/dsign/cgi/sdoc.exe/sdoc/document?id=wugqHc30EFDc1O1hrubKPw%3D%3D,verified,e98a693fc42ca766d8dcc1febf9f250600a3567b037b41aca9caeb6d0f14ddf0,200200
Providencia,13,MU228,Municipalidad,23083,Cobro de derecho de aseo domiciliario,Ordenanza,99,2010-12-21,"Cobro de derecho de aseo domiciliario N° 99: Déjase establecido el monto para el ""Cobro Derecho de Aseo Domiciliaro para el año 2011"", conforme a lo establecido por Ordenanza Nº93 de 12 de Octubre de 2010",ordenanza_base,Derechos Municipales y Tarifas,derechos_tarifas,https://transparencia.providencia.cl/Carpeta/VerTabla/23083/1/2010,http://firma.providencia.cl/dsign/cgi/sdoc.exe/sdoc/document?id=lVhtOC0gbo7%2BjoEM6hm%2Fag%3D%3D,verified,3753dbeb7397b3fac5283a0550dfe988805c7f21fbdfea9186c9c2f97d7ba286,45341
Providencia,13,MU228,Municipalidad,23083,Cobro de derecho de aseo domiciliario,Ordenanza,93,2010-10-12,"Cobro de derecho de aseo domiciliario N° 93: Apruébase la siguiente ""Ordenanza de cobro de derecho de aseo domiciliario para el año 2011""",ordenanza_base,Derechos Municipales y Tarifas,derechos_tarifas,https://transparencia.providencia.cl/Carpeta/VerTabla/23083/1/2010,http://firma.providencia.cl/dsign/cgi/sdoc.exe/sdoc/document?id=neqiiepuMKNj8Dup0u9v3w%3D%3D,verified,85aeff9465c70d87fdb74b4e90118ef0f5ef021f10c595f5f23cdca7d39432a0,50959
Providencia,13,MU228,Municipalidad,23083,Cobro de derecho de aseo domiciliario,Ordenanza,114,2011-10-20,Cobro de derecho de aseo domiciliario N° 114: Ordenanza Nº114 de 20,ordenanza_base,Derechos Municipales y Tarifas,derechos_tarifas,https://transparencia.providencia.cl/Carpeta/VerTabla/23083/1/2011,http://firma.providencia.cl/dsign/cgi/sdoc.exe/sdoc/document?id=o6LDwvqZ7BmNXETbRpPagg%3D%3D,verified,e2595524093b42d7a44402dc0861042d33f2ee8b473f33c09b00b005783914b8,58535
Providencia,13,MU228,Municipalidad,23083,Cobro de derecho de aseo domiciliario,Ordenanza,111,2011-10-07,Cobro de derecho de aseo domiciliario N° 111: Déjase establecido el monto para el cobro de Derecho de Aseo Domiciliario para el año 2012,ordenanza_base,Derechos Municipales y Tarifas,derechos_tarifas,https://transparencia.providencia.cl/Carpeta/VerTabla/23083/1/2011,http://firma.providencia.cl/dsign/cgi/sdoc.exe/sdoc/document?id=DQwGA6Tk1ynmoW8vkdiSKQ%3D%3D,verified,fe999521bde8ed6ea86d487ac871c692aae976ec93dae20d1798d569c1702040,57841
Providencia,13,MU228,Municipalidad,23083,Cobro de derecho de aseo domiciliario,Ordenanza,110,2011-10-07,"Cobro de derecho de aseo domiciliario N° 110: Arpuébase la siguiente ""Ordenanza de Cobro de Derecho de Aseo Domiciliario para el año 2012",ordenanza_base,Derechos Municipales y Tarifas,derechos_tarifas,https://transparencia.providencia.cl/Carpeta/VerTabla/23083/1/2011,http://firma.providencia.cl/dsign/cgi/sdoc.exe/sdoc/document?id=p2NM5cCqsakCuhPrPbdvqg%3D%3D,verified,4f45408f30dd6241daa3cccc0198485d24668241be157f0484e71b67c34cf5bd,61005
Providencia,13,MU228,Municipalidad,23083,Cobro de derecho de aseo domiciliario,Ordenanza,121,2012-11-06,Cobro de derecho de aseo domiciliario N° 121: Modifícase la Ordenanza Nº118 de 11,ordenanza_base,Derechos Municipales y Tarifas,derechos_tarifas,https://transparencia.providencia.cl/Carpeta/VerTabla/23083/1/2012,http://firma.providencia.cl/dsign/cgi/sdoc.exe/sdoc/document?id=C8GqUDRDrf8N5Tq1vtbo5A%3D%3D,verified,35da050d6ec4574ad0c305f90fdf68d23bef77af89a818b95b34ddccd34122eb,52139
Providencia,13,MU228,Municipalidad,23083,Cobro de derecho de aseo domiciliario,Ordenanza,118,2012-10-11,Cobreo de derecho de aseo domiciliario N° 118: Déjase establecido el monto para el cobro de Derechos de Aseo Domiciliario para el año 2013,ordenanza_base,Derechos Municipales y Tarifas,derechos_tarifas,https://transparencia.providencia.cl/Carpeta/VerTabla/23083/1/2012,http://firma.providencia.cl/dsign/cgi/sdoc.exe/sdoc/document?id=QLs50dSNXS%2BHddUtoQ%2BfdA%3D%3D,verified,1de00c12728d44bef66ff1bb8bab30bfdde3e574940a2608435f5ac811c7a0a2,63099
Providencia,13,MU228,Municipalidad,23083,Cobro de derecho de aseo domiciliario,Ordenanza,127,2013-12-17,Cobro de derecho de aseo domiciliario N° 127: Déjase establecido el monto para el cobro de Derechos de Aseo Domiciliario para el año 2014,ordenanza_base,Derechos Municipales y Tarifas,derechos_tarifas,https://transparencia.providencia.cl/Carpeta/VerTabla/23083/1/2013,http://firma.providencia.cl/dsign/cgi/sdoc.exe/sdoc/document?id=oRlb5VQlhvv3pr7t6hz%2FCA%3D%3D,verified,b9f158040e08d79aef4bfd9a13b9ba2c40d280c0340d9363bad059030017cd5b,59800
Providencia,13,MU228,Municipalidad,23083,Cobro de derecho de aseo domiciliario,Ordenanza,133,2014-10-29,Cobro de derecho de aseo domiciliario N° 133: Apruebáse la siguiente Ordenanza de Cobro de Derechi de Aseo Domiciliario para el año 2015,ordenanza_base,Derechos Municipales y Tarifas,derechos_tarifas,https://transparencia.providencia.cl/Carpeta/VerTabla/23083/1/2014,http://firma.providencia.cl/dsign/cgi/sdoc.exe/sdoc/document?id=BMhBi5Byv6PlJiFw3FyxGQ%3D%3D,verified,93b92da8099e73dc7c5a563474e25b0113b158cf0cc76d1568caa8d3245efa77,357983
Providencia,13,MU228,Municipalidad,23083,Cobro de derecho de aseo domiciliario,Ordenanza,144,2015-10-27,"Cobro de derecho de aseo domiciliario N° 144: Apruébase la siguiente ""Ordenanza de cobro de derechos de aseo domiciliario para el año 2016""",ordenanza_base,Derechos Municipales y Tarifas,derechos_tarifas,https://transparencia.providencia.cl/Carpeta/VerTabla/23083/1/2015,http://firma.providencia.cl/dsign/cgi/sdoc.exe/sdoc/document?id=c4sXhs44MGc7urdv8%2BW8CA%3D%3D,verified,12ed6ed3304714152da3efba0053281c9b81197c981f45b99c13e964f4cb6216,275663
Providencia,13,MU228,Municipalidad,23083,Cobro de derecho de aseo domiciliario,Ordenanza,154,2016-10-27,"Cobro de derecho de aseo domiciliario N° 154: Apruébase la siguiente ""Ordenanza de Cobro de Derecho de Aseo Domiciliario para el año 2017""",ordenanza_base,Derechos Municipales y Tarifas,derechos_tarifas,https://transparencia.providencia.cl/Carpeta/VerTabla/23083/1/2016,http://firma.providencia.cl/dsign/cgi/sdoc.exe/sdoc/document?id=0UkN5UqwfJnkAlg15WB4sQ%3D%3D,verified,5b266dd2e75b045c78064e543f048868a0351beb373581bbb5b8c9d9b1242954,279119
Providencia,13,MU228,Municipalidad,23083,Cobro de derecho de aseo domiciliario,Ordenanza,157,2017-10-13,"Cobro de derecho de aseo domiciliario N° 157: Fíjase en UTM 2,14 anual, el monto por derecho para el servicio domiciliario de aseo",ordenanza_base,Derechos Municipales y Tarifas,derechos_tarifas,https://transparencia.providencia.cl/Carpeta/VerTabla/23083/1/2017,http://firma.providencia.cl/dsign/cgi/sdoc.exe/sdoc/document?id=5Q4na8XQCfHl0vGb4u7anQ%3D%3D,verified,bf10b51519e79fe5223045e83e704f3c807af9fb052fcd71781e8a915d4481a5,516547
Providencia,13,MU228,Municipalidad,23083,Cobro de derecho de aseo domiciliario,Ordenanza,170,2018-10-12,"Cobro de derecho de aseo domiciliario N° 170: Fíjase en UTM 2,14 anual, el monto por derecho para el servico domiciliario de aseo",ordenanza_base,Derechos Municipales y Tarifas,derechos_tarifas,https://transparencia.providencia.cl/Carpeta/VerTabla/23083/1/2018,http://firma.providencia.cl/dsign/cgi/sdoc.exe/sdoc/document?id=Ltq4tubIW0ey0QoU0l7t%2Fg%3D%3D,verified,e0b58810371e214635b82ac8fd7416597f7c38879e4c1529248f8b38b27b3f89,526425
Providencia,13,MU228,Municipalidad,23083,Cobro de derecho de aseo domiciliario,Ordenanza,186,2019-10-29,"Cobro de derecho de aseo domiciliario N° 186: Fíjase en UTM 2,14 anual, el monto por dercho para el servicio domiciliario de aseo",ordenanza_base,Derechos Municipales y Tarifas,derechos_tarifas,https://transparencia.providencia.cl/Carpeta/VerTabla/23083/1/2019,http://firma.providencia.cl/dsign/cgi/sdoc.exe/sdoc/document?id=98%2BR0g%2Bk8kbDuhNqmLOzYA%3D%3D,verified,a5270bcf4d82957fc722d000732064e5ac36d10ae98db72717c0870b71120b08,8296423
Providencia,13,MU228,Municipalidad,23083,Cobro de derecho de aseo domiciliario,Ordenanza,204,2020-10-28,"Cobro de derecho de la aseo domiciliario N° 204: Fíjase en UTM 1,70 anual, el monto por derecho para el servicio domiciliario de aseo, la que regira a contar del 1",ordenanza_base,Derechos Municipales y Tarifas,derechos_tarifas,https://transparencia.providencia.cl/Carpeta/VerTabla/23083/1/2020,http://firma.providencia.cl/dsign/cgi/sdoc.exe/sdoc/document?id=kQEcSeq12vB%2BInKW2NCQvw%3D%3D,verified,6c3bac86bf988e38f0bb79bef4a11913bae0213c97277f67f3f7ad9922262239,519162
Providencia,13,MU228,Municipalidad,23083,Cobro de derecho de aseo domiciliario,Ordenanza,208,2021-10-25,"Cobro de derecho de aseo domiciliario N° 208: Fíjase en UTM 1,70 anual, el monto por derecho para el servicio domiciliario de aseo",ordenanza_base,Derechos Municipales y Tarifas,derechos_tarifas,https://transparencia.providencia.cl/Carpeta/VerTabla/23083/1/2021,http://firma.providencia.cl/dsign/cgi/sdoc.exe/sdoc/document?id=Vw9%2Fyyam7ZuybQPkX0ybsg%3D%3D,verified,7e3151f6a4bad2ebc41fc0ece3b6b33a08c217eb3251873ca89b6866c4c2bb53,526309
Providencia,13,MU228,Municipalidad,23083,Cobro de derecho de aseo domiciliario,Ordenanza,214,2022-10-25,"Cobro de derecho de aseo domiciliario N° 214: Fíjase en UTM 1,70 anual, el monto por derecho para el servicio domiciliario de aseo",ordenanza_base,Derechos Municipales y Tarifas,derechos_tarifas,https://transparencia.providencia.cl/Carpeta/VerTabla/23083/1/2022,http://firma.providencia.cl/dsign/cgi/sdoc.exe/sdoc/document?id=XplkkFLRghtgo52MpPz0GA%3D%3D,verified,01033546b01ba54458a2e0c214b6df429391156643f6004a09b874678b7823d1,167095
Providencia,13,MU228,Municipalidad,23083,Cobro de derecho de aseo domiciliario,Ordenanza,229,2023-12-13,"Ordenanza N° 229: Fijase en UTM 1,70 anual, por el trienio 2024, 2025 y 2026, el monto por derecho para el servicio domiciliario de aseo",ordenanza_base,Derechos Municipales y Tarifas,derechos_tarifas,https://transparencia.providencia.cl/Carpeta/VerTabla/23083/1/2023,http://firma.providencia.cl/dsign/cgi/sdoc.exe/sdoc/document?id=D3SeaJ9AdSzmkJuBF3JdGg%3D%3D,verified,ba65bd6fc1816d8bd80f0f4f44a5c647bbb6e088b1e86e83a1b3386c634cbc1c,3874107
Providencia,13,MU228,Municipalidad,23083,Cobro de derecho de aseo domiciliario,Ordenanza,233,2024-10-29,"Ordenanza N° 233: Fíjase en UTM 1,70 anual, por el trienio 2024, 2025 Y 2026 , el monto por derecho para el servicio domiciliario de aseo",ordenanza_base,Derechos Municipales y Tarifas,derechos_tarifas,https://transparencia.providencia.cl/Carpeta/VerTabla/23083/1/2024,http://firma.providencia.cl/dsign/cgi/sdoc.exe/sdoc/document?id=4SHhnygTwSpz60%2FJLG1Wkw%3D%3D,verified,681c31a185f2e11a9cda049eb2d6f91daf125e7b0ebca8d3531994dc19016233,487656
Providencia,13,MU228,Municipalidad,23084,Pago en cuotas derechos municipales de edificación,Ordenanza,20,2001-12-04,Ordenanza N° 20: Fíjase el siguiente texto refundido y sistematizada de la ORDENANZA SOBRE EL PAGO EN CUOTAS DE LOS DERECHOS MUNICIPALES DE EDIFICACION,texto_refundido,Derechos Municipales y Tarifas,derechos_tarifas,https://transparencia.providencia.cl/Carpeta/VerTabla/23084/1/2001,http://firma.providencia.cl/dsign/cgi/sdoc.exe/sdoc/document?id=ktGOqX7UczAmMUbQ3c7m6Q%3D%3D,verified,d0eab39639cc997cc611ac0cdf1c6e15d556be6b4c5d96f0fd5e596df44cc63f,76242
Providencia,13,MU228,Municipalidad,23085,Sobre derechos municipales,Ordenanza,14,2000-12-29,"Sobre derchos municipales N° 14: Fíjase el siguiente texto refundido y sistematizado de la ""ORDENANZA LOCAL SOBRE DERECHOS MUNICIPALES"", que regirá en el año 2001",texto_refundido,Derechos Municipales y Tarifas,derechos_tarifas,https://transparencia.providencia.cl/Carpeta/VerTabla/23085/1/2000,http://firma.providencia.cl/dsign/cgi/sdoc.exe/sdoc/document?id=cDdvRmjMtkjZcs5T68pPpA%3D%3D,verified,e07563fe0f0bc507fc248866f0bef4819ab8b17e5eb23ae2ef80d91142cd51ae,741865
Providencia,13,MU228,Municipalidad,23085,Sobre derechos municipales,Ordenanza,13,2000-12-28,Sobre derechos municipales N° 13: Modificase la ordenanza Nº9 del 23,texto_refundido,Derechos Municipales y Tarifas,derechos_tarifas,https://transparencia.providencia.cl/Carpeta/VerTabla/23085/1/2000,http://firma.providencia.cl/dsign/cgi/sdoc.exe/sdoc/document?id=l3AP9bd2V8Y%2B81%2Bn64iu4w%3D%3D,verified,7733c982505d5075cb621dde349378b9e73ba6de66b61c7419428469f7b46d0a,51875
Providencia,13,MU228,Municipalidad,23085,Sobre derechos municipales,Ordenanza,11,2000-12-12,Sobre derechos municipales N° 11: Modifica la ordenanza Nº9 del 23,modificacion,Derechos Municipales y Tarifas,derechos_tarifas,https://transparencia.providencia.cl/Carpeta/VerTabla/23085/1/2000,http://firma.providencia.cl/dsign/cgi/sdoc.exe/sdoc/document?id=ZnkhJKvbUVdfK6Ab%2B36qNQ%3D%3D,verified,b37c87eac49bf3fb75c72fb13478bf989d911173b54cb6f49b68ad1f7c71b1c2,246016
Providencia,13,MU228,Municipalidad,23085,Sobre derechos municipales,Ordenanza,8,2000-08-01,Sobre derechos municipal N° 8: Modificase la ordenanza Nº 9 de 23,modificacion,Derechos Municipales y Tarifas,derechos_tarifas,https://transparencia.providencia.cl/Carpeta/VerTabla/23085/1/2000,http://firma.providencia.cl/dsign/cgi/sdoc.exe/sdoc/document?id=lRLmFxzcL4J%2BJ76sSERhqg%3D%3D,verified,2bc28c7450af06e126d9ef3f95824eaa69d1c51b0109fdaf789c844279dc8cd5,57763
Providencia,13,MU228,Municipalidad,23085,Sobre derechos municipales,Ordenanza,6,2000-06-09,Sobre derechos municipales N° 6: Modifícase la Ordenanza Nº9 de 23,modificacion,Derechos Municipales y Tarifas,derechos_tarifas,https://transparencia.providencia.cl/Carpeta/VerTabla/23085/1/2000,http://firma.providencia.cl/dsign/cgi/sdoc.exe/sdoc/document?id=qALLDqW0q4Z%2F4KqCs6gtrg%3D%3D,verified,373474cf6cf802a2e2ba83fb711e1e591e704ceb604ac28001fa22b4edfb97a2,72183
Providencia,13,MU228,Municipalidad,23085,Sobre derechos municipales,Ordenanza,5,2000-05-23,Sobre derechos municipales N° 5: Modifícase la Ordenanza Nº9 de 23,ordenanza_base,Derechos Municipales y Tarifas,derechos_tarifas,https://transparencia.providencia.cl/Carpeta/VerTabla/23085/1/2000,http://firma.providencia.cl/dsign/cgi/sdoc.exe/sdoc/document?id=gtKsPTcoAw0adp6mnUyE6w%3D%3D,verified,8e140093cf6697eecdfe0aed0ee47c65a07c417bf459e02b3d1dc54f389d76a1,72120
Providencia,13,MU228,Municipalidad,23085,Sobre derechos municipales,Ordenanza,1,2000-02-07,"Sobre derechos municipales N° 1: Rectifícase el Nº15  del artículo 15 de la Ordenanza Local sobre Derechos Municipales  para el año 2000, que lleva el Nº9  de 23",ordenanza_base,Derechos Municipales y Tarifas,derechos_tarifas,https://transparencia.providencia.cl/Carpeta/VerTabla/23085/1/2000,http://firma.providencia.cl/dsign/cgi/sdoc.exe/sdoc/document?id=Yr8rp%2FXpgrBI4UwpY9%2BGYw%3D%3D,verified,c43196158e61e4f9a95fc18bdfd08cc8b3685130ac9430d547958caa4e49ff05,42538
Providencia,13,MU228,Municipalidad,23085,Sobre derechos municipales,Ordenanza,22,2001-12-28,"Sobre derechos municipales N° 22: Ordenanza de Derechos Municipales año 2002,",ordenanza_base,Derechos Municipales y Tarifas,derechos_tarifas,https://transparencia.providencia.cl/Carpeta/VerTabla/23085/1/2001,http://firma.providencia.cl/dsign/cgi/sdoc.exe/sdoc/document?id=vIcItnKPSOuvKoGvuxIJYw%3D%3D,verified,5b0a034b6adfce45d945a285596db33f471ae0d1696678a00d64d27a1e987330,810476
Providencia,13,MU228,Municipalidad,23085,Sobre derechos municipales,Ordenanza,23,2001-12-28,"Sobre derechos municipales N° 23: Rectifiquese la Ordenanza Nº 21 de Diciembre de 2001 que modificó la Ordenanza Nº 17 de 12 de Noviembre de 2001 que fijó el texto refundido y sistematizado de la Ordenanz<a Local sobre Derechos Municipales, en el sentido de dejar establecido que ",texto_refundido,Derechos Municipales y Tarifas,derechos_tarifas,https://transparencia.providencia.cl/Carpeta/VerTabla/23085/1/2001,http://firma.providencia.cl/dsign/cgi/sdoc.exe/sdoc/document?id=lr0B6iXkrh0hiG4cQI4Omg%3D%3D,verified,3b9391b776c0a678b5843e70089e93c29e30279c7c06c3b81f0d3de5e71b78c6,61128
Providencia,13,MU228,Municipalidad,23085,Sobre derechos municipales,Ordenanza,21,2001-12-21,"Sobre derechos municipales N° 21: Modifícase la Ordenanza Nº17 de 12 de Noviembre de 2001, que fijço el texto refundido y sistematizado de la Ordenanza Local sobre Derechos Municipales que rige para el año 2001",texto_refundido,Derechos Municipales y Tarifas,derechos_tarifas,https://transparencia.providencia.cl/Carpeta/VerTabla/23085/1/2001,http://firma.providencia.cl/dsign/cgi/sdoc.exe/sdoc/document?id=xtaYJdgcA1Fzt3oaWVzjRA%3D%3D,verified,579e10435eb1f74ef7843b20d6631048c90d4ed97c1619cad3564dd467010b84,214288
Providencia,13,MU228,Municipalidad,23085,Sobre derechos municipales,Ordenanza,17,2001-11-12,"Sobre derechos municipales N° 17: Fíjase el texto refundido y sistematizado de la  ""Ordenanza Local sobre Derechos Municipales"", que regirá en el año 2001",texto_refundido,Derechos Municipales y Tarifas,derechos_tarifas,https://transparencia.providencia.cl/Carpeta/VerTabla/23085/1/2001,http://firma.providencia.cl/dsign/cgi/sdoc.exe/sdoc/document?id=RpektzecGFouDwVvsG3%2FFg%3D%3D,verified,b569ba9aa480305aba43459e1c502358a6dcbf58f94bbbb21f704ca056b623c0,993719
Providencia,13,MU228,Municipalidad,23085,Sobre derechos municipales,Ordenanza,14,2001-10-19,"Sobre derechos municipales N° 14: Modifícase la Ordenanza Nº 14 de 29 de Diciembre de 2000, que fijó el texto refunñdido y sistematizado de la Ordenanza Local sobre Derechos Municipales que rige para ñel año 2001, en la siguiente forma",ordenanza_base,Derechos Municipales y Tarifas,derechos_tarifas,https://transparencia.providencia.cl/Carpeta/VerTabla/23085/1/2001,http://firma.providencia.cl/dsign/cgi/sdoc.exe/sdoc/document?id=47QIRIda4l%2BpyGBBYHplwQ%3D%3D,verified,18d4adeec471caf4dcd64787ebf77eeafafc8dca77270f7899984e1f2b04ce29,71136
Providencia,13,MU228,Municipalidad,23085,Sobre derechos municipales,Ordenanza,7,2001-06-05,"Sobre derechos municipales N° 7: Modificase la Ordenanza Nº 14 de 29 de Diciemkbre de 2000, que fijó el texto refundido y sistematizado de la Ordenanza Local sobre Derechos Municipales que rige para el año 2001, en el sentido de agregar el siguiente 
Título XIX, etc",texto_refundido,Derechos Municipales y Tarifas,derechos_tarifas,https://transparencia.providencia.cl/Carpeta/VerTabla/23085/1/2001,http://firma.providencia.cl/dsign/cgi/sdoc.exe/sdoc/document?id=drQ5VRtmS1C451szjw%2BO%2Fw%3D%3D,verified,ea5d6ebace3cff59a24e3f88402f13dba6985f5e072ecb82ecd7055cd2b09b25,60136
Providencia,13,MU228,Municipalidad,23085,Sobre derechos municipales,Ordenanza,4,2001-04-18,Sobre derechos municipales N° 4: Modifícase la Ordenanza Nº14 de 29,ordenanza_base,Derechos Municipales y Tarifas,derechos_tarifas,https://transparencia.providencia.cl/Carpeta/VerTabla/23085/1/2001,http://firma.providencia.cl/dsign/cgi/sdoc.exe/sdoc/document?id=3pjglJrDt54gBFYsPcjNog%3D%3D,verified,f7df457372791081c70c2c1110abcfd3f8c29c72bf1ab7884f6f230da5400bc7,60254
Providencia,13,MU228,Municipalidad,23085,Sobre derechos municipales,Ordenanza,3,2001-04-10,"Sobre derechos municipales N° 3: Rectifíquese la Ordenanza Local sobre Derechos Municipales 2001, cuyo texto refundido consta en Ordenanza Nº14 de 29 de Diciembre de 2000,  Título XIII ""Derechos Relativos a Servicios Prestados por la Biblioteca"", Artículo 30 letras F,G y H e  l y",texto_refundido,Derechos Municipales y Tarifas,derechos_tarifas,https://transparencia.providencia.cl/Carpeta/VerTabla/23085/1/2001,http://firma.providencia.cl/dsign/cgi/sdoc.exe/sdoc/document?id=G0%2FAUo7ZATvRHq%2BHqrdMkQ%3D%3D,verified,a847231b7d88d9a2c8b77233200c42bba63bb8676a3fa2f785782446c7af1e05,60488
Providencia,13,MU228,Municipalidad,23085,Sobre derechos municipales,Ordenanza,1,2001-01-23,Sobre derechos municipales N° 1: Modificación Ordenanza Nº14 de 29,modificacion,Derechos Municipales y Tarifas,derechos_tarifas,https://transparencia.providencia.cl/Carpeta/VerTabla/23085/1/2001,http://firma.providencia.cl/dsign/cgi/sdoc.exe/sdoc/document?id=6f37xrIqBHazMmoKtU%2BRqA%3D%3D,verified,9596b5cc55325f2cbc7b6ac3de19995e7a3f4b21f11dfe83cd7cc536cd442e13,71420
Providencia,13,MU228,Municipalidad,23085,Sobre derechos municipales,Ordenanza,12,2002-12-06,"Sobre derechos municipales N° 12: Modifícase la ordenanza que fijo el texto refundido y sistematizado de la ""Ordenanza Local sobre Derechos municipales""",texto_refundido,Derechos Municipales y Tarifas,derechos_tarifas,https://transparencia.providencia.cl/Carpeta/VerTabla/23085/1/2002,http://firma.providencia.cl/dsign/cgi/sdoc.exe/sdoc/document?id=vclj2IYg%2BacP6Q6relRHaQ%3D%3D,verified,6dae6eb8a42ed0ecf16bfc5f74c5d01b642734f5d00e199009cc6c9e0760d024,168357
Providencia,13,MU228,Municipalidad,23085,Sobre derechos municipales,Ordenanza,9,2002-09-26,Sobre derechos municipales N° 9: Modifica Ordenanza Nº22 de 28 de Diciembre de 2001 que fijó el texto refundido y sistematizado de la Ordenanza Local sobre Derechos Municipales que regirá para el año 2002,texto_refundido,Derechos Municipales y Tarifas,derechos_tarifas,https://transparencia.providencia.cl/Carpeta/VerTabla/23085/1/2002,http://firma.providencia.cl/dsign/cgi/sdoc.exe/sdoc/document?id=ZhrQmgkJGgHnNpLLu5mXIA%3D%3D,verified,dae87687130ef32a24ed5ec15f5ee09633240b5795c599566d3936d8d939617b,56285
Providencia,13,MU228,Municipalidad,23085,Sobre derechos municipales,Ordenanza,6,2002-04-26,Sobre derechos municipales N° 6: MODIFICA ORDENANZA LOCAL SOBRE DERECHOS MUNICIPALES  Nº22 DE 28 DE DICIEMBRE DE 2001 EN LO QUE INDICA,modificacion,Derechos Municipales y Tarifas,derechos_tarifas,https://transparencia.providencia.cl/Carpeta/VerTabla/23085/1/2002,http://firma.providencia.cl/dsign/cgi/sdoc.exe/sdoc/document?id=pAYRq79vQ%2Bb%2BBwCHFaYAIw%3D%3D,verified,feea5192b59bdd385912772372c0d4d482ff708eb358bc7ca4d5f6251ccb1081,63774
Providencia,13,MU228,Municipalidad,23085,Sobre derechos municipales,Decreto exento,2122,2003-12-23,"Sobre derechos municipales N° 2122: Rectifíquese la Ordenanza Nº 12 de 2 de Diciembre de 2003 que modificó la Ordenanza Nº 22 de 28 de Diciembre de 2001 ""Ordenanza Local Sobre Derechos Municipales""",ordenanza_base,Derechos Municipales y Tarifas,derechos_tarifas,https://transparencia.providencia.cl/Carpeta/VerTabla/23085/1/2003,http://firma.providencia.cl/dsign/cgi/sdoc.exe/sdoc/document?id=qIU%2BAfThh%2BzGSL2O8Agz4g%3D%3D,verified,c9617860555ef239aa0bdc0fdd817042ab5f3397f8c1c1eb601ef0f164e98b81,40594
Providencia,13,MU228,Municipalidad,23085,Sobre derechos municipales,Ordenanza,12,2003-12-02,Sobre derechos municipales N° 12: Modifícase la Ordenanza Nº22 de 28,texto_refundido,Derechos Municipales y Tarifas,derechos_tarifas,https://transparencia.providencia.cl/Carpeta/VerTabla/23085/1/2003,http://firma.providencia.cl/dsign/cgi/sdoc.exe/sdoc/document?id=zB0zvfDcCWM4rNBdplCexQ%3D%3D,verified,3d84f724deb5463005747041bea3e4cb7a5bf83d52dfabf65967373dfb478eb4,647244
Providencia,13,MU228,Municipalidad,23085,Sobre derechos municipales,Decreto exento,2152,2004-12-21,"Sobre derechos municipales N° 2152: Fijase el texto refundido y sistematizado de la Ordenanza 22 del 2001 y sus modificaciones posteriores ""Ordenanza Local sobre Derechos Municipales"", que regira en el año 2005",texto_refundido,Derechos Municipales y Tarifas,derechos_tarifas,https://transparencia.providencia.cl/Carpeta/VerTabla/23085/1/2004,http://firma.providencia.cl/dsign/cgi/sdoc.exe/sdoc/document?id=aYMVyS%2F5jM1%2FCaL4Ai6w7A%3D%3D,verified,a740cfeb3fe1591718c62b3a64796c837b28d1e1447c4e55f1c7cf887c46df8a,2187721
Providencia,13,MU228,Municipalidad,23085,Sobre derechos municipales,Ordenanza,26,2004-11-30,"Sobre derechos municipales N° 26: Modifícase la Ordenanza Nº22 de 28 de Diciembre de 2001 ""Ordenanza Local sobre Derechos MUnicipales"" que regirá en el año 2004 cuyo texto refundido y sistematizado fue aprobado por Decreto Alcaldicio EX",texto_refundido,Derechos Municipales y Tarifas,derechos_tarifas,https://transparencia.providencia.cl/Carpeta/VerTabla/23085/1/2004,http://firma.providencia.cl/dsign/cgi/sdoc.exe/sdoc/document?id=razemCf1oMkOcJihz26AYg%3D%3D,verified,b1830c64666c13d4406ccffc1ef054c257b29508338db8af42740d2190dc7f55,628672
Providencia,13,MU228,Municipalidad,23085,Sobre derechos municipales,Ordenanza,24,2004-10-19,"Sobre derechos municipales N° 24: Modifícase la Ordenanza Nº22 de 28 de Diciembre de 2001 ""Ordenanza Local sobre Derechos Municipales"" año 2004",ordenanza_base,Derechos Municipales y Tarifas,derechos_tarifas,https://transparencia.providencia.cl/Carpeta/VerTabla/23085/1/2004,http://firma.providencia.cl/dsign/cgi/sdoc.exe/sdoc/document?id=D9oTDan7ifSEaDqblmUvCA%3D%3D,verified,cbd4ab5c2c0d41638347189e45ee3866ea68232a9d080330a013eb1ccd90cb94,65174
Providencia,13,MU228,Municipalidad,23085,Sobre derechos municipales,Ordenanza,23,2004-10-05,"Sobre derechos municipales N° 23: Modifícase la Ordenanza Nº22 de 28 de Diciembre de 2001 ""Ordenanza Local sobre Derechos Municipales"", cuyo texto sistematizado fue aprobado por Decreto Alcaldicio EXNº169 de 3",ordenanza_base,Derechos Municipales y Tarifas,derechos_tarifas,https://transparencia.providencia.cl/Carpeta/VerTabla/23085/1/2004,http://firma.providencia.cl/dsign/cgi/sdoc.exe/sdoc/document?id=A1fLgH7GfsVolvRn%2BtfF%2Bg%3D%3D,verified,8c0411982173726d93734a6f57a6f98ca993e7a34fb36bff4c31913a7c02f41d,76570
Providencia,13,MU228,Municipalidad,23085,Sobre derechos municipales,Ordenanza,20,2004-08-03,"Sobre derechos municipales N° 20: Modifícase la Ordenanza Nº22 de 28 de Diciembre de 2001 ""Ordenanza Local sobre Derechos Municipales"", cuyo texto refundido fue aprobado por Decreto Alcaldicio EXNº169 de 3 Febrero de 2004",texto_refundido,Derechos Municipales y Tarifas,derechos_tarifas,https://transparencia.providencia.cl/Carpeta/VerTabla/23085/1/2004,http://firma.providencia.cl/dsign/cgi/sdoc.exe/sdoc/document?id=I%2BX3ecCqfVEkrUnzc%2Bj2yg%3D%3D,verified,4800e37967c2f4a764cd500ddf5cab44fe715ff04c10689f519349d3af23a199,111001
Providencia,13,MU228,Municipalidad,23085,Sobre derechos municipales,Ordenanza,17,2004-03-26,"Sobre derechos municipales N° 17: Modifica Ordenanza Nº22 de 28 de Diciembre de 2001, agrega el  Nº14 al artículo 19",modificacion,Derechos Municipales y Tarifas,derechos_tarifas,https://transparencia.providencia.cl/Carpeta/VerTabla/23085/1/2004,http://firma.providencia.cl/dsign/cgi/sdoc.exe/sdoc/document?id=CwKsX3nZqzxZ6mnsjOTWuQ%3D%3D,verified,6d35bdf7e238e336a07dd6be373f5f3d0c008d6c17f22aa0cc13103c1ea05f38,64267
Providencia,13,MU228,Municipalidad,23085,Sobre derechos municipales,Decreto exento,169,2004-02-03,Sobre derechos municipales N° 169: Fíjase el siguiente texto refundido y sistematizado de la Ordenanza Nº22 de 28,texto_refundido,Derechos Municipales y Tarifas,derechos_tarifas,https://transparencia.providencia.cl/Carpeta/VerTabla/23085/1/2004,http://firma.providencia.cl/dsign/cgi/sdoc.exe/sdoc/document?id=i4mOiboTTNOXBwpjA%2F9mWA%3D%3D,verified,21d9e3223fb27157314954681a675389286deebd9cce6b3197817493ea7119fe,726740
Providencia,13,MU228,Municipalidad,23085,Sobre derechos municipales,Decreto exento,2152,2005-11-29,"Sobre derechos municipales N° 2152: Fíjase el siguiente texto refundido y sistematizado de la Ordenanza Nº22 de 28 de Diciembre de 2001 y sus modificaciones posteriores Ordenanza Local sobre Derechos Municipales, que regirá en el año 2006",texto_refundido,Derechos Municipales y Tarifas,derechos_tarifas,https://transparencia.providencia.cl/Carpeta/VerTabla/23085/1/2005,http://firma.providencia.cl/dsign/cgi/sdoc.exe/sdoc/document?id=cOOXJzZwgqKkK0%2Btj1rSpA%3D%3D,verified,68a447c57ccf3d8246f82ad1701c84772023dd6221427267ba4b049b4d8cf1ef,3018959
Providencia,13,MU228,Municipalidad,23085,Sobre derechos municipales,Ordenanza,37,2005-10-27,Sobre derechos municipales N° 37: Rectifícase el punto 1,ordenanza_base,Derechos Municipales y Tarifas,derechos_tarifas,https://transparencia.providencia.cl/Carpeta/VerTabla/23085/1/2005,http://firma.providencia.cl/dsign/cgi/sdoc.exe/sdoc/document?id=OXc%2FXY6atbeGWY6TL%2Ba03g%3D%3D,verified,326325690c82fa98751182ebd2665c1dbccde2ce8bce9acd7355498afa9ed75a,62836
Providencia,13,MU228,Municipalidad,23085,Sobre derechos municipales,Ordenanza,36,2005-10-14,Sobre derechos municipales N° 36: Modificase la ordenanza Nº 22 de 28,modificacion,Derechos Municipales y Tarifas,derechos_tarifas,https://transparencia.providencia.cl/Carpeta/VerTabla/23085/1/2005,http://firma.providencia.cl/dsign/cgi/sdoc.exe/sdoc/document?id=oFTGttUpYksbsGaaXq5UhA%3D%3D,verified,9bd32c99455be966452354a6fd54a6f1e35beb94eefcea25d54207d0a3d0b68b,481505
Providencia,13,MU228,Municipalidad,23085,Sobre derechos municipales,Ordenanza,35,2005-09-15,"Sobre derechos municipales N° 35: Mmodificase el artículo 19 de la Ordenanza Nº 22 de 28 de Diciembre de 2001, cuyo texto refundido y sistematizado fue aprobado por Decreto Alcaldicio EX",texto_refundido,Derechos Municipales y Tarifas,derechos_tarifas,https://transparencia.providencia.cl/Carpeta/VerTabla/23085/1/2005,http://firma.providencia.cl/dsign/cgi/sdoc.exe/sdoc/document?id=1tdvbKDSI1wGnwH5jb1PZQ%3D%3D,verified,e93c2daf54e64d213b2fd84bf353e9b71e2e91ab7bd3a082e543ac32132c1e2e,109802
Providencia,13,MU228,Municipalidad,23085,Sobre derechos municipales,Ordenanza,34,2005-08-29,Sobre defrechos municipales N° 34: Rectificase el punto Nº 1 de la Ordenanza Nº 32 de 16,ordenanza_base,Derechos Municipales y Tarifas,derechos_tarifas,https://transparencia.providencia.cl/Carpeta/VerTabla/23085/1/2005,http://firma.providencia.cl/dsign/cgi/sdoc.exe/sdoc/document?id=wLreiLZJfjon7trTkj%2F9tw%3D%3D,verified,baf37ed99b0e40b1db89166a410e904f679fc65e0c268d6a2f8fab5ee082a67a,54772
Providencia,13,MU228,Municipalidad,23085,Sobre derechos municipales,Ordenanza,33,2005-08-24,Sobre derechos municipales N° 33: Modificase el articulo 11 de la Ordenanza Nº 22 de 28,texto_refundido,Derechos Municipales y Tarifas,derechos_tarifas,https://transparencia.providencia.cl/Carpeta/VerTabla/23085/1/2005,http://firma.providencia.cl/dsign/cgi/sdoc.exe/sdoc/document?id=a18cwgZsbSs6mRkci4MBsg%3D%3D,verified,47c99e777f3ae1429be026c585c3ed5fd4f062043b12ea40b31d6ed1bfc68831,108744
Providencia,13,MU228,Municipalidad,23085,Sobre derechos municipales,Ordenanza,32,2005-08-16,"Sobre derechos municipales N° 32: Modifícase la Ordenanza Nº22 de 2001 , texto refundido EXNº2152 de 21",texto_refundido,Derechos Municipales y Tarifas,derechos_tarifas,https://transparencia.providencia.cl/Carpeta/VerTabla/23085/1/2005,http://firma.providencia.cl/dsign/cgi/sdoc.exe/sdoc/document?id=NNoej30Gs81bBJ7xYjl7kA%3D%3D,verified,490a45e472bab5202cfdbec4cc9202d4c0aa5b71abce31d29c0d3138ae7611f3,68251
Providencia,13,MU228,Municipalidad,23085,Sobre derechos municipales,Ordenanza,29,2005-04-27,Sobre derechos municipales N° 29: Modificase el articulo 19 de ordenanza 22 de 28,texto_refundido,Derechos Municipales y Tarifas,derechos_tarifas,https://transparencia.providencia.cl/Carpeta/VerTabla/23085/1/2005,http://firma.providencia.cl/dsign/cgi/sdoc.exe/sdoc/document?id=%2BAKAOaxDizvM1%2FniD315vQ%3D%3D,verified,2704215d4db8a4099df0a2eff89eddbf5e8dda4d40f67e6e48561cb910299a24,58175
Providencia,13,MU228,Municipalidad,23085,Sobre derechos municipales,Ordenanza,28,2005-03-22,Sobre derechos municipales N° 28: Modifícase la Ordenanza Nº22 de 28,texto_refundido,Derechos Municipales y Tarifas,derechos_tarifas,https://transparencia.providencia.cl/Carpeta/VerTabla/23085/1/2005,http://firma.providencia.cl/dsign/cgi/sdoc.exe/sdoc/document?id=AtPSqL08iXZhj8s8kKpo5A%3D%3D,verified,fe42da6b876f1c768e30d94f56c3dbeee63dd9838c62797b540e1fbf61772d87,74683
Providencia,13,MU228,Municipalidad,23085,Sobre derechos municipales,Decreto exento,2124,2006-11-28,"Sobre derechos municipales N° 2124: Fíjase el siguiente texto refundido y sistematizado de la Ordenanza Nº 22 de 28 de Diciembre de 2001 y sus modificaciones posteriores Ordenanza Local sobre Derechos Municipales, que regirán para el año 2007",texto_refundido,Derechos Municipales y Tarifas,derechos_tarifas,https://transparencia.providencia.cl/Carpeta/VerTabla/23085/1/2006,http://firma.providencia.cl/dsign/cgi/sdoc.exe/sdoc/document?id=Y%2FElWVsb7%2FqL57X68SASdQ%3D%3D,verified,d8b9fc81bce50d772820f0174175003e98595de70184919241ec8c3aac2ec42a,1611333
Providencia,13,MU228,Municipalidad,23085,Sobre derechos municipales,Ordenanza,52,2006-11-09,Sobre derechos municipales N° 52: Rectifícase el punto 1,ordenanza_base,Derechos Municipales y Tarifas,derechos_tarifas,https://transparencia.providencia.cl/Carpeta/VerTabla/23085/1/2006,http://firma.providencia.cl/dsign/cgi/sdoc.exe/sdoc/document?id=A5ROjY7uhi%2BNHbBf2f8NLg%3D%3D,verified,f08a849aca580879a5ca0dba3605d13eacdf65e84865d3876c7ee1938641e54e,126935
Providencia,13,MU228,Municipalidad,23085,Sobre derechos municipales,Ordenanza,50,2006-10-17,"Sobre derechos municipales N° 50: Modifícase la Ordenanza N°22 de 28 de Diciembre de  2001 ""Ordenanza Local sobre Derechos Municipales"", que rige para el año 2006 cuyo texto refundido y sistematizado fue aprobado pro Decreto Alcaldicio EXN°2152 de 29 de Noviembre de 2005",texto_refundido,Derechos Municipales y Tarifas,derechos_tarifas,https://transparencia.providencia.cl/Carpeta/VerTabla/23085/1/2006,http://firma.providencia.cl/dsign/cgi/sdoc.exe/sdoc/document?id=1ddRvYUSF49q2hGHITbu5w%3D%3D,verified,26c4e364696a2953f1cae0b84fb10d416d0c0a1c0d178903f4234cae495d1145,1005599
Providencia,13,MU228,Municipalidad,23085,Sobre derechos municipales,Ordenanza,48,2006-08-24,"Sobre derechos municipales N° 48: Modifícase el artículo 19 Nº14 de la Ordenanza Nº22 de 28 de Diciembre de 2001, ""Ordenanza local sobre derechos municipales"", cuyo texto refundido y sistematizado fue aprobado por decreto alcaldicio Ex",texto_refundido,Derechos Municipales y Tarifas,derechos_tarifas,https://transparencia.providencia.cl/Carpeta/VerTabla/23085/1/2006,http://firma.providencia.cl/dsign/cgi/sdoc.exe/sdoc/document?id=JZka8vPg8xKDumF7%2FekxNQ%3D%3D,verified,6b6ac7aee40fd36d2f980eb8c5b5fb4d169227a160c9421e628ed6329d37bdd1,101188
Providencia,13,MU228,Municipalidad,23085,Sobre derechos municipales,Ordenanza,47,2006-06-23,"Sobre derechos municipales N° 47: Modifícase el artículo 36 de la Ordenanza N°22 de 28 de Diciembre de 2001, Ordenanza Local sobre Derechos Municipales, cuyo texto refundido y sistematizado fue aprobado por EXN°2",texto_refundido,Derechos Municipales y Tarifas,derechos_tarifas,https://transparencia.providencia.cl/Carpeta/VerTabla/23085/1/2006,http://firma.providencia.cl/dsign/cgi/sdoc.exe/sdoc/document?id=bHfjhQrZSyYJd3moyaatAg%3D%3D,verified,8fa344667ace1f3c8ab479416d1d833120b1e278dfe90d8cde58d345250da926,106436
Providencia,13,MU228,Municipalidad,23085,Sobre derechos municipales,Ordenanza,46,2006-05-29,"Sobre derechos municipales N° 46: Modifícase el atículo 39 inciso 1° de la Ordenanza N°22 de 28 de Diciembre de 201, cuyo texto refundido fue aprobado por Decreto Alcaldicio EXN°2",texto_refundido,Derechos Municipales y Tarifas,derechos_tarifas,https://transparencia.providencia.cl/Carpeta/VerTabla/23085/1/2006,http://firma.providencia.cl/dsign/cgi/sdoc.exe/sdoc/document?id=LMU%2BhPTYXX%2Fn9DOeoXzBvQ%3D%3D,verified,715ed14b550f211aecd723f04dd3098dab64f6a53f6ac744220c95397f4cd75a,96989
Providencia,13,MU228,Municipalidad,23085,Sobre derechos municipales,Ordenanza,43,2006-05-11,"Sobre derechos municipales N° 43: Modifícase la Ordenanza N°22 de 28 de Diciembre de 2001 ""Ordenanza Local sobre Derechos Municipales"", QUE fue aprobado por Decreto Alcaldicio EXN°2",ordenanza_base,Derechos Municipales y Tarifas,derechos_tarifas,https://transparencia.providencia.cl/Carpeta/VerTabla/23085/1/2006,http://firma.providencia.cl/dsign/cgi/sdoc.exe/sdoc/document?id=cpQHP%2F0Tvo%2Bt7rXPjSulmg%3D%3D,verified,cb56909c630e3120a7c28a03394da523e2c026c54c9fac82af5bbea9fe06290f,101599
Providencia,13,MU228,Municipalidad,23085,Sobre derechos municipales,Ordenanza,41,2006-02-06,"Sobre derechos municipales N° 41: Modifícase la Ordenanza N°22 de 28 de diciembre de 2001, Ordenanza Local sobre Derechos Municipales tecto refundido por EXN°2",ordenanza_base,Derechos Municipales y Tarifas,derechos_tarifas,https://transparencia.providencia.cl/Carpeta/VerTabla/23085/1/2006,http://firma.providencia.cl/dsign/cgi/sdoc.exe/sdoc/document?id=8sqj4FE%2F779QYpY0mkISyw%3D%3D,verified,e9eef6376abbfb1e0254ba5f2885181f8e5518477635ca7c9d3d76836f38f0c1,96387
Providencia,13,MU228,Municipalidad,23085,Sobre derechos municipales,Decreto exento,2281,2007-12-31,"Sobre derechos municipales N° 2281: Fíjase el siguiente  texto refundido y sistematizado de la Ordenanza Nº22 de 28 de Diciembre de 2001 y sus modificaciones ""Ordenanza Local sobre Derechos Municipales"" que regirá para el año 2008",texto_refundido,Derechos Municipales y Tarifas,derechos_tarifas,https://transparencia.providencia.cl/Carpeta/VerTabla/23085/1/2007,http://firma.providencia.cl/dsign/cgi/sdoc.exe/sdoc/document?id=jlHt4F9NckYGiyYQ6%2FCtfA%3D%3D,verified,2f84126e07d4b1b04f0227c5d4726af688799edb0480c055f548bc5a7a1d327e,5988290
Providencia,13,MU228,Municipalidad,23085,Sobre derechos municipales,Ordenanza,63,2007-10-10,"Sobre derechos municipales N° 63: Modifícase la Ordenanza Nº22 de 28 de Diciembre de 2001 ""Ordenanza local sobre derechos municipales"", que rige para el año 2007 y sus modificaciones",modificacion,Derechos Municipales y Tarifas,derechos_tarifas,https://transparencia.providencia.cl/Carpeta/VerTabla/23085/1/2007,http://firma.providencia.cl/dsign/cgi/sdoc.exe/sdoc/document?id=Iq0kUDcCIE9X3hBlqKHIEA%3D%3D,verified,c5655952840e0fa66a2574116e250700dd837c22e4303a0748d733993b585ccd,1616274
Providencia,13,MU228,Municipalidad,23085,Sobre derechos municipales,Ordenanza,56,2007-06-21,"Sobre derechos municipales N° 56: Modifícase la Ordenanda Nº 22 de 28 de Diciembre de 2001 (mariana), sobre derechos municipales",ordenanza_base,Derechos Municipales y Tarifas,derechos_tarifas,https://transparencia.providencia.cl/Carpeta/VerTabla/23085/1/2007,http://firma.providencia.cl/dsign/cgi/sdoc.exe/sdoc/document?id=b9t9%2BaBpysYOb0Ul6erO2g%3D%3D,verified,73f3a80f3ce596b8e89710de052b11893467f68f708c007153cb0595e0a205f7,249061
Providencia,13,MU228,Municipalidad,23085,Sobre derechos municipales,Ordenanza,54,2007-04-25,"Sobre derechos municipales N° 54: Modifícase la Ordenanza N°22 de 28 de Diciembre de 2001 ""Ordenanza Local sobre Derechos Municipales"" que rige para el año 2007, cuyo texto refundido y sistematizado fue aprobado por Decreto Alcaldicio EXN°2124 de 28",texto_refundido,Derechos Municipales y Tarifas,derechos_tarifas,https://transparencia.providencia.cl/Carpeta/VerTabla/23085/1/2007,http://firma.providencia.cl/dsign/cgi/sdoc.exe/sdoc/document?id=wlJEW%2BLIIfJIS4xvMioCFA%3D%3D,verified,4d49aeef6c7874288e70d1e9013c36d216de65454da918e51d4e7ab791d638a7,62293
Providencia,13,MU228,Municipalidad,23085,Sobre derechos municipales,Decreto exento,2290,2008-12-17,"Sobre derechos municipales N° 2290: Fíjase el siguiente texto refundido y sistematizado de la Ordenanza Nº22 de 28 de Diciembre de 2001 y sus modificaciones ""Ordenanza Local Sobre Derechos Municipales"", que regirá en el año 2009",texto_refundido,Derechos Municipales y Tarifas,derechos_tarifas,https://transparencia.providencia.cl/Carpeta/VerTabla/23085/1/2008,http://firma.providencia.cl/dsign/cgi/sdoc.exe/sdoc/document?id=ZnnemGB4GV%2FpeC7p60LgoQ%3D%3D,verified,d69d06df78201db0d9f058e44125ff30a88970ab7d9f169d77e88a162d1f12f0,7554499
Providencia,13,MU228,Municipalidad,23085,Sobre derechos municipales,Ordenanza,74,2008-10-03,Sobre derechos municipales N° 74: Modifícase la Ordenanza Nº22 de 28,texto_refundido,Derechos Municipales y Tarifas,derechos_tarifas,https://transparencia.providencia.cl/Carpeta/VerTabla/23085/1/2008,http://firma.providencia.cl/dsign/cgi/sdoc.exe/sdoc/document?id=kK0sye%2BW4OF2zHK4KUQO7Q%3D%3D,verified,aed23a5558daabd7e3447c4831691fdb967422eeade6437869756ac8564d584e,2102194
Providencia,13,MU228,Municipalidad,23085,Sobre derechos municipales,Ordenanza,72,2008-08-25,"Sobre derechos municipales N° 72: Modifícase la Ordenanza Nº22 de 28 de Diciembre de 2001, ""Ordenanza Local sobre Derechos Municipales"", que rige para el año 2008, cuyo texto refundido y sistematizado fue aprobado por Decreto Alcaldicio EX",texto_refundido,Derechos Municipales y Tarifas,derechos_tarifas,https://transparencia.providencia.cl/Carpeta/VerTabla/23085/1/2008,http://firma.providencia.cl/dsign/cgi/sdoc.exe/sdoc/document?id=LT%2BPi8WpC8eKWozdw9GCCA%3D%3D,verified,e3c0ec7c97f7959706434c034fbd76b337501094bcb28dbd2edadaa3e1fe85aa,172692
Providencia,13,MU228,Municipalidad,23085,Sobre derechos municipales,Decreto exento,2669,2009-12-18,"Sobre derechos municipales N° 2669: Fíjase el texto refundido y sistematizado de la Ordenanza Nº22 de 28 de Diciembre de 2001 y sus modificaciones ""Ordenanza Local sobre Derechos Municipales"" que regirá para el año 2010",texto_refundido,Derechos Municipales y Tarifas,derechos_tarifas,https://transparencia.providencia.cl/Carpeta/VerTabla/23085/1/2009,http://firma.providencia.cl/dsign/cgi/sdoc.exe/sdoc/document?id=vAeOWe%2B2V2lpYIJFf1X34Q%3D%3D,verified,a9665f29fca31793542a582d185cc51b27a551f2ec9457076668aabd8ef03f56,1754856
Providencia,13,MU228,Municipalidad,23085,Sobre derechos municipales,Ordenanza,84,2009-10-14,Sobre derechos municipales N° 84: Modifícase la Ordenanza N°22 de 28,texto_refundido,Derechos Municipales y Tarifas,derechos_tarifas,https://transparencia.providencia.cl/Carpeta/VerTabla/23085/1/2009,http://firma.providencia.cl/dsign/cgi/sdoc.exe/sdoc/document?id=0%2FZ5HXv3F4W2TX6NpUwDcg%3D%3D,verified,8f9a6cee1e517249aa4152861fd491ff1d992e7329383dbce46cfbf8b60f7240,1096181
Providencia,13,MU228,Municipalidad,23085,Sobre derechos municipales,Ordenanza,81,2009-07-03,Sobre derechos municipales N° 81: Modifícase la ordenanza Nº22 de 28,texto_refundido,Derechos Municipales y Tarifas,derechos_tarifas,https://transparencia.providencia.cl/Carpeta/VerTabla/23085/1/2009,http://firma.providencia.cl/dsign/cgi/sdoc.exe/sdoc/document?id=EwA76QdvxiMIES%2FD82rLbw%3D%3D,verified,c7b47fe57609020a3ce860d11e64b129069d8462e51c46725791fb8c8da0e96e,51303
Providencia,13,MU228,Municipalidad,23085,Sobre derechos municipales,Decreto exento,2361,2010-12-20,Sobre derechos municipales N° 2361: Texto refundido y sistematizado de la Ordenanza de Derechos Municipales que regirá para el año 2011,texto_refundido,Derechos Municipales y Tarifas,derechos_tarifas,https://transparencia.providencia.cl/Carpeta/VerTabla/23085/1/2010,http://firma.providencia.cl/dsign/cgi/sdoc.exe/sdoc/document?id=q5x6tauiq0rIXyBjuBX2ag%3D%3D,verified,fb5cfd804d2bdafb351a9ec1e45bdb01dba7bb3c5ce76bf75c42a4a42efb5d50,1820058
Providencia,13,MU228,Municipalidad,23085,Sobre derechos municipales,Ordenanza,97,2010-10-13,Sobre derechos municipales N° 97: Modifícase la Ordenanza Nº22 de 28,texto_refundido,Derechos Municipales y Tarifas,derechos_tarifas,https://transparencia.providencia.cl/Carpeta/VerTabla/23085/1/2010,http://firma.providencia.cl/dsign/cgi/sdoc.exe/sdoc/document?id=6wVrRq%2Bj8Go3kbWNTfsJkg%3D%3D,verified,ad51212f7c7b782809465550cdb06cb85e2040eb7a3fb563ba830d2e0f779dba,498143
Providencia,13,MU228,Municipalidad,23085,Sobre derechos municipales,Ordenanza,92,2010-09-15,Sobre derechos municipales N° 92: Modifícase la Ordenanaza Nº22 de 28,texto_refundido,Derechos Municipales y Tarifas,derechos_tarifas,https://transparencia.providencia.cl/Carpeta/VerTabla/23085/1/2010,http://firma.providencia.cl/dsign/cgi/sdoc.exe/sdoc/document?id=civDWKJQH2GZQqfs0ze2WA%3D%3D,verified,b74788038ecb7b4a6ac1adf9734c984be199b8ae67424294ce20966672dc00d8,49961
Providencia,13,MU228,Municipalidad,23085,Sobre derechos municipales,Ordenanza,89,2010-05-28,"Sobre derechos municipales N° 89: Modifícase la Ordenanza Nº22 de 28 de Diciembre de 2001, ""Ordenanza Local sobre Derechos Municipales que rige para el año 2010"", aprobado por  EX2669 de 2009, sustituyendo el Nº28 del Art",modificacion,Derechos Municipales y Tarifas,derechos_tarifas,https://transparencia.providencia.cl/Carpeta/VerTabla/23085/1/2010,http://firma.providencia.cl/dsign/cgi/sdoc.exe/sdoc/document?id=nMhgozi%2FbVC8CN8F0BVHvA%3D%3D,verified,989e468dbe8f7dbcf50bc0fc5055c025c387610e1eafc4cc3bc8c987eae23321,122068
Providencia,13,MU228,Municipalidad,23085,Sobre derechos municipales,Decreto exento,2466,2011-12-26,"Sobre derechos municipales N° 2466: Fíjase el texto refundido y sistematizado de la Ordenanza Nº22 de 28 de Dicimebre de 2011 y sus modificaciones ""Ordenanza Local sobre Derechos Municipales"" que regirá para el año 2012",texto_refundido,Derechos Municipales y Tarifas,derechos_tarifas,https://transparencia.providencia.cl/Carpeta/VerTabla/23085/1/2011,http://firma.providencia.cl/dsign/cgi/sdoc.exe/sdoc/document?id=QZ19Qe2kha5v58rEpyztXA%3D%3D,verified,5acc728f55ce36841a6af2dc23a8b280fd261f6207ba3ca6053d952334dc6668,2223637
Providencia,13,MU228,Municipalidad,23085,Sobre derechos municipales,Ordenanza,114,2011-10-20,Sobre derechos municipales N° 114: Ordenanza Nº114 de 20,ordenanza_base,Derechos Municipales y Tarifas,derechos_tarifas,https://transparencia.providencia.cl/Carpeta/VerTabla/23085/1/2011,http://firma.providencia.cl/dsign/cgi/sdoc.exe/sdoc/document?id=o6LDwvqZ7BmNXETbRpPagg%3D%3D,verified,e2595524093b42d7a44402dc0861042d33f2ee8b473f33c09b00b005783914b8,58535
Providencia,13,MU228,Municipalidad,23085,Sobre derechos municipales,Ordenanza,109,2011-10-07,"Sobre derechos municipales N° 109: Modifícase la Ordenanza Nº22 de 28 de diciembre de 2011 ""Ordenanza Local sobre Derechos Municipales"", que rige para el año 2011, cuyo texto refundido y sistematizado fue aprobado por Decreto Alcaldicio EXNº2",texto_refundido,Derechos Municipales y Tarifas,derechos_tarifas,https://transparencia.providencia.cl/Carpeta/VerTabla/23085/1/2011,http://firma.providencia.cl/dsign/cgi/sdoc.exe/sdoc/document?id=87wRLNEi3uTiuMnNqIfEBw%3D%3D,verified,d764fc6c6aa38529641e9388bf63f898b80a0d17d683292ede6d01a94418df3e,293439
Providencia,13,MU228,Municipalidad,23085,Sobre derechos municipales,Ordenanza,106,2011-09-15,"Sobre derechos municipales N° 106: Modifícase la Ordenanza Nº22 de 28 de Diciembre de 2011 ""Ordenanza Local sobre Derechos Municipales que rige para el año 2011"", cuyo texto refundido y sistematizado fue aprobado por Decreto Alcaldicio EXNº2361 de 20 de Diciembre de 2010",texto_refundido,Derechos Municipales y Tarifas,derechos_tarifas,https://transparencia.providencia.cl/Carpeta/VerTabla/23085/1/2011,http://firma.providencia.cl/dsign/cgi/sdoc.exe/sdoc/document?id=Ckb%2Bb9uS7rTSH789c1K2zw%3D%3D,verified,efbbd8f23736457d5d142977021073349e37f4365c5912e7fab5da51b0577596,54576
Providencia,13,MU228,Municipalidad,23085,Sobre derechos municipales,Ordenanza,103,2011-07-28,"Sobre derechos municipales N° 103: Modifícase la Ordenanza Nº22 de 28 de Diciembre de 2011 la ""Ordenanza Local sobre Derechos Municipales que rige para el año 2011"", cuyo texto refundido y sistematizado fue aprobado pro Decreto Alcaldicio EXNº2",texto_refundido,Derechos Municipales y Tarifas,derechos_tarifas,https://transparencia.providencia.cl/Carpeta/VerTabla/23085/1/2011,http://firma.providencia.cl/dsign/cgi/sdoc.exe/sdoc/document?id=PiLNZHuMBupNFS7POBhHmQ%3D%3D,verified,b1571df5e88e0e90751f21a865298a69c768a56edcb17208418ac40360e52bb1,49948
Providencia,13,MU228,Municipalidad,23085,Sobre derechos municipales,Ordenanza,102,2011-05-17,"Sobre derechos municipales N° 102: Modifícase la ordenanza Nº22 de 28 de Diciembre de 2001 ""Ordenanza Local Sobre Derecho Municipales que rige para el año 2011""",ordenanza_base,Derechos Municipales y Tarifas,derechos_tarifas,https://transparencia.providencia.cl/Carpeta/VerTabla/23085/1/2011,http://firma.providencia.cl/dsign/cgi/sdoc.exe/sdoc/document?id=rm2jg94nRuSPj217QcEcMA%3D%3D,verified,747231af8687001acaed8dbcef11157451d17635061d81b84578958b28b72b27,45483
Providencia,13,MU228,Municipalidad,23085,Sobre derechos municipales,Ordenanza,101,2011-04-19,Sobre derechos municipales N° 101: Modifícase la Ordenanza Nº22 de 28,texto_refundido,Derechos Municipales y Tarifas,derechos_tarifas,https://transparencia.providencia.cl/Carpeta/VerTabla/23085/1/2011,http://firma.providencia.cl/dsign/cgi/sdoc.exe/sdoc/document?id=D%2F7fA4AYdvhi9FcR%2BjfxAQ%3D%3D,verified,b7502ae0840bdc68af8188786f7e795da9d19e1e151a2a7ff7999bc5970fdd1e,56921
Providencia,13,MU228,Municipalidad,23085,Sobre derechos municipales,Decreto exento,2304,2012-11-09,Sobre derechos municipales N° 2304: Fíjase el siguiente texto refundido y sistematizado de la Ordenanza Nº22 de 28,texto_refundido,Derechos Municipales y Tarifas,derechos_tarifas,https://transparencia.providencia.cl/Carpeta/VerTabla/23085/1/2012,http://firma.providencia.cl/dsign/cgi/sdoc.exe/sdoc/document?id=%2Bte0GpssGRw%2BVIB29%2BnOTA%3D%3D,verified,b5518aaada103131482b548cdc31c0076a9b334c4b4484b572a3d2ed4fd703c4,2664023
Providencia,13,MU228,Municipalidad,23085,Sobre derechos municipales,Ordenanza,120,2012-10-23,"Sobre derechos municipales N° 120: Modifícase la Ordenanza Nº22 de 28 de Diciembre de 2001 ""Ordenanza local sobre derechos municipales"", que rige para el año 2012, cuyo texto refundido y sistematizado fue aprobado por Decreto Alcaldicio EX",texto_refundido,Derechos Municipales y Tarifas,derechos_tarifas,https://transparencia.providencia.cl/Carpeta/VerTabla/23085/1/2012,http://firma.providencia.cl/dsign/cgi/sdoc.exe/sdoc/document?id=LKM2BikhM5TuWj8nUdnQgA%3D%3D,verified,1ee0462a71ea60b9389ba952f03afbc027955e46fee196ee2651a7e6b2a2e82d,1427387
Providencia,13,MU228,Municipalidad,23085,Sobre derechos municipales,Ordenanza,119,2012-10-16,Sobre derechos municipales N° 119: Modifícase la Ordenanza Nº22 de 28,ordenanza_base,Derechos Municipales y Tarifas,derechos_tarifas,https://transparencia.providencia.cl/Carpeta/VerTabla/23085/1/2012,http://firma.providencia.cl/dsign/cgi/sdoc.exe/sdoc/document?id=V8%2B7c%2BWhwMWw%2B4ujyL6N6w%3D%3D,verified,92cb6ec0d9a79eec0b364d193a0bcefd546f99f347e2c0163b07dabca090b3b5,81024
Providencia,13,MU228,Municipalidad,23085,Sobre derechos municipales,Ordenanza,117,2012-07-06,Sobre derechos municipales N° 117: Modificase la Ordenanza Nº22 DE 28,texto_refundido,Derechos Municipales y Tarifas,derechos_tarifas,https://transparencia.providencia.cl/Carpeta/VerTabla/23085/1/2012,http://firma.providencia.cl/dsign/cgi/sdoc.exe/sdoc/document?id=Bnp7A4CrDsQhq4UTbpbogA%3D%3D,verified,ae24031bf064654eb78f55e87c8a95e0c101171ab155db8f4e75b87d1f5b5127,58523
Providencia,13,MU228,Municipalidad,23085,Sobre derechos municipales,Ordenanza,115,2012-03-19,Sobre derechos municipales N° 115: Modifícase la Ordenanza Nº22 de 28,ordenanza_base,Derechos Municipales y Tarifas,derechos_tarifas,https://transparencia.providencia.cl/Carpeta/VerTabla/23085/1/2012,http://firma.providencia.cl/dsign/cgi/sdoc.exe/sdoc/document?id=5QmL2%2Ff9QTVtTSnmZKV3Sg%3D%3D,verified,091acfac4904e47932c14430ec8f6f48b140e7b8e06efb3a9665ce6f8adbe2c5,145431
Providencia,13,MU228,Municipalidad,23085,Sobre derechos municipales,Decreto exento,2590,2013-12-17,Sobre derechos municipales N° 2590: Texto refundido Ordenanza de Derechos Municipales,texto_refundido,Derechos Municipales y Tarifas,derechos_tarifas,https://transparencia.providencia.cl/Carpeta/VerTabla/23085/1/2013,http://firma.providencia.cl/dsign/cgi/sdoc.exe/sdoc/document?id=ZUmQFgSu9s4j2BA5Amfwmw%3D%3D,verified,027e5337a8e32bc24e955cd2e4a178e904d0497bda2a6505a1b37d62401cd5b1,2721772
Providencia,13,MU228,Municipalidad,23085,Sobre derechos municipales,Ordenanza,124,2013-10-29,"Sobre derechos municipales N° 124: Modifícase la Ordenanza Nº22 de 28 de Diciembre de 2001 ""Ordenanza local sobre derechos municipales"", que rige para el año 2013, cuyo texto refundido y sistematizado fue aprobado por Decreto Alcaldicio EX",texto_refundido,Derechos Municipales y Tarifas,derechos_tarifas,https://transparencia.providencia.cl/Carpeta/VerTabla/23085/1/2013,http://firma.providencia.cl/dsign/cgi/sdoc.exe/sdoc/document?id=BMKfimm62zHEQZG5kp5jhA%3D%3D,verified,0759b0dc6cda4e8381242f2b6f22e73c9809ca06cc81686c12e04c55dd863797,1325946
Providencia,13,MU228,Municipalidad,23085,Sobre derechos municipales,Decreto exento,2547,2014-12-23,Sobre derechos municipales N° 2547: Fíjase el siguiente texro refundido y sistematizado de la Ordenanza N°22 de 28,texto_refundido,Derechos Municipales y Tarifas,derechos_tarifas,https://transparencia.providencia.cl/Carpeta/VerTabla/23085/1/2014,http://firma.providencia.cl/dsign/cgi/sdoc.exe/sdoc/document?id=LvyGcRzurzBYlu9oTHgshg%3D%3D,verified,8ed70a5ddd08f6b7b434b511199ba5f96be9c2f0fda2b2b3ba847999c34a0aa1,24307110
Providencia,13,MU228,Municipalidad,23085,Sobre derechos municipales,Ordenanza,134,2014-10-29,"Sobre derechos municipales N° 134: Modifícase la Ordenanza Nº22 de 28 de Diciembre de 2001 ""Ordenanza Local sobre Derechos Municipales"", que rige para el año 2014, cuyo texto refundido y sistematizado fue fijado por Decreto Alcaldicio EXNº2590 de 17 de Diciembre de 2013",texto_refundido,Derechos Municipales y Tarifas,derechos_tarifas,https://transparencia.providencia.cl/Carpeta/VerTabla/23085/1/2014,http://firma.providencia.cl/dsign/cgi/sdoc.exe/sdoc/document?id=s97J7Ndck9%2FCW3WfIaJlrQ%3D%3D,verified,b1f202cf95a83fd0c700defb234f4beaee321d9797727acf41bb4de1a0a77a2b,8414216
Providencia,13,MU228,Municipalidad,23085,Sobre derechos municipales,Decreto exento,2103,2015-12-22,"Sobre derechos municipales N° 2103: Fijase el siguiente texto refundido y sistematizado de la Ordenanza N°22 de 28 de Diciembre de 2001 y sus modificaciones ""Ordenanza local sobre Derechos Municipales"", que regirá para el año 2016",texto_refundido,Derechos Municipales y Tarifas,derechos_tarifas,https://transparencia.providencia.cl/Carpeta/VerTabla/23085/1/2015,http://firma.providencia.cl/dsign/cgi/sdoc.exe/sdoc/document?id=0xk%2Btju%2FEOmMvWVavhUCwA%3D%3D,verified,9bd73fb4165dfcba0fd6f4cd27bb4a50f6f023a39501cc36c95f3f04639902d1,2236125
Providencia,13,MU228,Municipalidad,23085,Sobre derechos municipales,Ordenanza,142,2015-11-05,Sobre derechos municipales N° 142 - Sobre derechos municipales,ordenanza_base,Derechos Municipales y Tarifas,derechos_tarifas,https://transparencia.providencia.cl/Carpeta/VerTabla/23085/1/2015,http://firma.providencia.cl/dsign/cgi/sdoc.exe/sdoc/document?id=C5HYvE9QrecS87qgDsCB8Q%3D%3D,verified,a42ff8b610da05995c7bac1278b6980ef7a3548de8f235057c1aec47b95c2ab5,513030
Providencia,13,MU228,Municipalidad,23085,Sobre derechos municipales,Ordenanza,142,2015-10-27,"Sobre derechos municipales N° 142: Modifícase la Ordenanza N°22 de 28 de Diciembre de 2001 ""Ordenanza Local Sobre Derechos Municipales"" que rige para el año 2015, cuyo texto refundido y sistematizado fue fijado por Decreto Alcaldicio EX",texto_refundido,Derechos Municipales y Tarifas,derechos_tarifas,https://transparencia.providencia.cl/Carpeta/VerTabla/23085/1/2015,http://firma.providencia.cl/dsign/cgi/sdoc.exe/sdoc/document?id=jc5v3F%2FOGRL%2BEG7JkoQXYg%3D%3D,verified,c87f9392795eb7a60f30fec35396d54d88d6060c986e16b9e076c41b63b2d3b9,838043
Providencia,13,MU228,Municipalidad,23085,Sobre derechos municipales,Ordenanza,139,2015-08-10,Sobre derechos municipales N° 139: Modifícase la Ordenanza Nº22 de 28,texto_refundido,Derechos Municipales y Tarifas,derechos_tarifas,https://transparencia.providencia.cl/Carpeta/VerTabla/23085/1/2015,http://firma.providencia.cl/dsign/cgi/sdoc.exe/sdoc/document?id=iC1plLEZasXJwPQAGwtVBg%3D%3D,verified,931a0053e23b2c681543b11a6238558bf92cfd3673867f336b888e8c5429833b,636510
Providencia,13,MU228,Municipalidad,23085,Sobre derechos municipales,Decreto exento,2031,2016-11-30,Sobre derechos municipales N° 2031: Fíjase el texto refundido y sistematizado de la Ordenanza Local sobre Derechos Municipals que regirá para el año 2017,texto_refundido,Derechos Municipales y Tarifas,derechos_tarifas,https://transparencia.providencia.cl/Carpeta/VerTabla/23085/1/2016,http://firma.providencia.cl/dsign/cgi/sdoc.exe/sdoc/document?id=ongXoU3z%2FqeaaLrqp386DQ%3D%3D,verified,bdea9c49546939b81fb8ec297c16a7c246d8d36b5eb93fb4d7676f4337e5c1e1,4653885
Providencia,13,MU228,Municipalidad,23085,Sobre derechos municipales,Ordenanza,153,2016-10-27,"Sobre derechos municipales N° 153: Modifícase la ""Ordenanza Local Sobre Derechos Municipales, que rige para el año 2016, en lo que se indica",ordenanza_base,Derechos Municipales y Tarifas,derechos_tarifas,https://transparencia.providencia.cl/Carpeta/VerTabla/23085/1/2016,http://firma.providencia.cl/dsign/cgi/sdoc.exe/sdoc/document?id=U0DVSm2ozEmToiD1y%2BC25w%3D%3D,verified,d455bd30756fb7384e711cd8d61e4e3d4f93e60e0c50129a72c271b71dcfc92d,928986
Providencia,13,MU228,Municipalidad,23085,Sobre derechos municipales,Ordenanza,151,2016-08-24,"Sobre derechos municipales N° 151: Modíficase la ""Ordenanza Local Sobre Derechos Municipales"" que rige para el año 2016, cuyo texto refundido y sistematizado fue fijado por Decreto Alcaldicio EX",texto_refundido,Derechos Municipales y Tarifas,derechos_tarifas,https://transparencia.providencia.cl/Carpeta/VerTabla/23085/1/2016,http://firma.providencia.cl/dsign/cgi/sdoc.exe/sdoc/document?id=Z2legKYT9yZsL4gNi7jfOQ%3D%3D,verified,4dd0fcc7d011facb88edaee8fc6a5574bc1b909b23b86febe0d8fb249a395ca2,200887
Providencia,13,MU228,Municipalidad,23085,Sobre derechos municipales,Ordenanza,148,2016-05-16,"Sobre derechos municipales N° 148: Modifícase la Ordenanza N°22 de 28 de Diciembre de 2001 ""Ordenanza local sobre Derechos Municipales"", que rige para el año 2016, cuyo texto y refundido y sistematizado fue fijado por EX",texto_refundido,Derechos Municipales y Tarifas,derechos_tarifas,https://transparencia.providencia.cl/Carpeta/VerTabla/23085/1/2016,http://firma.providencia.cl/dsign/cgi/sdoc.exe/sdoc/document?id=ymN9z4t2TO4NEmYiAtNTNQ%3D%3D,verified,4d7d95116e6e84af9d9d097784b67bcc2ad089df82a23275b054906da8e63178,1165145
Providencia,13,MU228,Municipalidad,23085,Sobre derechos municipales,Ordenanza,146,2016-02-24,Sobre derechos municipales N° 146: Modifícase la Ordenanza N°22 de 28,ordenanza_base,Derechos Municipales y Tarifas,derechos_tarifas,https://transparencia.providencia.cl/Carpeta/VerTabla/23085/1/2016,http://firma.providencia.cl/dsign/cgi/sdoc.exe/sdoc/document?id=afPMCoGlcB8MpRL3dJqyIg%3D%3D,verified,a167c526e563c83231a179c8d4be3b23fec0c7298250892ccfa377720988ebfa,102499
Providencia,13,MU228,Municipalidad,23085,Sobre derechos municipales,Ordenanza,17,2016-02-24,Sobre derechos municipales N° 17 - Sobre derechos municipales,extracto_do,Derechos Municipales y Tarifas,derechos_tarifas,https://transparencia.providencia.cl/Carpeta/VerTabla/23085/1/2016,http://firma.providencia.cl/dsign/cgi/sdoc.exe/sdoc/document?id=kCBZnM0C%2BquZq%2FwL%2Blbq9g%3D%3D,verified,0f12180f6aa997f1243a4587fa1dbe5bb44fdafc17dd6240c61016198ed2ed1a,151617
Providencia,13,MU228,Municipalidad,23085,Sobre derechos municipales,Ordenanza,160,2017-11-15,"Sobre derechos municipales N° 160: Modifícase el N°1 de la Ordenanza N°159 de 31 de Octubre de 2017, mediante la cual se modificó la ""Ordenanza Local sobre Decrechos Municipales"" que rige para el año 2017, en el siguiente sentido",ordenanza_base,Derechos Municipales y Tarifas,derechos_tarifas,https://transparencia.providencia.cl/Carpeta/VerTabla/23085/1/2017,http://firma.providencia.cl/dsign/cgi/sdoc.exe/sdoc/document?id=9NSsupMBUltC3ttaPMM9Ig%3D%3D,verified,1f712773aaece95dee3e5829ada5c5f6a5bc1b875f5034f10da2c6a99cc1b4e3,518729
Providencia,13,MU228,Municipalidad,23085,Sobre derechos municipales,Ordenanza,159,2017-10-31,"Sobre derechos municipales N° 159: Modifícase la ""Ordenanza local sobre derechos municipales"" que rige para el año 2017, cuyo texto refundido y sistematizado fue fijado por Decreto Alcaldicio EX",texto_refundido,Derechos Municipales y Tarifas,derechos_tarifas,https://transparencia.providencia.cl/Carpeta/VerTabla/23085/1/2017,http://firma.providencia.cl/dsign/cgi/sdoc.exe/sdoc/document?id=fdFyN1Y3pQmhSY2xwbcIvQ%3D%3D,verified,b3c827fe2362b4f0d07537a805d0254fa166a362b6dd6b2449eed6d24788c32e,539710
Providencia,13,MU228,Municipalidad,23085,Sobre derechos municipales,Ordenanza,158,2017-10-30,"Sobre derechos municipales N° 158: Modifícase la ""Ordenanza Local sobre Derechos Municipales"" que rige para el año 2017, cuyo texto refundido y sistematizado fue fijado por Decreto Alcaldicio EX",texto_refundido,Derechos Municipales y Tarifas,derechos_tarifas,https://transparencia.providencia.cl/Carpeta/VerTabla/23085/1/2017,http://firma.providencia.cl/dsign/cgi/sdoc.exe/sdoc/document?id=l7yhM4jWXmE9kFzzIi%2F42g%3D%3D,verified,36b8e41cece0e3924029307f41dfd47f7d0a34b4938d59af61da088b6b582559,15997457
Providencia,13,MU228,Municipalidad,23085,Sobre derechos municipales,Decreto exento,1855,2018-12-13,"Sobre derechos municipales N° 1855: Fíjase el siguiente texto refundido y sistematizado de la "" ORDENANZA LOCAL SOBRE DERECHOS MUNICIPALES"" que regirá en el año 2019",texto_refundido,Derechos Municipales y Tarifas,derechos_tarifas,https://transparencia.providencia.cl/Carpeta/VerTabla/23085/1/2018,http://firma.providencia.cl/dsign/cgi/sdoc.exe/sdoc/document?id=Wh54sOg7BQzkTEdJTEUf2Q%3D%3D,verified,c56322df59d3b4d9bd92dbc209074e2cf85998ab555c3bc958483ac86fb5b39a,5262869
Providencia,13,MU228,Municipalidad,23085,Sobre derechos municipales,Ordenanza,171,2018-10-31,"Sobre derechos municipales N° 171: Modifícase la Ordenana Local sobre Derechos Municipales que rige para el año 2018, cuyo texto refundido y sistematizado fue fijado por  Decreto Alcaldicio EXN°12 de 9",texto_refundido,Derechos Municipales y Tarifas,derechos_tarifas,https://transparencia.providencia.cl/Carpeta/VerTabla/23085/1/2018,http://firma.providencia.cl/dsign/cgi/sdoc.exe/sdoc/document?id=XwdTxmsODAbH1gDia1KXfA%3D%3D,verified,546cea91f87c300a37e9150a18ba9fc2824ce43f24c2246e93cebc9c89e502a7,3458968
Providencia,13,MU228,Municipalidad,23085,Sobre derechos municipales,Ordenanza,165,2018-07-11,"Sobre derechos municipales N° 165: Rectifícase la ""OrdenanzaLocal sobre Derechos Municipales"" que rige para el año 2018, cuyo texto refundido y sistematizado fue fijado por Decreto Alcaldicio EX",texto_refundido,Derechos Municipales y Tarifas,derechos_tarifas,https://transparencia.providencia.cl/Carpeta/VerTabla/23085/1/2018,http://firma.providencia.cl/dsign/cgi/sdoc.exe/sdoc/document?id=LArPxjAoGtcR7o8rS5kp6A%3D%3D,verified,1e84d6ef2a794fd20aec71d81d49653e314c531f09917a1707b044a73da40e54,108066
Providencia,13,MU228,Municipalidad,23085,Sobre derechos municipales,Ordenanza,164,2018-06-12,"Sobre derechos municipales N° 164: Modifícase la Ordenanza Local sobre Derechos Municipales que rige para el año 2018, texto refundido y sistematizado por EXN°12 de 9 de Eero de 2018 en el sentido de agregar inciso al final del art",texto_refundido,Derechos Municipales y Tarifas,derechos_tarifas,https://transparencia.providencia.cl/Carpeta/VerTabla/23085/1/2018,http://firma.providencia.cl/dsign/cgi/sdoc.exe/sdoc/document?id=dgopKQgyk86JsUgjIWqx1w%3D%3D,verified,6270544edba0617bad171390fed89c5c3fa687dbbb8a5c1e4e251ff0404a528e,163789
Providencia,13,MU228,Municipalidad,23085,Sobre derechos municipales,Decreto exento,12,2018-01-09,"Sobre derechos municipales N° 12: Fíjase el siguiente texto refundido y sistematizado de la ""Ordenanza Local Sobre Derechos Municipales"" que regirá en el año 2018",texto_refundido,Derechos Municipales y Tarifas,derechos_tarifas,https://transparencia.providencia.cl/Carpeta/VerTabla/23085/1/2018,http://firma.providencia.cl/dsign/cgi/sdoc.exe/sdoc/document?id=XE%2FFUlCoVwF4BaS36atN%2BA%3D%3D,verified,a4408afc7b4d70568042933e1ed5246b32fcb6da5c2988e3456a1cc4a31fc8af,2966583
Providencia,13,MU228,Municipalidad,23085,Sobre derechos municipales,Decreto exento,1966,2019-12-18,"Sobre derechos municipales N° 1966: Fíjase el siguiente tecto refundido y sistematizado de la ""Ordenanza Local Sobre Derechos Municipales"" que regirá en el año 2020",texto_refundido,Derechos Municipales y Tarifas,derechos_tarifas,https://transparencia.providencia.cl/Carpeta/VerTabla/23085/1/2019,http://firma.providencia.cl/dsign/cgi/sdoc.exe/sdoc/document?id=sTGkMghAzU%2BDnIjbEjFlAQ%3D%3D,verified,443b6e5cb81164d4058e3ad637b55c56193d877b929a09520c2e87999e0c7806,12122000
Providencia,13,MU228,Municipalidad,23085,Sobre derechos municipales,Ordenanza,187,2019-10-30,"Sobre derechos municipales N° 187: Modifícase la Ordenanza Local Sobre Derechos Municipales, que rige para el año 2019, cuyo texto refundido y sistematizado fue fijado por EXN°1",texto_refundido,Derechos Municipales y Tarifas,derechos_tarifas,https://transparencia.providencia.cl/Carpeta/VerTabla/23085/1/2019,http://firma.providencia.cl/dsign/cgi/sdoc.exe/sdoc/document?id=VvfD5iv82C%2FnpUfV%2Btr4fw%3D%3D,verified,5246c08c715168dc0a0a91a4c680b20f5255427b5707d1d0235e19c3a1e6cce9,6838797
Providencia,13,MU228,Municipalidad,23085,Sobre derechos municipales,Ordenanza,183,2019-06-10,"Sobre derechos municipales N° 183: Modifícase la ORDENANZA LOCAL SOBRE DERECHOS MUNICIPALES, que rige para el año 2019",ordenanza_base,Derechos Municipales y Tarifas,derechos_tarifas,https://transparencia.providencia.cl/Carpeta/VerTabla/23085/1/2019,http://firma.providencia.cl/dsign/cgi/sdoc.exe/sdoc/document?id=o0u%2B2nOgXBwAL%2BNv27fUFA%3D%3D,verified,95b7800400a2a52e9e94c6bfdfe688e77021d02a8ca0309b11adc89c359916b4,972535
Providencia,13,MU228,Municipalidad,23085,Sobre derechos municipales,Ordenanza,180,2019-04-08,"Sobre derechos municipales N° 180: Modifícase la ""Ordenanza Local sobre Derechos muncipales"" que rige para el año 2019",ordenanza_base,Derechos Municipales y Tarifas,derechos_tarifas,https://transparencia.providencia.cl/Carpeta/VerTabla/23085/1/2019,http://firma.providencia.cl/dsign/cgi/sdoc.exe/sdoc/document?id=dRCpY1vat6ezNRTj1HxxPA%3D%3D,verified,15f3fdd95e2e53b97c6c51424681bde18645916cd4f5e1598edef344dec7be46,569669
Providencia,13,MU228,Municipalidad,23085,Sobre derechos municipales,Ordenanza,178,2019-01-25,"Sobre derechos Municipales N° 178: Modifícase la Ordenanza Local de Derechos Municipales"" que rige para el año 2019, cuyo texto refundido y sistematizado fue fijado por Decreto Alcaldicio EX",texto_refundido,Derechos Municipales y Tarifas,derechos_tarifas,https://transparencia.providencia.cl/Carpeta/VerTabla/23085/1/2019,http://firma.providencia.cl/dsign/cgi/sdoc.exe/sdoc/document?id=4fFPrHWs7xGosSZ%2Bw471uQ%3D%3D,verified,2e7f17e2029054a3f154d5772a29199489bc7fcb0caf10d2f2b3ca7c7b0943e7,594266
Providencia,13,MU228,Municipalidad,23085,Sobre derechos municipales,Ordenanza,205,2020-12-22,"Sobre derechos municipales N° 205: Modifícase la Ordenanza Local sobre Derechos Municipales que rige para el año 2020, cuyo texto refundido y sistematizado fue fijado por EX N°1",texto_refundido,Derechos Municipales y Tarifas,derechos_tarifas,https://transparencia.providencia.cl/Carpeta/VerTabla/23085/1/2020,http://firma.providencia.cl/dsign/cgi/sdoc.exe/sdoc/document?id=0f0v64s3Y2lPY4zBwfcqIg%3D%3D,verified,c33397872743179e85ed2b19f688b4d24ecd2a5c81afdb06af47f6f4d7a453e6,465884
Providencia,13,MU228,Municipalidad,23085,Sobre derechos municipales,Ordenanza,203,2020-10-28,"Sobre derechos municipales N° 203: Modifícase la ""Ordenanza Local sobre Derechos Municipales""que rige para el año 2020, cuyo texto refundido y sistematizado fue fijado por Decreto Alcaldicio EX",texto_refundido,Derechos Municipales y Tarifas,derechos_tarifas,https://transparencia.providencia.cl/Carpeta/VerTabla/23085/1/2020,http://firma.providencia.cl/dsign/cgi/sdoc.exe/sdoc/document?id=jfbSVs18zrQStbg%2FlZ4ERw%3D%3D,verified,5e9966da2151332483ae6a31c3623ea8b9596c7c21bd5a986cc0eaa182069143,12414792
Providencia,13,MU228,Municipalidad,23085,Sobre derechos municipales,Ordenanza,200,2020-06-23,"Sobre derechos municipales N° 200: Incorpórase a la Ordenanza Local sobre Derechos Municipales"", que rige para el año 2020, cuyo texto refundido y sistematizado fue fijado por Decreto Alcaldicio EX",texto_refundido,Derechos Municipales y Tarifas,derechos_tarifas,https://transparencia.providencia.cl/Carpeta/VerTabla/23085/1/2020,http://firma.providencia.cl/dsign/cgi/sdoc.exe/sdoc/document?id=6gxjqboe48NpbEowKQOStg%3D%3D,verified,572169f3e2f6140d51970b1f745b8c5f1f42e5dbd5276ff1f0a80a328dfa1f5d,834617
Providencia,13,MU228,Municipalidad,23085,Sobre derechos municipales,Ordenanza,195,2020-04-21,"Sobre derechos municipales N° 195: Modifícase la Ordenanza Local sobre Derechos Municipales , que rige para el año 2020 , cuyo texto refundido y sistematizado fue fijado por EXN°1",texto_refundido,Derechos Municipales y Tarifas,derechos_tarifas,https://transparencia.providencia.cl/Carpeta/VerTabla/23085/1/2020,http://firma.providencia.cl/dsign/cgi/sdoc.exe/sdoc/document?id=ZRxq%2F%2BV12Ux6Ss52SZltvw%3D%3D,verified,a269e8b37e0666b64919a24257954c73182a92a79ac48b5a514fd4008bf515f5,279109
Providencia,13,MU228,Municipalidad,23085,Sobre derechos municipales,Decreto exento,1991,2021-12-29,"Sobre derechos municipales N° 1991: Fíjase el siguiente texto refundido y sistematizado de la Ordenanza Local sobre Derechos Municipales, que regirá para el año 2022",texto_refundido,Derechos Municipales y Tarifas,derechos_tarifas,https://transparencia.providencia.cl/Carpeta/VerTabla/23085/1/2021,http://firma.providencia.cl/dsign/cgi/sdoc.exe/sdoc/document?id=8fJ%2BfHoOlARpRouMpiKrjw%3D%3D,verified,c62113f3704d294ed8d9879555aa5788144fb1ffbf415906d6ac343039d50ccd,97644203
Providencia,13,MU228,Municipalidad,23085,Sobre derechos municipales,Ordenanza,210,2021-10-28,"Sobre derechos municipales N° 210: Modifícase la Ordenanza Local sobre Derechos Municipales, que rige para el año 2021, cuyo texto refundido y sistematizado fue fijado por Decreto Alcaldicio EXN°1 de 5 de Enero de 2021",texto_refundido,Derechos Municipales y Tarifas,derechos_tarifas,https://transparencia.providencia.cl/Carpeta/VerTabla/23085/1/2021,http://firma.providencia.cl/dsign/cgi/sdoc.exe/sdoc/document?id=4aqmrV9aAqSXsDvkBsh0Og%3D%3D,verified,8bf948476b6b195a57af19c384b7b12c83fb36c82bc0424b9f1c3b0529aac457,4899244
Providencia,13,MU228,Municipalidad,23085,Sobre derechos municipales,Decreto exento,1,2021-01-05,"Sobre derechos municipales N° 1: Fíjase el siguiente texto refundido y sistematizado de la Ordenanza Local sobre Derechos Municipales, que regirá en el año 2021",texto_refundido,Derechos Municipales y Tarifas,derechos_tarifas,https://transparencia.providencia.cl/Carpeta/VerTabla/23085/1/2021,http://firma.providencia.cl/dsign/cgi/sdoc.exe/sdoc/document?id=6NuJtxqH41y1AyuNXgJEDA%3D%3D,verified,ffda23cb4f571a0c88a3ef13f7c82d2b5dd07f843d0ef3c5c0bf28716ce168a6,10063519
Providencia,13,MU228,Municipalidad,23085,Sobre derechos municipales,Decreto exento,1859,2022-12-22,"Sobre derechos municipales N° 1859: Fíjase el siguiente texto refundido y sistematizado de la ""ORDENANZA LOCAL SOBRE DERECHOS MUNICIPALES"" que regirá en el año 2023",texto_refundido,Derechos Municipales y Tarifas,derechos_tarifas,https://transparencia.providencia.cl/Carpeta/VerTabla/23085/1/2022,http://firma.providencia.cl/dsign/cgi/sdoc.exe/sdoc/document?id=bDEUYsJh4G0%2BC1rk1EIv1Q%3D%3D,verified,bd732b21933fc202b6d0291557d0098839a4223556083bcfb8eb587d600e865a,10447378
Providencia,13,MU228,Municipalidad,23085,Sobre derechos municipales,Ordenanza,215,2022-10-26,"Sobre derechos municipales N° 215: Modifícase la ""Ordenanza Local Sobre Derechos Municipales"" que rige para el año 2022",ordenanza_base,Derechos Municipales y Tarifas,derechos_tarifas,https://transparencia.providencia.cl/Carpeta/VerTabla/23085/1/2022,http://firma.providencia.cl/dsign/cgi/sdoc.exe/sdoc/document?id=NJsyANdmraG3RpreuPbPiQ%3D%3D,verified,6dfaa06ec6a4bf6d88d6f626dc688f6fce59cea4fabb5827e0312a400b524fa0,7586840
Providencia,13,MU228,Municipalidad,23085,Sobre derechos municipales,Ordenanza,213,2022-08-31,"Sobre derechos municipales N° 213: Modifícase la Ordenanza Local sobre Derechos Municipales, que rige paera el año 2022",texto_refundido,Derechos Municipales y Tarifas,derechos_tarifas,https://transparencia.providencia.cl/Carpeta/VerTabla/23085/1/2022,http://firma.providencia.cl/dsign/cgi/sdoc.exe/sdoc/document?id=QyCQpY1DbF6fVOCm4w0TgQ%3D%3D,verified,b59489956dd573ccb040d7e9853973d6f0b6828840f49212bf590adc47491337,631017
Providencia,13,MU228,Municipalidad,23085,Sobre derechos municipales,Ordenanza,230,2023-12-28,"Ordenanza N° 230: Modifícase la Ordenanza N°228 de 26 de octubre de 2023, sobre ""ORDENANZA LOCAL SOBRE DERECHOS MUNICIPALES""",ordenanza_base,Derechos Municipales y Tarifas,derechos_tarifas,https://transparencia.providencia.cl/Carpeta/VerTabla/23085/1/2023,http://firma.providencia.cl/dsign/cgi/sdoc.exe/sdoc/document?id=JqhaGTfe3VEIWhCkgDHjXg%3D%3D,verified,9bb4e3b6635f8772a70fa06d84fa2f81a51974a4261f716d7cd767f295a15aa2,444475
Providencia,13,MU228,Municipalidad,23085,Sobre derechos municipales,Decreto,1927,2023-12-22,"Decreto Exento N° 1927: Fíjase el siguienté texto refundido y sistematizado de la ""ORDENANZA LOCAL SOBRE DERECHOS MUNICIPALES"" que regirá en el año 2024",texto_refundido,Derechos Municipales y Tarifas,derechos_tarifas,https://transparencia.providencia.cl/Carpeta/VerTabla/23085/1/2023,http://firma.providencia.cl/dsign/cgi/sdoc.exe/sdoc/document?id=naKE%2B0YUaVw3BknsA6UOQw%3D%3D,verified,696472fe190305e0ed6939a9879b489d03926696b6ee0c2cb64ce22718b6841f,27359312
Providencia,13,MU228,Municipalidad,23085,Sobre derechos municipales,Ordenanza,228,2023-10-26,"Ordenanzas N° 228: Modificase la ""ORDENANZA LOCAL SOBRE DERECHO MUNICIPALES"" que rige para el año 2023, cuyo texto refundido y sistematizado fue fijado por Decreto Alcaldicio EX",texto_refundido,Derechos Municipales y Tarifas,derechos_tarifas,https://transparencia.providencia.cl/Carpeta/VerTabla/23085/1/2023,http://firma.providencia.cl/dsign/cgi/sdoc.exe/sdoc/document?id=TQLJkQkQs07WBFrpjok7xw%3D%3D,verified,7bcd2f32ef005932438c8e0e5c691a948eb22ffe0ff1d4220c57669a0c9ea743,3396870
Providencia,13,MU228,Municipalidad,23085,Sobre derechos municipales,Ordenanza,227,2023-10-24,"Ordenanza N° 227: Sustitúyase en el punto 1 de la Ordenanza N°218 de 14 de febrero de 2023, el porcentaje ""80%"" por ""20%""",modificacion,Derechos Municipales y Tarifas,derechos_tarifas,https://transparencia.providencia.cl/Carpeta/VerTabla/23085/1/2023,http://firma.providencia.cl/dsign/cgi/sdoc.exe/sdoc/document?id=5dEVp3ZiWpZ7rDM57xT8UA%3D%3D,verified,ab191dd8c7799df7ca57883bdc81155b299ae16e42b75d974f7301a38155f1d8,626324
Providencia,13,MU228,Municipalidad,23085,Sobre derechos municipales,Ordenanza,219,2023-05-25,"Ordenanza N° 219: Modifícase la ORDENANZA LOCAL SOBRE DERECHOS MUNICIPALES que rige paera el año 2023, texto refundido EXN°1",texto_refundido,Derechos Municipales y Tarifas,derechos_tarifas,https://transparencia.providencia.cl/Carpeta/VerTabla/23085/1/2023,http://firma.providencia.cl/dsign/cgi/sdoc.exe/sdoc/document?id=Xx7aI%2BlUgWoULM3U3rsRTg%3D%3D,verified,5a4aa881115216642cf7554c179fadd357e0a1845aa69d20e75c031530f65884,241028
Providencia,13,MU228,Municipalidad,23085,Sobre derechos municipales,Ordenanza,218,2023-02-14,"Ordenanza N° 218: Modifícase la ""ORDENANZA LOCAL SOBRE DERECHOS MUNICIPALES"" que rige para el año 2023, cuyo texto refundido y sistematizado fue fijado por EX",texto_refundido,Derechos Municipales y Tarifas,derechos_tarifas,https://transparencia.providencia.cl/Carpeta/VerTabla/23085/1/2023,http://firma.providencia.cl/dsign/cgi/sdoc.exe/sdoc/document?id=4YjoJQqsLGS%2BfWHTW1o8WQ%3D%3D,verified,5f2672b94ebf77da0a03ded78d26af0ae3eaabfa78f80fa270c81b9e5b21e977,239882
Providencia,13,MU228,Municipalidad,23085,Sobre derechos municipales,Decreto,1842,2024-12-17,"Decreto Exento N° 1842: Fíjase el siguiente texto refundido y sistematizado de la ""ORDENANZA LOCAL SOBRE DERECHOS MUNICIPALES"" que regirá en el año 2025",texto_refundido,Derechos Municipales y Tarifas,derechos_tarifas,https://transparencia.providencia.cl/Carpeta/VerTabla/23085/1/2024,http://firma.providencia.cl/dsign/cgi/sdoc.exe/sdoc/document?id=awuLymOtT7c0bFHKGDoptA%3D%3D,verified,660fb30f777174282859c84a709eab048877c8637ed9599c0a35d8876d621fe7,14654764
Providencia,13,MU228,Municipalidad,23085,Sobre derechos municipales,Ordenanza,234,2024-10-29,"Ordenanza N° 234: Modifícase la ORDENANZA LOCAL SOBRE DERECHOS MUNICIPALES"" que rige para el año 2024, cuyomtexto refundido y sistematizado fue fijado por Decreto AlcaldicioEX",texto_refundido,Derechos Municipales y Tarifas,derechos_tarifas,https://transparencia.providencia.cl/Carpeta/VerTabla/23085/1/2024,http://firma.providencia.cl/dsign/cgi/sdoc.exe/sdoc/document?id=JWvSFwGvpmbee%2BbNXYzknQ%3D%3D,verified,d80f22e2814fd93646e973a392f9dba8cc9aa142f89a5fb11844aa812cce19eb,5577879
Providencia,13,MU228,Municipalidad,23085,Sobre derechos municipales,Ordenanza,231,2024-05-02,"Ordenanza N° 231: Modifícase la ""ORDENANZA LOCAL SOBRE DERECHOS MUNICIPAL"", que rige para el año 2024, cuyo texto refundido y sistematizado fue fijado mediante Decreto Alcaldicio EX",texto_refundido,Derechos Municipales y Tarifas,derechos_tarifas,https://transparencia.providencia.cl/Carpeta/VerTabla/23085/1/2024,http://firma.providencia.cl/dsign/cgi/sdoc.exe/sdoc/document?id=3q9StuxiAl%2FEZopSYG9wlg%3D%3D,verified,fbd4a1399ff98e113a7167b60778d6cf443c9a81bcec48bb550aadd15e3ff5e4,371246
Providencia,13,MU228,Municipalidad,23085,Sobre derechos municipales,Decreto,1803,2025-12-16,"Decreto Exento N° 1803: Fíjese el texto refundido y sistematizado de la ""ORDENANZA LOCAL SOBRE DERECHOS MUNICIPALES"" que regirá en el año 2026",texto_refundido,Derechos Municipales y Tarifas,derechos_tarifas,https://transparencia.providencia.cl/Carpeta/VerTabla/23085/1/2025,http://firma.providencia.cl/dsign/cgi/sdoc.exe/sdoc/document?id=XntvFKgGtKsDuT6dp23bIA%3D%3D,verified,ef9862faf97d517bb4fc40d876104d9ed9d75bc02840d404e616f12b2fdc0641,25673914
Providencia,13,MU228,Municipalidad,23085,Sobre derechos municipales,Ordenanza,240,2025-10-30,"Ordenanza N° 240: Modifícase la ""ORDENANZA LOCAL SOBRE DERECHOS MUNICIPALES"" que rige para el año 2025, cuyo texto refundido y sistematizado fue fijado por Decreto Alcaldicio EX",texto_refundido,Derechos Municipales y Tarifas,derechos_tarifas,https://transparencia.providencia.cl/Carpeta/VerTabla/23085/1/2025,http://firma.providencia.cl/dsign/cgi/sdoc.exe/sdoc/document?id=JKOn7oGmd8o0imkLCT3Ucg%3D%3D,verified,aeac2d6e32793fa0bd54528d181321be31719a092d161305c1c8f4fb0b240248,17120831
Providencia,13,MU228,Municipalidad,23085,Sobre derechos municipales,Ordenanza,239,2025-07-31,"Ordenanza N° 239: Modifícase la ""ORDENANZA LOCAL SOBRE DERECHOS MUNICIPALES""que rige para el año 2025, cuyo texto refundido y sistematizado fue fijado por Decreto Alcaldicio EX",texto_refundido,Derechos Municipales y Tarifas,derechos_tarifas,https://transparencia.providencia.cl/Carpeta/VerTabla/23085/1/2025,http://firma.providencia.cl/dsign/cgi/sdoc.exe/sdoc/document?id=sfIdD0DkXG9jJ31kdzVLgA%3D%3D,verified,14f647a487e65912a1a4adf3578b94838c948bea5fbc4aaa7a9d072288aa03ba,2075139
Providencia,13,MU228,Municipalidad,23085,Sobre derechos municipales,Ordenanza,241,2026-03-23,"Ordenanza N° 241: Modifícase la ""ORDENANZA LOCAL SOBRE DERECHOS MUNICIPALES"" que rige para el año 2026, cuyo texto refundido y sistematizado fue fijado por Decreto Alcaldicio EX",texto_refundido,Derechos Municipales y Tarifas,derechos_tarifas,https://transparencia.providencia.cl/Carpeta/VerTabla/23085/1/2026,http://firma.providencia.cl/dsign/cgi/sdoc.exe/sdoc/document?id=OqxoVOOfCiI74ESLcySFQA%3D%3D,verified,d3ed01f911006c57a93cce49539c96e2b990112dd3299d2c0d9bde955b6b2f54,701322
Providencia,13,MU228,Municipalidad,23087,Numeracion de los inmuebles de la Comuna,Ordenanza,10,2003-10-23,"Numeración de los inmuebles de la Comuna N° 10: Apruébase la ordenanza que reglamenta la numeración de los inmuebles de la comuna, cuyo texto es el siguiente:",ordenanza_base,"Obras, Urbanismo y Espacio Público",urbanismo_obras,https://transparencia.providencia.cl/Carpeta/VerTabla/23087/1/2003,http://firma.providencia.cl/dsign/cgi/sdoc.exe/sdoc/document?id=am8P0W0sabb%2Byp3xfzjkXw%3D%3D,verified,acaef489f39b26df32221e5bfe8541d816e3a2ff7361d65c63749b3fafad2628,391853
Providencia,13,MU228,Municipalidad,23087,Numeracion de los inmuebles de la Comuna,Ordenanza,71,2008-08-25,"Numeración de los inmuebles de la Comuna N° 71: Modifícase el Artículo 2º de la Ordenanza Nº10 que reglamenta la ""Numeración de los Inmuebles de la Comuna"" de 23 de Octubre de 2003, en el sentido de agregar lo que indica",ordenanza_base,"Obras, Urbanismo y Espacio Público",urbanismo_obras,https://transparencia.providencia.cl/Carpeta/VerTabla/23087/1/2008,http://firma.providencia.cl/dsign/cgi/sdoc.exe/sdoc/document?id=OYsdLPxsIHw6%2BGmCnygrEQ%3D%3D,verified,5caf4362de4207b3c1a82562978995037799aae455c036fea4b74f02660faeeb,178531
Providencia,13,MU228,Municipalidad,23087,Numeracion de los inmuebles de la Comuna,Ordenanza,69,2008-06-12,"Numeracion de los inmuebles de la Comuna N° 69: Derógase la Ordenanza Nº67 de 4 de Julio de 1994, que aprobó la ""Destinacion y cambios de destino de los inmuebles en la Comuna de Providencia""",ordenanza_base,"Obras, Urbanismo y Espacio Público",urbanismo_obras,https://transparencia.providencia.cl/Carpeta/VerTabla/23087/1/2008,http://firma.providencia.cl/dsign/cgi/sdoc.exe/sdoc/document?id=fbrnX4ZGSu5ry6hSNfYtLA%3D%3D,verified,a7b91812ba17823ba2f6a7490869e594b67a0135fe247e3e9d2429413869d205,145708
Providencia,13,MU228,Municipalidad,23087,Numeracion de los inmuebles de la Comuna,Decreto,491,2009-03-10,Decreto Exento N° 491: Fíjase el siguiente texto refundido y sistematizado de la ORDENANZA QUE REGLAMENTA LA NUMERACION DE LOS INMUEBLES DE LA COMUNA,texto_refundido,"Obras, Urbanismo y Espacio Público",urbanismo_obras,https://transparencia.providencia.cl/Carpeta/VerTabla/23087/1/2009,http://firma.providencia.cl/dsign/cgi/sdoc.exe/sdoc/document?id=s88Nl3CscmF6XmaDOd2yVg%3D%3D,verified,f0d955a795766c43f668f334275929f798f2c32c50e2fc84cd993fabb258a46f,834836
Providencia,13,MU228,Municipalidad,23088,"Obras de construcción, reconstrucción, reparación, alteración y demolición de edificios y obras de urbanización horario carga y descarga",Ordenanza,13,2003-12-02,"Obras de construcción., reconstrucción, reparación, alteración y demolicón de edificios y obras de urbanización horario carga y descarga N° 13: Fíjase la siguiente ordenanza sobre obras de construcción, reconstrucción, repación, alteración, ampliación y demolición de edificios y ",ordenanza_base,"Obras, Urbanismo y Espacio Público",urbanismo_obras,https://transparencia.providencia.cl/Carpeta/VerTabla/23088/1/2003,http://firma.providencia.cl/dsign/cgi/sdoc.exe/sdoc/document?id=pTDTFDHf7511KkuoWBCa8Q%3D%3D,verified,f60465746cec691e9dda06e58e92cfe4c48cfa9a2ac21d00f2629810ce62ccba,120614
Providencia,13,MU228,Municipalidad,23088,"Obras de construcción, reconstrucción, reparación, alteración y demolición de edificios y obras de urbanización horario carga y descarga",Ordenanza,7,2003-09-24,"Obras de construcción, reconstrucción, reparación, alteración y demolición de edificios y obras de urbanización horario carga y descarga N° 7: Fíjase la siguiente Ordenanza Sobre Obras de Construcción, Reconstruccón, Reparación, Alteración, Ampliación y  Demolición de Edificios y",ordenanza_base,"Obras, Urbanismo y Espacio Público",urbanismo_obras,https://transparencia.providencia.cl/Carpeta/VerTabla/23088/1/2003,http://firma.providencia.cl/dsign/cgi/sdoc.exe/sdoc/document?id=Amm4YVRsNZlzcdHed0mnXg%3D%3D,verified,4444cf8b368ae8434ad6ceb8bb95967a8b1288fdf1b68432b862158802e944fe,123188
Providencia,13,MU228,Municipalidad,23088,"Obras de construcción, reconstrucción, reparación, alteración y demolición de edificios y obras de urbanización horario carga y descarga",Ordenanza,73,2008-10-02,"Obras de construcción, reconstrucción, reparación, alteración y demolición de edificios y obras de urbanización de horario carga y descarga N° 73: Modifícase el Artículo 2º de la Ordenanza Nº13 de 2 de Diciembre de 2003, que aprobó la ordenanza sobre ""Obras de construcción, recon",ordenanza_base,"Obras, Urbanismo y Espacio Público",urbanismo_obras,https://transparencia.providencia.cl/Carpeta/VerTabla/23088/1/2008,http://firma.providencia.cl/dsign/cgi/sdoc.exe/sdoc/document?id=wPEitg2QYUxjDkx%2FiVPjTg%3D%3D,verified,54c1f19d2734546f92f676960a0691f49797bf64b8b9f4dd1e5cc5718d2271ba,246355
Providencia,13,MU228,Municipalidad,23088,"Obras de construcción, reconstrucción, reparación, alteración y demolición de edificios y obras de urbanización horario carga y descarga",Decreto exento,589,2009-03-17,"Obras de construcción, reconstrucción, reparación, alteración y demolición de edificios y obras de urbanización de horario carga y descarga N° 589: Fíjase el siguiente texto refundido y sistematizado de la Ordenanza sobre Obras de Contrucción, Reconstrucción, Reparación, Alteraci",texto_refundido,"Obras, Urbanismo y Espacio Público",urbanismo_obras,https://transparencia.providencia.cl/Carpeta/VerTabla/23088/1/2009,http://firma.providencia.cl/dsign/cgi/sdoc.exe/sdoc/document?id=C1iDXSv%2F%2FPNv6VjLgSqL%2FQ%3D%3D,verified,4dccad65b36ec0fda1bab95b3e98a1e4dbe10468913885b66a0768c3cd4060fd,1506998
Providencia,13,MU228,Municipalidad,23088,"Obras de construcción, reconstrucción, reparación, alteración y demolición de edificios y obras de urbanización horario carga y descarga",Ordenanza,94,2010-10-12,"Obras de construcción, reconstrucción,reparación, alteración y demolición de edificios y obras de urbanización horario carga y descarga N° 94: Modifícase la Ordenanza Nº13 de 02",ordenanza_base,"Obras, Urbanismo y Espacio Público",urbanismo_obras,https://transparencia.providencia.cl/Carpeta/VerTabla/23088/1/2010,http://firma.providencia.cl/dsign/cgi/sdoc.exe/sdoc/document?id=3o83r6GM1UscYsJjwglFTA%3D%3D,verified,af83faf3c8c47667728c1820d9c72680afca551e6c5d9a891f50fa92dee4a4cd,58408
Providencia,13,MU228,Municipalidad,23088,"Obras de construcción, reconstrucción, reparación, alteración y demolición de edificios y obras de urbanización horario carga y descarga",Decreto,720,2011-03-31,"Decreto Exento N° 720: Fíjese el siguiente texto refundido y sistematizado de la ORDENANZA SOBRE OBRAS DE CONSTRUCCION, RECONSTRUCCION, REPARACION, ALTERACION Y DEMOLICION DE EDIFICIOS Y OBRAS DE URBANIZACION",texto_refundido,"Obras, Urbanismo y Espacio Público",urbanismo_obras,https://transparencia.providencia.cl/Carpeta/VerTabla/23088/1/2011,http://firma.providencia.cl/dsign/cgi/sdoc.exe/sdoc/document?id=qhjceLvhn2ZBEahhBGA8sw%3D%3D,verified,2dafff19cd879fa2e52eae83f46ebeeae6ab93ea2aaf4d3f0cc1ff3f6b41a438,286415
Providencia,13,MU228,Municipalidad,23090,Administración y arrendamiento de locales y pilastras del mercado funcional de Providencia,Ordenanza,3,2002-02-01,Administración y arrendamiento de locales y pilastras del mercado funcional de Providencia N° 3: Apruébase el texto refundido modificado y sistematizado de la Ordenanza para la Administración y Arrendamiento de Locales y Pilastras del Mercado Funcional de Providencia,texto_refundido,Normativa General y Otras Materias,normativa_general,https://transparencia.providencia.cl/Carpeta/VerTabla/23090/1/2002,http://firma.providencia.cl/dsign/cgi/sdoc.exe/sdoc/document?id=nMXlB%2BrbkBGPv42ZUzte6w%3D%3D,verified,f4dfab4d2ab31dba2f7bd58aae95b3fa29b293500bc2e29ecee89bec96a061c2,183257
Providencia,13,MU228,Municipalidad,23090,Administración y arrendamiento de locales y pilastras del mercado funcional de Providencia,Ordenanza,42,2006-03-31,Administracón y arrendamiento de locales y pilastras del mercado funcional de Providencia N° 42: Modifícase la Ordenanza N°3 de 1 de Febrero de 2002 que aprobó la Ordenanza para la Administración y Arrendamiento de Locales y Pilastras del Mercado Funcional de Providencia en el se,ordenanza_base,Normativa General y Otras Materias,normativa_general,https://transparencia.providencia.cl/Carpeta/VerTabla/23090/1/2006,http://firma.providencia.cl/dsign/cgi/sdoc.exe/sdoc/document?id=8qSdUhUS83kya0wCK2T1ZA%3D%3D,verified,1cf2e930badcca99005c61ccaa92bb41337ec0a3eefa9ee9a5d41980a2f15a60,79852
Providencia,13,MU228,Municipalidad,23090,Administración y arrendamiento de locales y pilastras del mercado funcional de Providencia,Decreto exento,363,2008-02-28,Texto refundido y sistematizado N° 363: Fíjase el siguiente texto refundido y sistematizado de la Ordenanza para la administración y arrendamiento de locales y pilastras del mercado funcional de Providencia,texto_refundido,Normativa General y Otras Materias,normativa_general,https://transparencia.providencia.cl/Carpeta/VerTabla/23090/1/2008,http://firma.providencia.cl/dsign/cgi/sdoc.exe/sdoc/document?id=RdKPB%2BA0OTAUslUEuUY9aA%3D%3D,verified,bdc6e818eac0c4861963432350f933335b877f7a65b2818a6ba3d4fd1c589c01,786695
Providencia,13,MU228,Municipalidad,23090,Administración y arrendamiento de locales y pilastras del mercado funcional de Providencia,Decreto,1202,2018-08-21,"Decreto Exento N° 1202: Fíjase el siguiente texto refundido y sistematizado de la ORDENANZA PARA LA
ADMINISTRACION Y ARRENDAMIENTO DE LOCALES Y PILASTRAS DEL MERCADO FUNCIONAL DE PROVIDENCIA",texto_refundido,Normativa General y Otras Materias,normativa_general,https://transparencia.providencia.cl/Carpeta/VerTabla/23090/1/2018,http://firma.providencia.cl/dsign/cgi/sdoc.exe/sdoc/document?id=x2%2FzTTRXz40zbU0iyD7Y2Q%3D%3D,verified,3188b06ddbe4b8f84a88c5438555100f097b66c9363c04d6f6c5d28be46a2838,1299910
Providencia,13,MU228,Municipalidad,23090,Administración y arrendamiento de locales y pilastras del mercado funcional de Providencia,Ordenanza,166,2018-08-07,"Ordenanza N° 166: Modifícase la ""ORDENANZA PARA LA ADMINISTRACION Y ARRENDAMIENTO DE LOCALES Y PILASTRAS DEL MERCADO FUNCIONAL DE PROVIDENCIA"", cuyo texto refundido se fijó por Decreto Alcaldicio EX",texto_refundido,Normativa General y Otras Materias,normativa_general,https://transparencia.providencia.cl/Carpeta/VerTabla/23090/1/2018,http://firma.providencia.cl/dsign/cgi/sdoc.exe/sdoc/document?id=zfInYAxlEKJWf97MPegJ9g%3D%3D,verified,da7e679e7763042e190b3a0dd40fe14282cd45141952ffcf53c6c4f2a4c6a60f,882861
Providencia,13,MU228,Municipalidad,23091,Biblioteca Municipal,Ordenanza,5,2002-04-26,Biblioteca Municipal N° 5: Dictase la siguiente Ordenanza sobre Servicios de la Biblioteca Municipal,ordenanza_base,Normativa General y Otras Materias,normativa_general,https://transparencia.providencia.cl/Carpeta/VerTabla/23091/1/2002,http://firma.providencia.cl/dsign/cgi/sdoc.exe/sdoc/document?id=TOHJge%2FlypB5Ot3Oqil4%2FQ%3D%3D,verified,0e1a9dc2c752fa92fa6802e63d7961b6d22faebb188c538f8b41eabecfd8b35a,88957
Providencia,13,MU228,Municipalidad,23091,Biblioteca Municipal,Ordenanza,98,2010-11-12,"Ordenanza N° 98: Díctase la siguiente ""ORDENANZA SOBRE SERVICIOS DEL SISTEMA DE BIBLIOTECAS DE LA MUNICIPALIDAD DE PROVIDENCIA""",ordenanza_base,Normativa General y Otras Materias,normativa_general,https://transparencia.providencia.cl/Carpeta/VerTabla/23091/1/2010,http://firma.providencia.cl/dsign/cgi/sdoc.exe/sdoc/document?id=A7pC%2FAOnc0SAz5QpMfIamg%3D%3D,verified,9c10a54cffa3c9c6cc509adfd3e462c996bf3e65578020968ac3ffe57db6f498,212938
Providencia,13,MU228,Municipalidad,23092,Funcionamiento del depósito municipal de vehículos,Ordenanza,16,2004-02-04,Funcionamiento del depósito municipal de vehículos N° 16: Funcionamiento del depósito municipal de vehiculos,ordenanza_base,"Tránsito, Transporte y Espacio Público",transito_transporte,https://transparencia.providencia.cl/Carpeta/VerTabla/23092/1/2004,http://firma.providencia.cl/dsign/cgi/sdoc.exe/sdoc/document?id=2rmiczrJqbPAeuquRZKzvQ%3D%3D,verified,7bf232981567e4db09b3b9b0e4299d6d163a5e442ec272daea363bd6361d7c8c,79297
Providencia,13,MU228,Municipalidad,23092,Funcionamiento del depósito municipal de vehículos,Ordenanza,95,2010-10-12,Funcionamiento del depósito municipal de vehículos N° 95: Sustitúyase el artículo 3º de la Ordenanza Nº16 de 04,ordenanza_base,"Tránsito, Transporte y Espacio Público",transito_transporte,https://transparencia.providencia.cl/Carpeta/VerTabla/23092/1/2010,http://firma.providencia.cl/dsign/cgi/sdoc.exe/sdoc/document?id=XBDRcWin6q25QtKboKVuOg%3D%3D,verified,ac21938787dac77a160032726155a702fb51b7e7922ddd12b132174af6c6a3ff,43947
Providencia,13,MU228,Municipalidad,23092,Funcionamiento del depósito municipal de vehículos,Decreto exento,777,2011-04-12,"Funcionamiento del depósito municipal de vehículos N° 777: Fíjase el texto refundido y sistematizado de la Ordenanza sobre ""Funcionamiento del Depósito Municipal de Vehículos """,texto_refundido,"Tránsito, Transporte y Espacio Público",transito_transporte,https://transparencia.providencia.cl/Carpeta/VerTabla/23092/1/2011,http://firma.providencia.cl/dsign/cgi/sdoc.exe/sdoc/document?id=hCKNdeqpzQNZTEBGTRIhXA%3D%3D,verified,a664e4ecd956b22b00dd25109805c01ee47c4b992ed97ea159a5cbed5fb171f8,158522
Providencia,13,MU228,Municipalidad,23092,Funcionamiento del depósito municipal de vehículos,Ordenanza,217,2023-02-10,"Ordenanza N° 217: Fíjase la siguiente Ordenanza sobre ""ADMINISTRACION DEL APARCADERO MUNICIPAL""",ordenanza_base,"Tránsito, Transporte y Espacio Público",transito_transporte,https://transparencia.providencia.cl/Carpeta/VerTabla/23092/1/2023,http://firma.providencia.cl/dsign/cgi/sdoc.exe/sdoc/document?id=uc0QKQwuAv5NAuq1%2BCunFw%3D%3D,verified,76119b74f8d483050c2c81677667c229b8afd81c2a07bb132ca2c5cfe6228f11,2464900
Providencia,13,MU228,Municipalidad,23093,Gimnasio Santa Isabel,Ordenanza,11,2002-11-11,Gimnasio Santa Isabel N° 11: Díctase la siguiente Ordenanza para la administración del Gimnasio Santa Isabel,ordenanza_base,Normativa General y Otras Materias,normativa_general,https://transparencia.providencia.cl/Carpeta/VerTabla/23093/1/2002,http://firma.providencia.cl/dsign/cgi/sdoc.exe/sdoc/document?id=25CFaX8psUA0QyTV8XLLuA%3D%3D,verified,6876e11bd313240842c88d37dc4ba612f9551f353262db303b0c690e5f10d5fc,93061
Providencia,13,MU228,Municipalidad,23093,Gimnasio Santa Isabel,Decreto exento,1111,2008-06-16,"Gimnasio Santa Isabel N° 1111: Apruébase el siguiente texto refundido de la Ordenanza para la ""Administración del Gimnasio Santa Isabel""",texto_refundido,Normativa General y Otras Materias,normativa_general,https://transparencia.providencia.cl/Carpeta/VerTabla/23093/1/2008,http://firma.providencia.cl/dsign/cgi/sdoc.exe/sdoc/document?id=fQHXA4TyWI6uvmkgp%2Bd3oQ%3D%3D,verified,f24d2b85a81ce369b2cf3f39f330b99db31c9b5306718846e55fa0c23837a6fc,439860
Providencia,13,MU228,Municipalidad,23093,Gimnasio Santa Isabel,Ordenanza,68,2008-05-28,"Gimnasio Santa Isabel N° 68: Sustitúyase el Artículo 3º de la Ordenanza Nº11 para la ""Administración del Gimnasio Santa Isabel"" de 11 de Noviembre de 2002",ordenanza_base,Normativa General y Otras Materias,normativa_general,https://transparencia.providencia.cl/Carpeta/VerTabla/23093/1/2008,http://firma.providencia.cl/dsign/cgi/sdoc.exe/sdoc/document?id=wltXWhCukgkjURKq3iBpMg%3D%3D,verified,3a659228cce72133673f320e8dd9414691f54b0cca66d5137a5d9f6ed999d365,158870
Providencia,13,MU228,Municipalidad,23093,Gimnasio Santa Isabel,Ordenanza,173,2018-11-08,"Ordenanza N° 173: Derógase la Ordenanza N°11 de 11 de noviembre de 2002, que aprobó la Ordenanza para la  ADMINISTRACION DEL GIMNASIO SANTA ISABEL, cuyo texto refundido fue por EXN°1",texto_refundido,Normativa General y Otras Materias,normativa_general,https://transparencia.providencia.cl/Carpeta/VerTabla/23093/1/2018,http://firma.providencia.cl/dsign/cgi/sdoc.exe/sdoc/document?id=DXZvvRIDdwG9CuR%2FdW5C2g%3D%3D,verified,e6d6b36e814fafada7a02e4313a93f3392fe0dc8a9cf2821aa2d6f32dd32fcad,193403
Providencia,13,MU228,Municipalidad,23094,Notificaciones y publicaciones de resoluciones municipales,Ordenanza,6,2003-09-23,Notificaciones y publicaciones de resoluciones municipales N° 6: Apruébase la Ordenanza sobre Notificaciones y Publicaciones de  Resoluciones Municipales,ordenanza_base,Normativa General y Otras Materias,normativa_general,https://transparencia.providencia.cl/Carpeta/VerTabla/23094/1/2003,http://firma.providencia.cl/dsign/cgi/sdoc.exe/sdoc/document?id=7dC1OjlJSz1Sbt0F87ZJ2Q%3D%3D,verified,7152afc9abc5d588248274dd395424ee3d29df4a104e81e6f1d0567d9e64654a,93577
Providencia,13,MU228,Municipalidad,23094,Notificaciones y publicaciones de resoluciones municipales,Decreto exento,2267,2005-12-15,"Notificaciones y publicaciones de resoluciones municipales N° 2267: Apruébase el texto refundido y sistematizado de la Ordenanza sobre ""Notificaciones y Publicaciones de Resoluciones Municipales""",texto_refundido,Normativa General y Otras Materias,normativa_general,https://transparencia.providencia.cl/Carpeta/VerTabla/23094/1/2005,http://firma.providencia.cl/dsign/cgi/sdoc.exe/sdoc/document?id=njf40fdvHRf5fzuTvKzUhA%3D%3D,verified,94d49b90ef948ac02457f25a219bf5507dd299143df3fa91f13d0df85b1a9c01,175312
Providencia,13,MU228,Municipalidad,23094,Notificaciones y publicaciones de resoluciones municipales,Decreto exento,2212,2005-12-06,"Notificaciones y publicaciones de resoluciones municipales N° 2212: Apruébase el siguiente texto refundido y sistematizado de la Ordenanza sobre ""Notificaciones y publicaciones de resoluciones municipales"", que produzcan efecto fuera del municipio",texto_refundido,Normativa General y Otras Materias,normativa_general,https://transparencia.providencia.cl/Carpeta/VerTabla/23094/1/2005,http://firma.providencia.cl/dsign/cgi/sdoc.exe/sdoc/document?id=oEGBRHrtAQLmumQtoC6ZiQ%3D%3D,verified,9e2bf302e50a2bd5156d3e97b36544aaacafdc14f00f61bcfac08a20d88ec0a4,241822
Providencia,13,MU228,Municipalidad,23094,Notificaciones y publicaciones de resoluciones municipales,Ordenanza,39,2005-11-29,"Notificaciones y publicaciones de resoluciones municipales N° 39: Modifícase la Ordenanza sobre Notificaciones y Publicaciones de Resoluciones Municipales, Nº 6 de 23 de Septiembre de 2003 en los siguientes sentidos",ordenanza_base,Normativa General y Otras Materias,normativa_general,https://transparencia.providencia.cl/Carpeta/VerTabla/23094/1/2005,http://firma.providencia.cl/dsign/cgi/sdoc.exe/sdoc/document?id=8aySXEUl7gZhJIwZyMDiSA%3D%3D,verified,2452356ec98fc4adf934fcf712031c593de393e7b7d5ce3db8ca1aaaed085bbd,78868
Providencia,13,MU228,Municipalidad,23094,Notificaciones y publicaciones de resoluciones municipales,Ordenanza,126,2013-12-17,"Notificaciones y publicaciones de resoluciones municipales N° 126: Modifícase el Artículo 15º de la Ordenanza Nº6 de 23 de Septiembre de 2003, sobre ""Notificaciones y publicaciones de resoluciones municipales""",ordenanza_base,Normativa General y Otras Materias,normativa_general,https://transparencia.providencia.cl/Carpeta/VerTabla/23094/1/2013,http://firma.providencia.cl/dsign/cgi/sdoc.exe/sdoc/document?id=OH%2FGnhNFKC4%2B9c%2FF9r2Xbg%3D%3D,verified,2e5005d39614c4cd890a9e65b189f214b419a95700113a006ad7b991f8ba092a,57975
Providencia,13,MU228,Municipalidad,23094,Notificaciones y publicaciones de resoluciones municipales,Decreto exento,278,2014-02-04,"Notificaciones y publicaciones de resoluciones municipales N° 278: Fíjase el siguiente texto refundido y sistematizado de la Ordenanza sobre ""Notificaciones y publicaciones de resoluciones municipales"", que produzcan efecto fuera del Municipio",texto_refundido,Normativa General y Otras Materias,normativa_general,https://transparencia.providencia.cl/Carpeta/VerTabla/23094/1/2014,http://firma.providencia.cl/dsign/cgi/sdoc.exe/sdoc/document?id=IwzE2vK104HqPmNxPgti5w%3D%3D,verified,c5c2754c0cfb9abd33b15751b2be665f4198f02b4425d2dfe894e382bf54b0fa,160270
Providencia,13,MU228,Municipalidad,23094,Notificaciones y publicaciones de resoluciones municipales,Decreto,1811,2015-11-06,"Decreto Exento N° 1811: Fíjase el siguiente texto refundido y sistematizado de la Ordenanza sobre ""NOTIFICACIONES Y PUBLICACIONES DE RESOLUCIONES MUNICIPALES""",texto_refundido,Normativa General y Otras Materias,normativa_general,https://transparencia.providencia.cl/Carpeta/VerTabla/23094/1/2015,http://firma.providencia.cl/dsign/cgi/sdoc.exe/sdoc/document?id=dysMInn3peauVQtBn0uruw%3D%3D,verified,e0eeab401261ac4c4b2d5dc0a5da7622d1ee6a058552c693743bbf2f7d9f27f8,405965
Providencia,13,MU228,Municipalidad,23094,Notificaciones y publicaciones de resoluciones municipales,Ordenanza,141,2015-10-20,"Ordenanza N° 141: Modifícase la Ordenanza N°6 de 23 de septiembre de 2003, sobre ""NOTIFICACIONES Y PUBLICIDACIONES DE RSOLUCIONES MUNICIPALES""",ordenanza_base,Normativa General y Otras Materias,normativa_general,https://transparencia.providencia.cl/Carpeta/VerTabla/23094/1/2015,http://firma.providencia.cl/dsign/cgi/sdoc.exe/sdoc/document?id=pctMDgYHiWE%2BvHvc1Gwcyg%3D%3D,verified,c592d47aabdebc309e7b92facbde353350dfb126d6bc4f4011af65e54d06802c,414708
Providencia,13,MU228,Municipalidad,23094,Notificaciones y publicaciones de resoluciones municipales,Ordenanza,141,2015-10-20,Notificaciones y publicaciones de resoluciones municipales N° 141 - Notificaciones y publicaciones de resoluciones municipales,extracto_do,Normativa General y Otras Materias,normativa_general,https://transparencia.providencia.cl/Carpeta/VerTabla/23094/1/2015,http://firma.providencia.cl/dsign/cgi/sdoc.exe/sdoc/document?id=YDG0PI3XZ6Eg8i9yeWsOHg%3D%3D,verified,0d2a882adb13a5e2038f85cd70c88cd38799b5ad455923e3b696c80480e41b65,287984
Providencia,13,MU228,Municipalidad,23094,Notificaciones y publicaciones de resoluciones municipales,Ordenanza,235,2024-12-02,"Ordenanza N° 235: Apruébase el siguiente texto de la Ordenanza sobre ""NOTIFICACIONES Y PUBLICACIONES DE RESOLUCIONES MUNICIPALES""",ordenanza_base,Normativa General y Otras Materias,normativa_general,https://transparencia.providencia.cl/Carpeta/VerTabla/23094/1/2024,http://firma.providencia.cl/dsign/cgi/sdoc.exe/sdoc/document?id=VFfBNJP3%2FVaviVSB1inFsw%3D%3D,verified,161ce7b66c5e0bb11c5a9e1e0de0986c969db9ebc8346ae456700afce9e4dae1,157172
Providencia,13,MU228,Municipalidad,23095,Participación Ciudadana y Convivencia,Decreto exento,2268,2005-12-15,Participación Ciudadana y Convivencia N° 2268: Apruébase el texto refundido y sistematizado de la Ordenanza sobre Participación Ciudadana de la Comuna de Providencia,texto_refundido,Convivencia Vecinal y Seguridad,convivencia_seguridad,https://transparencia.providencia.cl/Carpeta/VerTabla/23095/1/2005,http://firma.providencia.cl/dsign/cgi/sdoc.exe/sdoc/document?id=qs8cjyBh8JgEFl5oll3fNw%3D%3D,verified,724f3afef70101df8a9351a24925d044ee4a10918f4242b5f53f049a08d9423e,653950
Providencia,13,MU228,Municipalidad,23095,Participación Ciudadana y Convivencia,Ordenanza,40,2005-11-29,Participación Ciudadana  y Convivencia N° 40: Sustituyase el Capitulo IV de la Ordenanza Nº 8 de 29,ordenanza_base,Convivencia Vecinal y Seguridad,convivencia_seguridad,https://transparencia.providencia.cl/Carpeta/VerTabla/23095/1/2005,http://firma.providencia.cl/dsign/cgi/sdoc.exe/sdoc/document?id=GVsNcKLTII8Vkk7xQV6cPg%3D%3D,verified,a01a26e0d7aaa4f4477f63b5341db48e64372e96f6fe8db2b7539de55ff26452,150770
Providencia,13,MU228,Municipalidad,23095,Participación Ciudadana y Convivencia,Ordenanza,49,2006-09-26,"Participación Ciudadana  y Convivencia N° 49: Modifícase la Ordenanza N°8 de 29 de Octubre de 1999  que aprobó la Ordenanza de Participación Ciudadana de la  Comuna de Providencia , cuyo texto refundido y sistematizado fue aprobado por Decreto Alcaldicio EXN|2",texto_refundido,Convivencia Vecinal y Seguridad,convivencia_seguridad,https://transparencia.providencia.cl/Carpeta/VerTabla/23095/1/2006,http://firma.providencia.cl/dsign/cgi/sdoc.exe/sdoc/document?id=MaPtXTbBUue229c0MttXTw%3D%3D,verified,540209f739bb2a139fb7d48f4070051c3416519f41a4045f0284657de2825455,197635
Providencia,13,MU228,Municipalidad,23095,Participación Ciudadana y Convivencia,Ordenanza,62,2007-09-21,Participación Ciudadana y Convivencia N° 62: Modifícasela Ordernanza Nº8 de 29,texto_refundido,Convivencia Vecinal y Seguridad,convivencia_seguridad,https://transparencia.providencia.cl/Carpeta/VerTabla/23095/1/2007,http://firma.providencia.cl/dsign/cgi/sdoc.exe/sdoc/document?id=FtWmQEM97OP%2FAfUXk3c1Rw%3D%3D,verified,8bb95e3c7583e86ca4db27d558d54a318b8c95de02ff88a71debc14b1dc4e0b5,231611
Providencia,13,MU228,Municipalidad,23095,Participación Ciudadana y Convivencia,Decreto exento,970,2007-05-31,Participación Ciudadana y Convivencia N° 970: Apruébase el siguiente texto refundido y sistematizado de la ordenanza sobre Participación Ciudadana de la Comuna de Providencia,texto_refundido,Convivencia Vecinal y Seguridad,convivencia_seguridad,https://transparencia.providencia.cl/Carpeta/VerTabla/23095/1/2007,http://firma.providencia.cl/dsign/cgi/sdoc.exe/sdoc/document?id=Y59QHgIDY0na7k6GHWyMYg%3D%3D,verified,a616dcaa1f99bb8d667d1527e39027a7bd16d81b8ebf0a3713a1b6e2d47b06ac,1781069
Providencia,13,MU228,Municipalidad,23095,Participación Ciudadana y Convivencia,Ordenanza,53,2007-01-19,Participación Ciudadana y Convivencia N° 53: Modifícase la Ordenanza N°8 de 29 de Octubre de 1999 que aprobó la Ordenanza de Participación Ciudadana de la Comuna de Providencia aprobado por Decreto Alcaldicio EXN°2,modificacion,Convivencia Vecinal y Seguridad,convivencia_seguridad,https://transparencia.providencia.cl/Carpeta/VerTabla/23095/1/2007,http://firma.providencia.cl/dsign/cgi/sdoc.exe/sdoc/document?id=4f0I%2BzmJhEXyjcBWjyZzNA%3D%3D,verified,446a733476df8ffa288b0b9c6ab0e26babe0f7ba1e8ff24145f65c80f9fef156,94884
Providencia,13,MU228,Municipalidad,23095,Participación Ciudadana y Convivencia,Decreto exento,374,2008-02-29,"Participación Ciudadana  y Convivencia N° 374: Apruébase el siguiente texto refu ndido y sistematizado de la ordenanza sobre ""Participación ciudadana de la comuna de Providencia""",ordenanza_base,Convivencia Vecinal y Seguridad,convivencia_seguridad,https://transparencia.providencia.cl/Carpeta/VerTabla/23095/1/2008,http://firma.providencia.cl/dsign/cgi/sdoc.exe/sdoc/document?id=H6PE3jPmCJhjEx6R7iCsgg%3D%3D,verified,0adeb2e7460bd33c74facf4d111ade98be05b0099e185a6525f851779127aba5,2162625
Providencia,13,MU228,Municipalidad,23095,Participación Ciudadana y Convivencia,Decreto exento,2507,2011-12-30,"Participación Ciudadana  y Convivencia N° 2507: Apruébase el siguiente texto refundido y sistematizado de la Ordenanza sobre ""Participación Ciudadana de la Comuna de Providencia"", suyo texto será el siguiente",texto_refundido,Convivencia Vecinal y Seguridad,convivencia_seguridad,https://transparencia.providencia.cl/Carpeta/VerTabla/23095/1/2011,http://firma.providencia.cl/dsign/cgi/sdoc.exe/sdoc/document?id=LWQw041d7LrKE7wAfhcuqA%3D%3D,verified,74b1af0f65ff980c62fe3137e13b0d0d829b6dd41004b567c431b75e2ba512c1,791310
Providencia,13,MU228,Municipalidad,23095,Participación Ciudadana y Convivencia,Ordenanza,114,2011-10-20,Participación Ciudadana  y Convivencia N° 114: Ordenanza Nº114 de 20,ordenanza_base,Convivencia Vecinal y Seguridad,convivencia_seguridad,https://transparencia.providencia.cl/Carpeta/VerTabla/23095/1/2011,http://firma.providencia.cl/dsign/cgi/sdoc.exe/sdoc/document?id=o6LDwvqZ7BmNXETbRpPagg%3D%3D,verified,e2595524093b42d7a44402dc0861042d33f2ee8b473f33c09b00b005783914b8,58535
Providencia,13,MU228,Municipalidad,23095,Participación Ciudadana y Convivencia,Ordenanza,113,2011-10-12,"Participación Ciudadana  y Convivencia N° 113: Modifícase la Ordenanza Nº8 de 29 de Octubre de 1999, ""Ordenanza de Participación Ciudadana de la Comuna de Providencia"", cuyo texto refundido y sistematizado fue fijado por Decreto Alcaldicio EXNº374 de 29 de Febrero de 2008",texto_refundido,Convivencia Vecinal y Seguridad,convivencia_seguridad,https://transparencia.providencia.cl/Carpeta/VerTabla/23095/1/2011,http://firma.providencia.cl/dsign/cgi/sdoc.exe/sdoc/document?id=E7%2B%2BTbZgt%2Blo8yZZccm2Vg%3D%3D,verified,53e5fbbcc318b48f5308c57438110e0aa4889db84d737afb1187152fe4534e59,73883
Providencia,13,MU228,Municipalidad,23095,Participación Ciudadana y Convivencia,Ordenanza,130,2014-05-15,"Participación Ciudadana  y Convivencia N° 130: Modifícase la Ordenanza Nº8 de 29 de Octubre de 1999, ""Ordenanza de Participación Ciudadana de la Comuna de Providencia "", cuyo texto refundido y sistematizado fue fijado por Decreto Alcaldicio EXNº2507 de 30 de Diciembre de 2011",texto_refundido,Convivencia Vecinal y Seguridad,convivencia_seguridad,https://transparencia.providencia.cl/Carpeta/VerTabla/23095/1/2014,http://firma.providencia.cl/dsign/cgi/sdoc.exe/sdoc/document?id=d6%2BOVskYRx04po3DCVNQmg%3D%3D,verified,b71893ca2747acaf294bad3209300f0ff4cb37e3c0195ff9cb8c5d31a787ee0f,59078
Providencia,13,MU228,Municipalidad,23095,Participación Ciudadana y Convivencia,Decreto exento,1178,2015-07-22,Participación Ciudadana  y Convivencia N° 1178: Apruébase el siguiente texto refundido y sistematizado de la Ordenanza de Participación Ciudadana de la Comuna de Providencia,texto_refundido,Convivencia Vecinal y Seguridad,convivencia_seguridad,https://transparencia.providencia.cl/Carpeta/VerTabla/23095/1/2015,http://firma.providencia.cl/dsign/cgi/sdoc.exe/sdoc/document?id=tpz3W4NCEnlH1jJGvlXnkQ%3D%3D,verified,349a454c1fd19b99e13e4b15da516ad76a79dc0e479408a92553d0f19c4c4cd1,7057890
Providencia,13,MU228,Municipalidad,23095,Participación Ciudadana y Convivencia,Ordenanza,152,2016-09-16,Participación Ciudadana y Convivencia N° 152: Apruébase la Ordenanza de Participación Ciudadana y Convivencia,ordenanza_base,Convivencia Vecinal y Seguridad,convivencia_seguridad,https://transparencia.providencia.cl/Carpeta/VerTabla/23095/1/2016,http://firma.providencia.cl/dsign/cgi/sdoc.exe/sdoc/document?id=tnIh6IQnflUSkoIljCweYA%3D%3D,verified,1f4a25a621ecb105839c8548724abf009230df5924fc037601de21c9bc913623,1162129
Providencia,13,MU228,Municipalidad,23095,Participación Ciudadana y Convivencia,Decreto,1504,2018-10-12,"Decreto Exento N° 1504: Fíjase el siguiente texto refundido y sistematizado de la ""ORDENANZA DE PARTICIPACION CIUDADANA Y CONVIVENCIA""",texto_refundido,Convivencia Vecinal y Seguridad,convivencia_seguridad,https://transparencia.providencia.cl/Carpeta/VerTabla/23095/1/2018,http://firma.providencia.cl/dsign/cgi/sdoc.exe/sdoc/document?id=cZZXALjDrlTOrqgU9RT%2BVg%3D%3D,verified,207273588375636e4f4c9ed2e628940cccc88a79180bee0eaaece45e72726e12,11951106
Providencia,13,MU228,Municipalidad,23095,Participación Ciudadana y Convivencia,Ordenanza,168,2018-10-04,"Ordenanza N° 168: Modifícase la ""ORDENANZA DE PARTICIPACION CIUDADANA Y CONVIVENCIA"" N°152 de 16 de Septiembre de 2016",ordenanza_base,Convivencia Vecinal y Seguridad,convivencia_seguridad,https://transparencia.providencia.cl/Carpeta/VerTabla/23095/1/2018,http://firma.providencia.cl/dsign/cgi/sdoc.exe/sdoc/document?id=aEhT9Mm1UyONdjOwOfpCjQ%3D%3D,verified,ce7a6d974dff45e3767bf9b548222d3f0ee272e0e660137c1bae4f0657572dbf,1118916
Providencia,13,MU228,Municipalidad,23096,Registro de personas jurídicas receptoras de fondos públicos,Ordenanza,15,2004-02-03,"Ordenanza N° 15: Apruébase la ""ORDENANZA DE REGISTRO DE PERSONAS JURIDICAS RECEPTORAS DE FONDOS PUBLICOS""",ordenanza_base,Normativa General y Otras Materias,normativa_general,https://transparencia.providencia.cl/Carpeta/VerTabla/23096/1/2004,http://firma.providencia.cl/dsign/cgi/sdoc.exe/sdoc/document?id=DpQk6GpbSxMC93VS17AqXA%3D%3D,verified,9447760e7760728895f6a264001a8cbae17dfd1e14ab8cbfcb5d567c72304343,78611
Providencia,13,MU228,Municipalidad,23098,Sobre subvenciones municipales,Ordenanza,2,2003-06-10,"Sobre subvenciones municipales N° 2: Apruébase la Ordenanza sobre Subvenciones Municipales, cuyo texto es el siguiente",ordenanza_base,Subvenciones y Régimen Interno,organizacion_interna,https://transparencia.providencia.cl/Carpeta/VerTabla/23098/1/2003,http://firma.providencia.cl/dsign/cgi/sdoc.exe/sdoc/document?id=vQt6xfeiVx583L6q2YdguQ%3D%3D,verified,0155d15d9adec84f3d32988d48d6a61cd359516332109ef2c8acd6fd822bb10f,117228
Providencia,13,MU228,Municipalidad,23098,Sobre subvenciones municipales,Ordenanza,122,2013-08-13,"Sobre subvenciones municipales N° 122: Modifícase la Ordenanza Nº2 de 10 de Junio de 2003 ""Ordenanza sobre Subvenciones Municipales"", en el sentido de sustituir el art",ordenanza_base,Subvenciones y Régimen Interno,organizacion_interna,https://transparencia.providencia.cl/Carpeta/VerTabla/23098/1/2013,http://firma.providencia.cl/dsign/cgi/sdoc.exe/sdoc/document?id=lxkTkulr%2Bg0iHLAsDw3yVw%3D%3D,verified,0ffa0164ae461181287e83d98e37d04b5ee5a0be66f03f55ac8de7977f487c0f,27493
Providencia,13,MU228,Municipalidad,23098,Sobre subvenciones municipales,Decreto exento,1490,2018-10-10,"Sobre Subvenciones Municipales N° 1490: Fíjase el siguiente texto refundido y sistemtizado de la ""Ordenanza sobre subvenciones municipales""",texto_refundido,Subvenciones y Régimen Interno,organizacion_interna,https://transparencia.providencia.cl/Carpeta/VerTabla/23098/1/2018,http://firma.providencia.cl/dsign/cgi/sdoc.exe/sdoc/document?id=zq7r5EwAnufiz35kdYzCxw%3D%3D,verified,deb2099c105ef79a40a4bbbdfb2e8899372741418ceef04a3810d0ec8512c57c,3052303
Providencia,13,MU228,Municipalidad,23098,Sobre subvenciones municipales,Ordenanza,185,2019-09-25,"Sobre subvenciones municipales N° 185: Apruébase la ""Ordenanza sobre Subvenciones Municipales""",ordenanza_base,Subvenciones y Régimen Interno,organizacion_interna,https://transparencia.providencia.cl/Carpeta/VerTabla/23098/1/2019,http://firma.providencia.cl/dsign/cgi/sdoc.exe/sdoc/document?id=gPJVV9vlA5J%2B%2FxmYsCLK7Q%3D%3D,verified,1fed7718280d18be95289d88c05969c94802b3b4e74891934482df4808149a66,2422343
Providencia,13,MU228,Municipalidad,23098,Sobre subvenciones municipales,Decreto,847,2020-07-15,"Decreto Exento N° 847: Apruébase el siguiente texto refundido y sistematizado de la ""ORDENANZA SOBRE SUBVENCIONES MUNICIPALES""",texto_refundido,Subvenciones y Régimen Interno,organizacion_interna,https://transparencia.providencia.cl/Carpeta/VerTabla/23098/1/2020,http://firma.providencia.cl/dsign/cgi/sdoc.exe/sdoc/document?id=LFdvmtd2zwRfW%2B%2FH39f5hA%3D%3D,verified,156ab145cd7f0265d8d8e7397feefe8149c2085940bd633f618e2ce3e2e0844e,2380152
Providencia,13,MU228,Municipalidad,23098,Sobre subvenciones municipales,Ordenanza,199,2020-06-12,"Ordenanza N° 199: Modifícase la Ordenanza N°185 de 25 de septiembre de 2019, ""ORDENANZA SOBRE SUBVENCIONES MUNICIPALES""",ordenanza_base,Subvenciones y Régimen Interno,organizacion_interna,https://transparencia.providencia.cl/Carpeta/VerTabla/23098/1/2020,http://firma.providencia.cl/dsign/cgi/sdoc.exe/sdoc/document?id=iKXcMbnZna3S6rNgdesWlA%3D%3D,verified,403d45d597eae5c889629bab8449bb578ddc3e51de0ae72f684138929f8dd679,843299
Providencia,13,MU228,Municipalidad,23100,Normas sanitarias básicas,Ordenanza,59,2007-08-21,Normas sanitarias básicas N° 59: Modifícase la Ordenanza Nº122 de 29 de Noviembre de 1996 sobre Normas Sanitarias Básicas en el sentido ade agregar en el artículo 4 letra a) el inciso que se indica,ordenanza_base,Normas Sanitarias y Convivencia,convivencia_seguridad,https://transparencia.providencia.cl/Carpeta/VerTabla/23100/1/2007,http://firma.providencia.cl/dsign/cgi/sdoc.exe/sdoc/document?id=RbIXh8zflwdRTahPYPX0xQ%3D%3D,verified,873ae25555153e4bc8d5e25797eaa61bf055e0e9c1f7be54de779b3213b893be,48275
Providencia,13,MU228,Municipalidad,23100,Normas sanitarias básicas,Decreto exento,1105,2008-06-12,Normas sanitarias básicas N° 1105: Fíjase el siguiente texto refundido y sistematizado de la Ordenanza sobre Normas Sanitarias Básicas,texto_refundido,Normas Sanitarias y Convivencia,convivencia_seguridad,https://transparencia.providencia.cl/Carpeta/VerTabla/23100/1/2008,http://firma.providencia.cl/dsign/cgi/sdoc.exe/sdoc/document?id=MhCExR6Nwo%2B1guHGJU8qrw%3D%3D,verified,a33d435a33aa46deba2ba9b9c1dbe4bdd549cd45e1fa185ac426c2127b3c37fa,1131268
Providencia,13,MU228,Municipalidad,23100,Normas sanitarias básicas,Ordenanza,105,2011-09-06,"Normas sanitarias básicas N° 105: Modifícase la ""Ordenza sobre normas sanitarias básicas"", cuyo texto refundido y sistematizado fue fijado por decreto alcaldicio EX",texto_refundido,Normas Sanitarias y Convivencia,convivencia_seguridad,https://transparencia.providencia.cl/Carpeta/VerTabla/23100/1/2011,http://firma.providencia.cl/dsign/cgi/sdoc.exe/sdoc/document?id=Odeo0WEOaJL%2FGVGhaLZS%2Fw%3D%3D,verified,a3d3495716ddb648dc1425e934c0955537406866fb9b77e950a377c7f109725f,47808
Providencia,13,MU228,Municipalidad,23100,Normas sanitarias básicas,Decreto exento,721,2011-03-31,Normas sanitarias básicas N° 721: Fíjase el siguiente texto refundido y sistematizado de la Ordenanza Sobre Normas Sanitarias Básicas,texto_refundido,Normas Sanitarias y Convivencia,convivencia_seguridad,https://transparencia.providencia.cl/Carpeta/VerTabla/23100/1/2011,http://firma.providencia.cl/dsign/cgi/sdoc.exe/sdoc/document?id=fPgm0dGztFf8eYp0%2BcLLnQ%3D%3D,verified,ac660e0d881246c2c14c963b1b8b5526bdcb8df540b0e685bc095d5ef2d7092f,344651
Providencia,13,MU228,Municipalidad,23100,Normas sanitarias básicas,Ordenanza,100,2011-01-25,Normas sanitarias básicas N° 100: Modifícase la Ordenanza sobre Normas Sanitarias Básicas cuyo texto refundido y sistematizado fue fijado por Decreto Alcaldicio EXNº1105 de 12 de Junio de 2008,texto_refundido,Normas Sanitarias y Convivencia,convivencia_seguridad,https://transparencia.providencia.cl/Carpeta/VerTabla/23100/1/2011,http://firma.providencia.cl/dsign/cgi/sdoc.exe/sdoc/document?id=K7Mt9AF6pyLFJwT%2BYiGuWw%3D%3D,verified,7b789a9381f2f06b0d2f4eba08d823ac283525d7c269cb74a3d4461b7f8d2558,72393
Providencia,13,MU228,Municipalidad,23100,Normas sanitarias básicas,Ordenanza,1,2011-01-25,"Normas sanitarias básicas N° 1: Modifícase la Ordenanza sobre Normas Sanitarias Básicas, cuyo texto refundido y sistematizado fue fijado por Decreto Alcaldicio EXNº1105 de 12 de Junio de 2008",texto_refundido,Normas Sanitarias y Convivencia,convivencia_seguridad,https://transparencia.providencia.cl/Carpeta/VerTabla/23100/1/2011,http://firma.providencia.cl/dsign/cgi/sdoc.exe/sdoc/document?id=NJJwuZ6r7eA%2BluGyZnyyHg%3D%3D,verified,da407699e5f431b8c859d9b05e74fcbf7e2fed761060af7a50ffa31c33f5164e,1550
Providencia,13,MU228,Municipalidad,23100,Normas sanitarias básicas,Decreto,2419,2012-11-23,"Decreto Exento N° 2419: Fíjase el siguiente texto refundido y sistematizado de la ""ORDENANZA SOBRE NORMAS SANITARIAS BASICAS """,texto_refundido,Normas Sanitarias y Convivencia,convivencia_seguridad,https://transparencia.providencia.cl/Carpeta/VerTabla/23100/1/2012,http://firma.providencia.cl/dsign/cgi/sdoc.exe/sdoc/document?id=1kWC1JjzWBwebnu1rGDwNg%3D%3D,verified,a793f13ec09b6bc5950821cd242154c6c2482dc10e70332f41e3ea348fbf7031,340015
Providencia,13,MU228,Municipalidad,23101,Sobre ruidos molestos,Decreto exento,1030,2003-07-01,Sobre ruidos molestos N° 1030: Fíjase el siguiente texto refundido de la Ordenanza Nº121 de 29,texto_refundido,Convivencia Vecinal y Seguridad,convivencia_seguridad,https://transparencia.providencia.cl/Carpeta/VerTabla/23101/1/2003,http://firma.providencia.cl/dsign/cgi/sdoc.exe/sdoc/document?id=BE0hUUj8k0PT5qdgLYnjQA%3D%3D,verified,51e844719eb38c18e3d4115b85fb290aa29dd9b36d2f07116a8c97dcb87b2004,256551
Providencia,13,MU228,Municipalidad,23101,Sobre ruidos molestos,Ordenanza,4,2003-06-10,Sobre ruidos molestos N° 4: Modificase la Ordenanza sobre  Ruidos Molestos en la Comuna de Providencia,modificacion,Convivencia Vecinal y Seguridad,convivencia_seguridad,https://transparencia.providencia.cl/Carpeta/VerTabla/23101/1/2003,http://firma.providencia.cl/dsign/cgi/sdoc.exe/sdoc/document?id=9PPiVUryDQK%2BFQFF8GShLA%3D%3D,verified,b45b8d55010644c0cdfde7aebc5aed9e02a165251a0205ae4dc75242f7fb2ab6,49952
Providencia,13,MU228,Municipalidad,23101,Sobre ruidos molestos,Decreto exento,2001,2004-11-29,"Texto refundido N° 2001: Fíjase el siguiente texto refundido de la Ordenanza Nº121 de 29 de Noviembre de 1996, ""Ordenanzasobre ruidos molestos en la comuna de Providencia""",texto_refundido,Convivencia Vecinal y Seguridad,convivencia_seguridad,https://transparencia.providencia.cl/Carpeta/VerTabla/23101/1/2004,http://firma.providencia.cl/dsign/cgi/sdoc.exe/sdoc/document?id=ZUXlgh8WAWyVjAqm41BWLQ%3D%3D,verified,84f6ddc95ac2135770c83105237af1f5b08d5083eda8f8204071e80f699687ac,88696
Providencia,13,MU228,Municipalidad,23101,Sobre ruidos molestos,Ordenanza,22,2004-10-05,Sobre ruidos molestos N° 22: Modifícase la Ordenanza Nº121 de 29 de Noviemb re de 1996  Ordenanza sobre Ruidos Molestos en la Comuna de Providencia,ordenanza_base,Convivencia Vecinal y Seguridad,convivencia_seguridad,https://transparencia.providencia.cl/Carpeta/VerTabla/23101/1/2004,http://firma.providencia.cl/dsign/cgi/sdoc.exe/sdoc/document?id=LTCE1D%2F9MC7pjaEIclxJ9g%3D%3D,verified,084cd2bbd20eb48073b5ade930842c53f17aeee429c12703660333d091318ab0,54722
Providencia,13,MU228,Municipalidad,23101,Sobre ruidos molestos,Decreto,844,2020-07-15,"Decreto Exento N° 844: Apruébase el texto refundido de la ""ORDENANA SOBRE RUIDOS MOLESTOS EN LA COMUNA DE PROVIDENCIA""",texto_refundido,Convivencia Vecinal y Seguridad,convivencia_seguridad,https://transparencia.providencia.cl/Carpeta/VerTabla/23101/1/2020,http://firma.providencia.cl/dsign/cgi/sdoc.exe/sdoc/document?id=ZOtOd9Oxa8Pk4QTKf%2F81vQ%3D%3D,verified,b760b0c289c15c0adb47561d387837342948f9649f1ed3d4be16bfd367bf1c9c,424059
Providencia,13,MU228,Municipalidad,23101,Sobre ruidos molestos,Ordenanza,194,2020-04-16,"Ordenanza N° 194: Modifícase la Ordenanza N°121 de 29 de noviembre de 1996 ""ORDENANZA SOBRE RUIDOS MOLESTOS EN LA COMUNA DE PROVIDENCIA"" , texto refundido por EX",texto_refundido,Convivencia Vecinal y Seguridad,convivencia_seguridad,https://transparencia.providencia.cl/Carpeta/VerTabla/23101/1/2020,http://firma.providencia.cl/dsign/cgi/sdoc.exe/sdoc/document?id=8QDBiETtpxzuC7HV0L3DoA%3D%3D,verified,ec8f169486a31326e93e07bf22615e6e44f56dbb185491b45b2740934ced1e86,217140
Providencia,13,MU228,Municipalidad,23256,Tenencia Responsable de Mascotas y Bienestar Animal,Ordenanza,150,2016-07-11,Tenencia Responsable de Mascotas y Bienestar Animal N° 150: Fíjase la siguiente Ordenanza sobre Tenencia Responsable de Mascotas y Bienestar Animal,ordenanza_base,Tenencia Responsable de Mascotas,tenencia_mascotas,https://transparencia.providencia.cl/Carpeta/VerTabla/23256/1/2016,http://firma.providencia.cl/dsign/cgi/sdoc.exe/sdoc/document?id=EbVevTR1cVYdHCavN%2FHdWA%3D%3D,verified,56c5571de56c5596e020420931eec038e7a8079f97daf88e69ea054563cd8c7f,443580
Providencia,13,MU228,Municipalidad,23256,Tenencia Responsable de Mascotas y Bienestar Animal,Ordenanza,176,2019-01-15,"Ordenanza N° 176: Derógase la Ordenanza N°150 de 11 de junio 2016 sobre ""TENENCIA RESPONSABLE DE MASCOTAS Y BIENESTAR ANIMAL""",ordenanza_base,Tenencia Responsable de Mascotas,tenencia_mascotas,https://transparencia.providencia.cl/Carpeta/VerTabla/23256/1/2019,http://firma.providencia.cl/dsign/cgi/sdoc.exe/sdoc/document?id=jgLcogH17v%2Brp9NGGVJFSg%3D%3D,verified,da4dc7b52eb019824bb7b4e0d0185cfcc7f9f402cfe59ed7c457396386140559,1146421
Providencia,13,MU228,Municipalidad,23256,Tenencia Responsable de Mascotas y Bienestar Animal,Decreto,1120,2026-07-08,"Decreto Exento N° 1120: Fíjase el siguiente texto refundido y sistematizado de la Ordenanza sobre ""TENENCIA RESPONSABLE DE MASCOTAS Y ANIMALES DE COMPAÑÍA DE LA COMUNA DE PROVIDENCIA""",texto_refundido,Tenencia Responsable de Mascotas,tenencia_mascotas,https://transparencia.providencia.cl/Carpeta/VerTabla/23256/1/2026,http://firma.providencia.cl/dsign/cgi/sdoc.exe/sdoc/document?id=3v%2BXFF%2FE86Qh8erNhuvuaA%3D%3D,verified,062af9e622336b2a88ca3e36cf7c065a73182928c93ecd2159f029cbe13efe31,5261577
Providencia,13,MU228,Municipalidad,23256,Tenencia Responsable de Mascotas y Bienestar Animal,Ordenanza,242,2026-05-15,"Ordenanza N° 242: Modifícase la Ordenanza sobre ""TENENCIA RESPONSABLE DE MASCOTAS Y ANIMALES DE COMPAÑÍA DE LA COMUNA DE PROVIDENCIA"", aprobada mediante Ordenanza N°176 de 15 de enero de 2019",ordenanza_base,Tenencia Responsable de Mascotas,tenencia_mascotas,https://transparencia.providencia.cl/Carpeta/VerTabla/23256/1/2026,http://firma.providencia.cl/dsign/cgi/sdoc.exe/sdoc/document?id=ls2t6aZw3SC0jDczZtKFrQ%3D%3D,verified,5e576e8a0c3ccbce55a7c94091b8d30d6da11488c40400476f8e328b6eb16fc8,719829
Providencia,13,MU228,Municipalidad,23103,Estacionamiento de taxis en la Comuna de Providencia,Decreto,1421,2003-09-03,"Decreto Exento N° 1421: Fíjase el siguiente texto refundido y sistematizado de la Ordenanza Nº7 de 02 de septiembre de1997, sobre ""ESTACIONAMIENTO DE TAXIS EN LA COMUNA DE PROVIDENCIA""",texto_refundido,"Tránsito, Transporte y Espacio Público",transito_transporte,https://transparencia.providencia.cl/Carpeta/VerTabla/23103/1/2003,http://firma.providencia.cl/dsign/cgi/sdoc.exe/sdoc/document?id=d99WzZoD55iPVJ03wwDXfg%3D%3D,verified,22d9252c91f3c143aafc7d8ce0413f76ad6182a8b7d983159360e929a27c59d7,139889
Providencia,13,MU228,Municipalidad,23103,Estacionamiento de taxis en la Comuna de Providencia,Ordenanza,5,2003-07-11,"Ordenanza N° 5: Modifícase el articulo 6º de la Ordenanza Nº 7 del 1997, sobre ESTACIONAMIENTOS DE TAXIS EN LA COMUNA DE PROVIDENCIA",ordenanza_base,"Tránsito, Transporte y Espacio Público",transito_transporte,https://transparencia.providencia.cl/Carpeta/VerTabla/23103/1/2003,http://firma.providencia.cl/dsign/cgi/sdoc.exe/sdoc/document?id=i8VvqpNu5QEnnc2ff%2BnT3w%3D%3D,verified,21095feeefe8aa10dad38564ff568e7278ffbf9488f6c56a8384f7049af3455a,56511
Providencia,13,MU228,Municipalidad,23402,Estacionamientos controlados en las vías públicas de la Comuna,Ordenanza,9,2003-10-22,Estacionamientos controlados en la vía pública de la Comuna N° 9: Apruébase la Ordenanza sobre Estacionamientos Controlados en las Vias Públicas de la Comuna,ordenanza_base,"Tránsito, Transporte y Espacio Público",transito_transporte,https://transparencia.providencia.cl/Carpeta/VerTabla/23402/1/2003,http://firma.providencia.cl/dsign/cgi/sdoc.exe/sdoc/document?id=24V5j4c9bMn%2BEqsu7eIlLg%3D%3D,verified,5c2a5567d5729e9a706e1adbd3690532ad6dcd75fd2bdb68260d0189d947b88c,88631
Providencia,13,MU228,Municipalidad,23402,Estacionamientos controlados en las vías públicas de la Comuna,Decreto exento,1723,2012-08-17,"Estacionamientos controlados en las vías públicas de la Comuna N° 1723: Fijase el siguiente texto refundido y sistematizado de la Ordenanza Nº9 de 22 de octubre de 2003 sobre ""ESTACIONAMIENTOS CONTROLADOS EN LAS VIAS PUBLICAS DE LA COMUNA""",texto_refundido,"Tránsito, Transporte y Espacio Público",transito_transporte,https://transparencia.providencia.cl/Carpeta/VerTabla/23402/1/2012,http://firma.providencia.cl/dsign/cgi/sdoc.exe/sdoc/document?id=16U0ocRraoKjBFdMmKTmkQ%3D%3D,verified,ba7213b9881d60eb7dc2bcf974f0f4e7038cd5d15da41f0255d41bcf3638dcac,116201
Providencia,13,MU228,Municipalidad,23402,Estacionamientos controlados en las vías públicas de la Comuna,Ordenanza,116,2012-04-12,Estacionamientos controlados en las vías públicas de la Comuna N° 116: Modifícase la Ordenanza Nº9 de fecha 22,ordenanza_base,"Tránsito, Transporte y Espacio Público",transito_transporte,https://transparencia.providencia.cl/Carpeta/VerTabla/23402/1/2012,http://firma.providencia.cl/dsign/cgi/sdoc.exe/sdoc/document?id=aP6patvU%2F39BEAnseWcksA%3D%3D,verified,c19e3027aa7bfb65681d1b66ee3bc516d58a34e7c0ca0172070345b41625f1e7,190405
Providencia,13,MU228,Municipalidad,23402,Estacionamientos controlados en las vías públicas de la Comuna,Ordenanza,177,2019-01-21,"Ordenanza N° 177: Derógase la Ordenanza N°9 de 22 de octubre 2003 sobre ""ESTACIONAMIENTOS CONTROLADOS EN LAS VIAS PUBLICAS DE LA COMUNA"", cuyo texto refundido se fijó por Decreto Alcaldicio EX",texto_refundido,"Tránsito, Transporte y Espacio Público",transito_transporte,https://transparencia.providencia.cl/Carpeta/VerTabla/23402/1/2019,http://firma.providencia.cl/dsign/cgi/sdoc.exe/sdoc/document?id=23PZ8VgTu5Bi2cCNmvq1vg%3D%3D,verified,0404394e67c7b56fe7da2bfbda02ad47b77d1edf989fb1eb97f83dafab604520,1050543
Providencia,13,MU228,Municipalidad,23105,Estacionamientos Reservados para vehículos,Ordenanza,8,2001-06-19,Estacionamientos Reservados para vehículos N° 8: Rectificase el art,texto_refundido,"Tránsito, Transporte y Espacio Público",transito_transporte,https://transparencia.providencia.cl/Carpeta/VerTabla/23105/1/2001,http://firma.providencia.cl/dsign/cgi/sdoc.exe/sdoc/document?id=6MaifoOWULx6klP%2BYtmzVg%3D%3D,verified,64310d705607a999c8c254beb4198f1f6a62eaf4ebfc26488ff9e7d1ba3372f2,37424
Providencia,13,MU228,Municipalidad,23105,Estacionamientos Reservados para vehículos,Ordenanza,5,2001-05-15,Estacionamientos Reservados para vehículos N° 5: Fijase texto refundido Ordenanza sobre Estacionamientos Reservados para Vehículos,texto_refundido,"Tránsito, Transporte y Espacio Público",transito_transporte,https://transparencia.providencia.cl/Carpeta/VerTabla/23105/1/2001,http://firma.providencia.cl/dsign/cgi/sdoc.exe/sdoc/document?id=r5kYN6owjlYRLnnYaIDlbw%3D%3D,verified,133e43e7eb9b1cb7e826968cd6f5ee1488f793a9ff6d565c5b2bfd8774fd1f78,61046
Providencia,13,MU228,Municipalidad,23105,Estacionamientos Reservados para vehículos,Decreto exento,349,2009-02-16,Estacionamientos Reservados para vehículos N° 349: Fíjase el siguiente texto refundido de la Ordenanza sobre Estacionamientos Reservados para Vehículos,texto_refundido,"Tránsito, Transporte y Espacio Público",transito_transporte,https://transparencia.providencia.cl/Carpeta/VerTabla/23105/1/2009,http://firma.providencia.cl/dsign/cgi/sdoc.exe/sdoc/document?id=UteWVo23E4mWxgUt5AUKyQ%3D%3D,verified,2fbedf3a4f1f019e41da4071730cc608a36df12886c7cd15a0fd69f5be9a9a48,109788
Providencia,13,MU228,Municipalidad,23105,Estacionamientos Reservados para vehículos,Ordenanza,77,2009-01-30,Estacionamientos Reservados para vehículos N° 77: Modifícase la Ordenanza sobre Estacionamientos Reservados para Vehículos aprobada por Ordenanza 1020 de 21,texto_refundido,"Tránsito, Transporte y Espacio Público",transito_transporte,https://transparencia.providencia.cl/Carpeta/VerTabla/23105/1/2009,http://firma.providencia.cl/dsign/cgi/sdoc.exe/sdoc/document?id=yaSRejYr1uNgLmikV0OZXQ%3D%3D,verified,bf4039adbf7e0df9ed1459d36760ce4dd613cfcac4f12dfee1c7100ebbc32832,51548
Providencia,13,MU228,Municipalidad,23105,Estacionamientos Reservados para vehículos,Ordenanza,116,2012-04-12,Estacionamientos Reservados para vehículos N° 116: Modifícase la Ordenanza Nº9 de fecha 22,ordenanza_base,"Tránsito, Transporte y Espacio Público",transito_transporte,https://transparencia.providencia.cl/Carpeta/VerTabla/23105/1/2012,http://firma.providencia.cl/dsign/cgi/sdoc.exe/sdoc/document?id=aP6patvU%2F39BEAnseWcksA%3D%3D,verified,c19e3027aa7bfb65681d1b66ee3bc516d58a34e7c0ca0172070345b41625f1e7,190405
Providencia,13,MU228,Municipalidad,23105,Estacionamientos Reservados para vehículos,Decreto exento,2182,2013-10-07,Estacionamientos Reservados para vehículos N° 2182: Fíjase el siguiente texto refundido de la Ordenanza sobre Estacionamientos Reservados para Vehículos,texto_refundido,"Tránsito, Transporte y Espacio Público",transito_transporte,https://transparencia.providencia.cl/Carpeta/VerTabla/23105/1/2013,http://firma.providencia.cl/dsign/cgi/sdoc.exe/sdoc/document?id=1GqUNaJCOi5KRinzpo9BSQ%3D%3D,verified,d3a504917df107cf740186a8d80634064f1b42c6c658953bd466879b0dffce0c,105848
Providencia,13,MU228,Municipalidad,23105,Estacionamientos Reservados para vehículos,Ordenanza,123,2013-08-13,"Estacionamientos Reservados para vehículos N° 123: Modifícase el artículo 1 de la Ordenanza 1020 de 21 de septiembre de 1982, sobre Estacionamientos Reservados para Vehículos, en el sentido de sustituir la frase ""artículo 164 de la Ley de Tránsito Nº18",ordenanza_base,"Tránsito, Transporte y Espacio Público",transito_transporte,https://transparencia.providencia.cl/Carpeta/VerTabla/23105/1/2013,http://firma.providencia.cl/dsign/cgi/sdoc.exe/sdoc/document?id=m0Me8Hdx8yLKWxbgPr%2FBbw%3D%3D,verified,8cf48c5db0d0868ab042aab516e4f35aae160b3e1a3c66d64af9330a3745e03a,27808
Providencia,13,MU228,Municipalidad,23105,Estacionamientos Reservados para vehículos,Decreto exento,629,2016-04-15,Estacionamientos Reservados para vehículos N° 629: Fíjase el siguiente texto refundido de la Ordenanza Sobre Estacionamientos Reservados para Vehículos,texto_refundido,"Tránsito, Transporte y Espacio Público",transito_transporte,https://transparencia.providencia.cl/Carpeta/VerTabla/23105/1/2016,http://firma.providencia.cl/dsign/cgi/sdoc.exe/sdoc/document?id=hdzHjrYcJ8CVle7R0jSMfA%3D%3D,verified,f13c0eb6db079fa79e10581dd1ae0803a8c8cffe22eef3720e5e88944678cbd1,445515
Providencia,13,MU228,Municipalidad,23105,Estacionamientos Reservados para vehículos,Ordenanza,16,2016-02-24,Estacionamientos Reservados para vehículos N° 16 - Estacionamientos Reservados para vehículos,extracto_do,"Tránsito, Transporte y Espacio Público",transito_transporte,https://transparencia.providencia.cl/Carpeta/VerTabla/23105/1/2016,http://firma.providencia.cl/dsign/cgi/sdoc.exe/sdoc/document?id=UlQjDOImMqTrD%2Fm8oQFtSg%3D%3D,verified,991f918f6fc02939992bba1f53e9b20876ff9f3dfa74acd82e5e71f49f74a28d,175000
Providencia,13,MU228,Municipalidad,23105,Estacionamientos Reservados para vehículos,Ordenanza,145,2016-02-23,"Estacionamientos Reservados para vehículos N° 145: ModifÍcase la Ordenanza N°1020 de 21 de septiembre de 1982, sobre Estacionamientos Reservados para Vehículos"", cuyo texto refundido se fijó por EXN°2182 de  7 de Octubre de 2013",texto_refundido,"Tránsito, Transporte y Espacio Público",transito_transporte,https://transparencia.providencia.cl/Carpeta/VerTabla/23105/1/2016,http://firma.providencia.cl/dsign/cgi/sdoc.exe/sdoc/document?id=v4TE80rFAyLFFvWvnQU64g%3D%3D,verified,b0689e2cd6abdb4fd5d447345feff3dd43435fe7eaf26b9aec19d0ffe0271e78,230539
Providencia,13,MU228,Municipalidad,23105,Estacionamientos Reservados para vehículos,Decreto,1896,2018-12-19,"Decreto Exento N° 1896: Fíjase el siguiente texto refundido y sistematizado de la Ordenanza sobre ""ESTACIONAMNIENTOS RESERVADOS PARA VEHICULOS""",texto_refundido,"Tránsito, Transporte y Espacio Público",transito_transporte,https://transparencia.providencia.cl/Carpeta/VerTabla/23105/1/2018,http://firma.providencia.cl/dsign/cgi/sdoc.exe/sdoc/document?id=KoKMHRccyTrWe938mobfFw%3D%3D,verified,fc152c4b157864cd3d70ef6e5843d584e2f7baa6f13e25c158d996d32c7127f1,635644
Providencia,13,MU228,Municipalidad,23105,Estacionamientos Reservados para vehículos,Ordenanza,175,2018-12-14,"Ordenanza N° 175: Modifícase la Ordenanza sobre ""ESTACIONAMIENTO RESERVADO PARA VEHICULOS"", cuyo texto refundio se fijó por Decreto Alcaldicio EX:N°967 de 3 de Julio de 2018",ordenanza_base,"Tránsito, Transporte y Espacio Público",transito_transporte,https://transparencia.providencia.cl/Carpeta/VerTabla/23105/1/2018,http://firma.providencia.cl/dsign/cgi/sdoc.exe/sdoc/document?id=Fzf0tefmgOAqIrVSFjgM5w%3D%3D,verified,14052cef491a300e5f968cf9c56f3c46731528b1637c346c65b0f6732a829598,217380
Providencia,13,MU228,Municipalidad,23105,Estacionamientos Reservados para vehículos,Decreto,967,2018-07-03,"Decreto Exento N° 967: Fíjase el siguiente texto refundido de la Ordenanza sobre ""ESTACIONAMIENTO RESERVADO PARA VEHICULOS""",texto_refundido,"Tránsito, Transporte y Espacio Público",transito_transporte,https://transparencia.providencia.cl/Carpeta/VerTabla/23105/1/2018,http://firma.providencia.cl/dsign/cgi/sdoc.exe/sdoc/document?id=87ohkO98qv9r7EGLtKFG2A%3D%3D,verified,645ed5440de96246c0de7b649b63fa72b42f789535d2f369a55086df9b0db0ab,3058987
Providencia,13,MU228,Municipalidad,23105,Estacionamientos Reservados para vehículos,Ordenanza,163,2018-06-11,"Ordenanza N° 163: Modifícase la Ordenanza sobre  "" ESTACIONAMIENTO RESERVADO PARA VEHICULOS "", cuyo texto refundido se fijo por EXN°629 de 15 de abril de 2016",texto_refundido,"Tránsito, Transporte y Espacio Público",transito_transporte,https://transparencia.providencia.cl/Carpeta/VerTabla/23105/1/2018,http://firma.providencia.cl/dsign/cgi/sdoc.exe/sdoc/document?id=EPBoJp4RYBxDBCkdfEG5tg%3D%3D,verified,736460d3bae046e41ccf0b4c1991b4d1405ba155c56bbccbd24d595a46e81ae7,208881
Providencia,13,MU228,Municipalidad,23106,Horario de carga y descarga,Ordenanza,45,2006-05-16,Ordenanza N° 45: Déjase sin efecto la Ordenanza Nº 4 de 8 de junio de 1984 que aprobó la Ordenanza Comunal sobre HORARIO DE CARGA Y DESCARGA,ordenanza_base,"Tránsito, Transporte y Espacio Público",transito_transporte,https://transparencia.providencia.cl/Carpeta/VerTabla/23106/1/2006,http://firma.providencia.cl/dsign/cgi/sdoc.exe/sdoc/document?id=MJIp5wiUYmUFMOfkof62lA%3D%3D,verified,33ede7fdf99862eb0059ae37d235f3577e0b324d8d126856dced77184cadc246,271638
Providencia,13,MU228,Municipalidad,23185,Ordenanza del Area de Exclusión de Estacionamientos Pedro de Valdivia Nº963,Ordenanza,138,2015-04-21,"Ordenanza N° 138: Apruébase la ""ORDENANZA DEL AREA DE EXCLUSION DE ESTACIONAMIENTO PEDRO DE VALDIVIA N°963""",ordenanza_base,"Tránsito, Transporte y Espacio Público",transito_transporte,https://transparencia.providencia.cl/Carpeta/VerTabla/23185/1/2015,http://firma.providencia.cl/dsign/cgi/sdoc.exe/sdoc/document?id=de8%2FiV5a7aVV1kcSyXOtWg%3D%3D,verified,6513579fd4ef655ad160911f28c1b6d2d3ae4cd29242fb7852cbd38e30cd9d95,189477
Providencia,13,MU228,Municipalidad,23107,Ordenanza sobre prohibicion de estacionamiento en area protegida,Ordenanza,12,2001-10-11,"Ordenanza N° 12: Apruébase la ""ORDENANZA SOBRE PROHIBICION DE ESTACIONAMIENTO EN AREA PROTEGIDA""",ordenanza_base,"Tránsito, Transporte y Espacio Público",transito_transporte,https://transparencia.providencia.cl/Carpeta/VerTabla/23107/1/2001,http://firma.providencia.cl/dsign/cgi/sdoc.exe/sdoc/document?id=id9sTY78T2PGvHH2M1evLg%3D%3D,verified,65fb6993858a6ba114d7277099a8f15c78de86e3f53acf5c2199afecf689a6c3,119411
