id_registro,origen_sistema,fecha,anio,numero,tipo_normativo,titulo,materia,enlace_documental,sha256_verificado,nota_metodologica
MUNI-PROV-0001,MUNICIPAL_TRANSPARENCIA,2013-12-20,2013,75,ordenanza_base,"Modifícase la Ordenanza Nº65 de 19 de Noviembre de 2007, que aprobó la Ordenanza sobre ""Condiciones necesarias para la fijación de tarifas del servicio domiciliario por extracción de basura y exención total y parcial"". N° 75: Modifícase la Ordenanza Nº65 de 19 de Noviembre de 200",Derechos Municipales y Tarifas,http://firma.providencia.cl/dsign/cgi/sdoc.exe/sdoc/document?id=EeMnznUUkrOzR87zddfqOQ%3D%3D,2428124564985614134ba9691c102433ce8af0d4c334a4ca27da6d354c84cea6,Texto original municipal firmado digitalmente (Ordenanzas y Textos Refundidos D.O.)
MUNI-PROV-0002,MUNICIPAL_TRANSPARENCIA,2009-09-22,2009,2007,texto_refundido,"Fíjase El Siguiente Texto Refundido Y Sistematizado De La Ordenanza Comunal Sobre La ""instalación De Mesas Y Toldos En El Bien Nacional De Uso Público Paseo Peatonal General Holley"".- N° 2007: Fíjase El Siguiente Texto Refundido Y Sistematizado De La Ordenanza Comunal Sobre La ""i","Aseo, Ornato y Gestión de Residuos",http://firma.providencia.cl/dsign/cgi/sdoc.exe/sdoc/document?id=kj%2FnjSyhp8hqsWyGLso%2FkQ%3D%3D,6caea7e0dbc6bdca3895fc820fb6bfe234c8259fe55e7c9dd387d2b1be057a6b,Texto original municipal firmado digitalmente (Ordenanzas y Textos Refundidos D.O.)
MUNI-PROV-0003,MUNICIPAL_TRANSPARENCIA,2009-07-03,2009,1374,texto_refundido,"Fíjase El Siguiente Texto Refundido Y Sistematizado De La Ordenanza Comunal Nº2 De Fecha 6-03-2000 ""sobre La Actividad Comercial, De Alcoholes, Industrial, Profesional Y De Servicios "".- N° 1374: Fíjase El Siguiente Texto Refundido Y Sistematizado De La Ordenanza Comunal Nº2 De F","Comercio, Alcoholes y Patentes",http://firma.providencia.cl/dsign/cgi/sdoc.exe/sdoc/document?id=Ye2Z6BD7KuKWZqEZ4cLO5g%3D%3D,8f71f25fa4346b52fa6d5529035a97286e5282616c8b76effe624f783d79c522,Texto original municipal firmado digitalmente (Ordenanzas y Textos Refundidos D.O.)
MUNI-PROV-0004,MUNICIPAL_TRANSPARENCIA,2009-07-10,2009,1374,texto_refundido,"Fíjase El Siguiente Texto Refundido Y Sistematizado De La Ordenanza Comunal Nº2 De Fecha 6-03-2000 ""sobre La Actividad Comercial, De Alcoholes, Industrial, Profesional Y De Servicios "".- N° 1374: Fíjase El Siguiente Texto Refundido Y Sistematizado De La Ordenanza Comunal Nº2 De F","Comercio, Alcoholes y Patentes",http://firma.providencia.cl/dsign/cgi/sdoc.exe/sdoc/document?id=j%2FYo%2FjB%2F1eB31uzvFc%2FhuA%3D%3D,aee97a69b710b0e586589f8bbfdd7d88df2db27601bc15c0f0627b8946ec0331,Texto original municipal firmado digitalmente (Ordenanzas y Textos Refundidos D.O.)
MUNI-PROV-0005,MUNICIPAL_TRANSPARENCIA,2009-06-27,2009,1349,texto_refundido,Apruébase El Siguiente Texto Refundido Y Sistematizado De La Ordenanza Sobre Instalación De Mesas En El Bien Nacional De Uso Público De La Comuna De Providencia. N° 1349: Apruébase El Siguiente Texto Refundido Y Sistematizado De La Ordenanza Sobre Instalación De Mesas En El Bien ,Derechos Municipales y Tarifas,http://firma.providencia.cl/dsign/cgi/sdoc.exe/sdoc/document?id=Ka4llaNds5iQjCE110dCvQ%3D%3D,a6b79557bceac83945fbf4cd35a93f44afd43d686722688e56c031dd819c1cf1,Texto original municipal firmado digitalmente (Ordenanzas y Textos Refundidos D.O.)
MUNI-PROV-0006,MUNICIPAL_TRANSPARENCIA,2009-03-28,2009,630,texto_refundido,"Fíjase El Siguiente Texto Refundido Y Sistematizado De La Ordenanza Sobre ""condiciones Necesarios Para La Fijación De Tarifas Del Servicio Domiciliario Por Extracción De Basura Y Exenciones Total Y Parcial"". N° 630: Fíjase El Siguiente Texto Refundido Y Sistematizado De La Ordena",Derechos Municipales y Tarifas,http://firma.providencia.cl/dsign/cgi/sdoc.exe/sdoc/document?id=wN9buEgHml%2BpX5GRUD7dhA%3D%3D,2b1505b4e7c084a925bf1528669dfc2b17bd512cca0a34345c7aeee7ffe67710,Texto original municipal firmado digitalmente (Ordenanzas y Textos Refundidos D.O.)
MUNI-PROV-0007,MUNICIPAL_TRANSPARENCIA,2009-03-23,2009,589,texto_refundido,"Fíjase El Siguiente Texto Refundido Y Sistematizado De La Ordenanza Sobre Obras De Contrucción, Reconstrucción, Reparación, Alteración, Ampliación Y Demolición De Edificios Y Obras De Urbanización. N° 589: Fíjase El Siguiente Texto Refundido Y Sistematizado De La Ordenanza Sobre ","Obras, Urbanismo y Espacio Público",http://firma.providencia.cl/dsign/cgi/sdoc.exe/sdoc/document?id=nxnHXQr9JFZg3i8R1uyUHw%3D%3D,7dfaa71f37d3ef32d6588f556cd0828c991f8ce9e8c77e4a44766d7d4ff6e173,Texto original municipal firmado digitalmente (Ordenanzas y Textos Refundidos D.O.)
MUNI-PROV-0008,MUNICIPAL_TRANSPARENCIA,2009-03-19,2009,491,texto_refundido,Fíjase El Siguiente Texto Refundido Y Sistematizado De La Ordenanza Que Reglamenta La Numeración De Los Inmuebles De La Comuna. N° 491: Fíjase El Siguiente Texto Refundido Y Sistematizado De La Ordenanza Que Reglamenta La Numeración De Los Inmuebles De La Comuna,Derechos Municipales y Tarifas,http://firma.providencia.cl/dsign/cgi/sdoc.exe/sdoc/document?id=BgEMOCwwMo9f1JduJtdwqw%3D%3D,189b1d948b942f914bea4424f264058ad8939bcee9996a9008c2fef48bbfb73d,Texto original municipal firmado digitalmente (Ordenanzas y Textos Refundidos D.O.)
MUNI-PROV-0009,MUNICIPAL_TRANSPARENCIA,2009-02-24,2009,349,texto_refundido,Fíjase El Siguiente Texto Refundido De La Ordenanza Sobre Estacionamientos Reservados Para Vehículos N° 349: Fíjase El Siguiente Texto Refundido De La Ordenanza Sobre Estacionamientos Reservados Para Vehículos,"Tránsito, Transporte y Espacio Público",http://firma.providencia.cl/dsign/cgi/sdoc.exe/sdoc/document?id=1Oj5vJc6I%2BgNIWEMKNFHqA%3D%3D,3e5660ddc7b9674e1afa55153367ddcefd8fe1254aa6e92dd6e75620889ac8aa,Texto original municipal firmado digitalmente (Ordenanzas y Textos Refundidos D.O.)
MUNI-PROV-0010,MUNICIPAL_TRANSPARENCIA,2009-12-28,2009,86,ordenanza_base,"Dejase Establecido El Monto Para El ""cobro Derecho De Aseo Domiciliario Para El Año 2010"", Conforme Lo Establecido Por Ordenanza Nº85 De 14-10-2009. N° 86: Dejase Establecido El Monto Para El ""cobro Derecho De Aseo Domiciliario Para El Año 2010"", Conforme Lo Establecido Por Orden",Derechos Municipales y Tarifas,http://firma.providencia.cl/dsign/cgi/sdoc.exe/sdoc/document?id=W1CHHDAXpP7bvKb3CORIfA%3D%3D,40cb7ea71e40473e9ee9ce2e58c27e0d672c2a67b527641a7a8095be34d6157e,Texto original municipal firmado digitalmente (Ordenanzas y Textos Refundidos D.O.)
MUNI-PROV-0011,MUNICIPAL_TRANSPARENCIA,2009-10-21,2009,85,ordenanza_base,"Renuévase Para El Año 2010, La Ordenanza N°76 De 28-10-2008, Que Aprobó La Ordenanza De ""cobro De Derecho De Aseo Domiciliario Para El Año 2009"". N° 85: Renuévase Para El Año 2010, La Ordenanza N°76 De 28-10-2008, Que Aprobó La Ordenanza De ""cobro De Derecho De Aseo Domiciliario ",Derechos Municipales y Tarifas,http://firma.providencia.cl/dsign/cgi/sdoc.exe/sdoc/document?id=wsyKokTlVO4lXsB6cQfz6Q%3D%3D,747f7f515cf20d4a19de40244cb6e06d6edc2856d6150ebc220e2b99efb51b01,Texto original municipal firmado digitalmente (Ordenanzas y Textos Refundidos D.O.)
MUNI-PROV-0012,MUNICIPAL_TRANSPARENCIA,2010-12-24,2010,2361,texto_refundido,Texto Refundido Y Sistematizado De La Ordenanza De Derechos Municipales Que Regirá Para El Año 2011 N° 2361: Texto Refundido Y Sistematizado De La Ordenanza De Derechos Municipales Que Regirá Para El Año 2011,Derechos Municipales y Tarifas,http://firma.providencia.cl/dsign/cgi/sdoc.exe/sdoc/document?id=WzMDmP60NppptaHX%2BYWMOg%3D%3D,322a7e5656511840c7c04677500b596fdafd19282122f6e3edddc378ecd8b2c6,Texto original municipal firmado digitalmente (Ordenanzas y Textos Refundidos D.O.)
MUNI-PROV-0013,MUNICIPAL_TRANSPARENCIA,2010-08-28,2010,1607,texto_refundido,"Fíjase El Siguiente Texto Refundido, Coordinado Y Sistematizado De La Ordenanza Sobre ""ocupación De Bien Nacional De Uso Público Calle Pío Nono"". N° 1607: Fíjase El Siguiente Texto Refundido, Coordinado Y Sistematizado De La Ordenanza Sobre ""ocupación De Bien Nacional De Uso Públ",Derechos Municipales y Tarifas,http://firma.providencia.cl/dsign/cgi/sdoc.exe/sdoc/document?id=JKDfIqf8ESjWSHV2lMYzwA%3D%3D,111ac5c06b0b1319c41022d31a36e266e25997a19c6ccf093e6e1cc72fecd84d,Texto original municipal firmado digitalmente (Ordenanzas y Textos Refundidos D.O.)
MUNI-PROV-0014,MUNICIPAL_TRANSPARENCIA,2010-08-21,2010,1553,ordenanza_base,"Apruébase Y Promúlgase La Aprobación De Las Nuevas Normas Urbanisticas Asignadas A Las Fajas De Utilidad Pública Caducadas De Calle Pedro Lira, Asimilándolas A Las Zonas De Uso De Suelo Y Edificación Predominantes En El Sector. N° 1553: Apruébase Y Promúlgase La Aprobación De Las","Obras, Urbanismo y Espacio Público",http://firma.providencia.cl/dsign/cgi/sdoc.exe/sdoc/document?id=GQqC3wjKK%2BGAm4qavxdnBg%3D%3D,d94b9d45da6a4dec9d9f86966390d127bbad27a042d418b1fb92e6427e520db5,Texto original municipal firmado digitalmente (Ordenanzas y Textos Refundidos D.O.)
MUNI-PROV-0015,MUNICIPAL_TRANSPARENCIA,2010-12-24,2010,99,ordenanza_base,"Déjase Establecido El Monto Para El ""cobro Derecho De Aseo Domiciliaro Para El Año 2011"", Conforme A Lo Establecido Por Ordenanza Nº93 De 12-10-2010 N° 99: Déjase Establecido El Monto Para El ""cobro Derecho De Aseo Domiciliaro Para El Año 2011"", Conforme A Lo Establecido Por Orde",Derechos Municipales y Tarifas,http://firma.providencia.cl/dsign/cgi/sdoc.exe/sdoc/document?id=%2FcAe2nNQDfGqgQ6MNNjNYw%3D%3D,d41bffa5dcf2a0c42c50bc34a7620a6326b8a969cba669fa1196a73c9dfa13a8,Texto original municipal firmado digitalmente (Ordenanzas y Textos Refundidos D.O.)
MUNI-PROV-0016,MUNICIPAL_TRANSPARENCIA,2010-11-18,2010,98,ordenanza_base,Díctase La Ordenanza Sobre Servicios Del Sistema De Bibliotecas De La Municipalidad De Providencia N° 98: Díctase La Ordenanza Sobre Servicios Del Sistema De Bibliotecas De La Municipalidad De Providencia,Derechos Municipales y Tarifas,http://firma.providencia.cl/dsign/cgi/sdoc.exe/sdoc/document?id=2oRAxPo9b8QRsnvrl9HNZA%3D%3D,220ade36d504cd50df1a136a4e1aa7de8672aaaa2667e8b719f84cad8ce7027c,Texto original municipal firmado digitalmente (Ordenanzas y Textos Refundidos D.O.)
MUNI-PROV-0017,MUNICIPAL_TRANSPARENCIA,2010-11-18,2010,97,texto_refundido,"Modifícase La Ordenanza Nº22 De 28.12.2001 ""ordenanza Local Sobre Derechos Municipales Que Rige Para El 2010"", Cuyo Texto Refundido Fue Aprobado Por ExNº2669 De 18.12.2009 N° 97: Modifícase La Ordenanza Nº22 De 28",Derechos Municipales y Tarifas,http://firma.providencia.cl/dsign/cgi/sdoc.exe/sdoc/document?id=FEvGhqx9FOOViYbYkYvZyQ%3D%3D,c1b3207932eb4dbd111411bfafe783152f3a9fc4c352f2b8867c6da4d1bf41ac,Texto original municipal firmado digitalmente (Ordenanzas y Textos Refundidos D.O.)
MUNI-PROV-0018,MUNICIPAL_TRANSPARENCIA,2010-11-18,2010,96,ordenanza_base,"Modifícase La Ordenanza Nº8 De 01.10.2003 Sobre ""permisos Y Concesiones De Bienes Municipales Y Nacionales De Uso Público Y Concesiones De Servicios Municipales"" N° 96: Modifícase La Ordenanza Nº8 De 01",Derechos Municipales y Tarifas,http://firma.providencia.cl/dsign/cgi/sdoc.exe/sdoc/document?id=yvWVC%2FK2SBwgXeygHAzzpw%3D%3D,a822fc8c264d63e36a3a52a94b80360237a99ee216cd55191179d0e68fbd7a1a,Texto original municipal firmado digitalmente (Ordenanzas y Textos Refundidos D.O.)
MUNI-PROV-0019,MUNICIPAL_TRANSPARENCIA,2010-11-18,2010,95,ordenanza_base,"Sustitúyase El Artículo 3º De La Ordenanza Nº16 De 04.02.2004, Sobre ""funcionamiento Del Depósito Municipal De Vehículos"". N° 95: Sustitúyase El Artículo 3º De La Ordenanza Nº16 De 04","Tránsito, Transporte y Espacio Público",http://firma.providencia.cl/dsign/cgi/sdoc.exe/sdoc/document?id=UBVgrayoFI6sTsucxq9oPg%3D%3D,f66a8c8a6b64729ce994518b5e24067abfaa79809b915588a8bd9910f1e57fb0,Texto original municipal firmado digitalmente (Ordenanzas y Textos Refundidos D.O.)
MUNI-PROV-0020,MUNICIPAL_TRANSPARENCIA,2010-11-18,2010,94,ordenanza_base,"Modifícase La Ordenanza Nº13 De 02.12.2003, Que Aprobó La ""ordenanza Sobre Obras De Construcción, Reconstrucción, Reparación, Alteración, Ampliación Y Demolición De Edificios Y Obras De Urbanización"". N° 94: Modifícase La Ordenanza Nº13 De 02","Obras, Urbanismo y Espacio Público",http://firma.providencia.cl/dsign/cgi/sdoc.exe/sdoc/document?id=pFyMUMOI9jRue5Shvncwng%3D%3D,5d868bce54b9b3b07f4855322e772c97b91239b7aac4c29c8a9a1e8b4a3c9227,Texto original municipal firmado digitalmente (Ordenanzas y Textos Refundidos D.O.)
MUNI-PROV-0021,MUNICIPAL_TRANSPARENCIA,2010-10-16,2010,93,ordenanza_base,"Apruébase La Siguiente ""ordenanza De Cobro De Derecho De Aseo Domiciliario Para El Año 2011"". N° 93: Apruébase La Siguiente ""ordenanza De Cobro De Derecho De Aseo Domiciliario Para El Año 2011""",Derechos Municipales y Tarifas,http://firma.providencia.cl/dsign/cgi/sdoc.exe/sdoc/document?id=iOATwpeoNjwut%2FrtOfT%2Bbw%3D%3D,9543a31808025e09c319f9ee31e3ce517f5a0e95a808fba167768004ab36efb9,Texto original municipal firmado digitalmente (Ordenanzas y Textos Refundidos D.O.)
MUNI-PROV-0022,MUNICIPAL_TRANSPARENCIA,2011-12-30,2011,2466,texto_refundido,"Fíjase El Texto Refundido Y Sistematizado De La Ordenanza Nº22 De 28-12-2011 Y Sus Modificaciones ""ordenanza Local Sobre Derechos Municipales"" Que Regirá Para El Año 2012.- N° 2466: Fíjase El Texto Refundido Y Sistematizado De La Ordenanza Nº22 De 28-12-2011 Y Sus Modificaciones ",Derechos Municipales y Tarifas,http://firma.providencia.cl/dsign/cgi/sdoc.exe/sdoc/document?id=3CsdpkfrFLHMO4V9X0PVIA%3D%3D,56ac40f318f51bc3e67b44952291b3a12c5f95a5a4acb4918cd99aad1f096bd4,Texto original municipal firmado digitalmente (Ordenanzas y Textos Refundidos D.O.)
MUNI-PROV-0023,MUNICIPAL_TRANSPARENCIA,2011-11-05,2011,2038,texto_refundido,"Fíjese El Siguiente Texto Refundido Y Sistematizado De La Ordenanza Nº 1 De 24-01-2002 ""ordenanza De Ornato"". N° 2038: Fíjese El Siguiente Texto Refundido Y Sistematizado De La Ordenanza Nº 1 De 24-01-2002 ""ordenanza De Ornato""",Derechos Municipales y Tarifas,http://firma.providencia.cl/dsign/cgi/sdoc.exe/sdoc/document?id=59%2BlQ65Xo14WRlZFntcA1g%3D%3D,4a60418d1921067e64b193cd107e334119942163628c080ed59e52853408f6c0,Texto original municipal firmado digitalmente (Ordenanzas y Textos Refundidos D.O.)
MUNI-PROV-0024,MUNICIPAL_TRANSPARENCIA,2011-06-03,2011,970,ordenanza_base,"Pónese Término Al Permiso Precario Otorgado A Doña Elena Quezada Quezada, Rut.nº992.975-4 Y Marta Iturrieta Vergara, Rut.nº4.665.898-1, Por La Ocupación Del Local Nº5, Del Mercado Funcional De Providencia, Ubicado En Calle Antonio Bellet Nº58.- N° 970: Pónese Término Al Permiso P",Derechos Municipales y Tarifas,http://firma.providencia.cl/dsign/cgi/sdoc.exe/sdoc/document?id=fxddK7uCHME6A041WgssMw%3D%3D,f75d6e9c182cd2eb92cfa9e4741b3df5c84dfd9e2fff5b164a4277e0c2794792,Texto original municipal firmado digitalmente (Ordenanzas y Textos Refundidos D.O.)
MUNI-PROV-0025,MUNICIPAL_TRANSPARENCIA,2011-04-27,2011,858,texto_refundido,"Apruébase El Siguiente Texto Refundido Y Sistematizado De La Ordenanza Sobre Permisos Y Concesiones De Bienes Municipales Y Nacionales De Uso Público Y Concesiones De Servicios Municipales"" N° 858: Apruébase El Siguiente Texto Refundido Y Sistematizado De La Ordenanza Sobre Permi",Derechos Municipales y Tarifas,http://firma.providencia.cl/dsign/cgi/sdoc.exe/sdoc/document?id=fcdy4AHDHQBc6HYegb7GXA%3D%3D,bbe24eaad9f4082e89a32c477487694b88b5aac47e1e0804132e3b32ae7da6c3,Texto original municipal firmado digitalmente (Ordenanzas y Textos Refundidos D.O.)
MUNI-PROV-0026,MUNICIPAL_TRANSPARENCIA,2011-04-16,2011,777,texto_refundido,"Fíjase El Texto Refundido Y Sistematizado De La Ordenanza Sobre ""funcionamiento Del Depósito Municipal De Vehículos "".- N° 777: Fíjase El Texto Refundido Y Sistematizado De La Ordenanza Sobre ""funcionamiento Del Depósito Municipal De Vehículos ""","Tránsito, Transporte y Espacio Público",http://firma.providencia.cl/dsign/cgi/sdoc.exe/sdoc/document?id=HwgQWPQ%2FpqivWa7E7hXOmA%3D%3D,7c738bed2ebfd5ed33b52364b678e1c02cded625a6fa1867637648c2d20364e4,Texto original municipal firmado digitalmente (Ordenanzas y Textos Refundidos D.O.)
MUNI-PROV-0027,MUNICIPAL_TRANSPARENCIA,2011-04-09,2011,721,texto_refundido,Fíjase El Siguiente Texto Refundido Y Sistematizado De La Ordenanza Sobre Normas Sanitarias Básicas.- N° 721: Fíjase El Siguiente Texto Refundido Y Sistematizado De La Ordenanza Sobre Normas Sanitarias Básicas,Derechos Municipales y Tarifas,http://firma.providencia.cl/dsign/cgi/sdoc.exe/sdoc/document?id=P%2FLPA8JmQZRyvu%2FqhwoN3A%3D%3D,06026b9bcafe51e51b7050e3d8b9564b9e3b186b674681b26c154527205a60c4,Texto original municipal firmado digitalmente (Ordenanzas y Textos Refundidos D.O.)
MUNI-PROV-0028,MUNICIPAL_TRANSPARENCIA,2011-04-09,2011,720,texto_refundido,"Fíjese El Siguiente Texto Refundido Y Sistematizado De La Ordenanza Sobre Obras De Construcción, Reconstrucción, Reparación, Alteración, Ampliación Y Demolición De Edificios Y Obras De Urbanización.- N° 720: Fíjese El Siguiente Texto Refundido Y Sistematizado De La Ordenanza Sobr","Obras, Urbanismo y Espacio Público",http://firma.providencia.cl/dsign/cgi/sdoc.exe/sdoc/document?id=jueHfP486Ri9jo3YYWG2BA%3D%3D,94d184f151c107a768eedfe54eb454c5b5536e03a0657439c3f4ff2405b5911a,Texto original municipal firmado digitalmente (Ordenanzas y Textos Refundidos D.O.)
MUNI-PROV-0029,MUNICIPAL_TRANSPARENCIA,2011-10-25,2011,114,ordenanza_base,"Ordenanza Nº114 De 20.10.2011- Modifícase Ordenanzas 109, 110, 111 Y 113 Todas De 07.10.2011 Por Existir Error En Los Números De Acuerdos , Dejando Establecido Que Los Números Correctos De Acuerdos Son 716,715 Y 717 N° 114: Ordenanza Nº114 De 20",Derechos Municipales y Tarifas,http://firma.providencia.cl/dsign/cgi/sdoc.exe/sdoc/document?id=oT5Nsxcq93O5W%2BmX49m1fg%3D%3D,3160024d76f2b16006d3a1a84aebd9a5de94140c49179eb7ee792659221a30e0,Texto original municipal firmado digitalmente (Ordenanzas y Textos Refundidos D.O.)
MUNI-PROV-0030,MUNICIPAL_TRANSPARENCIA,2011-10-18,2011,113,texto_refundido,"Modifícase La Ordenanza Nº8 De 29-10-1999, ""ordenanza De Participación Ciudadana De La Comuna De Providencia"", Cuyo Texto Refundido Y Sistematizado Fue Fijado Por Decreto Alcaldicio ExNº374 De 29-02-2008 N° 113: Modifícase La Ordenanza Nº8 De 29-10-1999, ""ordenanza De Participaci",Participación Ciudadana,http://firma.providencia.cl/dsign/cgi/sdoc.exe/sdoc/document?id=XSoPXCYiJppu%2FeTl1Er9Ww%3D%3D,b70125042a1d94c9a4ad4ee0c12ca9350035ea0cfcda29aa1c0300eed84867bd,Texto original municipal firmado digitalmente (Ordenanzas y Textos Refundidos D.O.)
MUNI-PROV-0031,MUNICIPAL_TRANSPARENCIA,2011-10-14,2011,112,texto_refundido,"Modifícase La Ordenanza Nº5 De 26-08-1999 Sobre ""cierre De Calles O Pasajes Públicos Ciegos De La Comuna De Providencia"", Cuyo Texto Refundido Y Sistematizado Fue Aprobado Por Decreto Alcaldicio ExNº360 De 27-02-2008 N° 112: Modifícase La Ordenanza Nº5 De 26-08-1999 Sobre ""cierre",Derechos Municipales y Tarifas,http://firma.providencia.cl/dsign/cgi/sdoc.exe/sdoc/document?id=g%2FRUqXsmSRgH46MSFjCF%2FQ%3D%3D,83d8b8a40f3487404228c9332fbf9b87ec64f40b329d197a4669a45730d1f4ef,Texto original municipal firmado digitalmente (Ordenanzas y Textos Refundidos D.O.)
MUNI-PROV-0032,MUNICIPAL_TRANSPARENCIA,2012-01-11,2012,2508,texto_refundido,"Apruébase El Siguiente Texto Refundido Y Sistematizado De La Ordenanza Nº 5 De 26-08-1999 Sobre, ""cierre De Calles O Pasajes Públicos Ciegos De La Comuna De Providencia"". N° 2508: Apruébase El Siguiente Texto Refundido Y Sistematizado De La Ordenanza Nº 5 De 26-08-1999 Sobre, ""ci",Derechos Municipales y Tarifas,http://firma.providencia.cl/dsign/cgi/sdoc.exe/sdoc/document?id=5eaCKPPKXFHy04z6olccTg%3D%3D,602d54e9f629052cfe666276aedef4285552d9037bec7a0834af6843ae4cbb20,Texto original municipal firmado digitalmente (Ordenanzas y Textos Refundidos D.O.)
MUNI-PROV-0033,MUNICIPAL_TRANSPARENCIA,2012-01-10,2012,2507,texto_refundido,"Apruébase El Siguiente Texto Refundido Y Sistematizado De La Ordenanza Sobre ""participación Ciudadana De La Comuna De Providencia"", Suyo Texto Será El Siguiente. N° 2507: Apruébase El Siguiente Texto Refundido Y Sistematizado De La Ordenanza Sobre ""participación Ciudadana De La C",Participación Ciudadana,http://firma.providencia.cl/dsign/cgi/sdoc.exe/sdoc/document?id=qN%2BDYgCHVLwTVLL9vstgog%3D%3D,b143189b34aa6a5b296d2a345dd23a94b0c58a6800dc632f70f255395c108429,Texto original municipal firmado digitalmente (Ordenanzas y Textos Refundidos D.O.)
MUNI-PROV-0034,MUNICIPAL_TRANSPARENCIA,2012-11-29,2012,2419,texto_refundido,"Fíjase el siguiente texto refundido y sistematizado de la ""Ordenanza sobre normas sanitarias básicas"". N° 2419: Fíjase el siguiente texto refundido y sistematizado de la ""Ordenanza sobre normas sanitarias básicas""",Derechos Municipales y Tarifas,http://firma.providencia.cl/dsign/cgi/sdoc.exe/sdoc/document?id=dBQZs1X3rrTFGi%2BOzkDeYA%3D%3D,9976a074f65ef80f264a47df5d936a413e54e1096102b04915e29c41afcca616,Texto original municipal firmado digitalmente (Ordenanzas y Textos Refundidos D.O.)
MUNI-PROV-0035,MUNICIPAL_TRANSPARENCIA,2012-11-19,2012,2304,texto_refundido,Diario Oficial Lunes  19.11.2012 -  Extracto del Texto Refundido y Sistematizado de la Ordenanza  de Derechos Municipales para el año 2013 - Decreto EXNº2304 de 09.11.2012 N° 2304: Diario Oficial Lunes  19,Derechos Municipales y Tarifas,http://firma.providencia.cl/dsign/cgi/sdoc.exe/sdoc/document?id=z%2B0zyIFJ7uQbmEu1H1RdxQ%3D%3D,ba14f73f10d5496fe4138bdcf3e4aa4e10244ef571e8ec7c1b0c7db1bb3c1f15,Texto original municipal firmado digitalmente (Ordenanzas y Textos Refundidos D.O.)
MUNI-PROV-0036,MUNICIPAL_TRANSPARENCIA,2012-08-25,2012,1723,texto_refundido,"Fijase el siguiente texto refundido y sistematizado de la Ordenanza Nº9 de 22 de Octubre de 2003 sobre ""Estacionamientos Controlados en las Vías Públicas de la Comuna N° 1723: Fijase el siguiente texto refundido y sistematizado de la Ordenanza Nº9 de 22 de Octubre de 2003 sobre ""","Tránsito, Transporte y Espacio Público",http://firma.providencia.cl/dsign/cgi/sdoc.exe/sdoc/document?id=t%2FbbQJf3KbieA3igPTO9gw%3D%3D,752ca1c26266226257b1ae1d4105b80106c4e28977d37bc95d4cdbd742160f0c,Texto original municipal firmado digitalmente (Ordenanzas y Textos Refundidos D.O.)
MUNI-PROV-0037,MUNICIPAL_TRANSPARENCIA,2012-10-30,2012,120,extracto_do,Diario Oficial Martes 30.10.2012 -  Extracto de la Ordenanza Nº120 de 30 de Octubre de 2012 N° 120: Diario Oficial Martes 30,Derechos Municipales y Tarifas,http://firma.providencia.cl/dsign/cgi/sdoc.exe/sdoc/document?id=m1At3L0E5Ngp6215TRnUSg%3D%3D,1dcc49c415b69ec8c9e3915db1b5337f97b2c2916b77aea5bf020a12812fedaa,Texto original municipal firmado digitalmente (Ordenanzas y Textos Refundidos D.O.)
MUNI-PROV-0038,MUNICIPAL_TRANSPARENCIA,2012-10-25,2012,119,texto_refundido,"Ordenanza 119 de 16.10.2012- Modifica la Ordenanza Nº22 de 2001, ""Ordenanza Local sobre Derechos Municipales que rige para el año 2012"" texto refundido y sistematizado por Decreto EX2466 de 2011. Diario Oficial: 25 de Octubre de 2012. N° 119: Ordenanza 119 de 16",Derechos Municipales y Tarifas,http://firma.providencia.cl/dsign/cgi/sdoc.exe/sdoc/document?id=gw4hBCCrroSw19fV2MQvZQ%3D%3D,cfce57f386b847bef909fa8d7df1b4a83801470969363b294ba508a636d9d74a,Texto original municipal firmado digitalmente (Ordenanzas y Textos Refundidos D.O.)
MUNI-PROV-0039,MUNICIPAL_TRANSPARENCIA,2012-10-26,2012,118,ordenanza_base,Ordenanza 118 de 11.10.2012- Establece el monto para el cobro de Derechos de Aseo Domiciliario para el año 2013. Diario Oficial: 26 de Octubre de 2012. N° 118: Ordenanza 118 de 11,Derechos Municipales y Tarifas,http://firma.providencia.cl/dsign/cgi/sdoc.exe/sdoc/document?id=vPcuzjcje38Uj%2Bu61VKfvA%3D%3D,001e1a21bd8cbad0e7ae4ae7ff7fa5f30380dd90743d1621931d6646dec7d0ac,Texto original municipal firmado digitalmente (Ordenanzas y Textos Refundidos D.O.)
MUNI-PROV-0040,MUNICIPAL_TRANSPARENCIA,2012-07-13,2012,117,texto_refundido,"Modificase la Ordenanza Nº22 de fecha 28.12.2001 ""Ordenanza local sobre derechos municipales"" que rige para el año 2012, cuyo texto refundido y sistematizado fue aprobado por Dto Ex.Nº2466 de 26.12.2011. N° 117: Modificase la Ordenanza Nº22 de fecha 28",Derechos Municipales y Tarifas,http://firma.providencia.cl/dsign/cgi/sdoc.exe/sdoc/document?id=xpdZAZFydYD4tEjXDl5QKQ%3D%3D,c91b1efbe0f6c5f2f87d062cc0f26ac897dd28aaadac15188b5e13e92d9011ac,Texto original municipal firmado digitalmente (Ordenanzas y Textos Refundidos D.O.)
MUNI-PROV-0041,MUNICIPAL_TRANSPARENCIA,2012-04-19,2012,116,ordenanza_base,"Modifícase la Ordenanza Nº9 de fecha 22.10.2003, sobre ""Estacionamientos Controlados en las Vías Públicas de la Comuna"". N° 116: Modifícase la Ordenanza Nº9 de fecha 22","Tránsito, Transporte y Espacio Público",http://firma.providencia.cl/dsign/cgi/sdoc.exe/sdoc/document?id=Awyj%2FYppbkRF2MK2wEPfsw%3D%3D,0e2bb8996c5a44889bb5078f95d49308de930eaf5a4bf5bb8186e815062523fc,Texto original municipal firmado digitalmente (Ordenanzas y Textos Refundidos D.O.)
MUNI-PROV-0042,MUNICIPAL_TRANSPARENCIA,2013-12-26,2013,189,extracto_do,"D.Oficial, Extracto Decreto Alcaldicio EX.2590 de 17.12.2013. N° 189: D",Derechos Municipales y Tarifas,http://firma.providencia.cl/dsign/cgi/sdoc.exe/sdoc/document?id=Hs7yCmo9YGQGlJo1PQC9qg%3D%3D,e5ddace3f22331275472b2931ac879ea9a720626e10136779c92778e097ef14d,Texto original municipal firmado digitalmente (Ordenanzas y Textos Refundidos D.O.)
MUNI-PROV-0043,MUNICIPAL_TRANSPARENCIA,2013-12-21,2013,127,ordenanza_base,D.Oficial 21.12.2013 Derechos de Aseo Domiciliario. N° 127: D,Derechos Municipales y Tarifas,http://firma.providencia.cl/dsign/cgi/sdoc.exe/sdoc/document?id=FFCrTDbZDkMKoHt1SWZ6nA%3D%3D,24a1d51d92d190565c986cacc32cde115b7c629107352c625ec90666e914aa20,Texto original municipal firmado digitalmente (Ordenanzas y Textos Refundidos D.O.)
MUNI-PROV-0044,MUNICIPAL_TRANSPARENCIA,2013-12-21,2013,126,ordenanza_base,D.Oficial 21.12.2013 OR.126 Notificaciones y Publicaciones de Resoluciones Municipales. N° 126: D,Derechos Municipales y Tarifas,http://firma.providencia.cl/dsign/cgi/sdoc.exe/sdoc/document?id=7N3Qo5ijfObT7h8BUXsb%2Bw%3D%3D,24a1d51d92d190565c986cacc32cde115b7c629107352c625ec90666e914aa20,Texto original municipal firmado digitalmente (Ordenanzas y Textos Refundidos D.O.)
MUNI-PROV-0045,MUNICIPAL_TRANSPARENCIA,2013-12-20,2013,125,modificacion,"D.Oficial 20.12.2013, Modifica el artículo 75º de la Ordenanza Nº2 de 06.01.2000, Sobre actividad Comercial, de Alcoholes, Industrial, profesional y de Servicios. N° 125: D","Comercio, Alcoholes y Patentes",http://firma.providencia.cl/dsign/cgi/sdoc.exe/sdoc/document?id=fkEWBjAjYBP%2F6xLlZSrwRw%3D%3D,4b02956e231fb76bf93afaaa8423686e113a0695a7a3a79cf49c5ccf4019602d,Texto original municipal firmado digitalmente (Ordenanzas y Textos Refundidos D.O.)
MUNI-PROV-0046,MUNICIPAL_TRANSPARENCIA,2013-11-06,2013,124,texto_refundido,"Publicación Diario Oficial 06.11.2013  Extracto Ordenanza Nº124 de 29 de Octubre de 2013 que modifica Ordenanza Local Nº22 de 2001 sobre "" Ordenanza Local sobre Derechos Municipales"" que rige para el año 2013, texto refundido y sistematizado fue aprobado por decreto alcaldicio EX",Derechos Municipales y Tarifas,http://firma.providencia.cl/dsign/cgi/sdoc.exe/sdoc/document?id=%2B8ty%2FpS6WBWV8FI4rjIOVw%3D%3D,2a8bdbc20e4d3dc6524728ae5b8bd6d93b757b3c90f5717bea9dc7eedfef1b9e,Texto original municipal firmado digitalmente (Ordenanzas y Textos Refundidos D.O.)
MUNI-PROV-0047,MUNICIPAL_TRANSPARENCIA,2013-08-20,2013,123,modificacion,"Diario Oficial 20.08.2013 . Ordenanza Nº123 de 13 de Agosto de 2013. que modifica el Art. 1 de la Ordenanza Nº1020 de 21 de Septiembre de 1982, sobre  Estacionamientos Reservados para Vehículos, en el sentido de sustituir la frase ""artículo 164 de la Ley de Tránsito Nº18.290"", po","Tránsito, Transporte y Espacio Público",http://firma.providencia.cl/dsign/cgi/sdoc.exe/sdoc/document?id=zgdMCN9ByLAwp5%2FTualdvw%3D%3D,0b4244cfdd0181765cf91dbbaded2b0d533c297ff25a305c55258b29775ae1d7,Texto original municipal firmado digitalmente (Ordenanzas y Textos Refundidos D.O.)
MUNI-PROV-0048,MUNICIPAL_TRANSPARENCIA,2013-08-20,2013,122,modificacion,"Diario Oficial 20.08.2013 . Ordenanza Nº122 de 13 de Agosto de 2013. que modifica la Ordenanza Nº2 de 10 de Junio de 2033, ""Ordenanza sobre subvenciones Municipales"", en el sentido de sustituir el Art. 21 N° 122: Diario Oficial 20",Subvenciones y Régimen Interno,http://firma.providencia.cl/dsign/cgi/sdoc.exe/sdoc/document?id=N4ZT6%2B8N64Bhhkxdcy%2BifQ%3D%3D,542784018bb055223ea986aa988f7fa21738f811aad3abcf3e17220a041e96df,Texto original municipal firmado digitalmente (Ordenanzas y Textos Refundidos D.O.)
MUNI-PROV-0049,MUNICIPAL_TRANSPARENCIA,2014-04-08,2014,751,extracto_do,Extracto Decreto Alcaldicio EX.751 de 03.04.2014 N° 751: Extracto Decreto Alcaldicio EX,Derechos Municipales y Tarifas,http://firma.providencia.cl/dsign/cgi/sdoc.exe/sdoc/document?id=zwQ5JBsrzIkWucz9B9hiXQ%3D%3D,e89dac9375879392ef5be661e99061c17e4688234e50171457826e43fb0ba741,Texto original municipal firmado digitalmente (Ordenanzas y Textos Refundidos D.O.)
MUNI-PROV-0050,MUNICIPAL_TRANSPARENCIA,2014-03-26,2014,277,extracto_do,Publicación Diario Oficial 26 de Marzo de 2014. N° 277 - Ordenanzas y Textos Refundidos D.O.,Derechos Municipales y Tarifas,http://firma.providencia.cl/dsign/cgi/sdoc.exe/sdoc/document?id=iAEtVld23hig%2BVLhdjbCgA%3D%3D,d6f2f7759b6e227d13fe484feecd8171dd331606aa9c134815b2089b942faf5e,Texto original municipal firmado digitalmente (Ordenanzas y Textos Refundidos D.O.)
MUNI-PROV-0051,MUNICIPAL_TRANSPARENCIA,2014-12-20,2014,137,extracto_do,Publicación Diario Oficial Extracto Ordenanza Nº137 de 10.12.2014 N° 137 - Ordenanzas y Textos Refundidos D.O.,Derechos Municipales y Tarifas,http://firma.providencia.cl/dsign/cgi/sdoc.exe/sdoc/document?id=o46kQSZSuECJsY1zkUE49g%3D%3D,bd1a6c7294626c137c504bf5fcbce912a58c82d93a7f3c91612a541c7bb8611a,Texto original municipal firmado digitalmente (Ordenanzas y Textos Refundidos D.O.)
MUNI-PROV-0052,MUNICIPAL_TRANSPARENCIA,2014-11-07,2014,136,extracto_do,Publicación Diario Oficial Ordenanza N°136 N° 136 - Ordenanzas y Textos Refundidos D.O.,Derechos Municipales y Tarifas,http://firma.providencia.cl/dsign/cgi/sdoc.exe/sdoc/document?id=zCB9aaF2Tc7bisVw52zB6Q%3D%3D,946bb7021947ad65debe352cd83a8196d7bed3d8cc3ff4cd2f223eace5b34cf0,Texto original municipal firmado digitalmente (Ordenanzas y Textos Refundidos D.O.)
MUNI-PROV-0053,MUNICIPAL_TRANSPARENCIA,2014-11-07,2014,135,extracto_do,Publicación Diario Oficial Ordenanza N°135. N° 135 - Ordenanzas y Textos Refundidos D.O.,Derechos Municipales y Tarifas,http://firma.providencia.cl/dsign/cgi/sdoc.exe/sdoc/document?id=yk47x9lbgFQPl2zv8BEMiQ%3D%3D,a737a652f72ab2dd69757f1db69ea28867b58a384b74918ae9866d7989a7f5b2,Texto original municipal firmado digitalmente (Ordenanzas y Textos Refundidos D.O.)
MUNI-PROV-0054,MUNICIPAL_TRANSPARENCIA,2014-11-07,2014,134,extracto_do,Publicación Diario Oficial Extracto Ordenanza N°134 N° 134 - Ordenanzas y Textos Refundidos D.O.,Derechos Municipales y Tarifas,http://firma.providencia.cl/dsign/cgi/sdoc.exe/sdoc/document?id=VntFKwwaeql0rn%2Fm33DZ5w%3D%3D,fb8a3f6f971407af483d0baefccd2825638ec816f43602bde1696dab58e74720,Texto original municipal firmado digitalmente (Ordenanzas y Textos Refundidos D.O.)
MUNI-PROV-0055,MUNICIPAL_TRANSPARENCIA,2014-11-07,2014,133,extracto_do,Publicación Diario Oficial Ordenanza N°133 N° 133 - Ordenanzas y Textos Refundidos D.O.,Derechos Municipales y Tarifas,http://firma.providencia.cl/dsign/cgi/sdoc.exe/sdoc/document?id=lE8YccG3QiffAgUwSA%2FoNA%3D%3D,629cc9a169590ed0ac19c41462a2d5f035b45724a6293bae6aa5fa4e0c2ae5c8,Texto original municipal firmado digitalmente (Ordenanzas y Textos Refundidos D.O.)
MUNI-PROV-0056,MUNICIPAL_TRANSPARENCIA,2014-10-17,2014,132,extracto_do,Publicación Diario Oficial 17.10.2014. Ordenanza de Zonificación y Horarios de Funcionamiento de los Negocios de Expendio y Consumo de Bebidas Alcohólicas. N° 132 - Ordenanzas y Textos Refundidos D.O.,Derechos Municipales y Tarifas,http://firma.providencia.cl/dsign/cgi/sdoc.exe/sdoc/document?id=bAbTRzP9yzwiqLfYv7NnZg%3D%3D,d34c873522a63277517fa696257218073caee0aebc88a188e9fc012d4618e395,Texto original municipal firmado digitalmente (Ordenanzas y Textos Refundidos D.O.)
MUNI-PROV-0057,MUNICIPAL_TRANSPARENCIA,2014-06-24,2014,131,extracto_do,"Publicación Diario Oficial, 24 de Junio de 2014, Ordenanza Nº131 N° 131 - Ordenanzas y Textos Refundidos D.O.",Derechos Municipales y Tarifas,http://firma.providencia.cl/dsign/cgi/sdoc.exe/sdoc/document?id=jEOfQ8oegLszNjgxPJEl1A%3D%3D,9c3dc40f55410aed81bafaf65326162f05b3b91554254cedf3737647df98913a,Texto original municipal firmado digitalmente (Ordenanzas y Textos Refundidos D.O.)
MUNI-PROV-0058,MUNICIPAL_TRANSPARENCIA,2014-05-22,2014,130,extracto_do,Publicación Diario Oficial 22.05.2014 Ordenanza Nº130 N° 130 - Ordenanzas y Textos Refundidos D.O.,Derechos Municipales y Tarifas,http://firma.providencia.cl/dsign/cgi/sdoc.exe/sdoc/document?id=p2ViIdiDBcPLHnXtTWDJFQ%3D%3D,1f4bd7f8abd46562b7ce1d47e3889a94d495f16f7f618c2d87db544f81ba1601,Texto original municipal firmado digitalmente (Ordenanzas y Textos Refundidos D.O.)
MUNI-PROV-0059,MUNICIPAL_TRANSPARENCIA,2015-03-11,2015,2547,extracto_do,Publicación Diario Oficial de Decreto EX Nº2547 de 23.12.2014.- Extracto de la Ordenanza Local sobre Derechos Municipales para el año 2015 N° 2547 - Ordenanzas y Textos Refundidos D.O.,Derechos Municipales y Tarifas,http://firma.providencia.cl/dsign/cgi/sdoc.exe/sdoc/document?id=qXb2DC5UgN%2B8oa1fsMjMCA%3D%3D,4b5478283cd3bc12e6afbb8132c5980266420505bae94da986d36e83dbab834f,Texto original municipal firmado digitalmente (Ordenanzas y Textos Refundidos D.O.)
MUNI-PROV-0060,MUNICIPAL_TRANSPARENCIA,2015-11-12,2015,1811,texto_refundido,Publicacion Texto Refundido EX.N°1811 en Diario Oficial el día 12.11.2015 N° 1811: Publicacion Texto Refundido EX,Derechos Municipales y Tarifas,http://firma.providencia.cl/dsign/cgi/sdoc.exe/sdoc/document?id=AWJx4BiAqJr47DSwDKrzNQ%3D%3D,46880c7c31c4fcaa77478c9b0ed75ad524dadd934334e0cdeda261d0daf83149,Texto original municipal firmado digitalmente (Ordenanzas y Textos Refundidos D.O.)
MUNI-PROV-0061,MUNICIPAL_TRANSPARENCIA,2015-11-12,2015,1809,texto_refundido,Publicacion Texto Refundido EX.N°1809 en Diario Oficial el 12.11.2015. N° 1809: Publicacion Texto Refundido EX,Derechos Municipales y Tarifas,http://firma.providencia.cl/dsign/cgi/sdoc.exe/sdoc/document?id=NGenqqx88kmhB61i10gEBQ%3D%3D,46880c7c31c4fcaa77478c9b0ed75ad524dadd934334e0cdeda261d0daf83149,Texto original municipal firmado digitalmente (Ordenanzas y Textos Refundidos D.O.)
MUNI-PROV-0062,MUNICIPAL_TRANSPARENCIA,2015-11-05,2015,144,ordenanza_base,"Publicación Ordenanza N°144 de 27.10.2015, publicada en Diario Oficial 05.11.2015 N° 144 - Ordenanzas y Textos Refundidos D.O.",Derechos Municipales y Tarifas,http://firma.providencia.cl/dsign/cgi/sdoc.exe/sdoc/document?id=LUdd3YRUqa8dNTIlPdl2dw%3D%3D,63dff14641faa0b15eec9207cee161e5c5802bf864f2a0e1902d96d8175e4351,Texto original municipal firmado digitalmente (Ordenanzas y Textos Refundidos D.O.)
MUNI-PROV-0063,MUNICIPAL_TRANSPARENCIA,2015-11-05,2015,143,ordenanza_base,"Publicación Ordenanza N°143 de 27.10.2015, publicada en Diario Oficial 05.11.2015 N° 143 - Ordenanzas y Textos Refundidos D.O.",Derechos Municipales y Tarifas,http://firma.providencia.cl/dsign/cgi/sdoc.exe/sdoc/document?id=e1IFGLxrFYztCvydKZGV4w%3D%3D,8cef0caa5a41e7918cbf092ca58504e86e2f252c7e6703b6f810a9653285a928,Texto original municipal firmado digitalmente (Ordenanzas y Textos Refundidos D.O.)
MUNI-PROV-0064,MUNICIPAL_TRANSPARENCIA,2015-11-05,2015,142,ordenanza_base,"Publicación Ordenanza N°142 de 27.10.2015, publicada en Diario Oficial 05.11.2015 N° 142 - Ordenanzas y Textos Refundidos D.O.",Derechos Municipales y Tarifas,http://firma.providencia.cl/dsign/cgi/sdoc.exe/sdoc/document?id=C5HYvE9QrecS87qgDsCB8Q%3D%3D,a42ff8b610da05995c7bac1278b6980ef7a3548de8f235057c1aec47b95c2ab5,Texto original municipal firmado digitalmente (Ordenanzas y Textos Refundidos D.O.)
MUNI-PROV-0065,MUNICIPAL_TRANSPARENCIA,2015-10-24,2015,141,extracto_do,"Publicación Diario Oficial Ordenanza N°141 de 2015, publicada el 24.10.2015. N° 141 - Ordenanzas y Textos Refundidos D.O.",Derechos Municipales y Tarifas,http://firma.providencia.cl/dsign/cgi/sdoc.exe/sdoc/document?id=YDG0PI3XZ6Eg8i9yeWsOHg%3D%3D,0d2a882adb13a5e2038f85cd70c88cd38799b5ad455923e3b696c80480e41b65,Texto original municipal firmado digitalmente (Ordenanzas y Textos Refundidos D.O.)
MUNI-PROV-0066,MUNICIPAL_TRANSPARENCIA,2015-10-13,2015,140,modificacion,Modifícase la Ordenanza N° de 26 de Agosto de 1999 sobre Cierre de calles o pasajes públicos ciegos de la Comuna de Providencia. Reemplázase el nombre de la Ordenanza por Cierre de  Calles o Pasajes Ciegos de la Comuna de Providencia N° 140: Modifícase la Ordenanza N° de 26 de Ag,Derechos Municipales y Tarifas,http://firma.providencia.cl/dsign/cgi/sdoc.exe/sdoc/document?id=gQLSvgcoGB1xotQdFGiMxQ%3D%3D,4fbfd2745e07df8e43c2a089f34394d98dfd43637134b371ce862addad05f772,Texto original municipal firmado digitalmente (Ordenanzas y Textos Refundidos D.O.)
MUNI-PROV-0067,MUNICIPAL_TRANSPARENCIA,2015-04-28,2015,138,ordenanza_base,"Diairio Oficial día 28.4.2015. Ordenanza Nº138 de 21 d e Abril de 2015 sobre la "" Ordenanza del Area de Exclusión de Estacionamientos Pedro de valdivia Nº963 "" N° 138: Diairio Oficial día 28","Tránsito, Transporte y Espacio Público",http://firma.providencia.cl/dsign/cgi/sdoc.exe/sdoc/document?id=EhorAOycUM0wXGoeJ95gGw%3D%3D,577b87fb454a148aa1d994e6bb8f55655edbb8d70bbcc7666913bba57cb7c7b7,Texto original municipal firmado digitalmente (Ordenanzas y Textos Refundidos D.O.)
MUNI-PROV-0068,MUNICIPAL_TRANSPARENCIA,2015-08-14,2015,75,ordenanza_base,"Publicación en Diario Oficial de Ordenanza N°139, publicada el 14 de Agosto de 2015.- N° 75 - Ordenanzas y Textos Refundidos D.O.",Derechos Municipales y Tarifas,http://firma.providencia.cl/dsign/cgi/sdoc.exe/sdoc/document?id=fGC8ITFJgv9fxMjIEM5AIA%3D%3D,654ae1bccd0c1ffa78247fef3e48edd32a9fe50a66106e0dc12d32bf02e3cdd8,Texto original municipal firmado digitalmente (Ordenanzas y Textos Refundidos D.O.)
MUNI-PROV-0069,MUNICIPAL_TRANSPARENCIA,2016-12-09,2016,2031,ordenanza_base,"Publicación EX.2031, en Diario Oficial el 09.12.2016.- N° 2031 - Ordenanzas y Textos Refundidos D.O.",Derechos Municipales y Tarifas,http://firma.providencia.cl/dsign/cgi/sdoc.exe/sdoc/document?id=QFqw2nGN%2FRrSEPugaamBjw%3D%3D,b714cbb487b1730a1b0e632101a7108819f136a64a76e78ac2b8a004256932e2,Texto original municipal firmado digitalmente (Ordenanzas y Textos Refundidos D.O.)
MUNI-PROV-0070,MUNICIPAL_TRANSPARENCIA,2016-12-06,2016,2009,modificacion,"Promúlgase la Modificación N°4 Patrimonio del Plan Regulador Comunal de Providencia 2007, aprobado por EXN°131 DE 19.1.2007. Modifica Ordenanza Local año 2007 N° 2009: Promúlgase la Modificación N°4 Patrimonio del Plan Regulador Comunal de Providencia 2007, aprobado por EXN°131 D",Derechos Municipales y Tarifas,http://firma.providencia.cl/dsign/cgi/sdoc.exe/sdoc/document?id=Dc0xv1MQD76TXqavLYKJLw%3D%3D,04dc46cc4b7862788e23637e391786976584c6b3e16ffc8aa34d930914f9dd34,Texto original municipal firmado digitalmente (Ordenanzas y Textos Refundidos D.O.)
MUNI-PROV-0071,MUNICIPAL_TRANSPARENCIA,2016-04-25,2016,629,extracto_do,Publicación Diario Oficial 25.04.2016 Ex.N°629 N° 629 - Ordenanzas y Textos Refundidos D.O.,Derechos Municipales y Tarifas,http://firma.providencia.cl/dsign/cgi/sdoc.exe/sdoc/document?id=i8Vb3Mk6Fi7sqlOUGRDVGQ%3D%3D,860f869fe54ef1a1e9df785039449bc8db60e7403ac5baf29620fa65555d2330,Texto original municipal firmado digitalmente (Ordenanzas y Textos Refundidos D.O.)
MUNI-PROV-0072,MUNICIPAL_TRANSPARENCIA,2016-12-09,2016,155,ordenanza_base,"Publicación Ordenanza N°155 de 2016, en Diario Oficial el 09.12.2016. N° 155 - Ordenanzas y Textos Refundidos D.O.",Derechos Municipales y Tarifas,http://firma.providencia.cl/dsign/cgi/sdoc.exe/sdoc/document?id=htQBAU4T5XzYjAldHNaw6Q%3D%3D,997e680189b4f390cb745aac358fc6a177bcda38444a5b8c23b8098eb4031180,Texto original municipal firmado digitalmente (Ordenanzas y Textos Refundidos D.O.)
MUNI-PROV-0073,MUNICIPAL_TRANSPARENCIA,2016-11-15,2016,154,extracto_do,Publicación Diario Oficial Ordenanza N°154 N° 154 - Ordenanzas y Textos Refundidos D.O.,Derechos Municipales y Tarifas,http://firma.providencia.cl/dsign/cgi/sdoc.exe/sdoc/document?id=%2BTLlX06N2mQ5D%2FZSCy5voQ%3D%3D,64ebc5b82a7c18dd0e8da0bff3718e73c40eedb30dc9c8ada4c88fd7d166817e,Texto original municipal firmado digitalmente (Ordenanzas y Textos Refundidos D.O.)
MUNI-PROV-0074,MUNICIPAL_TRANSPARENCIA,2016-11-15,2016,153,extracto_do,Publicación Diario Oficial Ordenanza N°153 N° 153 - Ordenanzas y Textos Refundidos D.O.,Derechos Municipales y Tarifas,http://firma.providencia.cl/dsign/cgi/sdoc.exe/sdoc/document?id=ZQF0xrU%2BEgXV8deL1kTy5g%3D%3D,e7d86b8db2acc5edad4861d216e945839b2afc9040e74c810720347bfdb1550d,Texto original municipal firmado digitalmente (Ordenanzas y Textos Refundidos D.O.)
MUNI-PROV-0075,MUNICIPAL_TRANSPARENCIA,2016-09-27,2016,152,extracto_do,"Publicación Diario Oficial, Extracto Ordenanza N°152 de 16 de Septiembre de 2016, ""Ordenanza de Participación Ciudadana"". N° 152 - Ordenanzas y Textos Refundidos D.O.",Participación Ciudadana,http://firma.providencia.cl/dsign/cgi/sdoc.exe/sdoc/document?id=vmvb2DWxq8d9nSO2ON7nYQ%3D%3D,bf7591bcee569b4fd29361c37cfbd55c3fde7537c2e9474abd7be4af4868b492,Texto original municipal firmado digitalmente (Ordenanzas y Textos Refundidos D.O.)
MUNI-PROV-0076,MUNICIPAL_TRANSPARENCIA,2016-08-27,2016,151,extracto_do,Publicación Diario Oficial Ordenanza N°151 N° 151 - Ordenanzas y Textos Refundidos D.O.,Derechos Municipales y Tarifas,http://firma.providencia.cl/dsign/cgi/sdoc.exe/sdoc/document?id=ld2Ww989Iy6RvSYZm3in%2Fw%3D%3D,97d33bdce68512e0885993d8727959f66643cd22f54a2e939ab2104e58ccbd53,Texto original municipal firmado digitalmente (Ordenanzas y Textos Refundidos D.O.)
MUNI-PROV-0077,MUNICIPAL_TRANSPARENCIA,2016-07-19,2016,150,extracto_do,Publicación Diario Oficial Ordenanza N°150 de 11.07.2016.- N° 150 - Ordenanzas y Textos Refundidos D.O.,Derechos Municipales y Tarifas,http://firma.providencia.cl/dsign/cgi/sdoc.exe/sdoc/document?id=VoWYro6UDFktrNML3yRf%2BQ%3D%3D,db905d2753863e19c7325354d149c1c9eab00b39a70deab3bd843b466a1d9dc9,Texto original municipal firmado digitalmente (Ordenanzas y Textos Refundidos D.O.)
MUNI-PROV-0078,MUNICIPAL_TRANSPARENCIA,2016-07-06,2016,149,extracto_do,Publicación Diario Oficial Extracto Ordenanza N°149 de 29.06.2016.- N° 149 - Ordenanzas y Textos Refundidos D.O.,Derechos Municipales y Tarifas,http://firma.providencia.cl/dsign/cgi/sdoc.exe/sdoc/document?id=ElqXKcR9qT3g8dq5HcSOkg%3D%3D,06fada0eb9fa1d51f59154b3cd6382a3dd3bea5583b72e2c3e1a230cb317a634,Texto original municipal firmado digitalmente (Ordenanzas y Textos Refundidos D.O.)
MUNI-PROV-0079,MUNICIPAL_TRANSPARENCIA,2017-05-15,2017,809,extracto_do,"Extracto de EXN°809 de 8 de Mayo de 2017- Diario Oficial 15.05.2017 sobre la Ordenanza ""Condiciones necesarias para la fijación de tarifas del servicio domiciliario por extracción de basuras y exenciones total y parcial"". N° 809: Extracto de EXN°809 de 8 de Mayo de 2017- Diario O",Derechos Municipales y Tarifas,http://firma.providencia.cl/dsign/cgi/sdoc.exe/sdoc/document?id=QJcEC9aIM670KVXL%2Bq43BA%3D%3D,aee93bf1589f027ce5b613aa06bfef2764faa744ad66aac9409d9567169c6d81,Texto original municipal firmado digitalmente (Ordenanzas y Textos Refundidos D.O.)
MUNI-PROV-0080,MUNICIPAL_TRANSPARENCIA,2017-11-21,2017,160,modificacion,"Ordenanza N° 160, de 15 de noviembre de 2017, que modifica la Ordenanza Local Sobre Derechos Municipales N° 160: Ordenanza N° 160, de 15 de noviembre de 2017, que modifica la Ordenanza Local Sobre Derechos Municipales",Derechos Municipales y Tarifas,http://firma.providencia.cl/dsign/cgi/sdoc.exe/sdoc/document?id=PaZVOQPBFRp%2BJMKm89eesg%3D%3D,ac22b4bf12013cbe6d2fda22e28524fbf97592617a64941519b805e945352094,Texto original municipal firmado digitalmente (Ordenanzas y Textos Refundidos D.O.)
MUNI-PROV-0081,MUNICIPAL_TRANSPARENCIA,2017-11-07,2017,159,modificacion,"Ordenanza N° 159, de 31 de octubre de 2017, que modifica la Ordenanza local sobre Derechos Municipales.- N° 159: Ordenanza N° 159, de 31 de octubre de 2017, que modifica la Ordenanza local sobre Derechos Municipales",Derechos Municipales y Tarifas,http://firma.providencia.cl/dsign/cgi/sdoc.exe/sdoc/document?id=QgPNAjw6AtPMnCtwjYlvHw%3D%3D,868b1efca481ed96f99723b9e9c4c9b45f8455ee830595e337b76725c62bf66c,Texto original municipal firmado digitalmente (Ordenanzas y Textos Refundidos D.O.)
MUNI-PROV-0082,MUNICIPAL_TRANSPARENCIA,2017-11-07,2017,158,modificacion,"Ordenanza N° 158, de 30 de octubre de 2017, que modifica la Ordenanza local sobre Derechos Municipales N° 158: Ordenanza N° 158, de 30 de octubre de 2017, que modifica la Ordenanza local sobre Derechos Municipales",Derechos Municipales y Tarifas,http://firma.providencia.cl/dsign/cgi/sdoc.exe/sdoc/document?id=KTVQALpKdjYWq68NTRTHrA%3D%3D,352e8880a8ca5f29e51b3096e515889db7f3752eb3da520b4c85cdb9df3e5660,Texto original municipal firmado digitalmente (Ordenanzas y Textos Refundidos D.O.)
MUNI-PROV-0083,MUNICIPAL_TRANSPARENCIA,2017-10-19,2017,157,ordenanza_base,Ordenanza N°157  de  13 de Octubre de 2017 que fija el monto anual por derecho para el Servicio Domiciliario de Aseo N° 157: Ordenanza N°157  de  13 de Octubre de 2017 que fija el monto anual por derecho para el Servicio Domiciliario de Aseo,Derechos Municipales y Tarifas,http://firma.providencia.cl/dsign/cgi/sdoc.exe/sdoc/document?id=v5PX%2FrQF1TsuMlGAuqfSvQ%3D%3D,e9b8e0a604e85053805e04e37aa42ec4e4743111cd16019c9f7ee478f339c070,Texto original municipal firmado digitalmente (Ordenanzas y Textos Refundidos D.O.)
MUNI-PROV-0084,MUNICIPAL_TRANSPARENCIA,2017-04-28,2017,156,texto_refundido,"Modificase la Ordenanza N°65 de 19 de Noviembre de 2017, sobre Condiciones Necesarias para la Fijación de Tarifas del servicio Domiciliario por Extracción de Basuras y Exenciones total y Parcial, cuyto texto refundido y sistematizado fue fijado por EXN°2.265 de 28.12.2016, en el ",Derechos Municipales y Tarifas,http://firma.providencia.cl/dsign/cgi/sdoc.exe/sdoc/document?id=7%2FsLp9KGcF%2FNbleSLk7Fag%3D%3D,7d3f43777736652eb1f5b5ad14bd4df617a95d6036e8c9bd5cc13b46db444be5,Texto original municipal firmado digitalmente (Ordenanzas y Textos Refundidos D.O.)
MUNI-PROV-0085,MUNICIPAL_TRANSPARENCIA,2018-07-13,2018,1014,texto_refundido,"Publicación Extracto Decreto EX.N°1014 de 06.07.2018, que apruéba el texto refundido y sistematizado de la Ordenanza ""SOBRE PUBLICIDAD Y PROPAGANDA EN LA COMUNA DE PROVIDENCIA"". N° 1014 - Ordenanzas y Textos Refundidos D.O.","Comercio, Alcoholes y Patentes",http://firma.providencia.cl/dsign/cgi/sdoc.exe/sdoc/document?id=286MvvIjz%2BWY86iwfqO8EA%3D%3D,70e627384059bae75689c93b59f39cc0b051d1ebff2f0979756a15f5e97676a3,Texto original municipal firmado digitalmente (Ordenanzas y Textos Refundidos D.O.)
MUNI-PROV-0086,MUNICIPAL_TRANSPARENCIA,2018-07-13,2018,1013,texto_refundido,"Publicación Extracto Decreto EX.N°1013 de 06.07.2018, que fija el texto refundido y sistematizado de la ORDENAZA COMUNAL°2 de fecha 6 de Marzo de 2000, ""SOBRE LA ACTIVIDAD COMERCIAL, DE ALCOHOLES, INDUSTRIAL, PROFESIONAL Y DE SERVICIOS"". N° 1013 - Ordenanzas y Textos Refundidos D","Comercio, Alcoholes y Patentes",http://firma.providencia.cl/dsign/cgi/sdoc.exe/sdoc/document?id=i9SXvpPFCyMrLZwr3dnmqw%3D%3D,25ebf12d98376842bc9f0c0c88720752f6e9d588033154b90bd201a6a53787d5,Texto original municipal firmado digitalmente (Ordenanzas y Textos Refundidos D.O.)
MUNI-PROV-0087,MUNICIPAL_TRANSPARENCIA,2018-07-06,2018,967,texto_refundido,"Extracto publicación el Diario Oficial, Decreto Exento N°967 de 3 de Julio, que fija el texto refundido y sistematizado de la Ordenanza Sobre Estacionamiento Reservado para Vehículos. N° 967: Extracto publicación el Diario Oficial, Decreto Exento N°967 de 3 de Julio, que fija el ","Tránsito, Transporte y Espacio Público",http://firma.providencia.cl/dsign/cgi/sdoc.exe/sdoc/document?id=h2x%2B4fS8MWKlELrEipXe%2Fg%3D%3D,1c506e5eaf4b4e74aaaa7a519c2d5ad2af59ef09899dc3a782df8ec59183c9dc,Texto original municipal firmado digitalmente (Ordenanzas y Textos Refundidos D.O.)
MUNI-PROV-0088,MUNICIPAL_TRANSPARENCIA,2018-07-20,2018,165,extracto_do,Publicación Extracto Ordenanza N°165 de 11.07.2018. N° 165 - Ordenanzas y Textos Refundidos D.O.,Derechos Municipales y Tarifas,http://firma.providencia.cl/dsign/cgi/sdoc.exe/sdoc/document?id=WACfwxvYAQt1zbxr8vYC5A%3D%3D,f7065eb9674ecf5d6fb14217d3379924a617e511fe45c5b2d99dadf33f2205cb,Texto original municipal firmado digitalmente (Ordenanzas y Textos Refundidos D.O.)
MUNI-PROV-0089,MUNICIPAL_TRANSPARENCIA,2018-06-16,2018,164,extracto_do,Extracto publicación del Diario Oficial de Ordenanza N°164 de 12 de Junio de 2018 N° 164: Extracto publicación del Diario Oficial de Ordenanza N°164 de 12 de Junio de 2018,Derechos Municipales y Tarifas,http://firma.providencia.cl/dsign/cgi/sdoc.exe/sdoc/document?id=K8%2Bors1a9Zep5BP%2B8s6hYQ%3D%3D,6c3f4d14afc7968667f000e07c003cdccb1b442708b3b142144f6638da9e8ba3,Texto original municipal firmado digitalmente (Ordenanzas y Textos Refundidos D.O.)
MUNI-PROV-0090,MUNICIPAL_TRANSPARENCIA,2018-06-11,2018,163,extracto_do,Extracto publicación del Diario Oficial de Ordenanza N°163 de 11 de Junio de 2018 N° 163: Extracto publicación del Diario Oficial de Ordenanza N°163 de 11 de Junio de 2018,Derechos Municipales y Tarifas,http://firma.providencia.cl/dsign/cgi/sdoc.exe/sdoc/document?id=0IZnZ1nbcQ7C8kPOaHU0xA%3D%3D,b5279e6798dffb62c88f9b9d81c576d3044ebc0613e68f62c37e04f131978866,Texto original municipal firmado digitalmente (Ordenanzas y Textos Refundidos D.O.)
MUNI-PROV-0091,MUNICIPAL_TRANSPARENCIA,2018-06-14,2018,162,extracto_do,Extracto publicación del Diario Oficial de Ordenanza N°162 de 8 de Junio de 2018 N° 162: Extracto publicación del Diario Oficial de Ordenanza N°162 de 8 de Junio de 2018,Derechos Municipales y Tarifas,http://firma.providencia.cl/dsign/cgi/sdoc.exe/sdoc/document?id=jFulfE8figtPkonlNruVuA%3D%3D,4e2596bff9452bdceed112d325a8351075bdb493f975c918456717643da83627,Texto original municipal firmado digitalmente (Ordenanzas y Textos Refundidos D.O.)
MUNI-PROV-0092,MUNICIPAL_TRANSPARENCIA,2021-12-29,2021,1991,texto_refundido,"Extracto de Decreto Alcaldicio EXN°1991 de 29 de Diciembre de 2021, sobre Texto Refundido y Sistematizado de la Ordenanza Sobre Derechos Municipales Año 2022.- N° 1991: Extracto de Decreto Alcaldicio EXN°1991 de 29 de Diciembre de 2021, sobre Texto Refundido y Sistematizado de la",Derechos Municipales y Tarifas,http://firma.providencia.cl/dsign/cgi/sdoc.exe/sdoc/document?id=JUyr0svCNJQHgrQE%2Fem4Hw%3D%3D,4e631a08b2019ef28f02eb4b9b727ec1bc08933d2a52df91fb344a27147ab6db,Texto original municipal firmado digitalmente (Ordenanzas y Textos Refundidos D.O.)
MUNI-PROV-0093,MUNICIPAL_TRANSPARENCIA,2024-12-17,2024,1842,texto_refundido,"Publicación Diario Oficial 24.12.2024 .- Extracto de Decreto Alcaldicio EXN°1842 de 17 de Diciembre de 2024, sobre Texto Refundido y Sistematizado de la Ordenanza Sobre Derechos Municipales que regirá para el Año 2025. N° 1842 - Ordenanzas y Textos Refundidos D.O.",Derechos Municipales y Tarifas,http://firma.providencia.cl/dsign/cgi/sdoc.exe/sdoc/document?id=46Xt%2BiZYqZDcl%2BriTDw3Ug%3D%3D,94add57f6cf84ed3f6ca4184193736f59cc56cd227af77fec7e8a1ed5f7c3a4e,Texto original municipal firmado digitalmente (Ordenanzas y Textos Refundidos D.O.)
MUNI-PROV-0094,MUNICIPAL_TRANSPARENCIA,2025-12-16,2025,1803,texto_refundido,"Publicación en Dario Oficial del 23 de diciembre de 2025, Extracto de Decreto Alcaldicio Exento N°1803 de 16.12.2025, que fija el texto refundido y sistematizado de la ""Ordenanza Local sobre Derechos Municipales"" que regirá para el año 2026. N° 1803 - Ordenanzas y Textos Refundid",Derechos Municipales y Tarifas,http://firma.providencia.cl/dsign/cgi/sdoc.exe/sdoc/document?id=7NQmddv3y9qkgzB4S43mZg%3D%3D,f411f21c24fe996ad9021d8675ab812ff1c00234894a0308fb0825653dac6842,Texto original municipal firmado digitalmente (Ordenanzas y Textos Refundidos D.O.)
MUNI-PROV-0095,MUNICIPAL_TRANSPARENCIA,2001-10-11,2001,11,texto_refundido,"Condiciones necesarias para la fijación de Tarifas del Servicio Domiciliario por Extracción de Basuras y Exenciones Total y Parcial. N° 11: Fíjase el siguiente texto refundido y adecuado de la Ordenanza sobre ""CONDICIONES NECESARIAS PARA LA FIJACION DE TARIFAS DEL SERVICIO DOMICI",Derechos Municipales y Tarifas,http://firma.providencia.cl/dsign/cgi/sdoc.exe/sdoc/document?id=hqp33PLTbwLu6%2Bj3pnlILA%3D%3D,500fd4ba7ec45ae6cff625e44fb8bd42b739b50dfe390a2fb4f3b22b4c965a16,Texto original municipal firmado digitalmente (Condiciones necesarias para la fijación de Tarifas del Servicio Domiciliario por Extracción de Basuras y Exenciones Total y Parcial)
MUNI-PROV-0096,MUNICIPAL_TRANSPARENCIA,2001-08-27,2001,10,modificacion,Condiciones necesarias para la fijación de Tarifas del Servicio Domiciliario por Extracción de basuras y Exenciones Total y Parcial N° 10: Modificase la Ordenanza Nª6 del 15,Derechos Municipales y Tarifas,http://firma.providencia.cl/dsign/cgi/sdoc.exe/sdoc/document?id=rfKsf5kzdkic%2BshO1gQHFw%3D%3D,4dc85b8a64d0c0ee59ddcd67d8e52a579539a13a6da5f4abbe3d81b8a637f9cf,Texto original municipal firmado digitalmente (Condiciones necesarias para la fijación de Tarifas del Servicio Domiciliario por Extracción de Basuras y Exenciones Total y Parcial)
MUNI-PROV-0097,MUNICIPAL_TRANSPARENCIA,2007-11-19,2007,65,ordenanza_base,Condiciones necesarias para la fijación de Tarifas del Servicio Domiciliario por Extracción de Basuras y Exenciones Total y Parcial N° 65: Fíjase la siguiente ordenanza sobre Condiciones necesarias para la fuijación de tarifas del servicio domiciliario por extracción de basurta y,Derechos Municipales y Tarifas,http://firma.providencia.cl/dsign/cgi/sdoc.exe/sdoc/document?id=qp2TN7%2FcadXks9lHe2h%2FrA%3D%3D,a02ed85273b4863a7c8c10c6f59d0afeb44d782a1fb2fe42df5ffe2f637e9b50,Texto original municipal firmado digitalmente (Condiciones necesarias para la fijación de Tarifas del Servicio Domiciliario por Extracción de Basuras y Exenciones Total y Parcial)
MUNI-PROV-0098,MUNICIPAL_TRANSPARENCIA,2008-10-14,2008,75,ordenanza_base,"Condiciones necesarias para la fijación de Tarifas del Servicio Domiciliario por Extracción de Basuras y Exenciones Total y Parcial N° 75: Modifícase la Ordenanza Nº65 de 19 de Noviembre de 2007, que aprobó la Ordenanza sobre ""Condiciones necesarias para la fijación de tarifas de",Derechos Municipales y Tarifas,http://firma.providencia.cl/dsign/cgi/sdoc.exe/sdoc/document?id=EeMnznUUkrOzR87zddfqOQ%3D%3D,2428124564985614134ba9691c102433ce8af0d4c334a4ca27da6d354c84cea6,Texto original municipal firmado digitalmente (Condiciones necesarias para la fijación de Tarifas del Servicio Domiciliario por Extracción de Basuras y Exenciones Total y Parcial)
MUNI-PROV-0099,MUNICIPAL_TRANSPARENCIA,2009-07-23,2009,82,modificacion,Condiciones necesarias para la fijación de Tarifas del S ervicio Domiciliario por Extracción de Basuras y Exenciones Total y Parcial N° 82: Modificación Ordenanza Nº65 de 19,Derechos Municipales y Tarifas,http://firma.providencia.cl/dsign/cgi/sdoc.exe/sdoc/document?id=u1TBhZp%2FKNq85%2BwxnqyYNg%3D%3D,2386a01959ee3717fa8949d7a680ac8e480f3c055f83196ca8a3557b0f20c53d,Texto original municipal firmado digitalmente (Condiciones necesarias para la fijación de Tarifas del Servicio Domiciliario por Extracción de Basuras y Exenciones Total y Parcial)
MUNI-PROV-0100,MUNICIPAL_TRANSPARENCIA,2009-06-01,2009,80,ordenanza_base,"Condiciones necesarias para la fijación de Tarifas del servicio Domiciliaro por Extracción de Basuras y Exenciones Total y Parcial N° 80: Modifícase la Ordenanza Nº 65 de 19 de Noviembre de 2007, sobre ""Condiciones necesarias para la fijación de tarifas del servicio domiciliario ",Derechos Municipales y Tarifas,http://firma.providencia.cl/dsign/cgi/sdoc.exe/sdoc/document?id=clDCxyRhR3VUbbwiQVZ7Vg%3D%3D,16d1402dff8a5f8b2f1fea46db7877e11c37e07235f6d338a99595c20dd285e8,Texto original municipal firmado digitalmente (Condiciones necesarias para la fijación de Tarifas del Servicio Domiciliario por Extracción de Basuras y Exenciones Total y Parcial)
MUNI-PROV-0101,MUNICIPAL_TRANSPARENCIA,2009-03-23,2009,630,texto_refundido,"Condiciones necesarias para la fijación de Tarifas del Servicio Domiciliario por Extracción de basuras y Exenciones Total y Parcial N° 630: Fíjase el siguiente texto refundido y sistematizado de la Ordenanza sobre ""Condiciones necesarios para la fijación de tarifas del servicio d",Derechos Municipales y Tarifas,http://firma.providencia.cl/dsign/cgi/sdoc.exe/sdoc/document?id=kPCR%2F3AUV1IiRbkRLs0eoQ%3D%3D,a48cea4af82af47a6fde44f8ae7cd52fa2df1e65dae97c545dd6ad6ebf04e5c2,Texto original municipal firmado digitalmente (Condiciones necesarias para la fijación de Tarifas del Servicio Domiciliario por Extracción de Basuras y Exenciones Total y Parcial)
MUNI-PROV-0102,MUNICIPAL_TRANSPARENCIA,2010-06-24,2010,90,texto_refundido,Condiciones necesarias para la fijación de Tarifa del servicio Domiciliario por Extracción de Basuras y Exenciones Total y  Parcial N° 90: Modifícase la Ordenanza Nº65 de 19,Derechos Municipales y Tarifas,http://firma.providencia.cl/dsign/cgi/sdoc.exe/sdoc/document?id=MoGBliFy6bzAF6ok5CFksw%3D%3D,d7e7ee069b7e6c63f1e02926baf722465bb10d48a36283158b90202756d984c2,Texto original municipal firmado digitalmente (Condiciones necesarias para la fijación de Tarifas del Servicio Domiciliario por Extracción de Basuras y Exenciones Total y Parcial)
MUNI-PROV-0103,MUNICIPAL_TRANSPARENCIA,2012-11-23,2012,2418,texto_refundido,"Condiciones necesarias para la fijación de Tarifas del Servicio Domiciliario por Extracción de basuras y Exenciones Total y Parcial N° 2418: Fíjase el siguiente texto refundido y sistematizado de la Ordenanza sobre ""Condiciones necesarias para la fijación de tarifas del servicio ",Derechos Municipales y Tarifas,http://firma.providencia.cl/dsign/cgi/sdoc.exe/sdoc/document?id=94Dkk2dLiUNFBA4Ffg0a4A%3D%3D,2b8be795cfc72e8926efd6281d6bffd9d0812cead679e3d3669b1ee40d66edfa,Texto original municipal firmado digitalmente (Condiciones necesarias para la fijación de Tarifas del Servicio Domiciliario por Extracción de Basuras y Exenciones Total y Parcial)
MUNI-PROV-0104,MUNICIPAL_TRANSPARENCIA,2015-10-27,2015,143,texto_refundido,"Condiciones necesarias para la fijación de Tarifas del Servicio Domiciliario por Extracción de Basuras y Exenciones Total y Parcial N° 143: Modifícase la Ordenanza N°65 de 19 de Novioembre de 2007, sobre ""Condiciones necesarias para la fijación de trarifas del servicio domiciliar",Derechos Municipales y Tarifas,http://firma.providencia.cl/dsign/cgi/sdoc.exe/sdoc/document?id=1pnIBuwpyR2dwoQGLl04xA%3D%3D,ab992c0a626da04ad525ac904e0f2a98246ecf61bbb9f7075094e0de1ed31df0,Texto original municipal firmado digitalmente (Condiciones necesarias para la fijación de Tarifas del Servicio Domiciliario por Extracción de Basuras y Exenciones Total y Parcial)
MUNI-PROV-0105,MUNICIPAL_TRANSPARENCIA,2016-12-28,2016,2265,texto_refundido,"Condiciones necesarias para la fijación de Tarifas del Servicio Domiciliario por Extracción de basuras y Exenciones Total y Parcial N° 2265: Fíjase el siguiente texto refundido y sistematizado de la Ordenanza sobre ""Condiciones necesarias para la fijación de tarifas del Servicio ",Derechos Municipales y Tarifas,http://firma.providencia.cl/dsign/cgi/sdoc.exe/sdoc/document?id=lzQqw5zt2zAEE93u6HGyzA%3D%3D,387c35def61c3ef71a18999987dc949af79fa0e735c69caa5f135f0ed0a5f747,Texto original municipal firmado digitalmente (Condiciones necesarias para la fijación de Tarifas del Servicio Domiciliario por Extracción de Basuras y Exenciones Total y Parcial)
MUNI-PROV-0106,MUNICIPAL_TRANSPARENCIA,2016-11-29,2016,155,texto_refundido,"Condiciones necesarias para la fijación de Tarifas del Servicio Domiciliario por Extracción de Basuras y Exenciones Total y Parcial N° 155: Modifícase la Ordenanza N°65 de 19 de Noviembre de 2007, sobre Condiciones Necesarias para la Fijación de Tarifas del S ervicio Domiciliario",Derechos Municipales y Tarifas,http://firma.providencia.cl/dsign/cgi/sdoc.exe/sdoc/document?id=GdN9PwHb7CSkEOe6nEWFKw%3D%3D,f2377a10b59351ecf2a7c3847f1a13a012f4b8d528a34fde9809fc22efb358ca,Texto original municipal firmado digitalmente (Condiciones necesarias para la fijación de Tarifas del Servicio Domiciliario por Extracción de Basuras y Exenciones Total y Parcial)
MUNI-PROV-0107,MUNICIPAL_TRANSPARENCIA,2017-05-08,2017,809,texto_refundido,"Condiciones necesarias para la fijación de Tarifas del Servicio Domiciliario por Extracción de basuras y Exenciones Total y Parcial N° 809: Fíjase el siguiente texto refundido y sistematizado de la Ordenanza sobre ""Condiciones necesarias para la fijación de tarifas del servicio d",Derechos Municipales y Tarifas,http://firma.providencia.cl/dsign/cgi/sdoc.exe/sdoc/document?id=nppNdIC7dSWD2FwaG9EgBg%3D%3D,a0d4ce0f2d46e014bb3c5750bf7a49a7bbe72c710a452e77280f7d2da706ead6,Texto original municipal firmado digitalmente (Condiciones necesarias para la fijación de Tarifas del Servicio Domiciliario por Extracción de Basuras y Exenciones Total y Parcial)
MUNI-PROV-0108,MUNICIPAL_TRANSPARENCIA,2017-04-18,2017,156,texto_refundido,Condiciones necesarias para la fijación de Tarifas del Servicio Domiciliario por Extracción de Basuras y Exenciones Total y Parcial N° 156: Modifícase la Ordenanza N°65 de 19,Derechos Municipales y Tarifas,http://firma.providencia.cl/dsign/cgi/sdoc.exe/sdoc/document?id=sb%2FHAkQO0h3FYsO%2B26qwRg%3D%3D,60b90d1a1c66843c26d61b3e0e1a62aa36b6e4b6998babba3c4450842e2a5fe4,Texto original municipal firmado digitalmente (Condiciones necesarias para la fijación de Tarifas del Servicio Domiciliario por Extracción de Basuras y Exenciones Total y Parcial)
MUNI-PROV-0109,MUNICIPAL_TRANSPARENCIA,2020-04-14,2020,520,texto_refundido,"Decreto Exento N° 520: Fíjase el siguiente texto refundido y sistematizado de la Ordenanza sobre ""CONDICONES NECESARIAS PARA LA FIJACION DE TARIFAS DEL SERVICIO DOMICILIARIO POR EXTRACCION DE BASURA Y EXENCIONES TOTAL Y PARCIAL """,Derechos Municipales y Tarifas,http://firma.providencia.cl/dsign/cgi/sdoc.exe/sdoc/document?id=bCAy6i0w6Lg9hz3yKfAKlA%3D%3D,018655aacd39b65cfc7eaf9bd7cd7f573f7c9e32a8671125971f5f212a943bfd,Texto original municipal firmado digitalmente (Condiciones necesarias para la fijación de Tarifas del Servicio Domiciliario por Extracción de Basuras y Exenciones Total y Parcial)
MUNI-PROV-0110,MUNICIPAL_TRANSPARENCIA,2020-01-15,2020,188,texto_refundido,"Ordenanza N° 188: Modifícase la Ordenanza sobre ""CONDICIONES NECESARIAS PARA LA FIJACION DE TARIFAS DEL SERVICIO DOMICILIARIO POR EXTRACCION DE BASURAS Y EXENCIONES TOTAL Y PARCIAL"", cuyo texto refundido y sistematizado fue fijado por EX°809 de 8",Derechos Municipales y Tarifas,http://firma.providencia.cl/dsign/cgi/sdoc.exe/sdoc/document?id=KrVgMPtOTYcQAHKuiqAG6Q%3D%3D,0109e9c6102b6982d858c68e0d917117a6b24bcf61d6950718797b27fa700d05,Texto original municipal firmado digitalmente (Condiciones necesarias para la fijación de Tarifas del Servicio Domiciliario por Extracción de Basuras y Exenciones Total y Parcial)
MUNI-PROV-0111,MUNICIPAL_TRANSPARENCIA,2001-11-14,2001,18,texto_refundido,"De Aseo N° 18: Fíjase el texto refundido de la ""Ordenanza de Aseo de la Comuna de Providencia""","Aseo, Ornato y Gestión de Residuos",http://firma.providencia.cl/dsign/cgi/sdoc.exe/sdoc/document?id=jrIDUwPp2kXhSf0dpC%2FhpA%3D%3D,b4da0e7983229f258848bbed8283ad6351afed154288d3fe0ee46df33e16bfc4,Texto original municipal firmado digitalmente (De Aseo)
MUNI-PROV-0112,MUNICIPAL_TRANSPARENCIA,2001-10-18,2001,13,modificacion,"De Aseo N° 13: Modificase la Ordenanza Nº 4 de 29 de Agosto de 1997, que reemplazo el texto de la Ordenanza de Aseo de la Comuna de Providencia, en los sentidos que se indican","Aseo, Ornato y Gestión de Residuos",http://firma.providencia.cl/dsign/cgi/sdoc.exe/sdoc/document?id=89SRndm196Dzh7tGVwAm%2Bw%3D%3D,208bfebe6e0df68aeb8bc22c23b47874aa5919124774a23eab498d5a97624144,Texto original municipal firmado digitalmente (De Aseo)
MUNI-PROV-0113,MUNICIPAL_TRANSPARENCIA,2003-05-23,2003,874,texto_refundido,Decreto Exento N° 874: Fíjase el siguiente texto refundido y sistematizado de la ORDENANZA DE ASEO de la Comuna de Providencia,"Aseo, Ornato y Gestión de Residuos",http://firma.providencia.cl/dsign/cgi/sdoc.exe/sdoc/document?id=sFloBa3j9uWjTZDcd%2BrmSQ%3D%3D,6a1ca13fdfc1ee66ab51f334d679576bc1b883e119e9734d1f225f908d0c07e7,Texto original municipal firmado digitalmente (De Aseo)
MUNI-PROV-0114,MUNICIPAL_TRANSPARENCIA,2003-05-05,2003,1,ordenanza_base,"Ordenanza N° 1: Modifícase la ORDENANZA DE ASEO, N° 18, de 14 de noviembre de 2001","Aseo, Ornato y Gestión de Residuos",http://firma.providencia.cl/dsign/cgi/sdoc.exe/sdoc/document?id=EOJ25SjhOr0iMAsk1HJTrA%3D%3D,6df0495f07e3c9dd81b71353766b8678cfbd50b067699eb5b6d9710b7bb89588,Texto original municipal firmado digitalmente (De Aseo)
MUNI-PROV-0115,MUNICIPAL_TRANSPARENCIA,2020-04-14,2020,519,texto_refundido,Decreto Exento N° 519: Fíjase el siguiente texto refundido y sistematizado de la ORDENANZA DE GESTION HIDRICA LOCAL,"Aseo, Ornato y Medio Ambiente",http://firma.providencia.cl/dsign/cgi/sdoc.exe/sdoc/document?id=5SlpB1XOEm9wLL7M0g0IyQ%3D%3D,760e082fe9c0a71d88a10155a374b9769dff5896db882860207ecc2482c0f040,Texto original municipal firmado digitalmente (De Gestión Hidrica Local)
MUNI-PROV-0116,MUNICIPAL_TRANSPARENCIA,2020-04-07,2020,191,ordenanza_base,"Ordenanza N° 191: Modifícase la Ordenanza Nº189, de 6 de febrero de 2020, ORDENANZA DE GESTION HIDRICA LOCAL","Aseo, Ornato y Medio Ambiente",http://firma.providencia.cl/dsign/cgi/sdoc.exe/sdoc/document?id=cznQkyNy9cQWLClioOIB6g%3D%3D,3dbb77440be92a84c2d8394c14ab15f91c0387ed6609040acec1698eadf805bd,Texto original municipal firmado digitalmente (De Gestión Hidrica Local)
MUNI-PROV-0117,MUNICIPAL_TRANSPARENCIA,2020-02-06,2020,189,ordenanza_base,Ordenanza N° 189: Apruébese la siguiente ORDENANZA DE GESTION HIDRICA LOCAL,"Aseo, Ornato y Medio Ambiente",http://firma.providencia.cl/dsign/cgi/sdoc.exe/sdoc/document?id=3ZXILBHIB7x9fnrP7HVxEQ%3D%3D,34c937729e4cc4ff4f0d2377ba26aa0c6d044ab5a77f20e6a86f9d59299e8183,Texto original municipal firmado digitalmente (De Gestión Hidrica Local)
MUNI-PROV-0118,MUNICIPAL_TRANSPARENCIA,2002-01-24,2002,1,modificacion,De Ornato N° 1: Fíjase el siguiente texto refundidio y modificado de la Ordenanza de Ornato,"Aseo, Ornato y Medio Ambiente",http://firma.providencia.cl/dsign/cgi/sdoc.exe/sdoc/document?id=ZKxrfUT2dTSPJbzMpA8jjQ%3D%3D,730b059eb09196ee032253b4100ebb8ee5f5a7ca972f97df2876e0a2111d18fe,Texto original municipal firmado digitalmente (De Ornato)
MUNI-PROV-0119,MUNICIPAL_TRANSPARENCIA,2003-07-01,2003,1029,texto_refundido,De Ornato N° 1029: Fíjase el siguiente texto refundido y sistematizado de la Ordenanza Nº1 de 24,"Aseo, Ornato y Medio Ambiente",http://firma.providencia.cl/dsign/cgi/sdoc.exe/sdoc/document?id=78%2FjjCx%2BCPZQZc%2FhHGXKmw%3D%3D,f2da94afea08a3c0eaf8ff6f4d39da1831ab2fc0b68c7d59a00697b15de799ad,Texto original municipal firmado digitalmente (De Ornato)
MUNI-PROV-0120,MUNICIPAL_TRANSPARENCIA,2003-06-10,2003,3,ordenanza_base,"De Ornato N° 3: Modifícase la Ordenanza de Ornato Nº 1 de 24,1,02, en los siguientes sentidos","Aseo, Ornato y Medio Ambiente",http://firma.providencia.cl/dsign/cgi/sdoc.exe/sdoc/document?id=gIPdMv8R%2FSIb0C6kN321Qw%3D%3D,2f7ca6c71a746589f59afd6a5120ce2af45fbaf95014e2181a7160997aff0357,Texto original municipal firmado digitalmente (De Ornato)
MUNI-PROV-0121,MUNICIPAL_TRANSPARENCIA,2011-10-26,2011,2038,texto_refundido,"De Ornato N° 2038: Fíjese el siguiente texto refundido y sistematizado de la Ordenanza Nº 1 de 24 de Enero de 2002 ""ORDENANZA DE ORNATO""","Aseo, Ornato y Medio Ambiente",http://firma.providencia.cl/dsign/cgi/sdoc.exe/sdoc/document?id=e4CnWor7PUOAn9w%2FwOhAoQ%3D%3D,4404321310c06d9d8a325c2b7cbc4b9473a94437b65e9e96f0be012b7d742080,Texto original municipal firmado digitalmente (De Ornato)
MUNI-PROV-0122,MUNICIPAL_TRANSPARENCIA,2011-08-16,2011,104,texto_refundido,"De Ornato N° 104: Modifícase la Ordenanza Nº1 de 24 de Enero de 2002 ""Ordenanza de Ornato"", cuyo texto refundido y sistematizado fue fijado por Decreto Alcaldicio EX:Nº1029 de 1 de Julio de 2003","Aseo, Ornato y Medio Ambiente",http://firma.providencia.cl/dsign/cgi/sdoc.exe/sdoc/document?id=E61EgzbYQz%2BuYMmofUfIzQ%3D%3D,3effc9712043f38f3866857c9c0ba02decec9d81337c753b13366caf2fc6165d,Texto original municipal firmado digitalmente (De Ornato)
MUNI-PROV-0123,MUNICIPAL_TRANSPARENCIA,2014-04-03,2014,751,texto_refundido,"De Ornato N° 751: Fíjase el siguiente texto refundido y sistematizado de la Ordenanza Nº1 de 24 de Enero de 2002 ""Ordenanza de Ornato""","Aseo, Ornato y Medio Ambiente",http://firma.providencia.cl/dsign/cgi/sdoc.exe/sdoc/document?id=pa%2BHv5Vqzq1u%2BkI1JtF1Bg%3D%3D,1141c06b997aa2163b2f3acd8bcfe9aaf09828ef77504f13cd48e9c32e5c75a3,Texto original municipal firmado digitalmente (De Ornato)
MUNI-PROV-0124,MUNICIPAL_TRANSPARENCIA,2014-03-05,2014,128,texto_refundido,De Ornato N° 128: Modifícase la Ordenanza N°1 de 24,"Aseo, Ornato y Medio Ambiente",http://firma.providencia.cl/dsign/cgi/sdoc.exe/sdoc/document?id=no7owVG1XhuksNU97WZjNg%3D%3D,133fcdb83482ec00e789f64d0bbf3bd3418c59e7bce327ef12fc8ba4a908de90,Texto original municipal firmado digitalmente (De Ornato)
MUNI-PROV-0125,MUNICIPAL_TRANSPARENCIA,2021-10-25,2021,209,texto_refundido,"De Ornato N° 209: Modifícase la Ordenanza N° 1 de 24 de Enero de 2002 ""Ordenanza de Ornato"", cuyo texto refundido y sistematizado fue fijado por Decreto Alcaldicio EX","Aseo, Ornato y Medio Ambiente",http://firma.providencia.cl/dsign/cgi/sdoc.exe/sdoc/document?id=%2FUJCIqa6yFVPa32vwjFOog%3D%3D,1761e596fba1e4e542df667078cf935c8217cdf8d9ad6104bf3dee6bc78db93f,Texto original municipal firmado digitalmente (De Ornato)
MUNI-PROV-0126,MUNICIPAL_TRANSPARENCIA,2021-09-28,2021,1382,texto_refundido,"De Ornato N° 1382: Fíjase el texto refundido y sistematizado de la Ordenanza N°1 de 24 de enero de 2002 ""Ordenanza de Ornato""","Aseo, Ornato y Medio Ambiente",http://firma.providencia.cl/dsign/cgi/sdoc.exe/sdoc/document?id=duICj10EU4C2gBpeAfSvEA%3D%3D,955ef437e297f2527d112acc7d006316278fdda8ee4c94c82d06e0ba59f4043f,Texto original municipal firmado digitalmente (De Ornato)
MUNI-PROV-0127,MUNICIPAL_TRANSPARENCIA,2021-09-10,2021,207,texto_refundido,"De Ornato N° 207: Modifícase la Ordenanza N°1 de 24 de Enero de 2002 ""Ordenanza de Ornato"", cuyo texto refundido y sistematizado fue fijado por Decreto Alcaldicio EX","Aseo, Ornato y Medio Ambiente",http://firma.providencia.cl/dsign/cgi/sdoc.exe/sdoc/document?id=Pb5UGm2miihynqXTR8zNtw%3D%3D,64ac030d3925442844036bfc7788752a9390da2d1c766d286577dfd1087cd6b1,Texto original municipal firmado digitalmente (De Ornato)
MUNI-PROV-0128,MUNICIPAL_TRANSPARENCIA,2022-07-26,2022,212,texto_refundido,"Ordenanza N° 212: Modifícase la Ordenanza N°1 de 24 de Enero de 2002 ""ORDENANZA DE ORNATO"", cuyo texto refundido y sistematizado, fue fijado por Decreto Alcaldicio EXN°1","Aseo, Ornato y Medio Ambiente",http://firma.providencia.cl/dsign/cgi/sdoc.exe/sdoc/document?id=l8Vx%2FT9B9L%2Bx5oVLkNme2Q%3D%3D,e9b70d85d60def1c84d96b56fda866c20a412b2a126627f9a7cbd0df74b7e0f6,Texto original municipal firmado digitalmente (De Ornato)
MUNI-PROV-0129,MUNICIPAL_TRANSPARENCIA,2024-04-08,2024,495,texto_refundido,"Decreto Exento N° 495: Fíjase el siguiente texto refundido y sistematizado de la Ordenanza N°1 de 24 de enero de 2002 ""ORDENANZA DE ORNATO""","Aseo, Ornato y Medio Ambiente",http://firma.providencia.cl/dsign/cgi/sdoc.exe/sdoc/document?id=TQO6asLVPzOXVyF97cm9mA%3D%3D,67cd0bd2974685fd192fb1138a58d546ce38b4017e5aa65b8f5125edacbfb5a2,Texto original municipal firmado digitalmente (De Ornato)
MUNI-PROV-0130,MUNICIPAL_TRANSPARENCIA,2023-09-12,2023,224,ordenanza_base,"Ordenanza N° 224: Apruébese el siguiente texto de la Ordenanza ""SOBRE GESTION DE RESIDUOS RECICLABLES DE LA COMUNA DE PROVIDENCIA""","Aseo, Ornato y Gestión de Residuos",http://firma.providencia.cl/dsign/cgi/sdoc.exe/sdoc/document?id=gcL0OZl%2Bu6TD843xlaWnDw%3D%3D,d8e78667819583944acad6d62a8381794b41fc5809ad9e1f55b801920aeff653,Texto original municipal firmado digitalmente (Sobre Gestión de Residuos Reciclables de la Comuna de Providencia)
MUNI-PROV-0131,MUNICIPAL_TRANSPARENCIA,2019-04-29,2019,182,ordenanza_base,"Ordenanza N° 182: Apruébase la Ordenanza ""SOBRE PLASTICOS DE UN SOLO USO EN LA COMUNA DE PROVIDENCIA""","Aseo, Ornato y Medio Ambiente",http://firma.providencia.cl/dsign/cgi/sdoc.exe/sdoc/document?id=m1ciWzr7bPPKYQDtolD2kw%3D%3D,dd955d05500248e7d1c27856c5515b5bc3d1833cf8e91c89e38f5d93726f3a03,Texto original municipal firmado digitalmente (Sobre Plásticos De Un Solo Uso En La Comuna Providencia)
MUNI-PROV-0132,MUNICIPAL_TRANSPARENCIA,2007-11-20,2007,66,ordenanza_base,"Ordenanza N° 66: Fíjase el siguiente texto de la ordenanza sobre ""USUARIOS AGUAS DE RAGADIO""","Aseo, Ornato y Medio Ambiente",http://firma.providencia.cl/dsign/cgi/sdoc.exe/sdoc/document?id=7UADFUr3peGeiGJuXLaqLg%3D%3D,063c036254765c316027671e19c22a94b38360237f08a4623d33395572c72409,Texto original municipal firmado digitalmente (Usuarios Aguas de Regadío)
MUNI-PROV-0133,MUNICIPAL_TRANSPARENCIA,2023-06-23,2023,220,ordenanza_base,"Ordenanza N° 220: Fíjase la siguiente ordenanza sobre ""CIERRE O IMPLEMENTACION DE MEDIDAS DE CONTROL DE ACCESO EN CALLES, PASAJES O CONJUNTOS HABITACIONALES, POR MOTIVOS DE SEGURIDAD, DE LA COMUNA DE PROVIDENCIA""",Convivencia Vecinal y Seguridad,http://firma.providencia.cl/dsign/cgi/sdoc.exe/sdoc/document?id=C3XqoXQZr0S1NTJh%2FqL0tQ%3D%3D,13c49ce5862389dadf02c4ec50aee86ca5ceddbe2f63e3de9de853e50289e2b5,"Texto original municipal firmado digitalmente (Cierre o Implementación de Medidas de Control de Acceso en Calles, Pasajes o Conjuntos Habitacionaless, Por Motivos de Seguridad, de la Comuna de Providencia)"
MUNI-PROV-0134,MUNICIPAL_TRANSPARENCIA,2025-12-31,2025,1923,ordenanza_base,"Decreto Exento N° 1923: Fíjase el siguiente texto refunddo y sistematizado de la Ordenanza sobre ""CIERRE O IMPLEMENTACION DE MEDIDAS DE CONTROL DE ACCESO EN CALLES, PASAJES O CONJUNTOS HABITACIONALES, POR MOTIVOS DE SEGURIDAD, DE LA COMUNA DE PROVIDENCIA""",Convivencia Vecinal y Seguridad,http://firma.providencia.cl/dsign/cgi/sdoc.exe/sdoc/document?id=HOz0j62H3bOH%2BlJDoyK5Gw%3D%3D,5efa79fd20c5bd479ef0da7f47a6e6a34ab93e804d95f36a0f822d8de3c5fe70,"Texto original municipal firmado digitalmente (Cierre o Implementación de Medidas de Control de Acceso en Calles, Pasajes o Conjuntos Habitacionaless, Por Motivos de Seguridad, de la Comuna de Providencia)"
MUNI-PROV-0135,MUNICIPAL_TRANSPARENCIA,2025-05-16,2025,238,ordenanza_base,"Ordenanza N° 238: Modifícase la Ordenanza sobre ""CIERRA O IMPLEMENTACIÓN DE MEDIDAS DE CONTROL DE ACCESO EN CALLES, PASAJES O CONJUNTOS HABITACIONALES , POR MOTIVOS DE SEGURIDAD, DE LA COMUNA DE PROVIDENCIA"", cuyo texto fue fijado mediante Ordenanza N°220 de 23",Convivencia Vecinal y Seguridad,http://firma.providencia.cl/dsign/cgi/sdoc.exe/sdoc/document?id=%2F6X0G4ZH9Kc9thy97bk%2BRA%3D%3D,838ff7d866d5f9d5924551c6b8d19a9b9cfaf23b6774fb81e6f5894ac3886633,"Texto original municipal firmado digitalmente (Cierre o Implementación de Medidas de Control de Acceso en Calles, Pasajes o Conjuntos Habitacionaless, Por Motivos de Seguridad, de la Comuna de Providencia)"
MUNI-PROV-0136,MUNICIPAL_TRANSPARENCIA,2008-02-27,2008,360,texto_refundido,"Decreto Exento N° 360: Apruébase siguiente texto refundido y sistematizado de la Ordenanza sobre ""CIERRE DE CALLES O PASAJES PUBLICOS CIEGOS DE LA COMUNA DE PROVIDENCIA""","Obras, Urbanismo y Espacio Público",http://firma.providencia.cl/dsign/cgi/sdoc.exe/sdoc/document?id=2Y81JCUGDxK%2FLoeTolK2GA%3D%3D,9ab523775d4f4012d06ced48ab274e046a8f165f98a7dd028d7c0bde5f01b345,Texto original municipal firmado digitalmente (Cierre de calles o pasajes  ciegos de la Comuna de Providencia (Derogada por Ordenanza 220 de 23.06.2023))
MUNI-PROV-0137,MUNICIPAL_TRANSPARENCIA,2011-12-30,2011,2508,texto_refundido,"Decreto Exento N° 2508: Apruébase el siguiente texto refundido y sistematizado de la Ordenanza Nº 5 de 26 de Agosto de 1999 sobre, ""CIERRE DE CALLES O PASAJES PÚBLICOS CIEGOS DE LA COMUNA DE PROVIDENCIA","Obras, Urbanismo y Espacio Público",http://firma.providencia.cl/dsign/cgi/sdoc.exe/sdoc/document?id=E49lxJyV8zh1cRL6NJ7Slw%3D%3D,d608dd20eb5cf533e008d3e42573e0e96a1d149f69d3a648a89203a58425b769,Texto original municipal firmado digitalmente (Cierre de calles o pasajes  ciegos de la Comuna de Providencia (Derogada por Ordenanza 220 de 23.06.2023))
MUNI-PROV-0138,MUNICIPAL_TRANSPARENCIA,2011-10-07,2011,112,texto_refundido,"Ordenanza N° 112: Modifícase la Ordenanza Nº5 de 26 de Agosto de 1999 sobre ""CIERRE DE CALLES O PASAJES CIEGOS DE LA COMUNA DE PROVIDENCIA"" cuyo texto refundido y sistematizado fue aprobado por Decreto Alcaldicio EX","Obras, Urbanismo y Espacio Público",http://firma.providencia.cl/dsign/cgi/sdoc.exe/sdoc/document?id=gV48LCBlbQQTr22m1jlyjQ%3D%3D,d73fae59a2ccd1ffb0ce5625ab9c070909a588466568350337ca0bf61d159bb0,Texto original municipal firmado digitalmente (Cierre de calles o pasajes  ciegos de la Comuna de Providencia (Derogada por Ordenanza 220 de 23.06.2023))
MUNI-PROV-0139,MUNICIPAL_TRANSPARENCIA,2015-11-06,2015,1809,texto_refundido,"Decreto Exento N° 1809: Apruébase el siguiente texto refundido y sistematizado de la Ordenanza Nº5 de 26 de Agosto de 1999, sobre ""CIERRE DE CALLES O PASAJES CIEGOS DE LA COMUNA DE PROVIDENCIA""","Obras, Urbanismo y Espacio Público",http://firma.providencia.cl/dsign/cgi/sdoc.exe/sdoc/document?id=XDXvvchrcaWK6XRruZztWg%3D%3D,df968a25aec8a0b8f010fdc60662f1d67bb5ebd04288da6722394b09445e3268,Texto original municipal firmado digitalmente (Cierre de calles o pasajes  ciegos de la Comuna de Providencia (Derogada por Ordenanza 220 de 23.06.2023))
MUNI-PROV-0140,MUNICIPAL_TRANSPARENCIA,2015-10-05,2015,140,ordenanza_base,"Ordenanza N° 140: Modifícase la Ordenanza N° de 26 de agosto de 1999 sobre ""CIERRE DE CALLES O PASAJES PÚBLICOS CIEGOS DE LA COMUNA DE PROVIDENCIA""","Obras, Urbanismo y Espacio Público",http://firma.providencia.cl/dsign/cgi/sdoc.exe/sdoc/document?id=gQLSvgcoGB1xotQdFGiMxQ%3D%3D,4fbfd2745e07df8e43c2a089f34394d98dfd43637134b371ce862addad05f772,Texto original municipal firmado digitalmente (Cierre de calles o pasajes  ciegos de la Comuna de Providencia (Derogada por Ordenanza 220 de 23.06.2023))
MUNI-PROV-0141,MUNICIPAL_TRANSPARENCIA,2023-06-23,2023,220,ordenanza_base,"Ordenanza N° 220: Fíjase la siguiente ordenanza sobre ""Cierre o Implementación de Medidas de Control de Acceso en Calles, Pasajes o Conjuntos Habitacionales, por motivos de Seguridad de la Comuna de Providencia""Derógase la Ordenanza N°5 de 1999 y EX1809 de 2015",Convivencia Vecinal y Seguridad,http://firma.providencia.cl/dsign/cgi/sdoc.exe/sdoc/document?id=C3XqoXQZr0S1NTJh%2FqL0tQ%3D%3D,13c49ce5862389dadf02c4ec50aee86ca5ceddbe2f63e3de9de853e50289e2b5,Texto original municipal firmado digitalmente (Cierre de calles o pasajes  ciegos de la Comuna de Providencia (Derogada por Ordenanza 220 de 23.06.2023))
MUNI-PROV-0142,MUNICIPAL_TRANSPARENCIA,2025-12-31,2025,1923,ordenanza_base,"Decreto Exento N° 1923: Fíjase el siguiente texto refunddo y sistematizado de la Ordenanza sobre ""CIERRE O IMPLEMENTACION DE MEDIDAS DE CONTROL DE ACCESO EN CALLES, PASAJES O CONJUNTOS HABITACIONALES, POR MOTIVOS DE SEGURIDAD, DE LA COMUNA DE PROVIDENCIA""",Convivencia Vecinal y Seguridad,http://firma.providencia.cl/dsign/cgi/sdoc.exe/sdoc/document?id=HOz0j62H3bOH%2BlJDoyK5Gw%3D%3D,5efa79fd20c5bd479ef0da7f47a6e6a34ab93e804d95f36a0f822d8de3c5fe70,Texto original municipal firmado digitalmente (Cierre de calles o pasajes  ciegos de la Comuna de Providencia (Derogada por Ordenanza 220 de 23.06.2023))
MUNI-PROV-0143,MUNICIPAL_TRANSPARENCIA,2025-05-16,2025,238,ordenanza_base,"Ordenanza N° 238: Modifícase la Ordenanza sobre ""CIERRA O IMPLEMENTACIÓN DE MEDIDAS DE CONTROL DE ACCESO EN CALLES, PASAJES O CONJUNTOS HABITACIONALES , POR MOTIVOS DE SEGURIDAD, DE LA COMUNA DE PROVIDENCIA"", cuyo texto fue fijado mediante Ordenanza N°220 de 23",Convivencia Vecinal y Seguridad,http://firma.providencia.cl/dsign/cgi/sdoc.exe/sdoc/document?id=%2F6X0G4ZH9Kc9thy97bk%2BRA%3D%3D,838ff7d866d5f9d5924551c6b8d19a9b9cfaf23b6774fb81e6f5894ac3886633,Texto original municipal firmado digitalmente (Cierre de calles o pasajes  ciegos de la Comuna de Providencia (Derogada por Ordenanza 220 de 23.06.2023))
MUNI-PROV-0144,MUNICIPAL_TRANSPARENCIA,2000-12-18,2000,12,ordenanza_base,"Ordenanza N° 12: Prorrogase hasta el 15 de abril de 2001, la suspension de la aplicacion del articulo Nº 7 de la ordenanza Nº3 del 14 de marzo de 2000, sobre ""INSTALACION DE LINEAS DISTRIBUIDORAS DE ENERGIA ELECTRICA Y DE TELECOMUNICACIONES EN LA COMUNA DE PROVIDENCIA""","Obras, Urbanismo y Espacio Público",http://firma.providencia.cl/dsign/cgi/sdoc.exe/sdoc/document?id=UhjjjZoOqXxgEmxbiDd28A%3D%3D,4eedd942d806c5647c9c5b968c12af527466bff1d0fa3ddb715dc72b33303f80,Texto original municipal firmado digitalmente (Instalación de Líneas Distribuidoras de Energia Eléctrica y de Telecomunicaciones en la Comuna de Providencia)
MUNI-PROV-0145,MUNICIPAL_TRANSPARENCIA,2000-06-23,2000,7,ordenanza_base,"Ordenanza N° 7: Suspéndese hasta el 31 de diciembre de 2000, la aplicación del articulo 7º de la Ordenanza 3 de 14 de marzo 2000 sobre ""INSTALACIÓN DE LINEAS DISTRIBUIDORAS DE ENERGIA ELECTRICA Y DE TELECOMUNICACIONES EN LA COMUNA DE PROVIDENCIA""","Obras, Urbanismo y Espacio Público",http://firma.providencia.cl/dsign/cgi/sdoc.exe/sdoc/document?id=K4ZWBLqpsLK52mOruj%2BFTg%3D%3D,12272750f03f44d9f695e8625dc1c3aec0445ac442c96dffb5a431a20b6804fc,Texto original municipal firmado digitalmente (Instalación de Líneas Distribuidoras de Energia Eléctrica y de Telecomunicaciones en la Comuna de Providencia)
MUNI-PROV-0146,MUNICIPAL_TRANSPARENCIA,2000-03-14,2000,3,ordenanza_base,"Ordenanza N° 3: ""SOBRE INSTALACION DE LINEAS DlSTRlBUl DORAS DE ENERGIA ELECTRICA Y DE TELECOMUNICACIONES EN LA COMUNA DE
PROVIDENCIA""","Obras, Urbanismo y Espacio Público",http://firma.providencia.cl/dsign/cgi/sdoc.exe/sdoc/document?id=uiY4dVuMNTQL3VtbDpVElg%3D%3D,ffd73855543cefceef0ddcaab5a53ab5bf58a0a95d9b36d78641c85a1dab7da9,Texto original municipal firmado digitalmente (Instalación de Líneas Distribuidoras de Energia Eléctrica y de Telecomunicaciones en la Comuna de Providencia)
MUNI-PROV-0147,MUNICIPAL_TRANSPARENCIA,2001-11-26,2001,19,ordenanza_base,Ordenanza N° 19: Rectifícase el Anexo Nº 2 de la Ordenanza Nº 16 de 26,"Obras, Urbanismo y Espacio Público",http://firma.providencia.cl/dsign/cgi/sdoc.exe/sdoc/document?id=SXCxOtIzLce9qNjCaYoNAw%3D%3D,48ee8a507a52bfa5c51d9f800fe28c2066a7a2a66e6712ffcfb195d66876c3ab,Texto original municipal firmado digitalmente (Instalación de mesas en el bien nacional de uso público de la Comuna de Providencia)
MUNI-PROV-0148,MUNICIPAL_TRANSPARENCIA,2001-10-26,2001,16,ordenanza_base,"Ordenanza N° 16: Apruebase la ""ORDENANZA SOBRE INSTALACION DE MESAS EN EL BIEN NACIONAL DE USO PUBLICO DE LA COMUNA DE PROVIDENCIA","Obras, Urbanismo y Espacio Público",http://firma.providencia.cl/dsign/cgi/sdoc.exe/sdoc/document?id=h0NVQIe%2FXPDC5kgTuYZCvw%3D%3D,be62074300fa24f8160fa58c7b56dfb143857a9fbf0fd329206881710d3b5b5f,Texto original municipal firmado digitalmente (Instalación de mesas en el bien nacional de uso público de la Comuna de Providencia)
MUNI-PROV-0149,MUNICIPAL_TRANSPARENCIA,2009-06-22,2009,1349,texto_refundido,"Decreto Exento N° 1349: Apruébase el siguiente texto refundido y sistematizado de la ""ORDENANZA SOBRE LA INSTALACIÓN DE MESAS EN EL BIEN DE USO PÚBLICO DE LA COMUNA DE PROVIDENCIA""","Obras, Urbanismo y Espacio Público",http://firma.providencia.cl/dsign/cgi/sdoc.exe/sdoc/document?id=kQO6KQ%2Bd2MMQyS6Gk1EfDg%3D%3D,9480e87aee335ac55d1f0b1dc5e46b12d1257495ae8f08c0c90c96b186080a65,Texto original municipal firmado digitalmente (Instalación de mesas en el bien nacional de uso público de la Comuna de Providencia)
MUNI-PROV-0150,MUNICIPAL_TRANSPARENCIA,2009-05-12,2009,78,ordenanza_base,Ordenanza N° 78: Modifícase la ordenanza Nº16 de 26,"Obras, Urbanismo y Espacio Público",http://firma.providencia.cl/dsign/cgi/sdoc.exe/sdoc/document?id=wCMtWM0AHnb9k1RMgyEzdA%3D%3D,184188aecac518154bc79ba2298cb8d3dfaf3e9b9eaeb62b4fbbcbb206613113,Texto original municipal firmado digitalmente (Instalación de mesas en el bien nacional de uso público de la Comuna de Providencia)
MUNI-PROV-0151,MUNICIPAL_TRANSPARENCIA,2018-08-27,2018,1234,texto_refundido,"Decreto Exento N° 1234: Fíjase el siguiente texto refundido y sistematizado de la Ordenanza Sobre ""INSTALACIÓN DE MESAS EN EL BIEN NACIONAL DE USO PÚBLICO DE LA COMUNA DE PROVIDENCIA""","Obras, Urbanismo y Espacio Público",http://firma.providencia.cl/dsign/cgi/sdoc.exe/sdoc/document?id=pGC5UcijU6Ell8N415OMjQ%3D%3D,38e38abd081368fd85a42eeb8458e97c8c7309a13245526749896b9548bba033,Texto original municipal firmado digitalmente (Instalación de mesas en el bien nacional de uso público de la Comuna de Providencia)
MUNI-PROV-0152,MUNICIPAL_TRANSPARENCIA,2018-08-07,2018,167,texto_refundido,"Ordenanza N° 167: Modifícase la ""ORDENANZA SOBRE LA INSTALACIÓN DE MESAS EN EL BIEN NACIONAL DE USO PÚBLICO DE LA COMUNA DE PROVIDENCIA"", cuyo texto refundido se fijó por Decreto Alcaldicio EX","Obras, Urbanismo y Espacio Público",http://firma.providencia.cl/dsign/cgi/sdoc.exe/sdoc/document?id=FAK7WRcl180i8XexwtMTng%3D%3D,a2100c983208e187586be4c4dc24efdae6ad6211ab92c680669fd4d25abd804b,Texto original municipal firmado digitalmente (Instalación de mesas en el bien nacional de uso público de la Comuna de Providencia)
MUNI-PROV-0153,MUNICIPAL_TRANSPARENCIA,2020-07-14,2020,201,texto_refundido,"Ordenanza N° 201: Modifícase la Ordenanza sobre ""INSTALACIÓN DE MESAS EN EL BIEN NACIONAL DE USO PÚBLICO DE LA COMUNA DE PROVIDENCIA"" cuyo texto refundido fue fijado por EX","Obras, Urbanismo y Espacio Público",http://firma.providencia.cl/dsign/cgi/sdoc.exe/sdoc/document?id=MAKuU4I%2F8R1VTkBrLEuGJQ%3D%3D,76d24b56fb1ff40d3542382d540a01f370b490207ce919aa0736b6cb95c38f60,Texto original municipal firmado digitalmente (Instalación de mesas en el bien nacional de uso público de la Comuna de Providencia)
MUNI-PROV-0154,MUNICIPAL_TRANSPARENCIA,2021-02-05,2021,107,texto_refundido,"Decreto Exento N° 107: Fíjase el siguiente texto refundido y sistematizado de la ""ORDENANZA SOBRE LA INSTALACIÓN DE MESAS EN EL BIEN NACIONAL DE USO PÚBLICO DE LA COMUNA DE PROVIDENCIA""","Obras, Urbanismo y Espacio Público",http://firma.providencia.cl/dsign/cgi/sdoc.exe/sdoc/document?id=jer7OvmUc339Wb9WwAhUxw%3D%3D,80c53c4b96413cd085b00bf8d83f0ff684233df3b674179d21828f421332acd9,Texto original municipal firmado digitalmente (Instalación de mesas en el bien nacional de uso público de la Comuna de Providencia)
MUNI-PROV-0155,MUNICIPAL_TRANSPARENCIA,2022-05-09,2022,211,texto_refundido,"Ordenanza N° 211: Modifícase la Ordenanza sobre ""INSTALACION DE MESAS EN EL BIEN NACIONAL DE USO PÚBLICO DE LA COMUNA DE PROVIDENCIA"", cuyo texto refundido y sisematizado fue fijado por EX","Obras, Urbanismo y Espacio Público",http://firma.providencia.cl/dsign/cgi/sdoc.exe/sdoc/document?id=1eSLOFacXAzVq2C8hAFxsQ%3D%3D,09c73ba7e80e636eb3cf8ebe34576d107d5f2618f8eaac3ec0ed491900e4011c,Texto original municipal firmado digitalmente (Instalación de mesas en el bien nacional de uso público de la Comuna de Providencia)
MUNI-PROV-0156,MUNICIPAL_TRANSPARENCIA,2024-04-11,2024,502,texto_refundido,"Decreto Exento N° 502: Fijase el siguiente tecto refundido y sistematizado de la ""ORDENANZA SOBRE INSTALACION DE MESAS EN EL BIEN NACIONAL DE USO PUBLICO DE LA COMUNA DE PROVIDENCIA""","Obras, Urbanismo y Espacio Público",http://firma.providencia.cl/dsign/cgi/sdoc.exe/sdoc/document?id=E6zJSekGZ3Ng6tbil7w8Wg%3D%3D,6cf80bcd9c437a1af1b5effae141d334cd798c7ec22e99e1ee33bfd2b299ec73,Texto original municipal firmado digitalmente (Instalación de mesas en el bien nacional de uso público de la Comuna de Providencia)
MUNI-PROV-0157,MUNICIPAL_TRANSPARENCIA,2001-08-22,2001,9,ordenanza_base,"Ordenanza N° 9: Apruebase el siguiente texto  de la ordenanza comunal sobre la ""INSTALACION DE MESAS Y TOLDOS EN EL BIEN NACIONAL DE USO PUBLICO-PASEO PEATONAL GENERAL HOLLEY""","Aseo, Ornato y Gestión de Residuos",http://firma.providencia.cl/dsign/cgi/sdoc.exe/sdoc/document?id=KkZtNRueYup9imjjifDEtQ%3D%3D,8c79557ef769205deaae6bf54ebeca3e3064b85cc5c2c5d33ab7ab6ce9c1e5df,"Texto original municipal firmado digitalmente (Instalación de mesas y toldos en el bien nacional de uso público ""Paseo Peatonal General Holley"")"
MUNI-PROV-0158,MUNICIPAL_TRANSPARENCIA,2009-09-11,2009,2007,texto_refundido,"Decreto Exento N° 2007: Fíjase el siguiente texto refundido y sistematizado de la Ordenanza Comunal sobre la ""INSTALACION DE MESAS Y TOLDOS EN EL BIEN NACIONAL DE USO PUBLICO PASEO PEATONAL GENERAL HOLLEY""","Aseo, Ornato y Gestión de Residuos",http://firma.providencia.cl/dsign/cgi/sdoc.exe/sdoc/document?id=RocLw8x7s4tCl3jqfH4m4g%3D%3D,8309d03ef7e0bab09576d2f2b66fd525d774c589ef53422c7f2a00803612a236,"Texto original municipal firmado digitalmente (Instalación de mesas y toldos en el bien nacional de uso público ""Paseo Peatonal General Holley"")"
MUNI-PROV-0159,MUNICIPAL_TRANSPARENCIA,2009-07-28,2009,83,ordenanza_base,"Ordenanza N° 83: Modifícase la Ordenanza N°9 de 22 de Agosto de 2001, que aprobó la Ordenanza Comunal sobre ""INSTALACION DE MESAS Y TOLDOS EN EL BIEN NACIONAL DE USO PUBLICO PASEO PEATONAL GENERAL HOLLEY""","Aseo, Ornato y Gestión de Residuos",http://firma.providencia.cl/dsign/cgi/sdoc.exe/sdoc/document?id=njxmVU%2FaJUqeXuAm4MvfSg%3D%3D,54cbb3d74732e83e506841b955d77a8a7b24967dc92794ca29ae5440613b3c49,"Texto original municipal firmado digitalmente (Instalación de mesas y toldos en el bien nacional de uso público ""Paseo Peatonal General Holley"")"
MUNI-PROV-0160,MUNICIPAL_TRANSPARENCIA,2018-11-08,2018,172,ordenanza_base,"Ordenanza N° 172: Derógase la Ordenanza N°2 de 31 de Marzo de 1998, que aprobó la Ordenanza para la ""INSTALACION DE TORRES,  ANTENAS Y PARABOLAS PARA CUALQUIER TIPO DE TELECOMUNICACIONES""","Obras, Urbanismo y Espacio Público",http://firma.providencia.cl/dsign/cgi/sdoc.exe/sdoc/document?id=CQV57tMsil8bBT4FQKrkMQ%3D%3D,6fcdc54277b714b4bc8526cfe993d6d0d378092cbf1ad075cc353fde9c00d7df,"Texto original municipal firmado digitalmente (Instalación de Torres, Antenas y Parabolas para cualquier tipo de Telecomunicaciones)"
MUNI-PROV-0161,MUNICIPAL_TRANSPARENCIA,2020-04-21,2020,196,ordenanza_base,"Ordenanza N° 196: Apruébase la siguiente ""ORDENANZA QUE REGULA LA LOCALIZACION SOPORTES DE ANTENAS Y ELEMENTOS ASOCIADOS EN BIENES NACIONALES DE USO PUBLICO DE LA COMUNA DE PROVIDENCIA""","Obras, Urbanismo y Espacio Público",http://firma.providencia.cl/dsign/cgi/sdoc.exe/sdoc/document?id=LPk0x0j1cBKlvCAANk5IQQ%3D%3D,4d6a8b0ef049fec51e128d737b2d308a29d9c1d7d30bffe15fd3cca941f4c788,Texto original municipal firmado digitalmente (Localización Soportes de Antenas y Elementos Asociados en Bienes Nacionales de Uso Público de la Comuna de Providencia)
MUNI-PROV-0162,MUNICIPAL_TRANSPARENCIA,2019-07-08,2019,184,ordenanza_base,Ordenanza N° 184: Apruébese la Ordenanza SOBRE MANTENIMIENTO Y FISCALIZACIÓN DE CABLEADO AÉREO EN LA COMUNA DE PROVIDENCIA,"Obras, Urbanismo y Espacio Público",http://firma.providencia.cl/dsign/cgi/sdoc.exe/sdoc/document?id=x6jAMQeHu133DZM7L0vnuQ%3D%3D,f25b880e6928795243b2986ad04ed368e858eb310d8feab864f2bb3c79aae254,Texto original municipal firmado digitalmente (Sobre Mantenimiento y Fiscalización de cableado Aéreo en la Comuna de Providencia)
MUNI-PROV-0163,MUNICIPAL_TRANSPARENCIA,2020-08-04,2020,900,texto_refundido,"Decreto Exento N° 900: Apruébase el siguiente texto refundido y sistematizado de la ""ORDENANZA SOBRE MANTENIMIENTO Y FISCALIZACIÓN DE CABLEADO AÉREO EN LA COMUNA DE PROVIDENCIA""","Obras, Urbanismo y Espacio Público",http://firma.providencia.cl/dsign/cgi/sdoc.exe/sdoc/document?id=O8SdAF%2FxaspYR5B%2F1fLqbQ%3D%3D,b0a4d7a1d80628b0fd0368a80b59fe3dbdd8a6f5f10f826727d000b8f62b41b8,Texto original municipal firmado digitalmente (Sobre Mantenimiento y Fiscalización de cableado Aéreo en la Comuna de Providencia)
MUNI-PROV-0164,MUNICIPAL_TRANSPARENCIA,2020-04-13,2020,193,ordenanza_base,"Ordenanza N° 193: Modifícase la ordenanza N°184 de 8 de julio de 2019, ""ORDENANZA SOBRE MANTENIMIENTO Y FISCALIZACIÓN DE CLABLEADO AÉREO EN LA COMUNA DE PROVIDENCIA""","Obras, Urbanismo y Espacio Público",http://firma.providencia.cl/dsign/cgi/sdoc.exe/sdoc/document?id=OsD2MZS6aoQrxjVs5JaKVg%3D%3D,5ea3e21b4a3829be03aa3153d450204bd0eb7e993f85f40609998a84ee089709,Texto original municipal firmado digitalmente (Sobre Mantenimiento y Fiscalización de cableado Aéreo en la Comuna de Providencia)
MUNI-PROV-0165,MUNICIPAL_TRANSPARENCIA,2021-07-08,2021,206,texto_refundido,"Ordenanza N° 206: Modifícase la ""ORDENANZA SOBRE MANTENIMIENTO Y FISCALIZACION DE CABLEADO AEREO EN LA COMUNA DE PROVIDENCIA"", cuyo tecto refundido y sistematizado fue aprobado por el Decreto Alcaldicio EX","Obras, Urbanismo y Espacio Público",http://firma.providencia.cl/dsign/cgi/sdoc.exe/sdoc/document?id=g5HGrP5Cy0GNkkU4oytNfw%3D%3D,47c9714d34c6ab2d53f9eaf8da9341ccc17f17362ce38dddf1826049ca312bde,Texto original municipal firmado digitalmente (Sobre Mantenimiento y Fiscalización de cableado Aéreo en la Comuna de Providencia)
MUNI-PROV-0166,MUNICIPAL_TRANSPARENCIA,2024-04-08,2024,494,texto_refundido,"Decreto Exento N° 494: Fijase le siguiente tecto refundido y sistematizado de la ""ORDENANZA SOBRE MANTENIMIENTO Y FISCALIZACION DE CABLEADO AEREO EN LA COMUNA DE PROVIDENCIA""","Obras, Urbanismo y Espacio Público",http://firma.providencia.cl/dsign/cgi/sdoc.exe/sdoc/document?id=Ysifh6JSIlId8zy%2FfhIV5Q%3D%3D,e7268c2acafa63bd634305ef14a97484568061b36f37d87a136f3359fe1f63f8,Texto original municipal firmado digitalmente (Sobre Mantenimiento y Fiscalización de cableado Aéreo en la Comuna de Providencia)
MUNI-PROV-0167,MUNICIPAL_TRANSPARENCIA,2023-07-04,2023,221,ordenanza_base,"Ordenanza N° 221: Apruébese la Ordenanza ""SOBRE MURALES ORNAMENTALES O DECORATIVOS EN LA COMUNA  DE PROVIDENCIA""","Obras, Urbanismo y Espacio Público",http://firma.providencia.cl/dsign/cgi/sdoc.exe/sdoc/document?id=OTK2dNu0PPHCoc3aAJuOUw%3D%3D,6f3c66e9fb961ab286df5e5b86d87ec08f3669525de8343b45d0fac2cf47f4f8,Texto original municipal firmado digitalmente (Sobre Murales Ornamentales o Decorativos en la Comuna de Providencia)
MUNI-PROV-0168,MUNICIPAL_TRANSPARENCIA,2010-08-20,2010,1607,texto_refundido,"Decreto Exento N° 1607: Fíjase el siguiente texto refundido, coordinado y sistematizado de la Ordenanza sobre ""OCUPACION BIEN NACIONAL DE USO PÚBLICO CALLE PIO NONO""","Obras, Urbanismo y Espacio Público",http://firma.providencia.cl/dsign/cgi/sdoc.exe/sdoc/document?id=v9TCSw8jrhNyMQUDQmTZKA%3D%3D,dcdde3224687530ccbd07ad814bbb226c3ddde19501b4ea582e538bbcb830f62,Texto original municipal firmado digitalmente (Ocupación Bien Nacional de Uso Público Calle Pío Nono)
MUNI-PROV-0169,MUNICIPAL_TRANSPARENCIA,2010-08-05,2010,91,ordenanza_base,"Ordenanza N° 91: Modifícase la Ordenanza Nº87 de 28  de abril de 2010, sobre, ""OCUPACION BIEN NACIONAL DE USO PUBLICO CALLE POO NONO""","Obras, Urbanismo y Espacio Público",http://firma.providencia.cl/dsign/cgi/sdoc.exe/sdoc/document?id=RGNJNmK%2BTb7xnLdDA8C15A%3D%3D,277801d18556d881c5876f762460e8beef604ddb2414f317ae4e01e32275ffe6,Texto original municipal firmado digitalmente (Ocupación Bien Nacional de Uso Público Calle Pío Nono)
MUNI-PROV-0170,MUNICIPAL_TRANSPARENCIA,2010-04-28,2010,87,ordenanza_base,"Ordenanza N° 87: Apruébase la Ordenanza sobre ""OCUPACION BIEN NACIONAL DE USO PUBLICO CALLE PIO NONO""","Obras, Urbanismo y Espacio Público",http://firma.providencia.cl/dsign/cgi/sdoc.exe/sdoc/document?id=wSDBjJZf5v1OU6jchsB9uQ%3D%3D,53346f1c3ada106231d96ed25762de631c912d69b78ba3ae4140c96f374b72f1,Texto original municipal firmado digitalmente (Ocupación Bien Nacional de Uso Público Calle Pío Nono)
MUNI-PROV-0171,MUNICIPAL_TRANSPARENCIA,2004-01-14,2004,14,ordenanza_base,"Ocupación Comunal sobre Ocupacion Transitoria del Espacio Público por la Ejecución de Faenas N° 14: Apruébase la ""Ordenanza Comunal Sobre Ocupación Tránsitoria del Espacio Público por la Ejecución de Faenas""","Tránsito, Transporte y Espacio Público",http://firma.providencia.cl/dsign/cgi/sdoc.exe/sdoc/document?id=m5iBagW%2FcqL5pjoKFS%2Be9g%3D%3D,da020446cdb8c2f5e284284a0c4a931d7235f5fbf6e5741d7b6a0c7401942c56,Texto original municipal firmado digitalmente (Ordenanza Comunal sobre Ocupación Transitoria del Espacio Público por la Ejecución de Faenas)
MUNI-PROV-0172,MUNICIPAL_TRANSPARENCIA,2014-10-29,2014,135,ordenanza_base,"Ocupación Comunal sobre Ocupacion Transitoria del Espacio Público por la Ejecución de Faenas N° 135: Modifícase la Ordenanza Nº129 de 14 de Abril de 2014 ""Ordenanzsa Comunal sobre Ocupación Transitoria del Espacio Público por la ejecución de faenas y otras actividades""","Tránsito, Transporte y Espacio Público",http://firma.providencia.cl/dsign/cgi/sdoc.exe/sdoc/document?id=yTXd3NOydL1KbDyvHCMLFw%3D%3D,70a5cacf299a540511d77e644873ed347cb289c67ea3a5fd095724b3074f8ec5,Texto original municipal firmado digitalmente (Ordenanza Comunal sobre Ocupación Transitoria del Espacio Público por la Ejecución de Faenas)
MUNI-PROV-0173,MUNICIPAL_TRANSPARENCIA,2014-04-14,2014,129,ordenanza_base,Ocupación Comunal sobre Ocupacion Transitoria del Espacio Público por la Ejecución de Faenas N° 129: Apruébase la Ordenanza Comunal sobre Ocupación Transitoria del Espacio Público por la Ejecución de Faenas y Otras Actividades,"Tránsito, Transporte y Espacio Público",http://firma.providencia.cl/dsign/cgi/sdoc.exe/sdoc/document?id=CJoCEB8Rg20eRaTHwDOXFQ%3D%3D,4aa9bcb533aad4cf426561671956950978d29cadea8f5946416440df0235827b,Texto original municipal firmado digitalmente (Ordenanza Comunal sobre Ocupación Transitoria del Espacio Público por la Ejecución de Faenas)
MUNI-PROV-0174,MUNICIPAL_TRANSPARENCIA,2018-10-12,2018,1529,texto_refundido,"Ocupación Comunal sobre Ocupacion Transitoria del Espacio Público por la Ejecución de Faenas N° 1529: Fijase el texto refundido y sistematizado de la ""Ordenanza Comunal sobre Ocupación Transitoria del Espacio Público por la Ejecución de Faenas y Otras Actividades ""","Tránsito, Transporte y Espacio Público",http://firma.providencia.cl/dsign/cgi/sdoc.exe/sdoc/document?id=5UhgSrKxok0IlNaY5TRAwQ%3D%3D,33b2aaa8e6e8c5a4c5fc042e2ee0c681fcca070d31298ae17ac2e4461025bf16,Texto original municipal firmado digitalmente (Ordenanza Comunal sobre Ocupación Transitoria del Espacio Público por la Ejecución de Faenas)
MUNI-PROV-0175,MUNICIPAL_TRANSPARENCIA,2018-10-04,2018,169,ordenanza_base,"Ocupación Comunal sobre Ocupacion Transitoria del Espacio Público por la Ejecución de Faenas N° 169: Modifícase la ""ORDENANZA COMUNAL SOBRE OCUPACION TRANSITORIA DEL ESPACIO PUBLICO POR LA EJECUCION DE FAENAS Y OTRAS ACTIVIDADES""N°129 DE 14 de Abril de 2014","Tránsito, Transporte y Espacio Público",http://firma.providencia.cl/dsign/cgi/sdoc.exe/sdoc/document?id=p0IdJNruFXmhv%2FADd5AVWg%3D%3D,82bab2d151fcc365e517b1b1bae23e4cc080f5d2b52b5f06e11ec0cc0777532f,Texto original municipal firmado digitalmente (Ordenanza Comunal sobre Ocupación Transitoria del Espacio Público por la Ejecución de Faenas)
MUNI-PROV-0176,MUNICIPAL_TRANSPARENCIA,2023-10-24,2023,1576,texto_refundido,"Decreto Exento N° 1576: Fíjase el siguiente texto refundido y sistematizado de la ""ORDENANZA COMUNAL SOBRE OCUPACION TRANSITORIA DEL ESPACIO PUBLICO POR LA EJECUCCION DE FAENAS""","Tránsito, Transporte y Espacio Público",http://firma.providencia.cl/dsign/cgi/sdoc.exe/sdoc/document?id=4UIVqrMFJdoaOuktYn%2B43g%3D%3D,7065135e30b2ceaaae64a3254ecc9878c8b93b327be8be0c7563b059dd1740cd,Texto original municipal firmado digitalmente (Ordenanza Comunal sobre Ocupación Transitoria del Espacio Público por la Ejecución de Faenas)
MUNI-PROV-0177,MUNICIPAL_TRANSPARENCIA,2023-10-10,2023,225,ordenanza_base,"Ordenanza N° 225: Modifícase  la ""ORDENANZA COMUNAL SOBRE OCUPACION TRANSITORIA DEL ESPACIO PUBLICO POR LA EJECCIÓN DE FAENAS
 Y OTRAS ACTIVIDADES""","Tránsito, Transporte y Espacio Público",http://firma.providencia.cl/dsign/cgi/sdoc.exe/sdoc/document?id=sNdmLXSCNVNlbvqtoqFBsA%3D%3D,7a1e9ef526682dc62c1dfda2077e64576c0d86f34ac87da12743384f95612fe7,Texto original municipal firmado digitalmente (Ordenanza Comunal sobre Ocupación Transitoria del Espacio Público por la Ejecución de Faenas)
MUNI-PROV-0178,MUNICIPAL_TRANSPARENCIA,2003-10-01,2003,8,ordenanza_base,Permisos y Concesiones de Bienes Municipales y Nacionales de Uso Público y Concesiones de Servicios Municipales N° 8: Apruébase la Ordenanza sobre Permisos y Concesiones de Bienes Mun icipales y Nacionales de Uso Publico y Concesiones de Servicios Municipales,"Obras, Urbanismo y Espacio Público",http://firma.providencia.cl/dsign/cgi/sdoc.exe/sdoc/document?id=6C3I1lwrXpbpd1r6sVrGTw%3D%3D,93a1f4b188595acebd947ed270292297ab9aa00ed3b50f9e160bb6c63a7aa832,Texto original municipal firmado digitalmente (Permisos y Concesiones de Bienes Municipales y Nacionales de Uso Público y Concesiones de Servicios Municipales)
MUNI-PROV-0179,MUNICIPAL_TRANSPARENCIA,2010-10-12,2010,96,ordenanza_base,Permisos y Concesiones de Bienes Municipales y Nacionales de Uso Público y Concesiones de Servicios Municipales N° 96: Modifícase la ordenanza Nº8 de 01,"Obras, Urbanismo y Espacio Público",http://firma.providencia.cl/dsign/cgi/sdoc.exe/sdoc/document?id=AEeW8bflkB%2F%2FcVfYW9faRQ%3D%3D,83c51a7134ba229e50fba3bab4e34e36ef183da45141779152f303e782755935,Texto original municipal firmado digitalmente (Permisos y Concesiones de Bienes Municipales y Nacionales de Uso Público y Concesiones de Servicios Municipales)
MUNI-PROV-0180,MUNICIPAL_TRANSPARENCIA,2011-04-19,2011,858,texto_refundido,"Decreto Exento N° 858: Apruébase el siguiente texto refundido y sistematizado de la ordenanza sobre ""PERMISOS Y CONCESIONES DE BIENES MUNICIPALES Y NACIONALES DE USO PUBLICO Y CONCESIONES DE SERVICIOS MUNCIPALES""","Obras, Urbanismo y Espacio Público",http://firma.providencia.cl/dsign/cgi/sdoc.exe/sdoc/document?id=86Gqx8Ei5Jc%2FUEen%2Foij0A%3D%3D,023eb6a8bbcf6b2c10f075546cba664178be5057796410885b9713975d9457ed,Texto original municipal firmado digitalmente (Permisos y Concesiones de Bienes Municipales y Nacionales de Uso Público y Concesiones de Servicios Municipales)
MUNI-PROV-0181,MUNICIPAL_TRANSPARENCIA,2004-06-15,2004,19,ordenanza_base,Ordenanza N° 19: Apruébase la Ordenanza para la APLICACION DEL ARTICULO 8 DE LA LEY 19,"Comercio, Alcoholes y Patentes",http://firma.providencia.cl/dsign/cgi/sdoc.exe/sdoc/document?id=9p3A8e3TR%2FpgA4o89pVDow%3D%3D,4f3fc9467e840811cae9c321b4b5db1b66a1f254d9aa597cb3a15049a0fa9176,Texto original municipal firmado digitalmente (Aplicación del artículo 8 de la Ley de Alcoholes)
MUNI-PROV-0182,MUNICIPAL_TRANSPARENCIA,2005-07-11,2005,1160,texto_refundido,"Cobranza de patentes derechos y contribuciones que se encuentra morosas N° 1160: Fíjase el siguiente texto refundido y adecuado de la Ordenanza sobre ""Normas para  la cobrabza de patentes, derechos y contribuciones que se encuentran morosas"", aprobada por Ordenanza Nº3 de 15 de A",Derechos Municipales y Tarifas,http://firma.providencia.cl/dsign/cgi/sdoc.exe/sdoc/document?id=vijPpWbqM%2BT%2FTtlB%2Bm4cww%3D%3D,4a05a07ad8abc7c28c243bf3ef66d6adc5fd86d4628cb84aad86602069572326,"Texto original municipal firmado digitalmente (Normas para la Cobranza de Contribuciones, Impuestos y Derechos Municipales que se Encuentran Morosos)"
MUNI-PROV-0183,MUNICIPAL_TRANSPARENCIA,2005-05-31,2005,30,modificacion,"Cobranza de patentes derechos y contribuciones quew se encuentran morosas N° 30: Modificase la Ordenanza Nº3 del 1991, respecto de la cobranza de patentes morosas",Derechos Municipales y Tarifas,http://firma.providencia.cl/dsign/cgi/sdoc.exe/sdoc/document?id=AW8ljEkC31U4jkFB5GqJ7w%3D%3D,6add96014e151d7664c31bdf4b809cf4e70d162282b573079eda5309501e68eb,"Texto original municipal firmado digitalmente (Normas para la Cobranza de Contribuciones, Impuestos y Derechos Municipales que se Encuentran Morosos)"
MUNI-PROV-0184,MUNICIPAL_TRANSPARENCIA,2006-05-23,2006,953,texto_refundido,"Cobranza de patente de derechos y contribucuones que se encuentran morosas N° 953: Fíjase el siguiente texto refundido y adecuado de la Ordenanza Nº 3 de 15 de Abril de 1991sobre Normas Para la Cobranza de Patentes, Derechos y Contribucuones que se Encuentran Morosa",Derechos Municipales y Tarifas,http://firma.providencia.cl/dsign/cgi/sdoc.exe/sdoc/document?id=NOBB2AvK92pg3Ubc8LedvA%3D%3D,1165a1d85b72afc494b1b3d0f913ab26aafee2c8c732c63da00e9d1a8a38dfcb,"Texto original municipal firmado digitalmente (Normas para la Cobranza de Contribuciones, Impuestos y Derechos Municipales que se Encuentran Morosos)"
MUNI-PROV-0185,MUNICIPAL_TRANSPARENCIA,2006-05-15,2006,44,ordenanza_base,"Cobranza de patentes derechos y contribuciones que se encuentran morosas N° 44: Modifícase la Ordenanza N°3 de 15 de Abril de 1991 sobre ""Normas para la cobranza de patentes, derechos y contribuciones que se encuentran morosos""",Derechos Municipales y Tarifas,http://firma.providencia.cl/dsign/cgi/sdoc.exe/sdoc/document?id=BzJbb3T0YS9tto%2BSfOagNQ%3D%3D,a85f6bbd5ae49bd50a4017e8adb0a80b4b24727d608a459ea0cb1d657274749e,"Texto original municipal firmado digitalmente (Normas para la Cobranza de Contribuciones, Impuestos y Derechos Municipales que se Encuentran Morosos)"
MUNI-PROV-0186,MUNICIPAL_TRANSPARENCIA,2009-09-08,2009,1936,ordenanza_base,Cobranza de patentes derechos y contribuciones que se encuentran morosas N° 1936: Autoriza el no cobro de intereses y reajustes a aquellos contribuyentes que se vieron afectados con el problema suscitado en el sistema computacional de rentas,Derechos Municipales y Tarifas,http://firma.providencia.cl/dsign/cgi/sdoc.exe/sdoc/document?id=qeXgOIOagtx1HnHwcHG5PQ%3D%3D,dbe000d6632318b712cef43017af6d1a4cfbb76340ca78f5cf4ea82895810554,"Texto original municipal firmado digitalmente (Normas para la Cobranza de Contribuciones, Impuestos y Derechos Municipales que se Encuentran Morosos)"
MUNI-PROV-0187,MUNICIPAL_TRANSPARENCIA,2016-04-05,2016,147,ordenanza_base,"Cobranza de patentes derechos y contribuciones que se encuentran morosas N° 147: Fijese el siguiente texto de la Ordenanza Local sobre ""Normas para la Cobranza de Contribuciones, Impuestos y Derechos Municipales que se encuentran morosos""",Derechos Municipales y Tarifas,http://firma.providencia.cl/dsign/cgi/sdoc.exe/sdoc/document?id=UOoAVL%2BjXM%2Fpwl3HVACzcg%3D%3D,c847132d91b316251db22e9c2e8533aeacdd4b97080d35dc2e1f6f54cdf12bee,"Texto original municipal firmado digitalmente (Normas para la Cobranza de Contribuciones, Impuestos y Derechos Municipales que se Encuentran Morosos)"
MUNI-PROV-0188,MUNICIPAL_TRANSPARENCIA,2020-07-10,2020,825,texto_refundido,"Cobranza de patentes derechos y contribuciones que se encuentran morosas N° 825: Fíjese el texto refundido y sistematizado de la Ordenanza Local sobre "" Normas para la  Cobranza de Contribuciones , Impuestos y Derechos Municipales que se encuentran morosos """,Derechos Municipales y Tarifas,http://firma.providencia.cl/dsign/cgi/sdoc.exe/sdoc/document?id=N1kat8canCPmMMDlAgWxkA%3D%3D,d34bf00118c273ba93dd6c2301f3728c7539bbb8d1ac43d0124f5501994c71e6,"Texto original municipal firmado digitalmente (Normas para la Cobranza de Contribuciones, Impuestos y Derechos Municipales que se Encuentran Morosos)"
MUNI-PROV-0189,MUNICIPAL_TRANSPARENCIA,2020-05-25,2020,198,ordenanza_base,"Cobranza de patentes derechos y contribuciones que se encuentran mososas N° 198: Modifícase la ordenanza sobre ""Normas para la cobranza de contribuciones, impuestos y derechos municipales que se encuentran morosos"", cuyos texto fue fijado por la Ordenanza N°147 de 5 de abril de 2",Derechos Municipales y Tarifas,http://firma.providencia.cl/dsign/cgi/sdoc.exe/sdoc/document?id=FpeuBc2VmhBLTkq%2BKEL7Kw%3D%3D,5aa5cb9867a50d733626072ef252a832ce5e0b5d009eecb94c7d018e0184b1cc,"Texto original municipal firmado digitalmente (Normas para la Cobranza de Contribuciones, Impuestos y Derechos Municipales que se Encuentran Morosos)"
MUNI-PROV-0190,MUNICIPAL_TRANSPARENCIA,2021-12-29,2021,1963,ordenanza_base,Decreto Exento N° 1963: Déjase sin efecto el Decreto Alcaldicio EX,Derechos Municipales y Tarifas,http://firma.providencia.cl/dsign/cgi/sdoc.exe/sdoc/document?id=naunyDYGlaj0X8g8GZskVg%3D%3D,b9593cb3b72b29f0e47625d834d795b4a53c5bee348d6959c9ca4e01577a2df2,"Texto original municipal firmado digitalmente (Normas para la Cobranza de Contribuciones, Impuestos y Derechos Municipales que se Encuentran Morosos)"
MUNI-PROV-0191,MUNICIPAL_TRANSPARENCIA,2021-01-29,2021,78,texto_refundido,"Decreto Exento N° 78: Fíjese el siguiente texto refundido y sistematizado de la Ordenanza Local sobre ""NORMAS PARA LA COBRANZA DE  CONTRIBUCIONES, IMPUESTOS Y DERECHOS MUNICIPALES QUE SE ENCUENTRAN MOROSOS""",Derechos Municipales y Tarifas,http://firma.providencia.cl/dsign/cgi/sdoc.exe/sdoc/document?id=KCmfOcJQYXFZYbRMHm6t7Q%3D%3D,bf190490e3e9378b3c8916088b9aa5b61d9233dd5aaacc96929199a55f2d291a,"Texto original municipal firmado digitalmente (Normas para la Cobranza de Contribuciones, Impuestos y Derechos Municipales que se Encuentran Morosos)"
MUNI-PROV-0192,MUNICIPAL_TRANSPARENCIA,2024-06-10,2024,232,texto_refundido,"Ordenanza N° 232: Modifícase la Ordenanza sobre ""NORMAS PARA LA COBRANZA DE CONTRIBUCIONES, IMPUESTOS Y DERECHOS MUNICIPALES QUE SE ENCUENTRAN MOROSOS"", cuyo tecto refundido y sistematizado fue fijado mediante Decreto Alcaldicio EX",Derechos Municipales y Tarifas,http://firma.providencia.cl/dsign/cgi/sdoc.exe/sdoc/document?id=e5oZp2Wl0ilujqfz%2FQReaQ%3D%3D,1e9af89b8c87f847f414e27101c397b4d2d3ddcbf38ef7f75cf9ddfc02ad0d04,"Texto original municipal firmado digitalmente (Normas para la Cobranza de Contribuciones, Impuestos y Derechos Municipales que se Encuentran Morosos)"
MUNI-PROV-0193,MUNICIPAL_TRANSPARENCIA,2025-04-01,2025,494,texto_refundido,"Decreto Exento N° 494: Fíjese el siguiente texto refundido y sistematizado de la Ordenanza Locasl sobre ""NORMAS PARA LA COBRANZA  DE CONTRIBUCONES, IMPUESTOS Y DERECHOS MUNICIPALES QUE SE ENCUENTRAS MOROSOS",Derechos Municipales y Tarifas,http://firma.providencia.cl/dsign/cgi/sdoc.exe/sdoc/document?id=3cOWlNjcgXEFfy28rfXSqA%3D%3D,7e7a09fb63e494c2bf2a4611a89c3bdcea093365694810a125a12646c14637f5,"Texto original municipal firmado digitalmente (Normas para la Cobranza de Contribuciones, Impuestos y Derechos Municipales que se Encuentran Morosos)"
MUNI-PROV-0194,MUNICIPAL_TRANSPARENCIA,2025-03-24,2025,237,texto_refundido,"Ordenanza N° 237: Modificase la Ordenanza sobre ""NORMAS PARA LA COBRANZA DE CONTRIBUCIONES , IMPUESTOS Y DERECHOS MUNICIPALES QUE SE ENCUENTRAN MOROSOS"", cuyo texto refundido y sistematizado fue fijado mediante Decreto Alcadicio EX",Derechos Municipales y Tarifas,http://firma.providencia.cl/dsign/cgi/sdoc.exe/sdoc/document?id=0gfVy2IHAUktBg6XVBLa9Q%3D%3D,5caae47611fd2941dcdd404b2a19220979d15cdbc4eca8e007b28a332ce3b3b9,"Texto original municipal firmado digitalmente (Normas para la Cobranza de Contribuciones, Impuestos y Derechos Municipales que se Encuentran Morosos)"
MUNI-PROV-0195,MUNICIPAL_TRANSPARENCIA,2014-10-29,2014,136,ordenanza_base,"Otorgamiento de patentes municipales provisorias en la Comuna de Providencia N° 136: Fíjese el siguiente texto de la Ordenanza Local para el ""Otorgamiento de Patentes Municipales Provisorias en la Comuna de Providencia""","Comercio, Alcoholes y Patentes",http://firma.providencia.cl/dsign/cgi/sdoc.exe/sdoc/document?id=wDF0flDmc9xj2GgNhMLSxA%3D%3D,ca0d09f6619ed8eafca6f314302b921e4e98c3aea535cc42ba3d3379535ccd86,Texto original municipal firmado digitalmente (Otorgamiento de patentes municipales provisorias en la Comuna de Providencia)
MUNI-PROV-0196,MUNICIPAL_TRANSPARENCIA,2019-03-01,2019,319,texto_refundido,"Decreto Exento N° 319: Fíjese el siguiente texto refundido y sistematizado de la Ordenanza Local para el ""OTORGAMIENTO DE PATENTES MUNICIPALES PROVISORIAS EN LA COMUNA DE PROVIDENCIA""","Comercio, Alcoholes y Patentes",http://firma.providencia.cl/dsign/cgi/sdoc.exe/sdoc/document?id=K%2Bwfx%2F1Ia8qlfwREDaQqkQ%3D%3D,82febcfa25f4117e43af97a6661640469400bef6de6bb1d1220882ba0a977360,Texto original municipal firmado digitalmente (Otorgamiento de patentes municipales provisorias en la Comuna de Providencia)
MUNI-PROV-0197,MUNICIPAL_TRANSPARENCIA,2019-02-08,2019,179,ordenanza_base,"Ordenanza N° 179: Sustitúyanse el encabezamiento y letra a) del Artículo 1° de la Ordenanza Local para el ""OTORGAMIENTO DE PATENTES MUNICIPALES PROVISORIA EN LA COMUNA DE PROVIDENCIA""","Comercio, Alcoholes y Patentes",http://firma.providencia.cl/dsign/cgi/sdoc.exe/sdoc/document?id=F14ghCayUnKj3Z7N0DPr2w%3D%3D,faa9876ee03941bf9135314adc0ac2125757747bcef740946727a2d99e8d8adb,Texto original municipal firmado digitalmente (Otorgamiento de patentes municipales provisorias en la Comuna de Providencia)
MUNI-PROV-0198,MUNICIPAL_TRANSPARENCIA,2010-06-11,2010,1159,texto_refundido,"Decreto Exento N° 1159: Fíjase el siguiente texto refundido, coordinado y sistematizado de la Ordenanza sobre ""HOTELES, APART HOTELES, MOTELES RESIDENCIALES Y HOSPEDERIAS""","Comercio, Alcoholes y Patentes",http://firma.providencia.cl/dsign/cgi/sdoc.exe/sdoc/document?id=b0D8Y3CL3I8pqOo0vkaHfQ%3D%3D,2c3d53d362d143955c8b021b7820c7d0056a9407a23fd7ff277054dfa5ed1e7b,"Texto original municipal firmado digitalmente (Sobre hoteles, apart-hoteles, moteles residenciales y hospederias)"
MUNI-PROV-0199,MUNICIPAL_TRANSPARENCIA,2010-05-27,2010,88,ordenanza_base,"Ordenanza N° 88: Modifícase  la Ordenanza Nº66 de 4 de Julio de 1994, que aprobó la Ordenanza SOBRE HOTELES, APART-HOTELES, MOTELES, RESIDENCIALES Y HOSPEDERIAS""","Comercio, Alcoholes y Patentes",http://firma.providencia.cl/dsign/cgi/sdoc.exe/sdoc/document?id=feMIFE01FR0%2FRfOjT8lEsA%3D%3D,4d16b3bf62d94aecf4ffa921d8fefa014841d3cd1e1babfe8f684d0d7fd609a1,"Texto original municipal firmado digitalmente (Sobre hoteles, apart-hoteles, moteles residenciales y hospederias)"
MUNI-PROV-0200,MUNICIPAL_TRANSPARENCIA,2000-03-06,2000,2,modificacion,"Sobre la actividad comercial, de alcoholes, industrial, profesional y de servicios N° 2: Fíjase el texto de la Ordenanza Comunal sobre la Actividad Comercial, de Alcoholes, Industrial, Profesional y de Servicios","Comercio, Alcoholes y Patentes",http://firma.providencia.cl/dsign/cgi/sdoc.exe/sdoc/document?id=uBF6g8gtRG2SgqqPf65uLQ%3D%3D,1aee01ebc2b218210730128b4226a602c0cacdc6fd7a38c929199b5b27c7a179,"Texto original municipal firmado digitalmente (Sobre la actividad comercial, de alcoholes, industrial, profesional y de servicios)"
MUNI-PROV-0201,MUNICIPAL_TRANSPARENCIA,2002-07-10,2002,8,modificacion,"Sobre actividad comercial, de alcoholes, industrial, profesional y de servicios N° 8: Modificase la ordenanza Nº 2 de 6","Comercio, Alcoholes y Patentes",http://firma.providencia.cl/dsign/cgi/sdoc.exe/sdoc/document?id=Jxo8r25hv3mTO8KhMsKIkQ%3D%3D,21b5b8ce8e09321b1c62cd92283c23513ce265368c6c604f0b06572b6e246940,"Texto original municipal firmado digitalmente (Sobre la actividad comercial, de alcoholes, industrial, profesional y de servicios)"
MUNI-PROV-0202,MUNICIPAL_TRANSPARENCIA,2007-09-05,2007,1492,texto_refundido,"Sobre la actividad comercial, de alcoholes, industrial, profesional y de servicios N° 1492: Fíjase el sisguiente texto refundido y sistematizado de la Ordenanza Comunal Nº 2 de fecha 6 de Marzo de 2000, sobre la Actividad Comercial, de Alcoholes, Industrial, Profesional y de Serv","Comercio, Alcoholes y Patentes",http://firma.providencia.cl/dsign/cgi/sdoc.exe/sdoc/document?id=5B3Ta0p6NC5TQQXQptU%2Bow%3D%3D,d848f05861f017434447bfd4ca0fe85d2f84bf61cd9c385d67d277da4f63f5b7,"Texto original municipal firmado digitalmente (Sobre la actividad comercial, de alcoholes, industrial, profesional y de servicios)"
MUNI-PROV-0203,MUNICIPAL_TRANSPARENCIA,2007-08-21,2007,58,texto_refundido,"Sobre la actividad comercial, de alcohoes, industrial, profesional y de servicios N° 58: Modifícase la Ordenanza Nª2 de 6 de Marzo de 2000 sobre la Actividad Comercial, de Alcoholes, Industrial, Profesional y de servicios, cuyo texto refundido y sistematizado se aprobó por Decret","Comercio, Alcoholes y Patentes",http://firma.providencia.cl/dsign/cgi/sdoc.exe/sdoc/document?id=ha0HwfqcljIZFCuFB6Ixfg%3D%3D,ffd888a481209bc5d593c0972b1dee048169f37c5d31294021683e215c216228,"Texto original municipal firmado digitalmente (Sobre la actividad comercial, de alcoholes, industrial, profesional y de servicios)"
MUNI-PROV-0204,MUNICIPAL_TRANSPARENCIA,2007-05-24,2007,55,texto_refundido,"Sobre la actividad comercial, de alcoholes, industrial, profesional y de servicios N° 55: Modifícase la Ordenanza Nº2 de 6 de Mayo de 2000 sobre la ""Actividad comercial, de alcoholes, profesional y de servicios"", cuyo texto refundido y sistematizado se aprobó por decreto alcaldic","Comercio, Alcoholes y Patentes",http://firma.providencia.cl/dsign/cgi/sdoc.exe/sdoc/document?id=CC5gYpA6YkBk26ALfBTZvA%3D%3D,05c9d3c8b266e3981276fd9e046e1ad25cbdebab36b2f98c4af6f1d4c50aeb77,"Texto original municipal firmado digitalmente (Sobre la actividad comercial, de alcoholes, industrial, profesional y de servicios)"
MUNI-PROV-0205,MUNICIPAL_TRANSPARENCIA,2009-06-24,2009,1374,texto_refundido,"Sobre la actividad comercial, de alcoholes, industrial, profesional y de servicios N° 1374: Fíjase el siguiente texto refundido y sistematizado de la Ordenanza Comunal Nº2 de fecha 6 de Marzo de 2000 ""Sobre la Actividad Comercial, de Alcoholes, Industrial, Profesional y de Servic","Comercio, Alcoholes y Patentes",http://firma.providencia.cl/dsign/cgi/sdoc.exe/sdoc/document?id=5GmMFnkC6d%2B5LdkWpqTX7Q%3D%3D,7095bc8a9aa874ffc7a5d7e28c8771a1f4f9574afd63e78fb226442f20480fcf,"Texto original municipal firmado digitalmente (Sobre la actividad comercial, de alcoholes, industrial, profesional y de servicios)"
MUNI-PROV-0206,MUNICIPAL_TRANSPARENCIA,2009-06-01,2009,79,ordenanza_base,"Sobre la actividad comercial, de alcoholes, industrial, profesional y de servicios N° 79: Modifícase la Ordenanza Nº 2 de fecha 06 de marzo de 2000 ""Sobre la actividad comercial, de alcoholes, industrial, profesional y de servicios""","Comercio, Alcoholes y Patentes",http://firma.providencia.cl/dsign/cgi/sdoc.exe/sdoc/document?id=eQoc0PegEClObXG14azggA%3D%3D,7ea938c65a964428d96aa2f349bd288b63014194672a88922015ce103baa773c,"Texto original municipal firmado digitalmente (Sobre la actividad comercial, de alcoholes, industrial, profesional y de servicios)"
MUNI-PROV-0207,MUNICIPAL_TRANSPARENCIA,2011-10-05,2011,108,texto_refundido,"Sobre la actividad comercial, de alcoholes, industrial, profesional y de servicios N° 108: Modifícase la Ordenanza Comunal Nº2 de 6 de Marzo de 2000, sobre la ""Actividad comercial de alcoholes, industrial, profesional y de servicios"", cuyo texto refundido y sistematizado fue apro","Comercio, Alcoholes y Patentes",http://firma.providencia.cl/dsign/cgi/sdoc.exe/sdoc/document?id=Y1tPWwuwd8yVDAujLlOJ5w%3D%3D,3688f3574f43962758b74953fef5a0db67fb21187bcd33ecb31201c9f1336ef4,"Texto original municipal firmado digitalmente (Sobre la actividad comercial, de alcoholes, industrial, profesional y de servicios)"
MUNI-PROV-0208,MUNICIPAL_TRANSPARENCIA,2013-12-16,2013,125,texto_refundido,"Sobre la actividad comercial, de alcoholes, indus rial, profesional y de servicios N° 125: Modifícase el artículo 75 de la Ordenanza Nº2 de fecha 6 de Marzo de 2000, sobre la Actividad Comercial, de Alcoholes, Industrial,Profesional y de Servicios, cuyo texto refundido y sistemat","Comercio, Alcoholes y Patentes",http://firma.providencia.cl/dsign/cgi/sdoc.exe/sdoc/document?id=nNLs%2F4eo8Oy2MfKZFFmWjg%3D%3D,29f10141f15cc9b103b597a21fc58ddab904f3aa97011472c22f04447c358d04,"Texto original municipal firmado digitalmente (Sobre la actividad comercial, de alcoholes, industrial, profesional y de servicios)"
MUNI-PROV-0209,MUNICIPAL_TRANSPARENCIA,2014-02-04,2014,277,texto_refundido,"Sobre la actividad comercial, de alcoholes, industrial, profesional y de servicios N° 277: Fíjase el siguiente texto refundido y sistematizado de la Ordenanza Comunal Nº2 de fecha 06 de Marzo de 2000 ""Sobre la actividad comercial, de alcoholes, industrial, profesional y de servic","Comercio, Alcoholes y Patentes",http://firma.providencia.cl/dsign/cgi/sdoc.exe/sdoc/document?id=QepDJVgNGrpdr74A4F7C6A%3D%3D,35844aae3f85dc60807daf05467f419bbce5ad3fd967eb61f8214f7202143236,"Texto original municipal firmado digitalmente (Sobre la actividad comercial, de alcoholes, industrial, profesional y de servicios)"
MUNI-PROV-0210,MUNICIPAL_TRANSPARENCIA,2018-12-26,2018,1920,texto_refundido,"Sobre la actividad comercial, de alcoholes, industrial, profesional y de servicios N° 1920: Fíjase el texto refundido y sistematizado de la Ordenanza Comunal N°2 de 6","Comercio, Alcoholes y Patentes",http://firma.providencia.cl/dsign/cgi/sdoc.exe/sdoc/document?id=7znVZhye4aK6umuZEbd8KA%3D%3D,63d472faefe2786da4bf336873a1d8f489d58a8da7773741b996f3132cf6cd45,"Texto original municipal firmado digitalmente (Sobre la actividad comercial, de alcoholes, industrial, profesional y de servicios)"
MUNI-PROV-0211,MUNICIPAL_TRANSPARENCIA,2018-11-30,2018,174,ordenanza_base,"Sobre la actividad comercial, de alcoholes, industrial, profesional y de servicios N° 174: Modifícase la Ordenanza  Comunal N°2 de 6","Comercio, Alcoholes y Patentes",http://firma.providencia.cl/dsign/cgi/sdoc.exe/sdoc/document?id=cvDvX%2Ba3kzqNrbP%2BZL0O1w%3D%3D,0d708a0e44b70e87b6220df14cb3db1fae2db0028d6ed54357d85cf1c98ab4b3,"Texto original municipal firmado digitalmente (Sobre la actividad comercial, de alcoholes, industrial, profesional y de servicios)"
MUNI-PROV-0212,MUNICIPAL_TRANSPARENCIA,2018-07-06,2018,1013,texto_refundido,"Sobre la actividad comercial, de alcoholes, industrial, profesional y de servicios N° 1013: Fíjase el siguiente texto refundido y sistematizado de la Ordenanza Comunal N°2 de fecha 6 de Marzo de 2000, ""Sobre la actividad comercial, de alcohles, industrial, profesional y de servic","Comercio, Alcoholes y Patentes",http://firma.providencia.cl/dsign/cgi/sdoc.exe/sdoc/document?id=Apfv9Y5mrUFK79ZeRPgt5g%3D%3D,318cdac70f9099b826a7bab27f85276514bcf410dbb7ac5c0085a39283c73c0b,"Texto original municipal firmado digitalmente (Sobre la actividad comercial, de alcoholes, industrial, profesional y de servicios)"
MUNI-PROV-0213,MUNICIPAL_TRANSPARENCIA,2018-06-08,2018,162,ordenanza_base,"Sobre la actividad comercial, de alcoholes, industrial, profesional y de servicios N° 162: Modifícase la Ordenanza Comunal N°2 de 6","Comercio, Alcoholes y Patentes",http://firma.providencia.cl/dsign/cgi/sdoc.exe/sdoc/document?id=iCQXixB4Bs21E1uY5zoUaA%3D%3D,534c9ae8538cefe902ffa1c8aaf7510a54d72c85f835cc54068ca9f6f6da9345,"Texto original municipal firmado digitalmente (Sobre la actividad comercial, de alcoholes, industrial, profesional y de servicios)"
MUNI-PROV-0214,MUNICIPAL_TRANSPARENCIA,2020-08-04,2020,901,texto_refundido,"Sobre la actividad comercial, de alcoholes, industrial, profesional y de servicios. N° 901: Fíjase el siguiente texto refundido y sistematizado de la Ordenanza Comunal N°2 de fecha 6 de marzo de 2000, ""Sobre la actividad comercial, de alcoholes, industrial, profesional y de servi","Comercio, Alcoholes y Patentes",http://firma.providencia.cl/dsign/cgi/sdoc.exe/sdoc/document?id=cUndVzm9JBFLUO%2BlIQUhHw%3D%3D,9e9fb94b4d4681b314ecc487351d69507a952f17c530e0200ebb1a2d356fbb7a,"Texto original municipal firmado digitalmente (Sobre la actividad comercial, de alcoholes, industrial, profesional y de servicios)"
MUNI-PROV-0215,MUNICIPAL_TRANSPARENCIA,2020-05-25,2020,197,texto_refundido,"Sobre la actividad comercial, de alcoholes, industrial, profesional y de servicios N° 197: Agréguese el siguiente Artículo Transitorio a la Ordenanza Comunal N°2 de fecha 6","Comercio, Alcoholes y Patentes",http://firma.providencia.cl/dsign/cgi/sdoc.exe/sdoc/document?id=%2FZCuRrp8h1bqG5G%2Fp8UC2w%3D%3D,2a62c304964aec43fcd7289064d95558a0a4fc8481355540aa74ac5e48ab8a82,"Texto original municipal firmado digitalmente (Sobre la actividad comercial, de alcoholes, industrial, profesional y de servicios)"
MUNI-PROV-0216,MUNICIPAL_TRANSPARENCIA,2020-04-17,2020,524,texto_refundido,"Sobre la actividad comercial, de alcoholes, industrial, profesional y de servicios N° 524: Fíjase el texto refundido y sistematizado de l ordenanza Comunal N°2  de 6 de Marzo de 2020 sobre la Actividad Comercial, de Alcoholes, Industrial, Profesional y de Servicios","Comercio, Alcoholes y Patentes",http://firma.providencia.cl/dsign/cgi/sdoc.exe/sdoc/document?id=gG5va7snk9UgcgoCMYgzKw%3D%3D,23b37b632c031fe3948dea25ef06e1122362e46362f6ff7c767aa9c70ed987c6,"Texto original municipal firmado digitalmente (Sobre la actividad comercial, de alcoholes, industrial, profesional y de servicios)"
MUNI-PROV-0217,MUNICIPAL_TRANSPARENCIA,2020-03-17,2020,190,texto_refundido,"Sobre la actividad comercial, de alcoholes, industrial, profesional y de servicios N° 190: Agrégase el siguiente artículo Transitorio a la Ordenanza Comunal N°2 de fecha 6 de marzo de 2000, ""Sobre la Actividad Comercial, de Alcoholes, Industrial , Porfesional y de Servicios""","Comercio, Alcoholes y Patentes",http://firma.providencia.cl/dsign/cgi/sdoc.exe/sdoc/document?id=mPxggMkmLaIV8%2B%2F7Edndgg%3D%3D,710f6744ec4ce79d6e572137e7fc526acf7ae0a6100c69ed2f8812b0aa39b9d0,"Texto original municipal firmado digitalmente (Sobre la actividad comercial, de alcoholes, industrial, profesional y de servicios)"
MUNI-PROV-0218,MUNICIPAL_TRANSPARENCIA,2023-12-07,2023,1844,texto_refundido,Decreto Exento N° 1844: Fijase el siguiente texto refundido y sistematizado de la ORDENANZA COMUNAL Nº2,"Comercio, Alcoholes y Patentes",http://firma.providencia.cl/dsign/cgi/sdoc.exe/sdoc/document?id=HCd7CT0Q1lQgn0fhYIuCoA%3D%3D,88915463d02cd6e5be8d8835f15f563287a0cd9bd8ff5b6f8604ee430e7ede1e,"Texto original municipal firmado digitalmente (Sobre la actividad comercial, de alcoholes, industrial, profesional y de servicios)"
MUNI-PROV-0219,MUNICIPAL_TRANSPARENCIA,2023-10-19,2023,226,texto_refundido,"Ordenanza N° 226: Modificase la Ordenanza Comunal N°2 de fecha 6 de Marzo de 2000, ""SOBRE LA ACTIVIDAD COMERCIAL, DE ALCOHOLES, INDUSTRIAL, PROFESIONAL Y SERVICIOS"", cuyo texto refundido y sistematizado fue fijado por Decreto Alcaldicio EX","Comercio, Alcoholes y Patentes",http://firma.providencia.cl/dsign/cgi/sdoc.exe/sdoc/document?id=ZaT0FmoK39tIlJDRKE6c%2Fg%3D%3D,52c137129b9bbf83579c042f70f7838989fa024fd87f540d4eac1910f1c7f812,"Texto original municipal firmado digitalmente (Sobre la actividad comercial, de alcoholes, industrial, profesional y de servicios)"
MUNI-PROV-0220,MUNICIPAL_TRANSPARENCIA,2025-12-31,2025,1922,texto_refundido,"Decreto Exento N° 1922: Fíjese el ciguiente texto refundido y sistematizado de lA ORDENANZA COMUNAL N°2 de fecha 6 de marzo de 2000, ""SOBRE LA ACTIVIDAD COMERCIAL, DE ALCOHOLES, INDUSTRIAL, PROFESIONAL Y DE SERVICIOS""","Comercio, Alcoholes y Patentes",http://firma.providencia.cl/dsign/cgi/sdoc.exe/sdoc/document?id=zWC8aaPZkslZ6tY5RDd3wg%3D%3D,5e63a52b2f3f3da1d6497d3216ffab6c0ce9731fbbed64e1dcf806f6ad26908a,"Texto original municipal firmado digitalmente (Sobre la actividad comercial, de alcoholes, industrial, profesional y de servicios)"
MUNI-PROV-0221,MUNICIPAL_TRANSPARENCIA,2025-03-21,2025,236,texto_refundido,"Ordenanza N° 236: Modifícase la ODENANZA Comunal N°2 de fecha 6 de marzo de 2000 , ""SOBRE LA ACTIVIDAD COMERCIAL , DE ALCOHOLES , INDUSTRIAL , PROFESIONAL Y DE SERVICIOS"" , cuyo texto refundido y sistematizado fue fijado mediante Decreto Alcaldicio EX","Comercio, Alcoholes y Patentes",http://firma.providencia.cl/dsign/cgi/sdoc.exe/sdoc/document?id=YzaU057Gezs3h95%2F7yWDzQ%3D%3D,ea2413d74bdad7dee6602b9e41682327dd37671ecea858c49db261033a97d550,"Texto original municipal firmado digitalmente (Sobre la actividad comercial, de alcoholes, industrial, profesional y de servicios)"
MUNI-PROV-0222,MUNICIPAL_TRANSPARENCIA,2000-08-04,2000,9,ordenanza_base,Sobre publicidad y propaganda en la Comuna de Providencia N° 9: Modifícase la Ordenanza Nº 4 de 23,"Comercio, Alcoholes y Patentes",http://firma.providencia.cl/dsign/cgi/sdoc.exe/sdoc/document?id=H6BKX3dGEAXGT2rnIYP%2BTQ%3D%3D,c566968285ea4e804bb5f7221a5ca9451a108b5515ae8b686929dee599cbe3d0,Texto original municipal firmado digitalmente (Sobre publicidad y propaganda en la Comuna de Providencia)
MUNI-PROV-0223,MUNICIPAL_TRANSPARENCIA,2000-05-23,2000,4,ordenanza_base,"Sobre publicidad y propaganda  en la Comuna de Providencia N° 4: Apruébase la Ordenanza ""Sobre Publicidad y Propaganda en la Comuna de Providencia ""","Comercio, Alcoholes y Patentes",http://firma.providencia.cl/dsign/cgi/sdoc.exe/sdoc/document?id=uGmeP7qJbv995ZpWXNEnQw%3D%3D,e565904c187efa46606326c05d4361779244cfad5a55a6fad70021a948bfa8de,Texto original municipal firmado digitalmente (Sobre publicidad y propaganda en la Comuna de Providencia)
MUNI-PROV-0224,MUNICIPAL_TRANSPARENCIA,2001-03-12,2001,2,ordenanza_base,Sobre publicidad y propaganda en al Comuna de Providencia N° 2: Modifícase la Ordenanza Nº4 de 23,"Comercio, Alcoholes y Patentes",http://firma.providencia.cl/dsign/cgi/sdoc.exe/sdoc/document?id=oU7COTjkvU7h0uaYLQuU4g%3D%3D,e62baeab8d1f709fac3f5414e0ee64bee0b63675de8a4a7f851beb7cb2d766a6,Texto original municipal firmado digitalmente (Sobre publicidad y propaganda en la Comuna de Providencia)
MUNI-PROV-0225,MUNICIPAL_TRANSPARENCIA,2002-02-14,2002,4,texto_refundido,"Sobre publicidad y propaganda en la Comuna de Providencia N° 4: Apruébase el siguiente texto refundido y sistematizado de la Ordenanza sobre""Publicidad y Propaganda en la Comuna de Providencia""","Comercio, Alcoholes y Patentes",http://firma.providencia.cl/dsign/cgi/sdoc.exe/sdoc/document?id=8TqS2kP7ow1eQaWbV0Z2oQ%3D%3D,ac4c55b0e83c37e8040841e6ccf5f82ecf70b36e1f26f95cea13a70b60d91c78,Texto original municipal firmado digitalmente (Sobre publicidad y propaganda en la Comuna de Providencia)
MUNI-PROV-0226,MUNICIPAL_TRANSPARENCIA,2002-01-28,2002,2,modificacion,"Sobre publicidad y propaganda en la Comuna de Providencia N° 2: Modificase la Ordenanza Nº 4 de 23 de Mayo de 2000 ""Sobre Publicidad y Propaganda en la Comuna de Providencia"", modificada por las Ordenanzas Nº 9 de 2000 y Nº 2 del 2001, de la siguiente forma","Comercio, Alcoholes y Patentes",http://firma.providencia.cl/dsign/cgi/sdoc.exe/sdoc/document?id=h7mW9voxS1MTPSNBgrfhAA%3D%3D,aee239665757db71eafea40891577213b0c5c0d58fb6e10e04f200de6f4d25e9,Texto original municipal firmado digitalmente (Sobre publicidad y propaganda en la Comuna de Providencia)
MUNI-PROV-0227,MUNICIPAL_TRANSPARENCIA,2004-05-18,2004,888,texto_refundido,"Sobre publicidad y propaganda en la Comuna de Providencia N° 888: Apruébase el siguiente texto refundido y sistematizado de la Ordenanza ""Sobre publicidad y propaganda en la comuna de Providencia""","Comercio, Alcoholes y Patentes",http://firma.providencia.cl/dsign/cgi/sdoc.exe/sdoc/document?id=SV32xWKvjXsxB57vDDv%2BMA%3D%3D,174c5e85480a1a4def36911f854541df7cc7b738bf92fb726302da798aa14fa8,Texto original municipal firmado digitalmente (Sobre publicidad y propaganda en la Comuna de Providencia)
MUNI-PROV-0228,MUNICIPAL_TRANSPARENCIA,2004-04-20,2004,18,texto_refundido,Sobre publicidad y propaganda en la Comuna de Providencia N° 18: Modificación Ordenanza 4 de 14,"Comercio, Alcoholes y Patentes",http://firma.providencia.cl/dsign/cgi/sdoc.exe/sdoc/document?id=lpFcxrN39LYBnaCcCxqgEg%3D%3D,722fbae089305b0f01d7785f1519aad4e6b4865a9546c7af8ba8e2f82ddb10b2,Texto original municipal firmado digitalmente (Sobre publicidad y propaganda en la Comuna de Providencia)
MUNI-PROV-0229,MUNICIPAL_TRANSPARENCIA,2005-08-12,2005,31,texto_refundido,Sobre publicidad y propaganda en la Comuna de Providencia N° 31: Modificase la ordenanza Nº 4 de 14,"Comercio, Alcoholes y Patentes",http://firma.providencia.cl/dsign/cgi/sdoc.exe/sdoc/document?id=Szk011KUr2MYPxNFHojmvg%3D%3D,3db8ce5e1033eb3db565666116c871adb0d483631738af52d948f5ce9b040d1a,Texto original municipal firmado digitalmente (Sobre publicidad y propaganda en la Comuna de Providencia)
MUNI-PROV-0230,MUNICIPAL_TRANSPARENCIA,2008-02-29,2008,378,texto_refundido,"Sobre publicidad  y propaganda en la Comuna de Providencia N° 378: Apruébase el siguiente texto refundido y sistematizado de laordenanza ""Sobre publicidad y propaganda en la comuna de Providencia""","Comercio, Alcoholes y Patentes",http://firma.providencia.cl/dsign/cgi/sdoc.exe/sdoc/document?id=y4n4ygxv8pwufIrRn5QCfg%3D%3D,e5455a17965290c1f11819113d875762ac0e504db0cb6e69e3e0f9df41b0b6f1,Texto original municipal firmado digitalmente (Sobre publicidad y propaganda en la Comuna de Providencia)
MUNI-PROV-0231,MUNICIPAL_TRANSPARENCIA,2008-02-08,2008,67,ordenanza_base,"Sobre publicidad y propaganda para la Comuna de Providencia N° 67: Modifícase la Ordenanza Nº 4 de 14 de Febrero de 2002, sobre Publicidad y Propaganda en la Comuna de Providerncia-","Comercio, Alcoholes y Patentes",http://firma.providencia.cl/dsign/cgi/sdoc.exe/sdoc/document?id=6LlW02Du3GwkDi2lnjWCXg%3D%3D,8c984dc2ae5ddfcc8157ca4536707d18a3b9ff29b24d72bb7e901f723af6766b,Texto original municipal firmado digitalmente (Sobre publicidad y propaganda en la Comuna de Providencia)
MUNI-PROV-0232,MUNICIPAL_TRANSPARENCIA,2011-09-22,2011,107,texto_refundido,Sobre publicidad y propaganda en la Comuna de Providencia N° 107: Modifícase la ordenanza Nº4 de 14,"Comercio, Alcoholes y Patentes",http://firma.providencia.cl/dsign/cgi/sdoc.exe/sdoc/document?id=1aT2HJ6OTTftrEuH8djvMA%3D%3D,ea18ff5cc1d45ea639c1bd79100206b5082dc73f91f55b2aed2bc3726ac24cb1,Texto original municipal firmado digitalmente (Sobre publicidad y propaganda en la Comuna de Providencia)
MUNI-PROV-0233,MUNICIPAL_TRANSPARENCIA,2014-07-09,2014,1477,texto_refundido,"Sobre publicidad  y propaganda en la Comuna de Providencia N° 1477: Apruebase el siguiente texto refundido y sistematizado de la Ordenanza ""Sobre Publicidad y Propaganda en la comuna de Providencia""","Comercio, Alcoholes y Patentes",http://firma.providencia.cl/dsign/cgi/sdoc.exe/sdoc/document?id=hvrcYLr3xOlwPkCk5iVUSg%3D%3D,65e7107ff85615523ceb31bbca6bbe8e6fa146fcb217a465c88107f633097dbb,Texto original municipal firmado digitalmente (Sobre publicidad y propaganda en la Comuna de Providencia)
MUNI-PROV-0234,MUNICIPAL_TRANSPARENCIA,2014-06-19,2014,131,texto_refundido,Sobre publicidad y propaganda en la Comuna de Providencia N° 131: Modifícase la Ordenanza Nº4 de 14,"Comercio, Alcoholes y Patentes",http://firma.providencia.cl/dsign/cgi/sdoc.exe/sdoc/document?id=4zSwcyH4%2BnOh0awEtKfIXA%3D%3D,8f266d92e7185188919c50e546208c041f8bbb472d306ea4a991cfea442070e6,Texto original municipal firmado digitalmente (Sobre publicidad y propaganda en la Comuna de Providencia)
MUNI-PROV-0235,MUNICIPAL_TRANSPARENCIA,2016-06-29,2016,149,ordenanza_base,"Sobre publicidad y propaganda en la Comuna de Providencia N° 149: Modifícase la Ordenanza N°4 de 14 de Febrero de 2002, Sobre Publicidad y Propaganda en la Comuna de Providencia"", en lo que se indica","Comercio, Alcoholes y Patentes",http://firma.providencia.cl/dsign/cgi/sdoc.exe/sdoc/document?id=A%2Fwo6saM%2Bcb8mnUOROjPAQ%3D%3D,53c2962d428a5d6ca35d5dc7abae6429461e5df47e32063559b2b9e06d157136,Texto original municipal firmado digitalmente (Sobre publicidad y propaganda en la Comuna de Providencia)
MUNI-PROV-0236,MUNICIPAL_TRANSPARENCIA,2018-07-06,2018,1014,texto_refundido,"Sobre publicidad y propaganda en la Comuna de Providencia N° 1014: Apruébase el siguiente texto refundido y sistematizado de la Ordenanza ""Sobre publicidad y propaganda en la comuna de Providencia""","Comercio, Alcoholes y Patentes",http://firma.providencia.cl/dsign/cgi/sdoc.exe/sdoc/document?id=MZ%2Fu6iigym89uGaRodN5xQ%3D%3D,e2efcefe7748ae17c6abc041665dff1ce65ea7ceca72a31a22a94e0451d4d06f,Texto original municipal firmado digitalmente (Sobre publicidad y propaganda en la Comuna de Providencia)
MUNI-PROV-0237,MUNICIPAL_TRANSPARENCIA,2019-04-17,2019,579,texto_refundido,"Sobre publicidad y propaganda en la comuna de Providencia N° 579: Apruébase el siguiente texto refundido y sistematizado de la Ordenanza ""Sobre publicidad y propaganda en la comuna de Providencia""","Comercio, Alcoholes y Patentes",http://firma.providencia.cl/dsign/cgi/sdoc.exe/sdoc/document?id=7oACHC0YhVO%2BLhhjR72m9Q%3D%3D,bb4b663d7dc78eb3e4034d6ae78499c781981fc52d1868b18b50ecab5c5637a1,Texto original municipal firmado digitalmente (Sobre publicidad y propaganda en la Comuna de Providencia)
MUNI-PROV-0238,MUNICIPAL_TRANSPARENCIA,2019-04-09,2019,181,ordenanza_base,"Sobre publicidad y propaganda en la Comuna de Providencia N° 181: Modifícase la Ordenanza N°4 de 14 de Febrero de 2002, Sobre Publicidad y Propaganda en la Comuna de Providencia","Comercio, Alcoholes y Patentes",http://firma.providencia.cl/dsign/cgi/sdoc.exe/sdoc/document?id=0DdRnsvqj7E00UK0%2BoFPpQ%3D%3D,7a8e0e52f6545893db0ec6a5eef4a68e72bfb63db3d475a57afb4f30204018c1,Texto original municipal firmado digitalmente (Sobre publicidad y propaganda en la Comuna de Providencia)
MUNI-PROV-0239,MUNICIPAL_TRANSPARENCIA,2020-06-03,2020,677,texto_refundido,"Sobre publicidad y propaganda en la Comuna de Providencia N° 677: Apruébase el siguiente texto refundido y sistematizado de la Ordenanza ""Sobre Publicidad y Propaganda en la Comuna de Providencia""","Comercio, Alcoholes y Patentes",http://firma.providencia.cl/dsign/cgi/sdoc.exe/sdoc/document?id=74MVFX5OkDpG2tfupMXY2w%3D%3D,1c5bd458e3955041afc1a62362b59178a8f3b6231057d195a0db7e0f4609d032,Texto original municipal firmado digitalmente (Sobre publicidad y propaganda en la Comuna de Providencia)
MUNI-PROV-0240,MUNICIPAL_TRANSPARENCIA,2020-04-07,2020,192,texto_refundido,"Sobre publicidad y propaganda en la Comuna de Providencia N° 192: Modifícase la Ordenanza N°4 de 14 de febrero de 2002, Sobre Publicidad y Propaganda en la Comuna de Providencia, cuyo texto refundido y sistematizado fue aprobado por Decreto Alcaldicio EX","Comercio, Alcoholes y Patentes",http://firma.providencia.cl/dsign/cgi/sdoc.exe/sdoc/document?id=D%2BGlPdaxGRdwAnfWEdtuvg%3D%3D,47fa7bd6048adb231d591e2c1c052e98f398bc9b9971b9c3fd45e05684893509,Texto original municipal firmado digitalmente (Sobre publicidad y propaganda en la Comuna de Providencia)
MUNI-PROV-0241,MUNICIPAL_TRANSPARENCIA,2023-08-10,2023,222,ordenanza_base,"Ordenanza N° 222: Apruébase el siguiente texto de la Ordenanza ""SOBRE PUBLICIDAD Y PROPAGANDA EN LA COMUNA DE PROVIDENCIA""","Comercio, Alcoholes y Patentes",http://firma.providencia.cl/dsign/cgi/sdoc.exe/sdoc/document?id=S3tIDpXEl6KRESaDoJjyfQ%3D%3D,3135ff9c96eaddc907007a78500caaf4f1a99b2c567759659a071abf2dafacf3,Texto original municipal firmado digitalmente (Sobre publicidad y propaganda en la Comuna de Providencia)
MUNI-PROV-0242,MUNICIPAL_TRANSPARENCIA,2023-01-20,2023,216,texto_refundido,"Ordenanza N° 216: Modificase la Ordenanza N°4 de 14 de Febrero de 2022, ""SOBRE PUBLICIDAD Y PROPAGANDA EN LA COMUNA DE PROVIDENCIA"", cuyo texto refundido y sistematizado fue aprobado por Decreto Alcaldicio EX","Comercio, Alcoholes y Patentes",http://firma.providencia.cl/dsign/cgi/sdoc.exe/sdoc/document?id=PZlnE8gyR3%2FbjU9AYI6s0A%3D%3D,22ceeb1cfce44641a566322f59f57ac85698ef517079af9dccda804bfc69e32f,Texto original municipal firmado digitalmente (Sobre publicidad y propaganda en la Comuna de Providencia)
MUNI-PROV-0243,MUNICIPAL_TRANSPARENCIA,2023-08-11,2023,223,ordenanza_base,Ordenanza N° 223: Apruébase la ORDENANZA SOBRE KIOSKOS MUNICIPALES,"Comercio, Alcoholes y Patentes",http://firma.providencia.cl/dsign/cgi/sdoc.exe/sdoc/document?id=b3eFNghlaL79YddlSCHn8A%3D%3D,8357cff6babfc187d0e1072f5f2f895d134ef103e26898c35706d14447436b22,Texto original municipal firmado digitalmente (Ordenanza sobre Kioscos Municipales)
MUNI-PROV-0244,MUNICIPAL_TRANSPARENCIA,2014-12-10,2014,137,ordenanza_base,"Ordenanza N° 137: Apruébase la ""ORDENANZA DE ZONIFICACION Y HORARIOS DE FUNCIONAMIENTO DE LOS ESTABLECIMIENTOS DE EXPENDIO Y CONSUMO DE BEBIDAS ALCOHOLICAS PARA LA CONVIVENCIA JUSTA EN LOS BARRIOS""",Convivencia Vecinal y Seguridad,http://firma.providencia.cl/dsign/cgi/sdoc.exe/sdoc/document?id=6tOAWcCh8zwjbucDU%2F0tgw%3D%3D,c499e4c647cd02ed51afbb9cac04cbd9c46daf6b132b0211e54dcdbebde1db46,Texto original municipal firmado digitalmente (Ordenanza de Zonificación y Horarios de Funcionamiento de los Establecimientos de Expendio y Consumo de Bebidas Alcohólicas para la Convivencia Justa en los Barrios)
MUNI-PROV-0245,MUNICIPAL_TRANSPARENCIA,2014-10-07,2014,132,ordenanza_base,"Ordenanza N° 132: Apruébase la "" ORDENANZA DE ZONIFICACION Y HORARIOS DE FUNCIONAMIENTO DE LOS NEGOCIOS DE EXPENDIO Y CONSUMO DE BEBIDAS ALCOHOLICAS""",Convivencia Vecinal y Seguridad,http://firma.providencia.cl/dsign/cgi/sdoc.exe/sdoc/document?id=9daNecGLH05v%2BddaFyRV6Q%3D%3D,52c4a56a1adc973b534f1c2fb81a527e5f22d7342313e054d1cae4fc2c497965,Texto original municipal firmado digitalmente (Ordenanza de Zonificación y Horarios de Funcionamiento de los Establecimientos de Expendio y Consumo de Bebidas Alcohólicas para la Convivencia Justa en los Barrios)
MUNI-PROV-0246,MUNICIPAL_TRANSPARENCIA,2000-11-15,2000,10,ordenanza_base,"Cobro de derecho de aseo domiciliario N° 10: Aprueba la ""Ordenanza de cobro de Derecho de Aseo domiciliario para el año 2001""",Derechos Municipales y Tarifas,http://firma.providencia.cl/dsign/cgi/sdoc.exe/sdoc/document?id=0Gddwzw7EC991y3ScONKRw%3D%3D,26b55394dd47c409eaebf90d69b1db4603d712f3b0b19f96cce73e0297b59bd9,Texto original municipal firmado digitalmente (Cobro de derecho de aseo domiciliario)
MUNI-PROV-0247,MUNICIPAL_TRANSPARENCIA,2001-10-26,2001,15,ordenanza_base,"Cobro de derecho de aseo domiciliario N° 15: Apruebase la siguiente ""ORDENANZA DE COBRO DE DERECHO DE ASEO DOMICILIARIO PARA EL AÑO 2002""",Derechos Municipales y Tarifas,http://firma.providencia.cl/dsign/cgi/sdoc.exe/sdoc/document?id=tkxBDVHvDbbpjmWlZBfevA%3D%3D,d5492a021bdf39886f5b64b48bce500de8ce40b2e1edc4350486beac52ee4bf4,Texto original municipal firmado digitalmente (Cobro de derecho de aseo domiciliario)
MUNI-PROV-0248,MUNICIPAL_TRANSPARENCIA,2001-05-15,2001,6,texto_refundido,"Cobro de derecho de aseo domiciliario N° 6: Fíjase el texto refundido de la Ordenanza sobre "" Condiciones necesarias para la fijacion de tarifas del servicio domiciliario por extraccion de basuras y exenciones total y parcial""",Derechos Municipales y Tarifas,http://firma.providencia.cl/dsign/cgi/sdoc.exe/sdoc/document?id=akz114YD%2B24%2BF7%2BZIajJxg%3D%3D,431bef61aa8dd477c8909cce8f6cb9533a8b8cc282bfb0ee9cc1e0eca38a09b9,Texto original municipal firmado digitalmente (Cobro de derecho de aseo domiciliario)
MUNI-PROV-0249,MUNICIPAL_TRANSPARENCIA,2002-11-11,2002,10,ordenanza_base,"Cobro de derecho de aseo domiciliario N° 10: Apruébase la siguiente ""Ordenanza de Cobro de Derechos de Aseo Domiciliario para el año 2003""",Derechos Municipales y Tarifas,http://firma.providencia.cl/dsign/cgi/sdoc.exe/sdoc/document?id=SThCp0GDR%2FJMTIcpALtyjw%3D%3D,f4035d33444c93a40cf7346d09d5f9bceaa94e70aa44806b1ea567fcb0cfc6d9,Texto original municipal firmado digitalmente (Cobro de derecho de aseo domiciliario)
MUNI-PROV-0250,MUNICIPAL_TRANSPARENCIA,2003-11-06,2003,11,ordenanza_base,"Cobro de derechos de aseo domiciliario N° 11: Apruébase la siguiente ""Ordenanza de  cobro de derecho de aseo domociliario para el año 2004",Derechos Municipales y Tarifas,http://firma.providencia.cl/dsign/cgi/sdoc.exe/sdoc/document?id=lgc29WKgNwYqnCZXMHgu5Q%3D%3D,0b38d85031a0d8f9365e00d192bef12c390395342913a26e76596e36ba74e658,Texto original municipal firmado digitalmente (Cobro de derecho de aseo domiciliario)
MUNI-PROV-0251,MUNICIPAL_TRANSPARENCIA,2004-10-25,2004,25,ordenanza_base,Cobro de derecho de aseo domiciliario N° 25: Apruébase la Ordenanza de Cobro de Derecho de Aseo  Domiciliario para el año 2005,Derechos Municipales y Tarifas,http://firma.providencia.cl/dsign/cgi/sdoc.exe/sdoc/document?id=TMP%2FTrqZbea%2BP9LzmFJ9bg%3D%3D,819673ccfde5bf863f10c47b3e4fe545bdfa79db90ea05530bb68f3bea1db7d0,Texto original municipal firmado digitalmente (Cobro de derecho de aseo domiciliario)
MUNI-PROV-0252,MUNICIPAL_TRANSPARENCIA,2005-11-02,2005,38,ordenanza_base,Cobro de derecho de aseo domiciliario N° 38: Apruébsae la Ordenanza de Cobro de Derecho de Aseo Domiciliario para el año 2006,Derechos Municipales y Tarifas,http://firma.providencia.cl/dsign/cgi/sdoc.exe/sdoc/document?id=70Y42cYmDcCnRdLh7MlUnA%3D%3D,1924f5d969f19b0f191a3db68ce1f09fbb074139157dac6c89bb895df1ccd95e,Texto original municipal firmado digitalmente (Cobro de derecho de aseo domiciliario)
MUNI-PROV-0253,MUNICIPAL_TRANSPARENCIA,2006-10-23,2006,51,ordenanza_base,Cobro de derecho de aseo domiciliario N° 51: Apruébase la siguiente Ordenanza de Cobro de Derecho de Aseo Domiciliario para el año 2007,Derechos Municipales y Tarifas,http://firma.providencia.cl/dsign/cgi/sdoc.exe/sdoc/document?id=CiuL8RFewkGhS2OU7Gn0cw%3D%3D,d4f30105197bd6961c81acbb9fffdcb9d1b8a489aaf506e6cd1bdb52d7eebc01,Texto original municipal firmado digitalmente (Cobro de derecho de aseo domiciliario)
MUNI-PROV-0254,MUNICIPAL_TRANSPARENCIA,2007-10-30,2007,64,ordenanza_base,"Cobro de derechos de aseo domiciliario N° 64: Apruébase la siguiente ""Ordenanza de cobro de derecho de aseo domiciliario para el año 2008""",Derechos Municipales y Tarifas,http://firma.providencia.cl/dsign/cgi/sdoc.exe/sdoc/document?id=MYAxsSNDLzgUy0oWDkoPdg%3D%3D,e3ac468ef5724eb8c64efbf3c62bfe51b32df95219e08e3aec9d589252664b76,Texto original municipal firmado digitalmente (Cobro de derecho de aseo domiciliario)
MUNI-PROV-0255,MUNICIPAL_TRANSPARENCIA,2008-10-28,2008,76,ordenanza_base,Cobro de derecho de aseo domiciliario N° 76: Apruébase la siguiente Ordenanza  de Cobro de Derecho de Aseo Domiciliaro para el año 2009,Derechos Municipales y Tarifas,http://firma.providencia.cl/dsign/cgi/sdoc.exe/sdoc/document?id=e7WYKwiQA4ex3R%2BkR3EoKQ%3D%3D,1186431b185ebd92f206573f6cf9e0e363cb14d6c14652cf03c6099e7a73c396,Texto original municipal firmado digitalmente (Cobro de derecho de aseo domiciliario)
MUNI-PROV-0256,MUNICIPAL_TRANSPARENCIA,2009-12-10,2009,86,ordenanza_base,"Cobro de derecho de aseo domiciliario N° 86: Dejase establecido el monto para el ""Cobro Derecho de Aseo Domiciliario para el Año 2010"", conforme lo establecido por Ordenanza Nº85 de 14 de Octubre de 2009",Derechos Municipales y Tarifas,http://firma.providencia.cl/dsign/cgi/sdoc.exe/sdoc/document?id=4PSs7cveDDmTlXfTt6Qeag%3D%3D,2d20bae85bd6fbc905e5de17b9feb20af129a69b9923af70ebf8ce45a3d7ed90,Texto original municipal firmado digitalmente (Cobro de derecho de aseo domiciliario)
MUNI-PROV-0257,MUNICIPAL_TRANSPARENCIA,2009-10-14,2009,85,ordenanza_base,"Cobro de derecho de aseo domiciliario N° 85: Renuévase para el año 2010, la Ordenanza N°76 de 28 de Octubre de 2008, que aprobó la Ordenanza de ""Cobro de Derecho de Aseo Domiciliario para el año 2009""",Derechos Municipales y Tarifas,http://firma.providencia.cl/dsign/cgi/sdoc.exe/sdoc/document?id=wugqHc30EFDc1O1hrubKPw%3D%3D,e98a693fc42ca766d8dcc1febf9f250600a3567b037b41aca9caeb6d0f14ddf0,Texto original municipal firmado digitalmente (Cobro de derecho de aseo domiciliario)
MUNI-PROV-0258,MUNICIPAL_TRANSPARENCIA,2010-12-21,2010,99,ordenanza_base,"Cobro de derecho de aseo domiciliario N° 99: Déjase establecido el monto para el ""Cobro Derecho de Aseo Domiciliaro para el año 2011"", conforme a lo establecido por Ordenanza Nº93 de 12 de Octubre de 2010",Derechos Municipales y Tarifas,http://firma.providencia.cl/dsign/cgi/sdoc.exe/sdoc/document?id=lVhtOC0gbo7%2BjoEM6hm%2Fag%3D%3D,3753dbeb7397b3fac5283a0550dfe988805c7f21fbdfea9186c9c2f97d7ba286,Texto original municipal firmado digitalmente (Cobro de derecho de aseo domiciliario)
MUNI-PROV-0259,MUNICIPAL_TRANSPARENCIA,2010-10-12,2010,93,ordenanza_base,"Cobro de derecho de aseo domiciliario N° 93: Apruébase la siguiente ""Ordenanza de cobro de derecho de aseo domiciliario para el año 2011""",Derechos Municipales y Tarifas,http://firma.providencia.cl/dsign/cgi/sdoc.exe/sdoc/document?id=neqiiepuMKNj8Dup0u9v3w%3D%3D,85aeff9465c70d87fdb74b4e90118ef0f5ef021f10c595f5f23cdca7d39432a0,Texto original municipal firmado digitalmente (Cobro de derecho de aseo domiciliario)
MUNI-PROV-0260,MUNICIPAL_TRANSPARENCIA,2011-10-20,2011,114,ordenanza_base,Cobro de derecho de aseo domiciliario N° 114: Ordenanza Nº114 de 20,Derechos Municipales y Tarifas,http://firma.providencia.cl/dsign/cgi/sdoc.exe/sdoc/document?id=o6LDwvqZ7BmNXETbRpPagg%3D%3D,e2595524093b42d7a44402dc0861042d33f2ee8b473f33c09b00b005783914b8,Texto original municipal firmado digitalmente (Cobro de derecho de aseo domiciliario)
MUNI-PROV-0261,MUNICIPAL_TRANSPARENCIA,2011-10-07,2011,111,ordenanza_base,Cobro de derecho de aseo domiciliario N° 111: Déjase establecido el monto para el cobro de Derecho de Aseo Domiciliario para el año 2012,Derechos Municipales y Tarifas,http://firma.providencia.cl/dsign/cgi/sdoc.exe/sdoc/document?id=DQwGA6Tk1ynmoW8vkdiSKQ%3D%3D,fe999521bde8ed6ea86d487ac871c692aae976ec93dae20d1798d569c1702040,Texto original municipal firmado digitalmente (Cobro de derecho de aseo domiciliario)
MUNI-PROV-0262,MUNICIPAL_TRANSPARENCIA,2011-10-07,2011,110,ordenanza_base,"Cobro de derecho de aseo domiciliario N° 110: Arpuébase la siguiente ""Ordenanza de Cobro de Derecho de Aseo Domiciliario para el año 2012",Derechos Municipales y Tarifas,http://firma.providencia.cl/dsign/cgi/sdoc.exe/sdoc/document?id=p2NM5cCqsakCuhPrPbdvqg%3D%3D,4f45408f30dd6241daa3cccc0198485d24668241be157f0484e71b67c34cf5bd,Texto original municipal firmado digitalmente (Cobro de derecho de aseo domiciliario)
MUNI-PROV-0263,MUNICIPAL_TRANSPARENCIA,2012-11-06,2012,121,ordenanza_base,Cobro de derecho de aseo domiciliario N° 121: Modifícase la Ordenanza Nº118 de 11,Derechos Municipales y Tarifas,http://firma.providencia.cl/dsign/cgi/sdoc.exe/sdoc/document?id=C8GqUDRDrf8N5Tq1vtbo5A%3D%3D,35da050d6ec4574ad0c305f90fdf68d23bef77af89a818b95b34ddccd34122eb,Texto original municipal firmado digitalmente (Cobro de derecho de aseo domiciliario)
MUNI-PROV-0264,MUNICIPAL_TRANSPARENCIA,2012-10-11,2012,118,ordenanza_base,Cobreo de derecho de aseo domiciliario N° 118: Déjase establecido el monto para el cobro de Derechos de Aseo Domiciliario para el año 2013,Derechos Municipales y Tarifas,http://firma.providencia.cl/dsign/cgi/sdoc.exe/sdoc/document?id=QLs50dSNXS%2BHddUtoQ%2BfdA%3D%3D,1de00c12728d44bef66ff1bb8bab30bfdde3e574940a2608435f5ac811c7a0a2,Texto original municipal firmado digitalmente (Cobro de derecho de aseo domiciliario)
MUNI-PROV-0265,MUNICIPAL_TRANSPARENCIA,2013-12-17,2013,127,ordenanza_base,Cobro de derecho de aseo domiciliario N° 127: Déjase establecido el monto para el cobro de Derechos de Aseo Domiciliario para el año 2014,Derechos Municipales y Tarifas,http://firma.providencia.cl/dsign/cgi/sdoc.exe/sdoc/document?id=oRlb5VQlhvv3pr7t6hz%2FCA%3D%3D,b9f158040e08d79aef4bfd9a13b9ba2c40d280c0340d9363bad059030017cd5b,Texto original municipal firmado digitalmente (Cobro de derecho de aseo domiciliario)
MUNI-PROV-0266,MUNICIPAL_TRANSPARENCIA,2014-10-29,2014,133,ordenanza_base,Cobro de derecho de aseo domiciliario N° 133: Apruebáse la siguiente Ordenanza de Cobro de Derechi de Aseo Domiciliario para el año 2015,Derechos Municipales y Tarifas,http://firma.providencia.cl/dsign/cgi/sdoc.exe/sdoc/document?id=BMhBi5Byv6PlJiFw3FyxGQ%3D%3D,93b92da8099e73dc7c5a563474e25b0113b158cf0cc76d1568caa8d3245efa77,Texto original municipal firmado digitalmente (Cobro de derecho de aseo domiciliario)
MUNI-PROV-0267,MUNICIPAL_TRANSPARENCIA,2015-10-27,2015,144,ordenanza_base,"Cobro de derecho de aseo domiciliario N° 144: Apruébase la siguiente ""Ordenanza de cobro de derechos de aseo domiciliario para el año 2016""",Derechos Municipales y Tarifas,http://firma.providencia.cl/dsign/cgi/sdoc.exe/sdoc/document?id=c4sXhs44MGc7urdv8%2BW8CA%3D%3D,12ed6ed3304714152da3efba0053281c9b81197c981f45b99c13e964f4cb6216,Texto original municipal firmado digitalmente (Cobro de derecho de aseo domiciliario)
MUNI-PROV-0268,MUNICIPAL_TRANSPARENCIA,2016-10-27,2016,154,ordenanza_base,"Cobro de derecho de aseo domiciliario N° 154: Apruébase la siguiente ""Ordenanza de Cobro de Derecho de Aseo Domiciliario para el año 2017""",Derechos Municipales y Tarifas,http://firma.providencia.cl/dsign/cgi/sdoc.exe/sdoc/document?id=0UkN5UqwfJnkAlg15WB4sQ%3D%3D,5b266dd2e75b045c78064e543f048868a0351beb373581bbb5b8c9d9b1242954,Texto original municipal firmado digitalmente (Cobro de derecho de aseo domiciliario)
MUNI-PROV-0269,MUNICIPAL_TRANSPARENCIA,2017-10-13,2017,157,ordenanza_base,"Cobro de derecho de aseo domiciliario N° 157: Fíjase en UTM 2,14 anual, el monto por derecho para el servicio domiciliario de aseo",Derechos Municipales y Tarifas,http://firma.providencia.cl/dsign/cgi/sdoc.exe/sdoc/document?id=5Q4na8XQCfHl0vGb4u7anQ%3D%3D,bf10b51519e79fe5223045e83e704f3c807af9fb052fcd71781e8a915d4481a5,Texto original municipal firmado digitalmente (Cobro de derecho de aseo domiciliario)
MUNI-PROV-0270,MUNICIPAL_TRANSPARENCIA,2018-10-12,2018,170,ordenanza_base,"Cobro de derecho de aseo domiciliario N° 170: Fíjase en UTM 2,14 anual, el monto por derecho para el servico domiciliario de aseo",Derechos Municipales y Tarifas,http://firma.providencia.cl/dsign/cgi/sdoc.exe/sdoc/document?id=Ltq4tubIW0ey0QoU0l7t%2Fg%3D%3D,e0b58810371e214635b82ac8fd7416597f7c38879e4c1529248f8b38b27b3f89,Texto original municipal firmado digitalmente (Cobro de derecho de aseo domiciliario)
MUNI-PROV-0271,MUNICIPAL_TRANSPARENCIA,2019-10-29,2019,186,ordenanza_base,"Cobro de derecho de aseo domiciliario N° 186: Fíjase en UTM 2,14 anual, el monto por dercho para el servicio domiciliario de aseo",Derechos Municipales y Tarifas,http://firma.providencia.cl/dsign/cgi/sdoc.exe/sdoc/document?id=98%2BR0g%2Bk8kbDuhNqmLOzYA%3D%3D,a5270bcf4d82957fc722d000732064e5ac36d10ae98db72717c0870b71120b08,Texto original municipal firmado digitalmente (Cobro de derecho de aseo domiciliario)
MUNI-PROV-0272,MUNICIPAL_TRANSPARENCIA,2020-10-28,2020,204,ordenanza_base,"Cobro de derecho de la aseo domiciliario N° 204: Fíjase en UTM 1,70 anual, el monto por derecho para el servicio domiciliario de aseo, la que regira a contar del 1",Derechos Municipales y Tarifas,http://firma.providencia.cl/dsign/cgi/sdoc.exe/sdoc/document?id=kQEcSeq12vB%2BInKW2NCQvw%3D%3D,6c3bac86bf988e38f0bb79bef4a11913bae0213c97277f67f3f7ad9922262239,Texto original municipal firmado digitalmente (Cobro de derecho de aseo domiciliario)
MUNI-PROV-0273,MUNICIPAL_TRANSPARENCIA,2021-10-25,2021,208,ordenanza_base,"Cobro de derecho de aseo domiciliario N° 208: Fíjase en UTM 1,70 anual, el monto por derecho para el servicio domiciliario de aseo",Derechos Municipales y Tarifas,http://firma.providencia.cl/dsign/cgi/sdoc.exe/sdoc/document?id=Vw9%2Fyyam7ZuybQPkX0ybsg%3D%3D,7e3151f6a4bad2ebc41fc0ece3b6b33a08c217eb3251873ca89b6866c4c2bb53,Texto original municipal firmado digitalmente (Cobro de derecho de aseo domiciliario)
MUNI-PROV-0274,MUNICIPAL_TRANSPARENCIA,2022-10-25,2022,214,ordenanza_base,"Cobro de derecho de aseo domiciliario N° 214: Fíjase en UTM 1,70 anual, el monto por derecho para el servicio domiciliario de aseo",Derechos Municipales y Tarifas,http://firma.providencia.cl/dsign/cgi/sdoc.exe/sdoc/document?id=XplkkFLRghtgo52MpPz0GA%3D%3D,01033546b01ba54458a2e0c214b6df429391156643f6004a09b874678b7823d1,Texto original municipal firmado digitalmente (Cobro de derecho de aseo domiciliario)
MUNI-PROV-0275,MUNICIPAL_TRANSPARENCIA,2023-12-13,2023,229,ordenanza_base,"Ordenanza N° 229: Fijase en UTM 1,70 anual, por el trienio 2024, 2025 y 2026, el monto por derecho para el servicio domiciliario de aseo",Derechos Municipales y Tarifas,http://firma.providencia.cl/dsign/cgi/sdoc.exe/sdoc/document?id=D3SeaJ9AdSzmkJuBF3JdGg%3D%3D,ba65bd6fc1816d8bd80f0f4f44a5c647bbb6e088b1e86e83a1b3386c634cbc1c,Texto original municipal firmado digitalmente (Cobro de derecho de aseo domiciliario)
MUNI-PROV-0276,MUNICIPAL_TRANSPARENCIA,2024-10-29,2024,233,ordenanza_base,"Ordenanza N° 233: Fíjase en UTM 1,70 anual, por el trienio 2024, 2025 Y 2026 , el monto por derecho para el servicio domiciliario de aseo",Derechos Municipales y Tarifas,http://firma.providencia.cl/dsign/cgi/sdoc.exe/sdoc/document?id=4SHhnygTwSpz60%2FJLG1Wkw%3D%3D,681c31a185f2e11a9cda049eb2d6f91daf125e7b0ebca8d3531994dc19016233,Texto original municipal firmado digitalmente (Cobro de derecho de aseo domiciliario)
MUNI-PROV-0277,MUNICIPAL_TRANSPARENCIA,2001-12-04,2001,20,texto_refundido,Ordenanza N° 20: Fíjase el siguiente texto refundido y sistematizada de la ORDENANZA SOBRE EL PAGO EN CUOTAS DE LOS DERECHOS MUNICIPALES DE EDIFICACION,Derechos Municipales y Tarifas,http://firma.providencia.cl/dsign/cgi/sdoc.exe/sdoc/document?id=ktGOqX7UczAmMUbQ3c7m6Q%3D%3D,d0eab39639cc997cc611ac0cdf1c6e15d556be6b4c5d96f0fd5e596df44cc63f,Texto original municipal firmado digitalmente (Pago en cuotas derechos municipales de edificación)
MUNI-PROV-0278,MUNICIPAL_TRANSPARENCIA,2000-12-29,2000,14,texto_refundido,"Sobre derchos municipales N° 14: Fíjase el siguiente texto refundido y sistematizado de la ""ORDENANZA LOCAL SOBRE DERECHOS MUNICIPALES"", que regirá en el año 2001",Derechos Municipales y Tarifas,http://firma.providencia.cl/dsign/cgi/sdoc.exe/sdoc/document?id=cDdvRmjMtkjZcs5T68pPpA%3D%3D,e07563fe0f0bc507fc248866f0bef4819ab8b17e5eb23ae2ef80d91142cd51ae,Texto original municipal firmado digitalmente (Sobre derechos municipales)
MUNI-PROV-0279,MUNICIPAL_TRANSPARENCIA,2000-12-28,2000,13,texto_refundido,Sobre derechos municipales N° 13: Modificase la ordenanza Nº9 del 23,Derechos Municipales y Tarifas,http://firma.providencia.cl/dsign/cgi/sdoc.exe/sdoc/document?id=l3AP9bd2V8Y%2B81%2Bn64iu4w%3D%3D,7733c982505d5075cb621dde349378b9e73ba6de66b61c7419428469f7b46d0a,Texto original municipal firmado digitalmente (Sobre derechos municipales)
MUNI-PROV-0280,MUNICIPAL_TRANSPARENCIA,2000-12-12,2000,11,modificacion,Sobre derechos municipales N° 11: Modifica la ordenanza Nº9 del 23,Derechos Municipales y Tarifas,http://firma.providencia.cl/dsign/cgi/sdoc.exe/sdoc/document?id=ZnkhJKvbUVdfK6Ab%2B36qNQ%3D%3D,b37c87eac49bf3fb75c72fb13478bf989d911173b54cb6f49b68ad1f7c71b1c2,Texto original municipal firmado digitalmente (Sobre derechos municipales)
MUNI-PROV-0281,MUNICIPAL_TRANSPARENCIA,2000-08-01,2000,8,modificacion,Sobre derechos municipal N° 8: Modificase la ordenanza Nº 9 de 23,Derechos Municipales y Tarifas,http://firma.providencia.cl/dsign/cgi/sdoc.exe/sdoc/document?id=lRLmFxzcL4J%2BJ76sSERhqg%3D%3D,2bc28c7450af06e126d9ef3f95824eaa69d1c51b0109fdaf789c844279dc8cd5,Texto original municipal firmado digitalmente (Sobre derechos municipales)
MUNI-PROV-0282,MUNICIPAL_TRANSPARENCIA,2000-06-09,2000,6,modificacion,Sobre derechos municipales N° 6: Modifícase la Ordenanza Nº9 de 23,Derechos Municipales y Tarifas,http://firma.providencia.cl/dsign/cgi/sdoc.exe/sdoc/document?id=qALLDqW0q4Z%2F4KqCs6gtrg%3D%3D,373474cf6cf802a2e2ba83fb711e1e591e704ceb604ac28001fa22b4edfb97a2,Texto original municipal firmado digitalmente (Sobre derechos municipales)
MUNI-PROV-0283,MUNICIPAL_TRANSPARENCIA,2000-05-23,2000,5,ordenanza_base,Sobre derechos municipales N° 5: Modifícase la Ordenanza Nº9 de 23,Derechos Municipales y Tarifas,http://firma.providencia.cl/dsign/cgi/sdoc.exe/sdoc/document?id=gtKsPTcoAw0adp6mnUyE6w%3D%3D,8e140093cf6697eecdfe0aed0ee47c65a07c417bf459e02b3d1dc54f389d76a1,Texto original municipal firmado digitalmente (Sobre derechos municipales)
MUNI-PROV-0284,MUNICIPAL_TRANSPARENCIA,2000-02-07,2000,1,ordenanza_base,"Sobre derechos municipales N° 1: Rectifícase el Nº15  del artículo 15 de la Ordenanza Local sobre Derechos Municipales  para el año 2000, que lleva el Nº9  de 23",Derechos Municipales y Tarifas,http://firma.providencia.cl/dsign/cgi/sdoc.exe/sdoc/document?id=Yr8rp%2FXpgrBI4UwpY9%2BGYw%3D%3D,c43196158e61e4f9a95fc18bdfd08cc8b3685130ac9430d547958caa4e49ff05,Texto original municipal firmado digitalmente (Sobre derechos municipales)
MUNI-PROV-0285,MUNICIPAL_TRANSPARENCIA,2001-12-28,2001,22,ordenanza_base,"Sobre derechos municipales N° 22: Ordenanza de Derechos Municipales año 2002,",Derechos Municipales y Tarifas,http://firma.providencia.cl/dsign/cgi/sdoc.exe/sdoc/document?id=vIcItnKPSOuvKoGvuxIJYw%3D%3D,5b0a034b6adfce45d945a285596db33f471ae0d1696678a00d64d27a1e987330,Texto original municipal firmado digitalmente (Sobre derechos municipales)
MUNI-PROV-0286,MUNICIPAL_TRANSPARENCIA,2001-12-28,2001,23,texto_refundido,"Sobre derechos municipales N° 23: Rectifiquese la Ordenanza Nº 21 de Diciembre de 2001 que modificó la Ordenanza Nº 17 de 12 de Noviembre de 2001 que fijó el texto refundido y sistematizado de la Ordenanz<a Local sobre Derechos Municipales, en el sentido de dejar establecido que ",Derechos Municipales y Tarifas,http://firma.providencia.cl/dsign/cgi/sdoc.exe/sdoc/document?id=lr0B6iXkrh0hiG4cQI4Omg%3D%3D,3b9391b776c0a678b5843e70089e93c29e30279c7c06c3b81f0d3de5e71b78c6,Texto original municipal firmado digitalmente (Sobre derechos municipales)
MUNI-PROV-0287,MUNICIPAL_TRANSPARENCIA,2001-12-21,2001,21,texto_refundido,"Sobre derechos municipales N° 21: Modifícase la Ordenanza Nº17 de 12 de Noviembre de 2001, que fijço el texto refundido y sistematizado de la Ordenanza Local sobre Derechos Municipales que rige para el año 2001",Derechos Municipales y Tarifas,http://firma.providencia.cl/dsign/cgi/sdoc.exe/sdoc/document?id=xtaYJdgcA1Fzt3oaWVzjRA%3D%3D,579e10435eb1f74ef7843b20d6631048c90d4ed97c1619cad3564dd467010b84,Texto original municipal firmado digitalmente (Sobre derechos municipales)
MUNI-PROV-0288,MUNICIPAL_TRANSPARENCIA,2001-11-12,2001,17,texto_refundido,"Sobre derechos municipales N° 17: Fíjase el texto refundido y sistematizado de la  ""Ordenanza Local sobre Derechos Municipales"", que regirá en el año 2001",Derechos Municipales y Tarifas,http://firma.providencia.cl/dsign/cgi/sdoc.exe/sdoc/document?id=RpektzecGFouDwVvsG3%2FFg%3D%3D,b569ba9aa480305aba43459e1c502358a6dcbf58f94bbbb21f704ca056b623c0,Texto original municipal firmado digitalmente (Sobre derechos municipales)
MUNI-PROV-0289,MUNICIPAL_TRANSPARENCIA,2001-10-19,2001,14,ordenanza_base,"Sobre derechos municipales N° 14: Modifícase la Ordenanza Nº 14 de 29 de Diciembre de 2000, que fijó el texto refunñdido y sistematizado de la Ordenanza Local sobre Derechos Municipales que rige para ñel año 2001, en la siguiente forma",Derechos Municipales y Tarifas,http://firma.providencia.cl/dsign/cgi/sdoc.exe/sdoc/document?id=47QIRIda4l%2BpyGBBYHplwQ%3D%3D,18d4adeec471caf4dcd64787ebf77eeafafc8dca77270f7899984e1f2b04ce29,Texto original municipal firmado digitalmente (Sobre derechos municipales)
MUNI-PROV-0290,MUNICIPAL_TRANSPARENCIA,2001-06-05,2001,7,texto_refundido,"Sobre derechos municipales N° 7: Modificase la Ordenanza Nº 14 de 29 de Diciemkbre de 2000, que fijó el texto refundido y sistematizado de la Ordenanza Local sobre Derechos Municipales que rige para el año 2001, en el sentido de agregar el siguiente 
Título XIX, etc",Derechos Municipales y Tarifas,http://firma.providencia.cl/dsign/cgi/sdoc.exe/sdoc/document?id=drQ5VRtmS1C451szjw%2BO%2Fw%3D%3D,ea5d6ebace3cff59a24e3f88402f13dba6985f5e072ecb82ecd7055cd2b09b25,Texto original municipal firmado digitalmente (Sobre derechos municipales)
MUNI-PROV-0291,MUNICIPAL_TRANSPARENCIA,2001-04-18,2001,4,ordenanza_base,Sobre derechos municipales N° 4: Modifícase la Ordenanza Nº14 de 29,Derechos Municipales y Tarifas,http://firma.providencia.cl/dsign/cgi/sdoc.exe/sdoc/document?id=3pjglJrDt54gBFYsPcjNog%3D%3D,f7df457372791081c70c2c1110abcfd3f8c29c72bf1ab7884f6f230da5400bc7,Texto original municipal firmado digitalmente (Sobre derechos municipales)
MUNI-PROV-0292,MUNICIPAL_TRANSPARENCIA,2001-04-10,2001,3,texto_refundido,"Sobre derechos municipales N° 3: Rectifíquese la Ordenanza Local sobre Derechos Municipales 2001, cuyo texto refundido consta en Ordenanza Nº14 de 29 de Diciembre de 2000,  Título XIII ""Derechos Relativos a Servicios Prestados por la Biblioteca"", Artículo 30 letras F,G y H e  l y",Derechos Municipales y Tarifas,http://firma.providencia.cl/dsign/cgi/sdoc.exe/sdoc/document?id=G0%2FAUo7ZATvRHq%2BHqrdMkQ%3D%3D,a847231b7d88d9a2c8b77233200c42bba63bb8676a3fa2f785782446c7af1e05,Texto original municipal firmado digitalmente (Sobre derechos municipales)
MUNI-PROV-0293,MUNICIPAL_TRANSPARENCIA,2001-01-23,2001,1,modificacion,Sobre derechos municipales N° 1: Modificación Ordenanza Nº14 de 29,Derechos Municipales y Tarifas,http://firma.providencia.cl/dsign/cgi/sdoc.exe/sdoc/document?id=6f37xrIqBHazMmoKtU%2BRqA%3D%3D,9596b5cc55325f2cbc7b6ac3de19995e7a3f4b21f11dfe83cd7cc536cd442e13,Texto original municipal firmado digitalmente (Sobre derechos municipales)
MUNI-PROV-0294,MUNICIPAL_TRANSPARENCIA,2002-12-06,2002,12,texto_refundido,"Sobre derechos municipales N° 12: Modifícase la ordenanza que fijo el texto refundido y sistematizado de la ""Ordenanza Local sobre Derechos municipales""",Derechos Municipales y Tarifas,http://firma.providencia.cl/dsign/cgi/sdoc.exe/sdoc/document?id=vclj2IYg%2BacP6Q6relRHaQ%3D%3D,6dae6eb8a42ed0ecf16bfc5f74c5d01b642734f5d00e199009cc6c9e0760d024,Texto original municipal firmado digitalmente (Sobre derechos municipales)
MUNI-PROV-0295,MUNICIPAL_TRANSPARENCIA,2002-09-26,2002,9,texto_refundido,Sobre derechos municipales N° 9: Modifica Ordenanza Nº22 de 28 de Diciembre de 2001 que fijó el texto refundido y sistematizado de la Ordenanza Local sobre Derechos Municipales que regirá para el año 2002,Derechos Municipales y Tarifas,http://firma.providencia.cl/dsign/cgi/sdoc.exe/sdoc/document?id=ZhrQmgkJGgHnNpLLu5mXIA%3D%3D,dae87687130ef32a24ed5ec15f5ee09633240b5795c599566d3936d8d939617b,Texto original municipal firmado digitalmente (Sobre derechos municipales)
MUNI-PROV-0296,MUNICIPAL_TRANSPARENCIA,2002-04-26,2002,6,modificacion,Sobre derechos municipales N° 6: MODIFICA ORDENANZA LOCAL SOBRE DERECHOS MUNICIPALES  Nº22 DE 28 DE DICIEMBRE DE 2001 EN LO QUE INDICA,Derechos Municipales y Tarifas,http://firma.providencia.cl/dsign/cgi/sdoc.exe/sdoc/document?id=pAYRq79vQ%2Bb%2BBwCHFaYAIw%3D%3D,feea5192b59bdd385912772372c0d4d482ff708eb358bc7ca4d5f6251ccb1081,Texto original municipal firmado digitalmente (Sobre derechos municipales)
MUNI-PROV-0297,MUNICIPAL_TRANSPARENCIA,2003-12-23,2003,2122,ordenanza_base,"Sobre derechos municipales N° 2122: Rectifíquese la Ordenanza Nº 12 de 2 de Diciembre de 2003 que modificó la Ordenanza Nº 22 de 28 de Diciembre de 2001 ""Ordenanza Local Sobre Derechos Municipales""",Derechos Municipales y Tarifas,http://firma.providencia.cl/dsign/cgi/sdoc.exe/sdoc/document?id=qIU%2BAfThh%2BzGSL2O8Agz4g%3D%3D,c9617860555ef239aa0bdc0fdd817042ab5f3397f8c1c1eb601ef0f164e98b81,Texto original municipal firmado digitalmente (Sobre derechos municipales)
MUNI-PROV-0298,MUNICIPAL_TRANSPARENCIA,2003-12-02,2003,12,texto_refundido,Sobre derechos municipales N° 12: Modifícase la Ordenanza Nº22 de 28,Derechos Municipales y Tarifas,http://firma.providencia.cl/dsign/cgi/sdoc.exe/sdoc/document?id=zB0zvfDcCWM4rNBdplCexQ%3D%3D,3d84f724deb5463005747041bea3e4cb7a5bf83d52dfabf65967373dfb478eb4,Texto original municipal firmado digitalmente (Sobre derechos municipales)
MUNI-PROV-0299,MUNICIPAL_TRANSPARENCIA,2004-12-21,2004,2152,texto_refundido,"Sobre derechos municipales N° 2152: Fijase el texto refundido y sistematizado de la Ordenanza 22 del 2001 y sus modificaciones posteriores ""Ordenanza Local sobre Derechos Municipales"", que regira en el año 2005",Derechos Municipales y Tarifas,http://firma.providencia.cl/dsign/cgi/sdoc.exe/sdoc/document?id=aYMVyS%2F5jM1%2FCaL4Ai6w7A%3D%3D,a740cfeb3fe1591718c62b3a64796c837b28d1e1447c4e55f1c7cf887c46df8a,Texto original municipal firmado digitalmente (Sobre derechos municipales)
MUNI-PROV-0300,MUNICIPAL_TRANSPARENCIA,2004-11-30,2004,26,texto_refundido,"Sobre derechos municipales N° 26: Modifícase la Ordenanza Nº22 de 28 de Diciembre de 2001 ""Ordenanza Local sobre Derechos MUnicipales"" que regirá en el año 2004 cuyo texto refundido y sistematizado fue aprobado por Decreto Alcaldicio EX",Derechos Municipales y Tarifas,http://firma.providencia.cl/dsign/cgi/sdoc.exe/sdoc/document?id=razemCf1oMkOcJihz26AYg%3D%3D,b1830c64666c13d4406ccffc1ef054c257b29508338db8af42740d2190dc7f55,Texto original municipal firmado digitalmente (Sobre derechos municipales)
MUNI-PROV-0301,MUNICIPAL_TRANSPARENCIA,2004-10-19,2004,24,ordenanza_base,"Sobre derechos municipales N° 24: Modifícase la Ordenanza Nº22 de 28 de Diciembre de 2001 ""Ordenanza Local sobre Derechos Municipales"" año 2004",Derechos Municipales y Tarifas,http://firma.providencia.cl/dsign/cgi/sdoc.exe/sdoc/document?id=D9oTDan7ifSEaDqblmUvCA%3D%3D,cbd4ab5c2c0d41638347189e45ee3866ea68232a9d080330a013eb1ccd90cb94,Texto original municipal firmado digitalmente (Sobre derechos municipales)
MUNI-PROV-0302,MUNICIPAL_TRANSPARENCIA,2004-10-05,2004,23,ordenanza_base,"Sobre derechos municipales N° 23: Modifícase la Ordenanza Nº22 de 28 de Diciembre de 2001 ""Ordenanza Local sobre Derechos Municipales"", cuyo texto sistematizado fue aprobado por Decreto Alcaldicio EXNº169 de 3",Derechos Municipales y Tarifas,http://firma.providencia.cl/dsign/cgi/sdoc.exe/sdoc/document?id=A1fLgH7GfsVolvRn%2BtfF%2Bg%3D%3D,8c0411982173726d93734a6f57a6f98ca993e7a34fb36bff4c31913a7c02f41d,Texto original municipal firmado digitalmente (Sobre derechos municipales)
MUNI-PROV-0303,MUNICIPAL_TRANSPARENCIA,2004-08-03,2004,20,texto_refundido,"Sobre derechos municipales N° 20: Modifícase la Ordenanza Nº22 de 28 de Diciembre de 2001 ""Ordenanza Local sobre Derechos Municipales"", cuyo texto refundido fue aprobado por Decreto Alcaldicio EXNº169 de 3 Febrero de 2004",Derechos Municipales y Tarifas,http://firma.providencia.cl/dsign/cgi/sdoc.exe/sdoc/document?id=I%2BX3ecCqfVEkrUnzc%2Bj2yg%3D%3D,4800e37967c2f4a764cd500ddf5cab44fe715ff04c10689f519349d3af23a199,Texto original municipal firmado digitalmente (Sobre derechos municipales)
MUNI-PROV-0304,MUNICIPAL_TRANSPARENCIA,2004-03-26,2004,17,modificacion,"Sobre derechos municipales N° 17: Modifica Ordenanza Nº22 de 28 de Diciembre de 2001, agrega el  Nº14 al artículo 19",Derechos Municipales y Tarifas,http://firma.providencia.cl/dsign/cgi/sdoc.exe/sdoc/document?id=CwKsX3nZqzxZ6mnsjOTWuQ%3D%3D,6d35bdf7e238e336a07dd6be373f5f3d0c008d6c17f22aa0cc13103c1ea05f38,Texto original municipal firmado digitalmente (Sobre derechos municipales)
MUNI-PROV-0305,MUNICIPAL_TRANSPARENCIA,2004-02-03,2004,169,texto_refundido,Sobre derechos municipales N° 169: Fíjase el siguiente texto refundido y sistematizado de la Ordenanza Nº22 de 28,Derechos Municipales y Tarifas,http://firma.providencia.cl/dsign/cgi/sdoc.exe/sdoc/document?id=i4mOiboTTNOXBwpjA%2F9mWA%3D%3D,21d9e3223fb27157314954681a675389286deebd9cce6b3197817493ea7119fe,Texto original municipal firmado digitalmente (Sobre derechos municipales)
MUNI-PROV-0306,MUNICIPAL_TRANSPARENCIA,2005-11-29,2005,2152,texto_refundido,"Sobre derechos municipales N° 2152: Fíjase el siguiente texto refundido y sistematizado de la Ordenanza Nº22 de 28 de Diciembre de 2001 y sus modificaciones posteriores Ordenanza Local sobre Derechos Municipales, que regirá en el año 2006",Derechos Municipales y Tarifas,http://firma.providencia.cl/dsign/cgi/sdoc.exe/sdoc/document?id=cOOXJzZwgqKkK0%2Btj1rSpA%3D%3D,68a447c57ccf3d8246f82ad1701c84772023dd6221427267ba4b049b4d8cf1ef,Texto original municipal firmado digitalmente (Sobre derechos municipales)
MUNI-PROV-0307,MUNICIPAL_TRANSPARENCIA,2005-10-27,2005,37,ordenanza_base,Sobre derechos municipales N° 37: Rectifícase el punto 1,Derechos Municipales y Tarifas,http://firma.providencia.cl/dsign/cgi/sdoc.exe/sdoc/document?id=OXc%2FXY6atbeGWY6TL%2Ba03g%3D%3D,326325690c82fa98751182ebd2665c1dbccde2ce8bce9acd7355498afa9ed75a,Texto original municipal firmado digitalmente (Sobre derechos municipales)
MUNI-PROV-0308,MUNICIPAL_TRANSPARENCIA,2005-10-14,2005,36,modificacion,Sobre derechos municipales N° 36: Modificase la ordenanza Nº 22 de 28,Derechos Municipales y Tarifas,http://firma.providencia.cl/dsign/cgi/sdoc.exe/sdoc/document?id=oFTGttUpYksbsGaaXq5UhA%3D%3D,9bd32c99455be966452354a6fd54a6f1e35beb94eefcea25d54207d0a3d0b68b,Texto original municipal firmado digitalmente (Sobre derechos municipales)
MUNI-PROV-0309,MUNICIPAL_TRANSPARENCIA,2005-09-15,2005,35,texto_refundido,"Sobre derechos municipales N° 35: Mmodificase el artículo 19 de la Ordenanza Nº 22 de 28 de Diciembre de 2001, cuyo texto refundido y sistematizado fue aprobado por Decreto Alcaldicio EX",Derechos Municipales y Tarifas,http://firma.providencia.cl/dsign/cgi/sdoc.exe/sdoc/document?id=1tdvbKDSI1wGnwH5jb1PZQ%3D%3D,e93c2daf54e64d213b2fd84bf353e9b71e2e91ab7bd3a082e543ac32132c1e2e,Texto original municipal firmado digitalmente (Sobre derechos municipales)
MUNI-PROV-0310,MUNICIPAL_TRANSPARENCIA,2005-08-29,2005,34,ordenanza_base,Sobre defrechos municipales N° 34: Rectificase el punto Nº 1 de la Ordenanza Nº 32 de 16,Derechos Municipales y Tarifas,http://firma.providencia.cl/dsign/cgi/sdoc.exe/sdoc/document?id=wLreiLZJfjon7trTkj%2F9tw%3D%3D,baf37ed99b0e40b1db89166a410e904f679fc65e0c268d6a2f8fab5ee082a67a,Texto original municipal firmado digitalmente (Sobre derechos municipales)
MUNI-PROV-0311,MUNICIPAL_TRANSPARENCIA,2005-08-24,2005,33,texto_refundido,Sobre derechos municipales N° 33: Modificase el articulo 11 de la Ordenanza Nº 22 de 28,Derechos Municipales y Tarifas,http://firma.providencia.cl/dsign/cgi/sdoc.exe/sdoc/document?id=a18cwgZsbSs6mRkci4MBsg%3D%3D,47c99e777f3ae1429be026c585c3ed5fd4f062043b12ea40b31d6ed1bfc68831,Texto original municipal firmado digitalmente (Sobre derechos municipales)
MUNI-PROV-0312,MUNICIPAL_TRANSPARENCIA,2005-08-16,2005,32,texto_refundido,"Sobre derechos municipales N° 32: Modifícase la Ordenanza Nº22 de 2001 , texto refundido EXNº2152 de 21",Derechos Municipales y Tarifas,http://firma.providencia.cl/dsign/cgi/sdoc.exe/sdoc/document?id=NNoej30Gs81bBJ7xYjl7kA%3D%3D,490a45e472bab5202cfdbec4cc9202d4c0aa5b71abce31d29c0d3138ae7611f3,Texto original municipal firmado digitalmente (Sobre derechos municipales)
MUNI-PROV-0313,MUNICIPAL_TRANSPARENCIA,2005-04-27,2005,29,texto_refundido,Sobre derechos municipales N° 29: Modificase el articulo 19 de ordenanza 22 de 28,Derechos Municipales y Tarifas,http://firma.providencia.cl/dsign/cgi/sdoc.exe/sdoc/document?id=%2BAKAOaxDizvM1%2FniD315vQ%3D%3D,2704215d4db8a4099df0a2eff89eddbf5e8dda4d40f67e6e48561cb910299a24,Texto original municipal firmado digitalmente (Sobre derechos municipales)
MUNI-PROV-0314,MUNICIPAL_TRANSPARENCIA,2005-03-22,2005,28,texto_refundido,Sobre derechos municipales N° 28: Modifícase la Ordenanza Nº22 de 28,Derechos Municipales y Tarifas,http://firma.providencia.cl/dsign/cgi/sdoc.exe/sdoc/document?id=AtPSqL08iXZhj8s8kKpo5A%3D%3D,fe42da6b876f1c768e30d94f56c3dbeee63dd9838c62797b540e1fbf61772d87,Texto original municipal firmado digitalmente (Sobre derechos municipales)
MUNI-PROV-0315,MUNICIPAL_TRANSPARENCIA,2006-11-28,2006,2124,texto_refundido,"Sobre derechos municipales N° 2124: Fíjase el siguiente texto refundido y sistematizado de la Ordenanza Nº 22 de 28 de Diciembre de 2001 y sus modificaciones posteriores Ordenanza Local sobre Derechos Municipales, que regirán para el año 2007",Derechos Municipales y Tarifas,http://firma.providencia.cl/dsign/cgi/sdoc.exe/sdoc/document?id=Y%2FElWVsb7%2FqL57X68SASdQ%3D%3D,d8b9fc81bce50d772820f0174175003e98595de70184919241ec8c3aac2ec42a,Texto original municipal firmado digitalmente (Sobre derechos municipales)
MUNI-PROV-0316,MUNICIPAL_TRANSPARENCIA,2006-11-09,2006,52,ordenanza_base,Sobre derechos municipales N° 52: Rectifícase el punto 1,Derechos Municipales y Tarifas,http://firma.providencia.cl/dsign/cgi/sdoc.exe/sdoc/document?id=A5ROjY7uhi%2BNHbBf2f8NLg%3D%3D,f08a849aca580879a5ca0dba3605d13eacdf65e84865d3876c7ee1938641e54e,Texto original municipal firmado digitalmente (Sobre derechos municipales)
MUNI-PROV-0317,MUNICIPAL_TRANSPARENCIA,2006-10-17,2006,50,texto_refundido,"Sobre derechos municipales N° 50: Modifícase la Ordenanza N°22 de 28 de Diciembre de  2001 ""Ordenanza Local sobre Derechos Municipales"", que rige para el año 2006 cuyo texto refundido y sistematizado fue aprobado pro Decreto Alcaldicio EXN°2152 de 29 de Noviembre de 2005",Derechos Municipales y Tarifas,http://firma.providencia.cl/dsign/cgi/sdoc.exe/sdoc/document?id=1ddRvYUSF49q2hGHITbu5w%3D%3D,26c4e364696a2953f1cae0b84fb10d416d0c0a1c0d178903f4234cae495d1145,Texto original municipal firmado digitalmente (Sobre derechos municipales)
MUNI-PROV-0318,MUNICIPAL_TRANSPARENCIA,2006-08-24,2006,48,texto_refundido,"Sobre derechos municipales N° 48: Modifícase el artículo 19 Nº14 de la Ordenanza Nº22 de 28 de Diciembre de 2001, ""Ordenanza local sobre derechos municipales"", cuyo texto refundido y sistematizado fue aprobado por decreto alcaldicio Ex",Derechos Municipales y Tarifas,http://firma.providencia.cl/dsign/cgi/sdoc.exe/sdoc/document?id=JZka8vPg8xKDumF7%2FekxNQ%3D%3D,6b6ac7aee40fd36d2f980eb8c5b5fb4d169227a160c9421e628ed6329d37bdd1,Texto original municipal firmado digitalmente (Sobre derechos municipales)
MUNI-PROV-0319,MUNICIPAL_TRANSPARENCIA,2006-06-23,2006,47,texto_refundido,"Sobre derechos municipales N° 47: Modifícase el artículo 36 de la Ordenanza N°22 de 28 de Diciembre de 2001, Ordenanza Local sobre Derechos Municipales, cuyo texto refundido y sistematizado fue aprobado por EXN°2",Derechos Municipales y Tarifas,http://firma.providencia.cl/dsign/cgi/sdoc.exe/sdoc/document?id=bHfjhQrZSyYJd3moyaatAg%3D%3D,8fa344667ace1f3c8ab479416d1d833120b1e278dfe90d8cde58d345250da926,Texto original municipal firmado digitalmente (Sobre derechos municipales)
MUNI-PROV-0320,MUNICIPAL_TRANSPARENCIA,2006-05-29,2006,46,texto_refundido,"Sobre derechos municipales N° 46: Modifícase el atículo 39 inciso 1° de la Ordenanza N°22 de 28 de Diciembre de 201, cuyo texto refundido fue aprobado por Decreto Alcaldicio EXN°2",Derechos Municipales y Tarifas,http://firma.providencia.cl/dsign/cgi/sdoc.exe/sdoc/document?id=LMU%2BhPTYXX%2Fn9DOeoXzBvQ%3D%3D,715ed14b550f211aecd723f04dd3098dab64f6a53f6ac744220c95397f4cd75a,Texto original municipal firmado digitalmente (Sobre derechos municipales)
MUNI-PROV-0321,MUNICIPAL_TRANSPARENCIA,2006-05-11,2006,43,ordenanza_base,"Sobre derechos municipales N° 43: Modifícase la Ordenanza N°22 de 28 de Diciembre de 2001 ""Ordenanza Local sobre Derechos Municipales"", QUE fue aprobado por Decreto Alcaldicio EXN°2",Derechos Municipales y Tarifas,http://firma.providencia.cl/dsign/cgi/sdoc.exe/sdoc/document?id=cpQHP%2F0Tvo%2Bt7rXPjSulmg%3D%3D,cb56909c630e3120a7c28a03394da523e2c026c54c9fac82af5bbea9fe06290f,Texto original municipal firmado digitalmente (Sobre derechos municipales)
MUNI-PROV-0322,MUNICIPAL_TRANSPARENCIA,2006-02-06,2006,41,ordenanza_base,"Sobre derechos municipales N° 41: Modifícase la Ordenanza N°22 de 28 de diciembre de 2001, Ordenanza Local sobre Derechos Municipales tecto refundido por EXN°2",Derechos Municipales y Tarifas,http://firma.providencia.cl/dsign/cgi/sdoc.exe/sdoc/document?id=8sqj4FE%2F779QYpY0mkISyw%3D%3D,e9eef6376abbfb1e0254ba5f2885181f8e5518477635ca7c9d3d76836f38f0c1,Texto original municipal firmado digitalmente (Sobre derechos municipales)
MUNI-PROV-0323,MUNICIPAL_TRANSPARENCIA,2007-12-31,2007,2281,texto_refundido,"Sobre derechos municipales N° 2281: Fíjase el siguiente  texto refundido y sistematizado de la Ordenanza Nº22 de 28 de Diciembre de 2001 y sus modificaciones ""Ordenanza Local sobre Derechos Municipales"" que regirá para el año 2008",Derechos Municipales y Tarifas,http://firma.providencia.cl/dsign/cgi/sdoc.exe/sdoc/document?id=jlHt4F9NckYGiyYQ6%2FCtfA%3D%3D,2f84126e07d4b1b04f0227c5d4726af688799edb0480c055f548bc5a7a1d327e,Texto original municipal firmado digitalmente (Sobre derechos municipales)
MUNI-PROV-0324,MUNICIPAL_TRANSPARENCIA,2007-10-10,2007,63,modificacion,"Sobre derechos municipales N° 63: Modifícase la Ordenanza Nº22 de 28 de Diciembre de 2001 ""Ordenanza local sobre derechos municipales"", que rige para el año 2007 y sus modificaciones",Derechos Municipales y Tarifas,http://firma.providencia.cl/dsign/cgi/sdoc.exe/sdoc/document?id=Iq0kUDcCIE9X3hBlqKHIEA%3D%3D,c5655952840e0fa66a2574116e250700dd837c22e4303a0748d733993b585ccd,Texto original municipal firmado digitalmente (Sobre derechos municipales)
MUNI-PROV-0325,MUNICIPAL_TRANSPARENCIA,2007-06-21,2007,56,ordenanza_base,"Sobre derechos municipales N° 56: Modifícase la Ordenanda Nº 22 de 28 de Diciembre de 2001 (mariana), sobre derechos municipales",Derechos Municipales y Tarifas,http://firma.providencia.cl/dsign/cgi/sdoc.exe/sdoc/document?id=b9t9%2BaBpysYOb0Ul6erO2g%3D%3D,73f3a80f3ce596b8e89710de052b11893467f68f708c007153cb0595e0a205f7,Texto original municipal firmado digitalmente (Sobre derechos municipales)
MUNI-PROV-0326,MUNICIPAL_TRANSPARENCIA,2007-04-25,2007,54,texto_refundido,"Sobre derechos municipales N° 54: Modifícase la Ordenanza N°22 de 28 de Diciembre de 2001 ""Ordenanza Local sobre Derechos Municipales"" que rige para el año 2007, cuyo texto refundido y sistematizado fue aprobado por Decreto Alcaldicio EXN°2124 de 28",Derechos Municipales y Tarifas,http://firma.providencia.cl/dsign/cgi/sdoc.exe/sdoc/document?id=wlJEW%2BLIIfJIS4xvMioCFA%3D%3D,4d49aeef6c7874288e70d1e9013c36d216de65454da918e51d4e7ab791d638a7,Texto original municipal firmado digitalmente (Sobre derechos municipales)
MUNI-PROV-0327,MUNICIPAL_TRANSPARENCIA,2008-12-17,2008,2290,texto_refundido,"Sobre derechos municipales N° 2290: Fíjase el siguiente texto refundido y sistematizado de la Ordenanza Nº22 de 28 de Diciembre de 2001 y sus modificaciones ""Ordenanza Local Sobre Derechos Municipales"", que regirá en el año 2009",Derechos Municipales y Tarifas,http://firma.providencia.cl/dsign/cgi/sdoc.exe/sdoc/document?id=ZnnemGB4GV%2FpeC7p60LgoQ%3D%3D,d69d06df78201db0d9f058e44125ff30a88970ab7d9f169d77e88a162d1f12f0,Texto original municipal firmado digitalmente (Sobre derechos municipales)
MUNI-PROV-0328,MUNICIPAL_TRANSPARENCIA,2008-10-03,2008,74,texto_refundido,Sobre derechos municipales N° 74: Modifícase la Ordenanza Nº22 de 28,Derechos Municipales y Tarifas,http://firma.providencia.cl/dsign/cgi/sdoc.exe/sdoc/document?id=kK0sye%2BW4OF2zHK4KUQO7Q%3D%3D,aed23a5558daabd7e3447c4831691fdb967422eeade6437869756ac8564d584e,Texto original municipal firmado digitalmente (Sobre derechos municipales)
MUNI-PROV-0329,MUNICIPAL_TRANSPARENCIA,2008-08-25,2008,72,texto_refundido,"Sobre derechos municipales N° 72: Modifícase la Ordenanza Nº22 de 28 de Diciembre de 2001, ""Ordenanza Local sobre Derechos Municipales"", que rige para el año 2008, cuyo texto refundido y sistematizado fue aprobado por Decreto Alcaldicio EX",Derechos Municipales y Tarifas,http://firma.providencia.cl/dsign/cgi/sdoc.exe/sdoc/document?id=LT%2BPi8WpC8eKWozdw9GCCA%3D%3D,e3c0ec7c97f7959706434c034fbd76b337501094bcb28dbd2edadaa3e1fe85aa,Texto original municipal firmado digitalmente (Sobre derechos municipales)
MUNI-PROV-0330,MUNICIPAL_TRANSPARENCIA,2009-12-18,2009,2669,texto_refundido,"Sobre derechos municipales N° 2669: Fíjase el texto refundido y sistematizado de la Ordenanza Nº22 de 28 de Diciembre de 2001 y sus modificaciones ""Ordenanza Local sobre Derechos Municipales"" que regirá para el año 2010",Derechos Municipales y Tarifas,http://firma.providencia.cl/dsign/cgi/sdoc.exe/sdoc/document?id=vAeOWe%2B2V2lpYIJFf1X34Q%3D%3D,a9665f29fca31793542a582d185cc51b27a551f2ec9457076668aabd8ef03f56,Texto original municipal firmado digitalmente (Sobre derechos municipales)
MUNI-PROV-0331,MUNICIPAL_TRANSPARENCIA,2009-10-14,2009,84,texto_refundido,Sobre derechos municipales N° 84: Modifícase la Ordenanza N°22 de 28,Derechos Municipales y Tarifas,http://firma.providencia.cl/dsign/cgi/sdoc.exe/sdoc/document?id=0%2FZ5HXv3F4W2TX6NpUwDcg%3D%3D,8f9a6cee1e517249aa4152861fd491ff1d992e7329383dbce46cfbf8b60f7240,Texto original municipal firmado digitalmente (Sobre derechos municipales)
MUNI-PROV-0332,MUNICIPAL_TRANSPARENCIA,2009-07-03,2009,81,texto_refundido,Sobre derechos municipales N° 81: Modifícase la ordenanza Nº22 de 28,Derechos Municipales y Tarifas,http://firma.providencia.cl/dsign/cgi/sdoc.exe/sdoc/document?id=EwA76QdvxiMIES%2FD82rLbw%3D%3D,c7b47fe57609020a3ce860d11e64b129069d8462e51c46725791fb8c8da0e96e,Texto original municipal firmado digitalmente (Sobre derechos municipales)
MUNI-PROV-0333,MUNICIPAL_TRANSPARENCIA,2010-12-20,2010,2361,texto_refundido,Sobre derechos municipales N° 2361: Texto refundido y sistematizado de la Ordenanza de Derechos Municipales que regirá para el año 2011,Derechos Municipales y Tarifas,http://firma.providencia.cl/dsign/cgi/sdoc.exe/sdoc/document?id=q5x6tauiq0rIXyBjuBX2ag%3D%3D,fb5cfd804d2bdafb351a9ec1e45bdb01dba7bb3c5ce76bf75c42a4a42efb5d50,Texto original municipal firmado digitalmente (Sobre derechos municipales)
MUNI-PROV-0334,MUNICIPAL_TRANSPARENCIA,2010-10-13,2010,97,texto_refundido,Sobre derechos municipales N° 97: Modifícase la Ordenanza Nº22 de 28,Derechos Municipales y Tarifas,http://firma.providencia.cl/dsign/cgi/sdoc.exe/sdoc/document?id=6wVrRq%2Bj8Go3kbWNTfsJkg%3D%3D,ad51212f7c7b782809465550cdb06cb85e2040eb7a3fb563ba830d2e0f779dba,Texto original municipal firmado digitalmente (Sobre derechos municipales)
MUNI-PROV-0335,MUNICIPAL_TRANSPARENCIA,2010-09-15,2010,92,texto_refundido,Sobre derechos municipales N° 92: Modifícase la Ordenanaza Nº22 de 28,Derechos Municipales y Tarifas,http://firma.providencia.cl/dsign/cgi/sdoc.exe/sdoc/document?id=civDWKJQH2GZQqfs0ze2WA%3D%3D,b74788038ecb7b4a6ac1adf9734c984be199b8ae67424294ce20966672dc00d8,Texto original municipal firmado digitalmente (Sobre derechos municipales)
MUNI-PROV-0336,MUNICIPAL_TRANSPARENCIA,2010-05-28,2010,89,modificacion,"Sobre derechos municipales N° 89: Modifícase la Ordenanza Nº22 de 28 de Diciembre de 2001, ""Ordenanza Local sobre Derechos Municipales que rige para el año 2010"", aprobado por  EX2669 de 2009, sustituyendo el Nº28 del Art",Derechos Municipales y Tarifas,http://firma.providencia.cl/dsign/cgi/sdoc.exe/sdoc/document?id=nMhgozi%2FbVC8CN8F0BVHvA%3D%3D,989e468dbe8f7dbcf50bc0fc5055c025c387610e1eafc4cc3bc8c987eae23321,Texto original municipal firmado digitalmente (Sobre derechos municipales)
MUNI-PROV-0337,MUNICIPAL_TRANSPARENCIA,2011-12-26,2011,2466,texto_refundido,"Sobre derechos municipales N° 2466: Fíjase el texto refundido y sistematizado de la Ordenanza Nº22 de 28 de Dicimebre de 2011 y sus modificaciones ""Ordenanza Local sobre Derechos Municipales"" que regirá para el año 2012",Derechos Municipales y Tarifas,http://firma.providencia.cl/dsign/cgi/sdoc.exe/sdoc/document?id=QZ19Qe2kha5v58rEpyztXA%3D%3D,5acc728f55ce36841a6af2dc23a8b280fd261f6207ba3ca6053d952334dc6668,Texto original municipal firmado digitalmente (Sobre derechos municipales)
MUNI-PROV-0338,MUNICIPAL_TRANSPARENCIA,2011-10-20,2011,114,ordenanza_base,Sobre derechos municipales N° 114: Ordenanza Nº114 de 20,Derechos Municipales y Tarifas,http://firma.providencia.cl/dsign/cgi/sdoc.exe/sdoc/document?id=o6LDwvqZ7BmNXETbRpPagg%3D%3D,e2595524093b42d7a44402dc0861042d33f2ee8b473f33c09b00b005783914b8,Texto original municipal firmado digitalmente (Sobre derechos municipales)
MUNI-PROV-0339,MUNICIPAL_TRANSPARENCIA,2011-10-07,2011,109,texto_refundido,"Sobre derechos municipales N° 109: Modifícase la Ordenanza Nº22 de 28 de diciembre de 2011 ""Ordenanza Local sobre Derechos Municipales"", que rige para el año 2011, cuyo texto refundido y sistematizado fue aprobado por Decreto Alcaldicio EXNº2",Derechos Municipales y Tarifas,http://firma.providencia.cl/dsign/cgi/sdoc.exe/sdoc/document?id=87wRLNEi3uTiuMnNqIfEBw%3D%3D,d764fc6c6aa38529641e9388bf63f898b80a0d17d683292ede6d01a94418df3e,Texto original municipal firmado digitalmente (Sobre derechos municipales)
MUNI-PROV-0340,MUNICIPAL_TRANSPARENCIA,2011-09-15,2011,106,texto_refundido,"Sobre derechos municipales N° 106: Modifícase la Ordenanza Nº22 de 28 de Diciembre de 2011 ""Ordenanza Local sobre Derechos Municipales que rige para el año 2011"", cuyo texto refundido y sistematizado fue aprobado por Decreto Alcaldicio EXNº2361 de 20 de Diciembre de 2010",Derechos Municipales y Tarifas,http://firma.providencia.cl/dsign/cgi/sdoc.exe/sdoc/document?id=Ckb%2Bb9uS7rTSH789c1K2zw%3D%3D,efbbd8f23736457d5d142977021073349e37f4365c5912e7fab5da51b0577596,Texto original municipal firmado digitalmente (Sobre derechos municipales)
MUNI-PROV-0341,MUNICIPAL_TRANSPARENCIA,2011-07-28,2011,103,texto_refundido,"Sobre derechos municipales N° 103: Modifícase la Ordenanza Nº22 de 28 de Diciembre de 2011 la ""Ordenanza Local sobre Derechos Municipales que rige para el año 2011"", cuyo texto refundido y sistematizado fue aprobado pro Decreto Alcaldicio EXNº2",Derechos Municipales y Tarifas,http://firma.providencia.cl/dsign/cgi/sdoc.exe/sdoc/document?id=PiLNZHuMBupNFS7POBhHmQ%3D%3D,b1571df5e88e0e90751f21a865298a69c768a56edcb17208418ac40360e52bb1,Texto original municipal firmado digitalmente (Sobre derechos municipales)
MUNI-PROV-0342,MUNICIPAL_TRANSPARENCIA,2011-05-17,2011,102,ordenanza_base,"Sobre derechos municipales N° 102: Modifícase la ordenanza Nº22 de 28 de Diciembre de 2001 ""Ordenanza Local Sobre Derecho Municipales que rige para el año 2011""",Derechos Municipales y Tarifas,http://firma.providencia.cl/dsign/cgi/sdoc.exe/sdoc/document?id=rm2jg94nRuSPj217QcEcMA%3D%3D,747231af8687001acaed8dbcef11157451d17635061d81b84578958b28b72b27,Texto original municipal firmado digitalmente (Sobre derechos municipales)
MUNI-PROV-0343,MUNICIPAL_TRANSPARENCIA,2011-04-19,2011,101,texto_refundido,Sobre derechos municipales N° 101: Modifícase la Ordenanza Nº22 de 28,Derechos Municipales y Tarifas,http://firma.providencia.cl/dsign/cgi/sdoc.exe/sdoc/document?id=D%2F7fA4AYdvhi9FcR%2BjfxAQ%3D%3D,b7502ae0840bdc68af8188786f7e795da9d19e1e151a2a7ff7999bc5970fdd1e,Texto original municipal firmado digitalmente (Sobre derechos municipales)
MUNI-PROV-0344,MUNICIPAL_TRANSPARENCIA,2012-11-09,2012,2304,texto_refundido,Sobre derechos municipales N° 2304: Fíjase el siguiente texto refundido y sistematizado de la Ordenanza Nº22 de 28,Derechos Municipales y Tarifas,http://firma.providencia.cl/dsign/cgi/sdoc.exe/sdoc/document?id=%2Bte0GpssGRw%2BVIB29%2BnOTA%3D%3D,b5518aaada103131482b548cdc31c0076a9b334c4b4484b572a3d2ed4fd703c4,Texto original municipal firmado digitalmente (Sobre derechos municipales)
MUNI-PROV-0345,MUNICIPAL_TRANSPARENCIA,2012-10-23,2012,120,texto_refundido,"Sobre derechos municipales N° 120: Modifícase la Ordenanza Nº22 de 28 de Diciembre de 2001 ""Ordenanza local sobre derechos municipales"", que rige para el año 2012, cuyo texto refundido y sistematizado fue aprobado por Decreto Alcaldicio EX",Derechos Municipales y Tarifas,http://firma.providencia.cl/dsign/cgi/sdoc.exe/sdoc/document?id=LKM2BikhM5TuWj8nUdnQgA%3D%3D,1ee0462a71ea60b9389ba952f03afbc027955e46fee196ee2651a7e6b2a2e82d,Texto original municipal firmado digitalmente (Sobre derechos municipales)
MUNI-PROV-0346,MUNICIPAL_TRANSPARENCIA,2012-10-16,2012,119,ordenanza_base,Sobre derechos municipales N° 119: Modifícase la Ordenanza Nº22 de 28,Derechos Municipales y Tarifas,http://firma.providencia.cl/dsign/cgi/sdoc.exe/sdoc/document?id=V8%2B7c%2BWhwMWw%2B4ujyL6N6w%3D%3D,92cb6ec0d9a79eec0b364d193a0bcefd546f99f347e2c0163b07dabca090b3b5,Texto original municipal firmado digitalmente (Sobre derechos municipales)
MUNI-PROV-0347,MUNICIPAL_TRANSPARENCIA,2012-07-06,2012,117,texto_refundido,Sobre derechos municipales N° 117: Modificase la Ordenanza Nº22 DE 28,Derechos Municipales y Tarifas,http://firma.providencia.cl/dsign/cgi/sdoc.exe/sdoc/document?id=Bnp7A4CrDsQhq4UTbpbogA%3D%3D,ae24031bf064654eb78f55e87c8a95e0c101171ab155db8f4e75b87d1f5b5127,Texto original municipal firmado digitalmente (Sobre derechos municipales)
MUNI-PROV-0348,MUNICIPAL_TRANSPARENCIA,2012-03-19,2012,115,ordenanza_base,Sobre derechos municipales N° 115: Modifícase la Ordenanza Nº22 de 28,Derechos Municipales y Tarifas,http://firma.providencia.cl/dsign/cgi/sdoc.exe/sdoc/document?id=5QmL2%2Ff9QTVtTSnmZKV3Sg%3D%3D,091acfac4904e47932c14430ec8f6f48b140e7b8e06efb3a9665ce6f8adbe2c5,Texto original municipal firmado digitalmente (Sobre derechos municipales)
MUNI-PROV-0349,MUNICIPAL_TRANSPARENCIA,2013-12-17,2013,2590,texto_refundido,Sobre derechos municipales N° 2590: Texto refundido Ordenanza de Derechos Municipales,Derechos Municipales y Tarifas,http://firma.providencia.cl/dsign/cgi/sdoc.exe/sdoc/document?id=ZUmQFgSu9s4j2BA5Amfwmw%3D%3D,027e5337a8e32bc24e955cd2e4a178e904d0497bda2a6505a1b37d62401cd5b1,Texto original municipal firmado digitalmente (Sobre derechos municipales)
MUNI-PROV-0350,MUNICIPAL_TRANSPARENCIA,2013-10-29,2013,124,texto_refundido,"Sobre derechos municipales N° 124: Modifícase la Ordenanza Nº22 de 28 de Diciembre de 2001 ""Ordenanza local sobre derechos municipales"", que rige para el año 2013, cuyo texto refundido y sistematizado fue aprobado por Decreto Alcaldicio EX",Derechos Municipales y Tarifas,http://firma.providencia.cl/dsign/cgi/sdoc.exe/sdoc/document?id=BMKfimm62zHEQZG5kp5jhA%3D%3D,0759b0dc6cda4e8381242f2b6f22e73c9809ca06cc81686c12e04c55dd863797,Texto original municipal firmado digitalmente (Sobre derechos municipales)
MUNI-PROV-0351,MUNICIPAL_TRANSPARENCIA,2014-12-23,2014,2547,texto_refundido,Sobre derechos municipales N° 2547: Fíjase el siguiente texro refundido y sistematizado de la Ordenanza N°22 de 28,Derechos Municipales y Tarifas,http://firma.providencia.cl/dsign/cgi/sdoc.exe/sdoc/document?id=LvyGcRzurzBYlu9oTHgshg%3D%3D,8ed70a5ddd08f6b7b434b511199ba5f96be9c2f0fda2b2b3ba847999c34a0aa1,Texto original municipal firmado digitalmente (Sobre derechos municipales)
MUNI-PROV-0352,MUNICIPAL_TRANSPARENCIA,2014-10-29,2014,134,texto_refundido,"Sobre derechos municipales N° 134: Modifícase la Ordenanza Nº22 de 28 de Diciembre de 2001 ""Ordenanza Local sobre Derechos Municipales"", que rige para el año 2014, cuyo texto refundido y sistematizado fue fijado por Decreto Alcaldicio EXNº2590 de 17 de Diciembre de 2013",Derechos Municipales y Tarifas,http://firma.providencia.cl/dsign/cgi/sdoc.exe/sdoc/document?id=s97J7Ndck9%2FCW3WfIaJlrQ%3D%3D,b1f202cf95a83fd0c700defb234f4beaee321d9797727acf41bb4de1a0a77a2b,Texto original municipal firmado digitalmente (Sobre derechos municipales)
MUNI-PROV-0353,MUNICIPAL_TRANSPARENCIA,2015-12-22,2015,2103,texto_refundido,"Sobre derechos municipales N° 2103: Fijase el siguiente texto refundido y sistematizado de la Ordenanza N°22 de 28 de Diciembre de 2001 y sus modificaciones ""Ordenanza local sobre Derechos Municipales"", que regirá para el año 2016",Derechos Municipales y Tarifas,http://firma.providencia.cl/dsign/cgi/sdoc.exe/sdoc/document?id=0xk%2Btju%2FEOmMvWVavhUCwA%3D%3D,9bd73fb4165dfcba0fd6f4cd27bb4a50f6f023a39501cc36c95f3f04639902d1,Texto original municipal firmado digitalmente (Sobre derechos municipales)
MUNI-PROV-0354,MUNICIPAL_TRANSPARENCIA,2015-11-05,2015,142,ordenanza_base,Sobre derechos municipales N° 142 - Sobre derechos municipales,Derechos Municipales y Tarifas,http://firma.providencia.cl/dsign/cgi/sdoc.exe/sdoc/document?id=C5HYvE9QrecS87qgDsCB8Q%3D%3D,a42ff8b610da05995c7bac1278b6980ef7a3548de8f235057c1aec47b95c2ab5,Texto original municipal firmado digitalmente (Sobre derechos municipales)
MUNI-PROV-0355,MUNICIPAL_TRANSPARENCIA,2015-10-27,2015,142,texto_refundido,"Sobre derechos municipales N° 142: Modifícase la Ordenanza N°22 de 28 de Diciembre de 2001 ""Ordenanza Local Sobre Derechos Municipales"" que rige para el año 2015, cuyo texto refundido y sistematizado fue fijado por Decreto Alcaldicio EX",Derechos Municipales y Tarifas,http://firma.providencia.cl/dsign/cgi/sdoc.exe/sdoc/document?id=jc5v3F%2FOGRL%2BEG7JkoQXYg%3D%3D,c87f9392795eb7a60f30fec35396d54d88d6060c986e16b9e076c41b63b2d3b9,Texto original municipal firmado digitalmente (Sobre derechos municipales)
MUNI-PROV-0356,MUNICIPAL_TRANSPARENCIA,2015-08-10,2015,139,texto_refundido,Sobre derechos municipales N° 139: Modifícase la Ordenanza Nº22 de 28,Derechos Municipales y Tarifas,http://firma.providencia.cl/dsign/cgi/sdoc.exe/sdoc/document?id=iC1plLEZasXJwPQAGwtVBg%3D%3D,931a0053e23b2c681543b11a6238558bf92cfd3673867f336b888e8c5429833b,Texto original municipal firmado digitalmente (Sobre derechos municipales)
MUNI-PROV-0357,MUNICIPAL_TRANSPARENCIA,2016-11-30,2016,2031,texto_refundido,Sobre derechos municipales N° 2031: Fíjase el texto refundido y sistematizado de la Ordenanza Local sobre Derechos Municipals que regirá para el año 2017,Derechos Municipales y Tarifas,http://firma.providencia.cl/dsign/cgi/sdoc.exe/sdoc/document?id=ongXoU3z%2FqeaaLrqp386DQ%3D%3D,bdea9c49546939b81fb8ec297c16a7c246d8d36b5eb93fb4d7676f4337e5c1e1,Texto original municipal firmado digitalmente (Sobre derechos municipales)
MUNI-PROV-0358,MUNICIPAL_TRANSPARENCIA,2016-10-27,2016,153,ordenanza_base,"Sobre derechos municipales N° 153: Modifícase la ""Ordenanza Local Sobre Derechos Municipales, que rige para el año 2016, en lo que se indica",Derechos Municipales y Tarifas,http://firma.providencia.cl/dsign/cgi/sdoc.exe/sdoc/document?id=U0DVSm2ozEmToiD1y%2BC25w%3D%3D,d455bd30756fb7384e711cd8d61e4e3d4f93e60e0c50129a72c271b71dcfc92d,Texto original municipal firmado digitalmente (Sobre derechos municipales)
MUNI-PROV-0359,MUNICIPAL_TRANSPARENCIA,2016-08-24,2016,151,texto_refundido,"Sobre derechos municipales N° 151: Modíficase la ""Ordenanza Local Sobre Derechos Municipales"" que rige para el año 2016, cuyo texto refundido y sistematizado fue fijado por Decreto Alcaldicio EX",Derechos Municipales y Tarifas,http://firma.providencia.cl/dsign/cgi/sdoc.exe/sdoc/document?id=Z2legKYT9yZsL4gNi7jfOQ%3D%3D,4dd0fcc7d011facb88edaee8fc6a5574bc1b909b23b86febe0d8fb249a395ca2,Texto original municipal firmado digitalmente (Sobre derechos municipales)
MUNI-PROV-0360,MUNICIPAL_TRANSPARENCIA,2016-05-16,2016,148,texto_refundido,"Sobre derechos municipales N° 148: Modifícase la Ordenanza N°22 de 28 de Diciembre de 2001 ""Ordenanza local sobre Derechos Municipales"", que rige para el año 2016, cuyo texto y refundido y sistematizado fue fijado por EX",Derechos Municipales y Tarifas,http://firma.providencia.cl/dsign/cgi/sdoc.exe/sdoc/document?id=ymN9z4t2TO4NEmYiAtNTNQ%3D%3D,4d7d95116e6e84af9d9d097784b67bcc2ad089df82a23275b054906da8e63178,Texto original municipal firmado digitalmente (Sobre derechos municipales)
MUNI-PROV-0361,MUNICIPAL_TRANSPARENCIA,2016-02-24,2016,146,ordenanza_base,Sobre derechos municipales N° 146: Modifícase la Ordenanza N°22 de 28,Derechos Municipales y Tarifas,http://firma.providencia.cl/dsign/cgi/sdoc.exe/sdoc/document?id=afPMCoGlcB8MpRL3dJqyIg%3D%3D,a167c526e563c83231a179c8d4be3b23fec0c7298250892ccfa377720988ebfa,Texto original municipal firmado digitalmente (Sobre derechos municipales)
MUNI-PROV-0362,MUNICIPAL_TRANSPARENCIA,2016-02-24,2016,17,extracto_do,Sobre derechos municipales N° 17 - Sobre derechos municipales,Derechos Municipales y Tarifas,http://firma.providencia.cl/dsign/cgi/sdoc.exe/sdoc/document?id=kCBZnM0C%2BquZq%2FwL%2Blbq9g%3D%3D,0f12180f6aa997f1243a4587fa1dbe5bb44fdafc17dd6240c61016198ed2ed1a,Texto original municipal firmado digitalmente (Sobre derechos municipales)
MUNI-PROV-0363,MUNICIPAL_TRANSPARENCIA,2017-11-15,2017,160,ordenanza_base,"Sobre derechos municipales N° 160: Modifícase el N°1 de la Ordenanza N°159 de 31 de Octubre de 2017, mediante la cual se modificó la ""Ordenanza Local sobre Decrechos Municipales"" que rige para el año 2017, en el siguiente sentido",Derechos Municipales y Tarifas,http://firma.providencia.cl/dsign/cgi/sdoc.exe/sdoc/document?id=9NSsupMBUltC3ttaPMM9Ig%3D%3D,1f712773aaece95dee3e5829ada5c5f6a5bc1b875f5034f10da2c6a99cc1b4e3,Texto original municipal firmado digitalmente (Sobre derechos municipales)
MUNI-PROV-0364,MUNICIPAL_TRANSPARENCIA,2017-10-31,2017,159,texto_refundido,"Sobre derechos municipales N° 159: Modifícase la ""Ordenanza local sobre derechos municipales"" que rige para el año 2017, cuyo texto refundido y sistematizado fue fijado por Decreto Alcaldicio EX",Derechos Municipales y Tarifas,http://firma.providencia.cl/dsign/cgi/sdoc.exe/sdoc/document?id=fdFyN1Y3pQmhSY2xwbcIvQ%3D%3D,b3c827fe2362b4f0d07537a805d0254fa166a362b6dd6b2449eed6d24788c32e,Texto original municipal firmado digitalmente (Sobre derechos municipales)
MUNI-PROV-0365,MUNICIPAL_TRANSPARENCIA,2017-10-30,2017,158,texto_refundido,"Sobre derechos municipales N° 158: Modifícase la ""Ordenanza Local sobre Derechos Municipales"" que rige para el año 2017, cuyo texto refundido y sistematizado fue fijado por Decreto Alcaldicio EX",Derechos Municipales y Tarifas,http://firma.providencia.cl/dsign/cgi/sdoc.exe/sdoc/document?id=l7yhM4jWXmE9kFzzIi%2F42g%3D%3D,36b8e41cece0e3924029307f41dfd47f7d0a34b4938d59af61da088b6b582559,Texto original municipal firmado digitalmente (Sobre derechos municipales)
MUNI-PROV-0366,MUNICIPAL_TRANSPARENCIA,2018-12-13,2018,1855,texto_refundido,"Sobre derechos municipales N° 1855: Fíjase el siguiente texto refundido y sistematizado de la "" ORDENANZA LOCAL SOBRE DERECHOS MUNICIPALES"" que regirá en el año 2019",Derechos Municipales y Tarifas,http://firma.providencia.cl/dsign/cgi/sdoc.exe/sdoc/document?id=Wh54sOg7BQzkTEdJTEUf2Q%3D%3D,c56322df59d3b4d9bd92dbc209074e2cf85998ab555c3bc958483ac86fb5b39a,Texto original municipal firmado digitalmente (Sobre derechos municipales)
MUNI-PROV-0367,MUNICIPAL_TRANSPARENCIA,2018-10-31,2018,171,texto_refundido,"Sobre derechos municipales N° 171: Modifícase la Ordenana Local sobre Derechos Municipales que rige para el año 2018, cuyo texto refundido y sistematizado fue fijado por  Decreto Alcaldicio EXN°12 de 9",Derechos Municipales y Tarifas,http://firma.providencia.cl/dsign/cgi/sdoc.exe/sdoc/document?id=XwdTxmsODAbH1gDia1KXfA%3D%3D,546cea91f87c300a37e9150a18ba9fc2824ce43f24c2246e93cebc9c89e502a7,Texto original municipal firmado digitalmente (Sobre derechos municipales)
MUNI-PROV-0368,MUNICIPAL_TRANSPARENCIA,2018-07-11,2018,165,texto_refundido,"Sobre derechos municipales N° 165: Rectifícase la ""OrdenanzaLocal sobre Derechos Municipales"" que rige para el año 2018, cuyo texto refundido y sistematizado fue fijado por Decreto Alcaldicio EX",Derechos Municipales y Tarifas,http://firma.providencia.cl/dsign/cgi/sdoc.exe/sdoc/document?id=LArPxjAoGtcR7o8rS5kp6A%3D%3D,1e84d6ef2a794fd20aec71d81d49653e314c531f09917a1707b044a73da40e54,Texto original municipal firmado digitalmente (Sobre derechos municipales)
MUNI-PROV-0369,MUNICIPAL_TRANSPARENCIA,2018-06-12,2018,164,texto_refundido,"Sobre derechos municipales N° 164: Modifícase la Ordenanza Local sobre Derechos Municipales que rige para el año 2018, texto refundido y sistematizado por EXN°12 de 9 de Eero de 2018 en el sentido de agregar inciso al final del art",Derechos Municipales y Tarifas,http://firma.providencia.cl/dsign/cgi/sdoc.exe/sdoc/document?id=dgopKQgyk86JsUgjIWqx1w%3D%3D,6270544edba0617bad171390fed89c5c3fa687dbbb8a5c1e4e251ff0404a528e,Texto original municipal firmado digitalmente (Sobre derechos municipales)
MUNI-PROV-0370,MUNICIPAL_TRANSPARENCIA,2018-01-09,2018,12,texto_refundido,"Sobre derechos municipales N° 12: Fíjase el siguiente texto refundido y sistematizado de la ""Ordenanza Local Sobre Derechos Municipales"" que regirá en el año 2018",Derechos Municipales y Tarifas,http://firma.providencia.cl/dsign/cgi/sdoc.exe/sdoc/document?id=XE%2FFUlCoVwF4BaS36atN%2BA%3D%3D,a4408afc7b4d70568042933e1ed5246b32fcb6da5c2988e3456a1cc4a31fc8af,Texto original municipal firmado digitalmente (Sobre derechos municipales)
MUNI-PROV-0371,MUNICIPAL_TRANSPARENCIA,2019-12-18,2019,1966,texto_refundido,"Sobre derechos municipales N° 1966: Fíjase el siguiente tecto refundido y sistematizado de la ""Ordenanza Local Sobre Derechos Municipales"" que regirá en el año 2020",Derechos Municipales y Tarifas,http://firma.providencia.cl/dsign/cgi/sdoc.exe/sdoc/document?id=sTGkMghAzU%2BDnIjbEjFlAQ%3D%3D,443b6e5cb81164d4058e3ad637b55c56193d877b929a09520c2e87999e0c7806,Texto original municipal firmado digitalmente (Sobre derechos municipales)
MUNI-PROV-0372,MUNICIPAL_TRANSPARENCIA,2019-10-30,2019,187,texto_refundido,"Sobre derechos municipales N° 187: Modifícase la Ordenanza Local Sobre Derechos Municipales, que rige para el año 2019, cuyo texto refundido y sistematizado fue fijado por EXN°1",Derechos Municipales y Tarifas,http://firma.providencia.cl/dsign/cgi/sdoc.exe/sdoc/document?id=VvfD5iv82C%2FnpUfV%2Btr4fw%3D%3D,5246c08c715168dc0a0a91a4c680b20f5255427b5707d1d0235e19c3a1e6cce9,Texto original municipal firmado digitalmente (Sobre derechos municipales)
MUNI-PROV-0373,MUNICIPAL_TRANSPARENCIA,2019-06-10,2019,183,ordenanza_base,"Sobre derechos municipales N° 183: Modifícase la ORDENANZA LOCAL SOBRE DERECHOS MUNICIPALES, que rige para el año 2019",Derechos Municipales y Tarifas,http://firma.providencia.cl/dsign/cgi/sdoc.exe/sdoc/document?id=o0u%2B2nOgXBwAL%2BNv27fUFA%3D%3D,95b7800400a2a52e9e94c6bfdfe688e77021d02a8ca0309b11adc89c359916b4,Texto original municipal firmado digitalmente (Sobre derechos municipales)
MUNI-PROV-0374,MUNICIPAL_TRANSPARENCIA,2019-04-08,2019,180,ordenanza_base,"Sobre derechos municipales N° 180: Modifícase la ""Ordenanza Local sobre Derechos muncipales"" que rige para el año 2019",Derechos Municipales y Tarifas,http://firma.providencia.cl/dsign/cgi/sdoc.exe/sdoc/document?id=dRCpY1vat6ezNRTj1HxxPA%3D%3D,15f3fdd95e2e53b97c6c51424681bde18645916cd4f5e1598edef344dec7be46,Texto original municipal firmado digitalmente (Sobre derechos municipales)
MUNI-PROV-0375,MUNICIPAL_TRANSPARENCIA,2019-01-25,2019,178,texto_refundido,"Sobre derechos Municipales N° 178: Modifícase la Ordenanza Local de Derechos Municipales"" que rige para el año 2019, cuyo texto refundido y sistematizado fue fijado por Decreto Alcaldicio EX",Derechos Municipales y Tarifas,http://firma.providencia.cl/dsign/cgi/sdoc.exe/sdoc/document?id=4fFPrHWs7xGosSZ%2Bw471uQ%3D%3D,2e7f17e2029054a3f154d5772a29199489bc7fcb0caf10d2f2b3ca7c7b0943e7,Texto original municipal firmado digitalmente (Sobre derechos municipales)
MUNI-PROV-0376,MUNICIPAL_TRANSPARENCIA,2020-12-22,2020,205,texto_refundido,"Sobre derechos municipales N° 205: Modifícase la Ordenanza Local sobre Derechos Municipales que rige para el año 2020, cuyo texto refundido y sistematizado fue fijado por EX N°1",Derechos Municipales y Tarifas,http://firma.providencia.cl/dsign/cgi/sdoc.exe/sdoc/document?id=0f0v64s3Y2lPY4zBwfcqIg%3D%3D,c33397872743179e85ed2b19f688b4d24ecd2a5c81afdb06af47f6f4d7a453e6,Texto original municipal firmado digitalmente (Sobre derechos municipales)
MUNI-PROV-0377,MUNICIPAL_TRANSPARENCIA,2020-10-28,2020,203,texto_refundido,"Sobre derechos municipales N° 203: Modifícase la ""Ordenanza Local sobre Derechos Municipales""que rige para el año 2020, cuyo texto refundido y sistematizado fue fijado por Decreto Alcaldicio EX",Derechos Municipales y Tarifas,http://firma.providencia.cl/dsign/cgi/sdoc.exe/sdoc/document?id=jfbSVs18zrQStbg%2FlZ4ERw%3D%3D,5e9966da2151332483ae6a31c3623ea8b9596c7c21bd5a986cc0eaa182069143,Texto original municipal firmado digitalmente (Sobre derechos municipales)
MUNI-PROV-0378,MUNICIPAL_TRANSPARENCIA,2020-06-23,2020,200,texto_refundido,"Sobre derechos municipales N° 200: Incorpórase a la Ordenanza Local sobre Derechos Municipales"", que rige para el año 2020, cuyo texto refundido y sistematizado fue fijado por Decreto Alcaldicio EX",Derechos Municipales y Tarifas,http://firma.providencia.cl/dsign/cgi/sdoc.exe/sdoc/document?id=6gxjqboe48NpbEowKQOStg%3D%3D,572169f3e2f6140d51970b1f745b8c5f1f42e5dbd5276ff1f0a80a328dfa1f5d,Texto original municipal firmado digitalmente (Sobre derechos municipales)
MUNI-PROV-0379,MUNICIPAL_TRANSPARENCIA,2020-04-21,2020,195,texto_refundido,"Sobre derechos municipales N° 195: Modifícase la Ordenanza Local sobre Derechos Municipales , que rige para el año 2020 , cuyo texto refundido y sistematizado fue fijado por EXN°1",Derechos Municipales y Tarifas,http://firma.providencia.cl/dsign/cgi/sdoc.exe/sdoc/document?id=ZRxq%2F%2BV12Ux6Ss52SZltvw%3D%3D,a269e8b37e0666b64919a24257954c73182a92a79ac48b5a514fd4008bf515f5,Texto original municipal firmado digitalmente (Sobre derechos municipales)
MUNI-PROV-0380,MUNICIPAL_TRANSPARENCIA,2021-12-29,2021,1991,texto_refundido,"Sobre derechos municipales N° 1991: Fíjase el siguiente texto refundido y sistematizado de la Ordenanza Local sobre Derechos Municipales, que regirá para el año 2022",Derechos Municipales y Tarifas,http://firma.providencia.cl/dsign/cgi/sdoc.exe/sdoc/document?id=8fJ%2BfHoOlARpRouMpiKrjw%3D%3D,c62113f3704d294ed8d9879555aa5788144fb1ffbf415906d6ac343039d50ccd,Texto original municipal firmado digitalmente (Sobre derechos municipales)
MUNI-PROV-0381,MUNICIPAL_TRANSPARENCIA,2021-10-28,2021,210,texto_refundido,"Sobre derechos municipales N° 210: Modifícase la Ordenanza Local sobre Derechos Municipales, que rige para el año 2021, cuyo texto refundido y sistematizado fue fijado por Decreto Alcaldicio EXN°1 de 5 de Enero de 2021",Derechos Municipales y Tarifas,http://firma.providencia.cl/dsign/cgi/sdoc.exe/sdoc/document?id=4aqmrV9aAqSXsDvkBsh0Og%3D%3D,8bf948476b6b195a57af19c384b7b12c83fb36c82bc0424b9f1c3b0529aac457,Texto original municipal firmado digitalmente (Sobre derechos municipales)
MUNI-PROV-0382,MUNICIPAL_TRANSPARENCIA,2021-01-05,2021,1,texto_refundido,"Sobre derechos municipales N° 1: Fíjase el siguiente texto refundido y sistematizado de la Ordenanza Local sobre Derechos Municipales, que regirá en el año 2021",Derechos Municipales y Tarifas,http://firma.providencia.cl/dsign/cgi/sdoc.exe/sdoc/document?id=6NuJtxqH41y1AyuNXgJEDA%3D%3D,ffda23cb4f571a0c88a3ef13f7c82d2b5dd07f843d0ef3c5c0bf28716ce168a6,Texto original municipal firmado digitalmente (Sobre derechos municipales)
MUNI-PROV-0383,MUNICIPAL_TRANSPARENCIA,2022-12-22,2022,1859,texto_refundido,"Sobre derechos municipales N° 1859: Fíjase el siguiente texto refundido y sistematizado de la ""ORDENANZA LOCAL SOBRE DERECHOS MUNICIPALES"" que regirá en el año 2023",Derechos Municipales y Tarifas,http://firma.providencia.cl/dsign/cgi/sdoc.exe/sdoc/document?id=bDEUYsJh4G0%2BC1rk1EIv1Q%3D%3D,bd732b21933fc202b6d0291557d0098839a4223556083bcfb8eb587d600e865a,Texto original municipal firmado digitalmente (Sobre derechos municipales)
MUNI-PROV-0384,MUNICIPAL_TRANSPARENCIA,2022-10-26,2022,215,ordenanza_base,"Sobre derechos municipales N° 215: Modifícase la ""Ordenanza Local Sobre Derechos Municipales"" que rige para el año 2022",Derechos Municipales y Tarifas,http://firma.providencia.cl/dsign/cgi/sdoc.exe/sdoc/document?id=NJsyANdmraG3RpreuPbPiQ%3D%3D,6dfaa06ec6a4bf6d88d6f626dc688f6fce59cea4fabb5827e0312a400b524fa0,Texto original municipal firmado digitalmente (Sobre derechos municipales)
MUNI-PROV-0385,MUNICIPAL_TRANSPARENCIA,2022-08-31,2022,213,texto_refundido,"Sobre derechos municipales N° 213: Modifícase la Ordenanza Local sobre Derechos Municipales, que rige paera el año 2022",Derechos Municipales y Tarifas,http://firma.providencia.cl/dsign/cgi/sdoc.exe/sdoc/document?id=QyCQpY1DbF6fVOCm4w0TgQ%3D%3D,b59489956dd573ccb040d7e9853973d6f0b6828840f49212bf590adc47491337,Texto original municipal firmado digitalmente (Sobre derechos municipales)
MUNI-PROV-0386,MUNICIPAL_TRANSPARENCIA,2023-12-28,2023,230,ordenanza_base,"Ordenanza N° 230: Modifícase la Ordenanza N°228 de 26 de octubre de 2023, sobre ""ORDENANZA LOCAL SOBRE DERECHOS MUNICIPALES""",Derechos Municipales y Tarifas,http://firma.providencia.cl/dsign/cgi/sdoc.exe/sdoc/document?id=JqhaGTfe3VEIWhCkgDHjXg%3D%3D,9bb4e3b6635f8772a70fa06d84fa2f81a51974a4261f716d7cd767f295a15aa2,Texto original municipal firmado digitalmente (Sobre derechos municipales)
MUNI-PROV-0387,MUNICIPAL_TRANSPARENCIA,2023-12-22,2023,1927,texto_refundido,"Decreto Exento N° 1927: Fíjase el siguienté texto refundido y sistematizado de la ""ORDENANZA LOCAL SOBRE DERECHOS MUNICIPALES"" que regirá en el año 2024",Derechos Municipales y Tarifas,http://firma.providencia.cl/dsign/cgi/sdoc.exe/sdoc/document?id=naKE%2B0YUaVw3BknsA6UOQw%3D%3D,696472fe190305e0ed6939a9879b489d03926696b6ee0c2cb64ce22718b6841f,Texto original municipal firmado digitalmente (Sobre derechos municipales)
MUNI-PROV-0388,MUNICIPAL_TRANSPARENCIA,2023-10-26,2023,228,texto_refundido,"Ordenanzas N° 228: Modificase la ""ORDENANZA LOCAL SOBRE DERECHO MUNICIPALES"" que rige para el año 2023, cuyo texto refundido y sistematizado fue fijado por Decreto Alcaldicio EX",Derechos Municipales y Tarifas,http://firma.providencia.cl/dsign/cgi/sdoc.exe/sdoc/document?id=TQLJkQkQs07WBFrpjok7xw%3D%3D,7bcd2f32ef005932438c8e0e5c691a948eb22ffe0ff1d4220c57669a0c9ea743,Texto original municipal firmado digitalmente (Sobre derechos municipales)
MUNI-PROV-0389,MUNICIPAL_TRANSPARENCIA,2023-10-24,2023,227,modificacion,"Ordenanza N° 227: Sustitúyase en el punto 1 de la Ordenanza N°218 de 14 de febrero de 2023, el porcentaje ""80%"" por ""20%""",Derechos Municipales y Tarifas,http://firma.providencia.cl/dsign/cgi/sdoc.exe/sdoc/document?id=5dEVp3ZiWpZ7rDM57xT8UA%3D%3D,ab191dd8c7799df7ca57883bdc81155b299ae16e42b75d974f7301a38155f1d8,Texto original municipal firmado digitalmente (Sobre derechos municipales)
MUNI-PROV-0390,MUNICIPAL_TRANSPARENCIA,2023-05-25,2023,219,texto_refundido,"Ordenanza N° 219: Modifícase la ORDENANZA LOCAL SOBRE DERECHOS MUNICIPALES que rige paera el año 2023, texto refundido EXN°1",Derechos Municipales y Tarifas,http://firma.providencia.cl/dsign/cgi/sdoc.exe/sdoc/document?id=Xx7aI%2BlUgWoULM3U3rsRTg%3D%3D,5a4aa881115216642cf7554c179fadd357e0a1845aa69d20e75c031530f65884,Texto original municipal firmado digitalmente (Sobre derechos municipales)
MUNI-PROV-0391,MUNICIPAL_TRANSPARENCIA,2023-02-14,2023,218,texto_refundido,"Ordenanza N° 218: Modifícase la ""ORDENANZA LOCAL SOBRE DERECHOS MUNICIPALES"" que rige para el año 2023, cuyo texto refundido y sistematizado fue fijado por EX",Derechos Municipales y Tarifas,http://firma.providencia.cl/dsign/cgi/sdoc.exe/sdoc/document?id=4YjoJQqsLGS%2BfWHTW1o8WQ%3D%3D,5f2672b94ebf77da0a03ded78d26af0ae3eaabfa78f80fa270c81b9e5b21e977,Texto original municipal firmado digitalmente (Sobre derechos municipales)
MUNI-PROV-0392,MUNICIPAL_TRANSPARENCIA,2024-12-17,2024,1842,texto_refundido,"Decreto Exento N° 1842: Fíjase el siguiente texto refundido y sistematizado de la ""ORDENANZA LOCAL SOBRE DERECHOS MUNICIPALES"" que regirá en el año 2025",Derechos Municipales y Tarifas,http://firma.providencia.cl/dsign/cgi/sdoc.exe/sdoc/document?id=awuLymOtT7c0bFHKGDoptA%3D%3D,660fb30f777174282859c84a709eab048877c8637ed9599c0a35d8876d621fe7,Texto original municipal firmado digitalmente (Sobre derechos municipales)
MUNI-PROV-0393,MUNICIPAL_TRANSPARENCIA,2024-10-29,2024,234,texto_refundido,"Ordenanza N° 234: Modifícase la ORDENANZA LOCAL SOBRE DERECHOS MUNICIPALES"" que rige para el año 2024, cuyomtexto refundido y sistematizado fue fijado por Decreto AlcaldicioEX",Derechos Municipales y Tarifas,http://firma.providencia.cl/dsign/cgi/sdoc.exe/sdoc/document?id=JWvSFwGvpmbee%2BbNXYzknQ%3D%3D,d80f22e2814fd93646e973a392f9dba8cc9aa142f89a5fb11844aa812cce19eb,Texto original municipal firmado digitalmente (Sobre derechos municipales)
MUNI-PROV-0394,MUNICIPAL_TRANSPARENCIA,2024-05-02,2024,231,texto_refundido,"Ordenanza N° 231: Modifícase la ""ORDENANZA LOCAL SOBRE DERECHOS MUNICIPAL"", que rige para el año 2024, cuyo texto refundido y sistematizado fue fijado mediante Decreto Alcaldicio EX",Derechos Municipales y Tarifas,http://firma.providencia.cl/dsign/cgi/sdoc.exe/sdoc/document?id=3q9StuxiAl%2FEZopSYG9wlg%3D%3D,fbd4a1399ff98e113a7167b60778d6cf443c9a81bcec48bb550aadd15e3ff5e4,Texto original municipal firmado digitalmente (Sobre derechos municipales)
MUNI-PROV-0395,MUNICIPAL_TRANSPARENCIA,2025-12-16,2025,1803,texto_refundido,"Decreto Exento N° 1803: Fíjese el texto refundido y sistematizado de la ""ORDENANZA LOCAL SOBRE DERECHOS MUNICIPALES"" que regirá en el año 2026",Derechos Municipales y Tarifas,http://firma.providencia.cl/dsign/cgi/sdoc.exe/sdoc/document?id=XntvFKgGtKsDuT6dp23bIA%3D%3D,ef9862faf97d517bb4fc40d876104d9ed9d75bc02840d404e616f12b2fdc0641,Texto original municipal firmado digitalmente (Sobre derechos municipales)
MUNI-PROV-0396,MUNICIPAL_TRANSPARENCIA,2025-10-30,2025,240,texto_refundido,"Ordenanza N° 240: Modifícase la ""ORDENANZA LOCAL SOBRE DERECHOS MUNICIPALES"" que rige para el año 2025, cuyo texto refundido y sistematizado fue fijado por Decreto Alcaldicio EX",Derechos Municipales y Tarifas,http://firma.providencia.cl/dsign/cgi/sdoc.exe/sdoc/document?id=JKOn7oGmd8o0imkLCT3Ucg%3D%3D,aeac2d6e32793fa0bd54528d181321be31719a092d161305c1c8f4fb0b240248,Texto original municipal firmado digitalmente (Sobre derechos municipales)
MUNI-PROV-0397,MUNICIPAL_TRANSPARENCIA,2025-07-31,2025,239,texto_refundido,"Ordenanza N° 239: Modifícase la ""ORDENANZA LOCAL SOBRE DERECHOS MUNICIPALES""que rige para el año 2025, cuyo texto refundido y sistematizado fue fijado por Decreto Alcaldicio EX",Derechos Municipales y Tarifas,http://firma.providencia.cl/dsign/cgi/sdoc.exe/sdoc/document?id=sfIdD0DkXG9jJ31kdzVLgA%3D%3D,14f647a487e65912a1a4adf3578b94838c948bea5fbc4aaa7a9d072288aa03ba,Texto original municipal firmado digitalmente (Sobre derechos municipales)
MUNI-PROV-0398,MUNICIPAL_TRANSPARENCIA,2026-03-23,2026,241,texto_refundido,"Ordenanza N° 241: Modifícase la ""ORDENANZA LOCAL SOBRE DERECHOS MUNICIPALES"" que rige para el año 2026, cuyo texto refundido y sistematizado fue fijado por Decreto Alcaldicio EX",Derechos Municipales y Tarifas,http://firma.providencia.cl/dsign/cgi/sdoc.exe/sdoc/document?id=OqxoVOOfCiI74ESLcySFQA%3D%3D,d3ed01f911006c57a93cce49539c96e2b990112dd3299d2c0d9bde955b6b2f54,Texto original municipal firmado digitalmente (Sobre derechos municipales)
MUNI-PROV-0399,MUNICIPAL_TRANSPARENCIA,2003-10-23,2003,10,ordenanza_base,"Numeración de los inmuebles de la Comuna N° 10: Apruébase la ordenanza que reglamenta la numeración de los inmuebles de la comuna, cuyo texto es el siguiente:","Obras, Urbanismo y Espacio Público",http://firma.providencia.cl/dsign/cgi/sdoc.exe/sdoc/document?id=am8P0W0sabb%2Byp3xfzjkXw%3D%3D,acaef489f39b26df32221e5bfe8541d816e3a2ff7361d65c63749b3fafad2628,Texto original municipal firmado digitalmente (Numeracion de los inmuebles de la Comuna)
MUNI-PROV-0400,MUNICIPAL_TRANSPARENCIA,2008-08-25,2008,71,ordenanza_base,"Numeración de los inmuebles de la Comuna N° 71: Modifícase el Artículo 2º de la Ordenanza Nº10 que reglamenta la ""Numeración de los Inmuebles de la Comuna"" de 23 de Octubre de 2003, en el sentido de agregar lo que indica","Obras, Urbanismo y Espacio Público",http://firma.providencia.cl/dsign/cgi/sdoc.exe/sdoc/document?id=OYsdLPxsIHw6%2BGmCnygrEQ%3D%3D,5caf4362de4207b3c1a82562978995037799aae455c036fea4b74f02660faeeb,Texto original municipal firmado digitalmente (Numeracion de los inmuebles de la Comuna)
MUNI-PROV-0401,MUNICIPAL_TRANSPARENCIA,2008-06-12,2008,69,ordenanza_base,"Numeracion de los inmuebles de la Comuna N° 69: Derógase la Ordenanza Nº67 de 4 de Julio de 1994, que aprobó la ""Destinacion y cambios de destino de los inmuebles en la Comuna de Providencia""","Obras, Urbanismo y Espacio Público",http://firma.providencia.cl/dsign/cgi/sdoc.exe/sdoc/document?id=fbrnX4ZGSu5ry6hSNfYtLA%3D%3D,a7b91812ba17823ba2f6a7490869e594b67a0135fe247e3e9d2429413869d205,Texto original municipal firmado digitalmente (Numeracion de los inmuebles de la Comuna)
MUNI-PROV-0402,MUNICIPAL_TRANSPARENCIA,2009-03-10,2009,491,texto_refundido,Decreto Exento N° 491: Fíjase el siguiente texto refundido y sistematizado de la ORDENANZA QUE REGLAMENTA LA NUMERACION DE LOS INMUEBLES DE LA COMUNA,"Obras, Urbanismo y Espacio Público",http://firma.providencia.cl/dsign/cgi/sdoc.exe/sdoc/document?id=s88Nl3CscmF6XmaDOd2yVg%3D%3D,f0d955a795766c43f668f334275929f798f2c32c50e2fc84cd993fabb258a46f,Texto original municipal firmado digitalmente (Numeracion de los inmuebles de la Comuna)
MUNI-PROV-0403,MUNICIPAL_TRANSPARENCIA,2003-12-02,2003,13,ordenanza_base,"Obras de construcción., reconstrucción, reparación, alteración y demolicón de edificios y obras de urbanización horario carga y descarga N° 13: Fíjase la siguiente ordenanza sobre obras de construcción, reconstrucción, repación, alteración, ampliación y demolición de edificios y ","Obras, Urbanismo y Espacio Público",http://firma.providencia.cl/dsign/cgi/sdoc.exe/sdoc/document?id=pTDTFDHf7511KkuoWBCa8Q%3D%3D,f60465746cec691e9dda06e58e92cfe4c48cfa9a2ac21d00f2629810ce62ccba,"Texto original municipal firmado digitalmente (Obras de construcción, reconstrucción, reparación, alteración y demolición de edificios y obras de urbanización horario carga y descarga)"
MUNI-PROV-0404,MUNICIPAL_TRANSPARENCIA,2003-09-24,2003,7,ordenanza_base,"Obras de construcción, reconstrucción, reparación, alteración y demolición de edificios y obras de urbanización horario carga y descarga N° 7: Fíjase la siguiente Ordenanza Sobre Obras de Construcción, Reconstruccón, Reparación, Alteración, Ampliación y  Demolición de Edificios y","Obras, Urbanismo y Espacio Público",http://firma.providencia.cl/dsign/cgi/sdoc.exe/sdoc/document?id=Amm4YVRsNZlzcdHed0mnXg%3D%3D,4444cf8b368ae8434ad6ceb8bb95967a8b1288fdf1b68432b862158802e944fe,"Texto original municipal firmado digitalmente (Obras de construcción, reconstrucción, reparación, alteración y demolición de edificios y obras de urbanización horario carga y descarga)"
MUNI-PROV-0405,MUNICIPAL_TRANSPARENCIA,2008-10-02,2008,73,ordenanza_base,"Obras de construcción, reconstrucción, reparación, alteración y demolición de edificios y obras de urbanización de horario carga y descarga N° 73: Modifícase el Artículo 2º de la Ordenanza Nº13 de 2 de Diciembre de 2003, que aprobó la ordenanza sobre ""Obras de construcción, recon","Obras, Urbanismo y Espacio Público",http://firma.providencia.cl/dsign/cgi/sdoc.exe/sdoc/document?id=wPEitg2QYUxjDkx%2FiVPjTg%3D%3D,54c1f19d2734546f92f676960a0691f49797bf64b8b9f4dd1e5cc5718d2271ba,"Texto original municipal firmado digitalmente (Obras de construcción, reconstrucción, reparación, alteración y demolición de edificios y obras de urbanización horario carga y descarga)"
MUNI-PROV-0406,MUNICIPAL_TRANSPARENCIA,2009-03-17,2009,589,texto_refundido,"Obras de construcción, reconstrucción, reparación, alteración y demolición de edificios y obras de urbanización de horario carga y descarga N° 589: Fíjase el siguiente texto refundido y sistematizado de la Ordenanza sobre Obras de Contrucción, Reconstrucción, Reparación, Alteraci","Obras, Urbanismo y Espacio Público",http://firma.providencia.cl/dsign/cgi/sdoc.exe/sdoc/document?id=C1iDXSv%2F%2FPNv6VjLgSqL%2FQ%3D%3D,4dccad65b36ec0fda1bab95b3e98a1e4dbe10468913885b66a0768c3cd4060fd,"Texto original municipal firmado digitalmente (Obras de construcción, reconstrucción, reparación, alteración y demolición de edificios y obras de urbanización horario carga y descarga)"
MUNI-PROV-0407,MUNICIPAL_TRANSPARENCIA,2010-10-12,2010,94,ordenanza_base,"Obras de construcción, reconstrucción,reparación, alteración y demolición de edificios y obras de urbanización horario carga y descarga N° 94: Modifícase la Ordenanza Nº13 de 02","Obras, Urbanismo y Espacio Público",http://firma.providencia.cl/dsign/cgi/sdoc.exe/sdoc/document?id=3o83r6GM1UscYsJjwglFTA%3D%3D,af83faf3c8c47667728c1820d9c72680afca551e6c5d9a891f50fa92dee4a4cd,"Texto original municipal firmado digitalmente (Obras de construcción, reconstrucción, reparación, alteración y demolición de edificios y obras de urbanización horario carga y descarga)"
MUNI-PROV-0408,MUNICIPAL_TRANSPARENCIA,2011-03-31,2011,720,texto_refundido,"Decreto Exento N° 720: Fíjese el siguiente texto refundido y sistematizado de la ORDENANZA SOBRE OBRAS DE CONSTRUCCION, RECONSTRUCCION, REPARACION, ALTERACION Y DEMOLICION DE EDIFICIOS Y OBRAS DE URBANIZACION","Obras, Urbanismo y Espacio Público",http://firma.providencia.cl/dsign/cgi/sdoc.exe/sdoc/document?id=qhjceLvhn2ZBEahhBGA8sw%3D%3D,2dafff19cd879fa2e52eae83f46ebeeae6ab93ea2aaf4d3f0cc1ff3f6b41a438,"Texto original municipal firmado digitalmente (Obras de construcción, reconstrucción, reparación, alteración y demolición de edificios y obras de urbanización horario carga y descarga)"
MUNI-PROV-0409,MUNICIPAL_TRANSPARENCIA,2002-02-01,2002,3,texto_refundido,Administración y arrendamiento de locales y pilastras del mercado funcional de Providencia N° 3: Apruébase el texto refundido modificado y sistematizado de la Ordenanza para la Administración y Arrendamiento de Locales y Pilastras del Mercado Funcional de Providencia,Normativa General y Otras Materias,http://firma.providencia.cl/dsign/cgi/sdoc.exe/sdoc/document?id=nMXlB%2BrbkBGPv42ZUzte6w%3D%3D,f4dfab4d2ab31dba2f7bd58aae95b3fa29b293500bc2e29ecee89bec96a061c2,Texto original municipal firmado digitalmente (Administración y arrendamiento de locales y pilastras del mercado funcional de Providencia)
MUNI-PROV-0410,MUNICIPAL_TRANSPARENCIA,2006-03-31,2006,42,ordenanza_base,Administracón y arrendamiento de locales y pilastras del mercado funcional de Providencia N° 42: Modifícase la Ordenanza N°3 de 1 de Febrero de 2002 que aprobó la Ordenanza para la Administración y Arrendamiento de Locales y Pilastras del Mercado Funcional de Providencia en el se,Normativa General y Otras Materias,http://firma.providencia.cl/dsign/cgi/sdoc.exe/sdoc/document?id=8qSdUhUS83kya0wCK2T1ZA%3D%3D,1cf2e930badcca99005c61ccaa92bb41337ec0a3eefa9ee9a5d41980a2f15a60,Texto original municipal firmado digitalmente (Administración y arrendamiento de locales y pilastras del mercado funcional de Providencia)
MUNI-PROV-0411,MUNICIPAL_TRANSPARENCIA,2008-02-28,2008,363,texto_refundido,Texto refundido y sistematizado N° 363: Fíjase el siguiente texto refundido y sistematizado de la Ordenanza para la administración y arrendamiento de locales y pilastras del mercado funcional de Providencia,Normativa General y Otras Materias,http://firma.providencia.cl/dsign/cgi/sdoc.exe/sdoc/document?id=RdKPB%2BA0OTAUslUEuUY9aA%3D%3D,bdc6e818eac0c4861963432350f933335b877f7a65b2818a6ba3d4fd1c589c01,Texto original municipal firmado digitalmente (Administración y arrendamiento de locales y pilastras del mercado funcional de Providencia)
MUNI-PROV-0412,MUNICIPAL_TRANSPARENCIA,2018-08-21,2018,1202,texto_refundido,"Decreto Exento N° 1202: Fíjase el siguiente texto refundido y sistematizado de la ORDENANZA PARA LA
ADMINISTRACION Y ARRENDAMIENTO DE LOCALES Y PILASTRAS DEL MERCADO FUNCIONAL DE PROVIDENCIA",Normativa General y Otras Materias,http://firma.providencia.cl/dsign/cgi/sdoc.exe/sdoc/document?id=x2%2FzTTRXz40zbU0iyD7Y2Q%3D%3D,3188b06ddbe4b8f84a88c5438555100f097b66c9363c04d6f6c5d28be46a2838,Texto original municipal firmado digitalmente (Administración y arrendamiento de locales y pilastras del mercado funcional de Providencia)
MUNI-PROV-0413,MUNICIPAL_TRANSPARENCIA,2018-08-07,2018,166,texto_refundido,"Ordenanza N° 166: Modifícase la ""ORDENANZA PARA LA ADMINISTRACION Y ARRENDAMIENTO DE LOCALES Y PILASTRAS DEL MERCADO FUNCIONAL DE PROVIDENCIA"", cuyo texto refundido se fijó por Decreto Alcaldicio EX",Normativa General y Otras Materias,http://firma.providencia.cl/dsign/cgi/sdoc.exe/sdoc/document?id=zfInYAxlEKJWf97MPegJ9g%3D%3D,da7e679e7763042e190b3a0dd40fe14282cd45141952ffcf53c6c4f2a4c6a60f,Texto original municipal firmado digitalmente (Administración y arrendamiento de locales y pilastras del mercado funcional de Providencia)
MUNI-PROV-0414,MUNICIPAL_TRANSPARENCIA,2002-04-26,2002,5,ordenanza_base,Biblioteca Municipal N° 5: Dictase la siguiente Ordenanza sobre Servicios de la Biblioteca Municipal,Normativa General y Otras Materias,http://firma.providencia.cl/dsign/cgi/sdoc.exe/sdoc/document?id=TOHJge%2FlypB5Ot3Oqil4%2FQ%3D%3D,0e1a9dc2c752fa92fa6802e63d7961b6d22faebb188c538f8b41eabecfd8b35a,Texto original municipal firmado digitalmente (Biblioteca Municipal)
MUNI-PROV-0415,MUNICIPAL_TRANSPARENCIA,2010-11-12,2010,98,ordenanza_base,"Ordenanza N° 98: Díctase la siguiente ""ORDENANZA SOBRE SERVICIOS DEL SISTEMA DE BIBLIOTECAS DE LA MUNICIPALIDAD DE PROVIDENCIA""",Normativa General y Otras Materias,http://firma.providencia.cl/dsign/cgi/sdoc.exe/sdoc/document?id=A7pC%2FAOnc0SAz5QpMfIamg%3D%3D,9c10a54cffa3c9c6cc509adfd3e462c996bf3e65578020968ac3ffe57db6f498,Texto original municipal firmado digitalmente (Biblioteca Municipal)
MUNI-PROV-0416,MUNICIPAL_TRANSPARENCIA,2004-02-04,2004,16,ordenanza_base,Funcionamiento del depósito municipal de vehículos N° 16: Funcionamiento del depósito municipal de vehiculos,"Tránsito, Transporte y Espacio Público",http://firma.providencia.cl/dsign/cgi/sdoc.exe/sdoc/document?id=2rmiczrJqbPAeuquRZKzvQ%3D%3D,7bf232981567e4db09b3b9b0e4299d6d163a5e442ec272daea363bd6361d7c8c,Texto original municipal firmado digitalmente (Funcionamiento del depósito municipal de vehículos)
MUNI-PROV-0417,MUNICIPAL_TRANSPARENCIA,2010-10-12,2010,95,ordenanza_base,Funcionamiento del depósito municipal de vehículos N° 95: Sustitúyase el artículo 3º de la Ordenanza Nº16 de 04,"Tránsito, Transporte y Espacio Público",http://firma.providencia.cl/dsign/cgi/sdoc.exe/sdoc/document?id=XBDRcWin6q25QtKboKVuOg%3D%3D,ac21938787dac77a160032726155a702fb51b7e7922ddd12b132174af6c6a3ff,Texto original municipal firmado digitalmente (Funcionamiento del depósito municipal de vehículos)
MUNI-PROV-0418,MUNICIPAL_TRANSPARENCIA,2011-04-12,2011,777,texto_refundido,"Funcionamiento del depósito municipal de vehículos N° 777: Fíjase el texto refundido y sistematizado de la Ordenanza sobre ""Funcionamiento del Depósito Municipal de Vehículos ""","Tránsito, Transporte y Espacio Público",http://firma.providencia.cl/dsign/cgi/sdoc.exe/sdoc/document?id=hCKNdeqpzQNZTEBGTRIhXA%3D%3D,a664e4ecd956b22b00dd25109805c01ee47c4b992ed97ea159a5cbed5fb171f8,Texto original municipal firmado digitalmente (Funcionamiento del depósito municipal de vehículos)
MUNI-PROV-0419,MUNICIPAL_TRANSPARENCIA,2023-02-10,2023,217,ordenanza_base,"Ordenanza N° 217: Fíjase la siguiente Ordenanza sobre ""ADMINISTRACION DEL APARCADERO MUNICIPAL""","Tránsito, Transporte y Espacio Público",http://firma.providencia.cl/dsign/cgi/sdoc.exe/sdoc/document?id=uc0QKQwuAv5NAuq1%2BCunFw%3D%3D,76119b74f8d483050c2c81677667c229b8afd81c2a07bb132ca2c5cfe6228f11,Texto original municipal firmado digitalmente (Funcionamiento del depósito municipal de vehículos)
MUNI-PROV-0420,MUNICIPAL_TRANSPARENCIA,2002-11-11,2002,11,ordenanza_base,Gimnasio Santa Isabel N° 11: Díctase la siguiente Ordenanza para la administración del Gimnasio Santa Isabel,Normativa General y Otras Materias,http://firma.providencia.cl/dsign/cgi/sdoc.exe/sdoc/document?id=25CFaX8psUA0QyTV8XLLuA%3D%3D,6876e11bd313240842c88d37dc4ba612f9551f353262db303b0c690e5f10d5fc,Texto original municipal firmado digitalmente (Gimnasio Santa Isabel)
MUNI-PROV-0421,MUNICIPAL_TRANSPARENCIA,2008-06-16,2008,1111,texto_refundido,"Gimnasio Santa Isabel N° 1111: Apruébase el siguiente texto refundido de la Ordenanza para la ""Administración del Gimnasio Santa Isabel""",Normativa General y Otras Materias,http://firma.providencia.cl/dsign/cgi/sdoc.exe/sdoc/document?id=fQHXA4TyWI6uvmkgp%2Bd3oQ%3D%3D,f24d2b85a81ce369b2cf3f39f330b99db31c9b5306718846e55fa0c23837a6fc,Texto original municipal firmado digitalmente (Gimnasio Santa Isabel)
MUNI-PROV-0422,MUNICIPAL_TRANSPARENCIA,2008-05-28,2008,68,ordenanza_base,"Gimnasio Santa Isabel N° 68: Sustitúyase el Artículo 3º de la Ordenanza Nº11 para la ""Administración del Gimnasio Santa Isabel"" de 11 de Noviembre de 2002",Normativa General y Otras Materias,http://firma.providencia.cl/dsign/cgi/sdoc.exe/sdoc/document?id=wltXWhCukgkjURKq3iBpMg%3D%3D,3a659228cce72133673f320e8dd9414691f54b0cca66d5137a5d9f6ed999d365,Texto original municipal firmado digitalmente (Gimnasio Santa Isabel)
MUNI-PROV-0423,MUNICIPAL_TRANSPARENCIA,2018-11-08,2018,173,texto_refundido,"Ordenanza N° 173: Derógase la Ordenanza N°11 de 11 de noviembre de 2002, que aprobó la Ordenanza para la  ADMINISTRACION DEL GIMNASIO SANTA ISABEL, cuyo texto refundido fue por EXN°1",Normativa General y Otras Materias,http://firma.providencia.cl/dsign/cgi/sdoc.exe/sdoc/document?id=DXZvvRIDdwG9CuR%2FdW5C2g%3D%3D,e6d6b36e814fafada7a02e4313a93f3392fe0dc8a9cf2821aa2d6f32dd32fcad,Texto original municipal firmado digitalmente (Gimnasio Santa Isabel)
MUNI-PROV-0424,MUNICIPAL_TRANSPARENCIA,2003-09-23,2003,6,ordenanza_base,Notificaciones y publicaciones de resoluciones municipales N° 6: Apruébase la Ordenanza sobre Notificaciones y Publicaciones de  Resoluciones Municipales,Normativa General y Otras Materias,http://firma.providencia.cl/dsign/cgi/sdoc.exe/sdoc/document?id=7dC1OjlJSz1Sbt0F87ZJ2Q%3D%3D,7152afc9abc5d588248274dd395424ee3d29df4a104e81e6f1d0567d9e64654a,Texto original municipal firmado digitalmente (Notificaciones y publicaciones de resoluciones municipales)
MUNI-PROV-0425,MUNICIPAL_TRANSPARENCIA,2005-12-15,2005,2267,texto_refundido,"Notificaciones y publicaciones de resoluciones municipales N° 2267: Apruébase el texto refundido y sistematizado de la Ordenanza sobre ""Notificaciones y Publicaciones de Resoluciones Municipales""",Normativa General y Otras Materias,http://firma.providencia.cl/dsign/cgi/sdoc.exe/sdoc/document?id=njf40fdvHRf5fzuTvKzUhA%3D%3D,94d49b90ef948ac02457f25a219bf5507dd299143df3fa91f13d0df85b1a9c01,Texto original municipal firmado digitalmente (Notificaciones y publicaciones de resoluciones municipales)
MUNI-PROV-0426,MUNICIPAL_TRANSPARENCIA,2005-12-06,2005,2212,texto_refundido,"Notificaciones y publicaciones de resoluciones municipales N° 2212: Apruébase el siguiente texto refundido y sistematizado de la Ordenanza sobre ""Notificaciones y publicaciones de resoluciones municipales"", que produzcan efecto fuera del municipio",Normativa General y Otras Materias,http://firma.providencia.cl/dsign/cgi/sdoc.exe/sdoc/document?id=oEGBRHrtAQLmumQtoC6ZiQ%3D%3D,9e2bf302e50a2bd5156d3e97b36544aaacafdc14f00f61bcfac08a20d88ec0a4,Texto original municipal firmado digitalmente (Notificaciones y publicaciones de resoluciones municipales)
MUNI-PROV-0427,MUNICIPAL_TRANSPARENCIA,2005-11-29,2005,39,ordenanza_base,"Notificaciones y publicaciones de resoluciones municipales N° 39: Modifícase la Ordenanza sobre Notificaciones y Publicaciones de Resoluciones Municipales, Nº 6 de 23 de Septiembre de 2003 en los siguientes sentidos",Normativa General y Otras Materias,http://firma.providencia.cl/dsign/cgi/sdoc.exe/sdoc/document?id=8aySXEUl7gZhJIwZyMDiSA%3D%3D,2452356ec98fc4adf934fcf712031c593de393e7b7d5ce3db8ca1aaaed085bbd,Texto original municipal firmado digitalmente (Notificaciones y publicaciones de resoluciones municipales)
MUNI-PROV-0428,MUNICIPAL_TRANSPARENCIA,2013-12-17,2013,126,ordenanza_base,"Notificaciones y publicaciones de resoluciones municipales N° 126: Modifícase el Artículo 15º de la Ordenanza Nº6 de 23 de Septiembre de 2003, sobre ""Notificaciones y publicaciones de resoluciones municipales""",Normativa General y Otras Materias,http://firma.providencia.cl/dsign/cgi/sdoc.exe/sdoc/document?id=OH%2FGnhNFKC4%2B9c%2FF9r2Xbg%3D%3D,2e5005d39614c4cd890a9e65b189f214b419a95700113a006ad7b991f8ba092a,Texto original municipal firmado digitalmente (Notificaciones y publicaciones de resoluciones municipales)
MUNI-PROV-0429,MUNICIPAL_TRANSPARENCIA,2014-02-04,2014,278,texto_refundido,"Notificaciones y publicaciones de resoluciones municipales N° 278: Fíjase el siguiente texto refundido y sistematizado de la Ordenanza sobre ""Notificaciones y publicaciones de resoluciones municipales"", que produzcan efecto fuera del Municipio",Normativa General y Otras Materias,http://firma.providencia.cl/dsign/cgi/sdoc.exe/sdoc/document?id=IwzE2vK104HqPmNxPgti5w%3D%3D,c5c2754c0cfb9abd33b15751b2be665f4198f02b4425d2dfe894e382bf54b0fa,Texto original municipal firmado digitalmente (Notificaciones y publicaciones de resoluciones municipales)
MUNI-PROV-0430,MUNICIPAL_TRANSPARENCIA,2015-11-06,2015,1811,texto_refundido,"Decreto Exento N° 1811: Fíjase el siguiente texto refundido y sistematizado de la Ordenanza sobre ""NOTIFICACIONES Y PUBLICACIONES DE RESOLUCIONES MUNICIPALES""",Normativa General y Otras Materias,http://firma.providencia.cl/dsign/cgi/sdoc.exe/sdoc/document?id=dysMInn3peauVQtBn0uruw%3D%3D,e0eeab401261ac4c4b2d5dc0a5da7622d1ee6a058552c693743bbf2f7d9f27f8,Texto original municipal firmado digitalmente (Notificaciones y publicaciones de resoluciones municipales)
MUNI-PROV-0431,MUNICIPAL_TRANSPARENCIA,2015-10-20,2015,141,ordenanza_base,"Ordenanza N° 141: Modifícase la Ordenanza N°6 de 23 de septiembre de 2003, sobre ""NOTIFICACIONES Y PUBLICIDACIONES DE RSOLUCIONES MUNICIPALES""",Normativa General y Otras Materias,http://firma.providencia.cl/dsign/cgi/sdoc.exe/sdoc/document?id=pctMDgYHiWE%2BvHvc1Gwcyg%3D%3D,c592d47aabdebc309e7b92facbde353350dfb126d6bc4f4011af65e54d06802c,Texto original municipal firmado digitalmente (Notificaciones y publicaciones de resoluciones municipales)
MUNI-PROV-0432,MUNICIPAL_TRANSPARENCIA,2015-10-20,2015,141,extracto_do,Notificaciones y publicaciones de resoluciones municipales N° 141 - Notificaciones y publicaciones de resoluciones municipales,Normativa General y Otras Materias,http://firma.providencia.cl/dsign/cgi/sdoc.exe/sdoc/document?id=YDG0PI3XZ6Eg8i9yeWsOHg%3D%3D,0d2a882adb13a5e2038f85cd70c88cd38799b5ad455923e3b696c80480e41b65,Texto original municipal firmado digitalmente (Notificaciones y publicaciones de resoluciones municipales)
MUNI-PROV-0433,MUNICIPAL_TRANSPARENCIA,2024-12-02,2024,235,ordenanza_base,"Ordenanza N° 235: Apruébase el siguiente texto de la Ordenanza sobre ""NOTIFICACIONES Y PUBLICACIONES DE RESOLUCIONES MUNICIPALES""",Normativa General y Otras Materias,http://firma.providencia.cl/dsign/cgi/sdoc.exe/sdoc/document?id=VFfBNJP3%2FVaviVSB1inFsw%3D%3D,161ce7b66c5e0bb11c5a9e1e0de0986c969db9ebc8346ae456700afce9e4dae1,Texto original municipal firmado digitalmente (Notificaciones y publicaciones de resoluciones municipales)
MUNI-PROV-0434,MUNICIPAL_TRANSPARENCIA,2005-12-15,2005,2268,texto_refundido,Participación Ciudadana y Convivencia N° 2268: Apruébase el texto refundido y sistematizado de la Ordenanza sobre Participación Ciudadana de la Comuna de Providencia,Convivencia Vecinal y Seguridad,http://firma.providencia.cl/dsign/cgi/sdoc.exe/sdoc/document?id=qs8cjyBh8JgEFl5oll3fNw%3D%3D,724f3afef70101df8a9351a24925d044ee4a10918f4242b5f53f049a08d9423e,Texto original municipal firmado digitalmente (Participación Ciudadana y Convivencia)
MUNI-PROV-0435,MUNICIPAL_TRANSPARENCIA,2005-11-29,2005,40,ordenanza_base,Participación Ciudadana  y Convivencia N° 40: Sustituyase el Capitulo IV de la Ordenanza Nº 8 de 29,Convivencia Vecinal y Seguridad,http://firma.providencia.cl/dsign/cgi/sdoc.exe/sdoc/document?id=GVsNcKLTII8Vkk7xQV6cPg%3D%3D,a01a26e0d7aaa4f4477f63b5341db48e64372e96f6fe8db2b7539de55ff26452,Texto original municipal firmado digitalmente (Participación Ciudadana y Convivencia)
MUNI-PROV-0436,MUNICIPAL_TRANSPARENCIA,2006-09-26,2006,49,texto_refundido,"Participación Ciudadana  y Convivencia N° 49: Modifícase la Ordenanza N°8 de 29 de Octubre de 1999  que aprobó la Ordenanza de Participación Ciudadana de la  Comuna de Providencia , cuyo texto refundido y sistematizado fue aprobado por Decreto Alcaldicio EXN|2",Convivencia Vecinal y Seguridad,http://firma.providencia.cl/dsign/cgi/sdoc.exe/sdoc/document?id=MaPtXTbBUue229c0MttXTw%3D%3D,540209f739bb2a139fb7d48f4070051c3416519f41a4045f0284657de2825455,Texto original municipal firmado digitalmente (Participación Ciudadana y Convivencia)
MUNI-PROV-0437,MUNICIPAL_TRANSPARENCIA,2007-09-21,2007,62,texto_refundido,Participación Ciudadana y Convivencia N° 62: Modifícasela Ordernanza Nº8 de 29,Convivencia Vecinal y Seguridad,http://firma.providencia.cl/dsign/cgi/sdoc.exe/sdoc/document?id=FtWmQEM97OP%2FAfUXk3c1Rw%3D%3D,8bb95e3c7583e86ca4db27d558d54a318b8c95de02ff88a71debc14b1dc4e0b5,Texto original municipal firmado digitalmente (Participación Ciudadana y Convivencia)
MUNI-PROV-0438,MUNICIPAL_TRANSPARENCIA,2007-05-31,2007,970,texto_refundido,Participación Ciudadana y Convivencia N° 970: Apruébase el siguiente texto refundido y sistematizado de la ordenanza sobre Participación Ciudadana de la Comuna de Providencia,Convivencia Vecinal y Seguridad,http://firma.providencia.cl/dsign/cgi/sdoc.exe/sdoc/document?id=Y59QHgIDY0na7k6GHWyMYg%3D%3D,a616dcaa1f99bb8d667d1527e39027a7bd16d81b8ebf0a3713a1b6e2d47b06ac,Texto original municipal firmado digitalmente (Participación Ciudadana y Convivencia)
MUNI-PROV-0439,MUNICIPAL_TRANSPARENCIA,2007-01-19,2007,53,modificacion,Participación Ciudadana y Convivencia N° 53: Modifícase la Ordenanza N°8 de 29 de Octubre de 1999 que aprobó la Ordenanza de Participación Ciudadana de la Comuna de Providencia aprobado por Decreto Alcaldicio EXN°2,Convivencia Vecinal y Seguridad,http://firma.providencia.cl/dsign/cgi/sdoc.exe/sdoc/document?id=4f0I%2BzmJhEXyjcBWjyZzNA%3D%3D,446a733476df8ffa288b0b9c6ab0e26babe0f7ba1e8ff24145f65c80f9fef156,Texto original municipal firmado digitalmente (Participación Ciudadana y Convivencia)
MUNI-PROV-0440,MUNICIPAL_TRANSPARENCIA,2008-02-29,2008,374,ordenanza_base,"Participación Ciudadana  y Convivencia N° 374: Apruébase el siguiente texto refu ndido y sistematizado de la ordenanza sobre ""Participación ciudadana de la comuna de Providencia""",Convivencia Vecinal y Seguridad,http://firma.providencia.cl/dsign/cgi/sdoc.exe/sdoc/document?id=H6PE3jPmCJhjEx6R7iCsgg%3D%3D,0adeb2e7460bd33c74facf4d111ade98be05b0099e185a6525f851779127aba5,Texto original municipal firmado digitalmente (Participación Ciudadana y Convivencia)
MUNI-PROV-0441,MUNICIPAL_TRANSPARENCIA,2011-12-30,2011,2507,texto_refundido,"Participación Ciudadana  y Convivencia N° 2507: Apruébase el siguiente texto refundido y sistematizado de la Ordenanza sobre ""Participación Ciudadana de la Comuna de Providencia"", suyo texto será el siguiente",Convivencia Vecinal y Seguridad,http://firma.providencia.cl/dsign/cgi/sdoc.exe/sdoc/document?id=LWQw041d7LrKE7wAfhcuqA%3D%3D,74b1af0f65ff980c62fe3137e13b0d0d829b6dd41004b567c431b75e2ba512c1,Texto original municipal firmado digitalmente (Participación Ciudadana y Convivencia)
MUNI-PROV-0442,MUNICIPAL_TRANSPARENCIA,2011-10-20,2011,114,ordenanza_base,Participación Ciudadana  y Convivencia N° 114: Ordenanza Nº114 de 20,Convivencia Vecinal y Seguridad,http://firma.providencia.cl/dsign/cgi/sdoc.exe/sdoc/document?id=o6LDwvqZ7BmNXETbRpPagg%3D%3D,e2595524093b42d7a44402dc0861042d33f2ee8b473f33c09b00b005783914b8,Texto original municipal firmado digitalmente (Participación Ciudadana y Convivencia)
MUNI-PROV-0443,MUNICIPAL_TRANSPARENCIA,2011-10-12,2011,113,texto_refundido,"Participación Ciudadana  y Convivencia N° 113: Modifícase la Ordenanza Nº8 de 29 de Octubre de 1999, ""Ordenanza de Participación Ciudadana de la Comuna de Providencia"", cuyo texto refundido y sistematizado fue fijado por Decreto Alcaldicio EXNº374 de 29 de Febrero de 2008",Convivencia Vecinal y Seguridad,http://firma.providencia.cl/dsign/cgi/sdoc.exe/sdoc/document?id=E7%2B%2BTbZgt%2Blo8yZZccm2Vg%3D%3D,53e5fbbcc318b48f5308c57438110e0aa4889db84d737afb1187152fe4534e59,Texto original municipal firmado digitalmente (Participación Ciudadana y Convivencia)
MUNI-PROV-0444,MUNICIPAL_TRANSPARENCIA,2014-05-15,2014,130,texto_refundido,"Participación Ciudadana  y Convivencia N° 130: Modifícase la Ordenanza Nº8 de 29 de Octubre de 1999, ""Ordenanza de Participación Ciudadana de la Comuna de Providencia "", cuyo texto refundido y sistematizado fue fijado por Decreto Alcaldicio EXNº2507 de 30 de Diciembre de 2011",Convivencia Vecinal y Seguridad,http://firma.providencia.cl/dsign/cgi/sdoc.exe/sdoc/document?id=d6%2BOVskYRx04po3DCVNQmg%3D%3D,b71893ca2747acaf294bad3209300f0ff4cb37e3c0195ff9cb8c5d31a787ee0f,Texto original municipal firmado digitalmente (Participación Ciudadana y Convivencia)
MUNI-PROV-0445,MUNICIPAL_TRANSPARENCIA,2015-07-22,2015,1178,texto_refundido,Participación Ciudadana  y Convivencia N° 1178: Apruébase el siguiente texto refundido y sistematizado de la Ordenanza de Participación Ciudadana de la Comuna de Providencia,Convivencia Vecinal y Seguridad,http://firma.providencia.cl/dsign/cgi/sdoc.exe/sdoc/document?id=tpz3W4NCEnlH1jJGvlXnkQ%3D%3D,349a454c1fd19b99e13e4b15da516ad76a79dc0e479408a92553d0f19c4c4cd1,Texto original municipal firmado digitalmente (Participación Ciudadana y Convivencia)
MUNI-PROV-0446,MUNICIPAL_TRANSPARENCIA,2016-09-16,2016,152,ordenanza_base,Participación Ciudadana y Convivencia N° 152: Apruébase la Ordenanza de Participación Ciudadana y Convivencia,Convivencia Vecinal y Seguridad,http://firma.providencia.cl/dsign/cgi/sdoc.exe/sdoc/document?id=tnIh6IQnflUSkoIljCweYA%3D%3D,1f4a25a621ecb105839c8548724abf009230df5924fc037601de21c9bc913623,Texto original municipal firmado digitalmente (Participación Ciudadana y Convivencia)
MUNI-PROV-0447,MUNICIPAL_TRANSPARENCIA,2018-10-12,2018,1504,texto_refundido,"Decreto Exento N° 1504: Fíjase el siguiente texto refundido y sistematizado de la ""ORDENANZA DE PARTICIPACION CIUDADANA Y CONVIVENCIA""",Convivencia Vecinal y Seguridad,http://firma.providencia.cl/dsign/cgi/sdoc.exe/sdoc/document?id=cZZXALjDrlTOrqgU9RT%2BVg%3D%3D,207273588375636e4f4c9ed2e628940cccc88a79180bee0eaaece45e72726e12,Texto original municipal firmado digitalmente (Participación Ciudadana y Convivencia)
MUNI-PROV-0448,MUNICIPAL_TRANSPARENCIA,2018-10-04,2018,168,ordenanza_base,"Ordenanza N° 168: Modifícase la ""ORDENANZA DE PARTICIPACION CIUDADANA Y CONVIVENCIA"" N°152 de 16 de Septiembre de 2016",Convivencia Vecinal y Seguridad,http://firma.providencia.cl/dsign/cgi/sdoc.exe/sdoc/document?id=aEhT9Mm1UyONdjOwOfpCjQ%3D%3D,ce7a6d974dff45e3767bf9b548222d3f0ee272e0e660137c1bae4f0657572dbf,Texto original municipal firmado digitalmente (Participación Ciudadana y Convivencia)
MUNI-PROV-0449,MUNICIPAL_TRANSPARENCIA,2004-02-03,2004,15,ordenanza_base,"Ordenanza N° 15: Apruébase la ""ORDENANZA DE REGISTRO DE PERSONAS JURIDICAS RECEPTORAS DE FONDOS PUBLICOS""",Normativa General y Otras Materias,http://firma.providencia.cl/dsign/cgi/sdoc.exe/sdoc/document?id=DpQk6GpbSxMC93VS17AqXA%3D%3D,9447760e7760728895f6a264001a8cbae17dfd1e14ab8cbfcb5d567c72304343,Texto original municipal firmado digitalmente (Registro de personas jurídicas receptoras de fondos públicos)
MUNI-PROV-0450,MUNICIPAL_TRANSPARENCIA,2003-06-10,2003,2,ordenanza_base,"Sobre subvenciones municipales N° 2: Apruébase la Ordenanza sobre Subvenciones Municipales, cuyo texto es el siguiente",Subvenciones y Régimen Interno,http://firma.providencia.cl/dsign/cgi/sdoc.exe/sdoc/document?id=vQt6xfeiVx583L6q2YdguQ%3D%3D,0155d15d9adec84f3d32988d48d6a61cd359516332109ef2c8acd6fd822bb10f,Texto original municipal firmado digitalmente (Sobre subvenciones municipales)
MUNI-PROV-0451,MUNICIPAL_TRANSPARENCIA,2013-08-13,2013,122,ordenanza_base,"Sobre subvenciones municipales N° 122: Modifícase la Ordenanza Nº2 de 10 de Junio de 2003 ""Ordenanza sobre Subvenciones Municipales"", en el sentido de sustituir el art",Subvenciones y Régimen Interno,http://firma.providencia.cl/dsign/cgi/sdoc.exe/sdoc/document?id=lxkTkulr%2Bg0iHLAsDw3yVw%3D%3D,0ffa0164ae461181287e83d98e37d04b5ee5a0be66f03f55ac8de7977f487c0f,Texto original municipal firmado digitalmente (Sobre subvenciones municipales)
MUNI-PROV-0452,MUNICIPAL_TRANSPARENCIA,2018-10-10,2018,1490,texto_refundido,"Sobre Subvenciones Municipales N° 1490: Fíjase el siguiente texto refundido y sistemtizado de la ""Ordenanza sobre subvenciones municipales""",Subvenciones y Régimen Interno,http://firma.providencia.cl/dsign/cgi/sdoc.exe/sdoc/document?id=zq7r5EwAnufiz35kdYzCxw%3D%3D,deb2099c105ef79a40a4bbbdfb2e8899372741418ceef04a3810d0ec8512c57c,Texto original municipal firmado digitalmente (Sobre subvenciones municipales)
MUNI-PROV-0453,MUNICIPAL_TRANSPARENCIA,2019-09-25,2019,185,ordenanza_base,"Sobre subvenciones municipales N° 185: Apruébase la ""Ordenanza sobre Subvenciones Municipales""",Subvenciones y Régimen Interno,http://firma.providencia.cl/dsign/cgi/sdoc.exe/sdoc/document?id=gPJVV9vlA5J%2B%2FxmYsCLK7Q%3D%3D,1fed7718280d18be95289d88c05969c94802b3b4e74891934482df4808149a66,Texto original municipal firmado digitalmente (Sobre subvenciones municipales)
MUNI-PROV-0454,MUNICIPAL_TRANSPARENCIA,2020-07-15,2020,847,texto_refundido,"Decreto Exento N° 847: Apruébase el siguiente texto refundido y sistematizado de la ""ORDENANZA SOBRE SUBVENCIONES MUNICIPALES""",Subvenciones y Régimen Interno,http://firma.providencia.cl/dsign/cgi/sdoc.exe/sdoc/document?id=LFdvmtd2zwRfW%2B%2FH39f5hA%3D%3D,156ab145cd7f0265d8d8e7397feefe8149c2085940bd633f618e2ce3e2e0844e,Texto original municipal firmado digitalmente (Sobre subvenciones municipales)
MUNI-PROV-0455,MUNICIPAL_TRANSPARENCIA,2020-06-12,2020,199,ordenanza_base,"Ordenanza N° 199: Modifícase la Ordenanza N°185 de 25 de septiembre de 2019, ""ORDENANZA SOBRE SUBVENCIONES MUNICIPALES""",Subvenciones y Régimen Interno,http://firma.providencia.cl/dsign/cgi/sdoc.exe/sdoc/document?id=iKXcMbnZna3S6rNgdesWlA%3D%3D,403d45d597eae5c889629bab8449bb578ddc3e51de0ae72f684138929f8dd679,Texto original municipal firmado digitalmente (Sobre subvenciones municipales)
MUNI-PROV-0456,MUNICIPAL_TRANSPARENCIA,2007-08-21,2007,59,ordenanza_base,Normas sanitarias básicas N° 59: Modifícase la Ordenanza Nº122 de 29 de Noviembre de 1996 sobre Normas Sanitarias Básicas en el sentido ade agregar en el artículo 4 letra a) el inciso que se indica,Normas Sanitarias y Convivencia,http://firma.providencia.cl/dsign/cgi/sdoc.exe/sdoc/document?id=RbIXh8zflwdRTahPYPX0xQ%3D%3D,873ae25555153e4bc8d5e25797eaa61bf055e0e9c1f7be54de779b3213b893be,Texto original municipal firmado digitalmente (Normas sanitarias básicas)
MUNI-PROV-0457,MUNICIPAL_TRANSPARENCIA,2008-06-12,2008,1105,texto_refundido,Normas sanitarias básicas N° 1105: Fíjase el siguiente texto refundido y sistematizado de la Ordenanza sobre Normas Sanitarias Básicas,Normas Sanitarias y Convivencia,http://firma.providencia.cl/dsign/cgi/sdoc.exe/sdoc/document?id=MhCExR6Nwo%2B1guHGJU8qrw%3D%3D,a33d435a33aa46deba2ba9b9c1dbe4bdd549cd45e1fa185ac426c2127b3c37fa,Texto original municipal firmado digitalmente (Normas sanitarias básicas)
MUNI-PROV-0458,MUNICIPAL_TRANSPARENCIA,2011-09-06,2011,105,texto_refundido,"Normas sanitarias básicas N° 105: Modifícase la ""Ordenza sobre normas sanitarias básicas"", cuyo texto refundido y sistematizado fue fijado por decreto alcaldicio EX",Normas Sanitarias y Convivencia,http://firma.providencia.cl/dsign/cgi/sdoc.exe/sdoc/document?id=Odeo0WEOaJL%2FGVGhaLZS%2Fw%3D%3D,a3d3495716ddb648dc1425e934c0955537406866fb9b77e950a377c7f109725f,Texto original municipal firmado digitalmente (Normas sanitarias básicas)
MUNI-PROV-0459,MUNICIPAL_TRANSPARENCIA,2011-03-31,2011,721,texto_refundido,Normas sanitarias básicas N° 721: Fíjase el siguiente texto refundido y sistematizado de la Ordenanza Sobre Normas Sanitarias Básicas,Normas Sanitarias y Convivencia,http://firma.providencia.cl/dsign/cgi/sdoc.exe/sdoc/document?id=fPgm0dGztFf8eYp0%2BcLLnQ%3D%3D,ac660e0d881246c2c14c963b1b8b5526bdcb8df540b0e685bc095d5ef2d7092f,Texto original municipal firmado digitalmente (Normas sanitarias básicas)
MUNI-PROV-0460,MUNICIPAL_TRANSPARENCIA,2011-01-25,2011,100,texto_refundido,Normas sanitarias básicas N° 100: Modifícase la Ordenanza sobre Normas Sanitarias Básicas cuyo texto refundido y sistematizado fue fijado por Decreto Alcaldicio EXNº1105 de 12 de Junio de 2008,Normas Sanitarias y Convivencia,http://firma.providencia.cl/dsign/cgi/sdoc.exe/sdoc/document?id=K7Mt9AF6pyLFJwT%2BYiGuWw%3D%3D,7b789a9381f2f06b0d2f4eba08d823ac283525d7c269cb74a3d4461b7f8d2558,Texto original municipal firmado digitalmente (Normas sanitarias básicas)
MUNI-PROV-0461,MUNICIPAL_TRANSPARENCIA,2011-01-25,2011,1,texto_refundido,"Normas sanitarias básicas N° 1: Modifícase la Ordenanza sobre Normas Sanitarias Básicas, cuyo texto refundido y sistematizado fue fijado por Decreto Alcaldicio EXNº1105 de 12 de Junio de 2008",Normas Sanitarias y Convivencia,http://firma.providencia.cl/dsign/cgi/sdoc.exe/sdoc/document?id=NJJwuZ6r7eA%2BluGyZnyyHg%3D%3D,da407699e5f431b8c859d9b05e74fcbf7e2fed761060af7a50ffa31c33f5164e,Texto original municipal firmado digitalmente (Normas sanitarias básicas)
MUNI-PROV-0462,MUNICIPAL_TRANSPARENCIA,2012-11-23,2012,2419,texto_refundido,"Decreto Exento N° 2419: Fíjase el siguiente texto refundido y sistematizado de la ""ORDENANZA SOBRE NORMAS SANITARIAS BASICAS """,Normas Sanitarias y Convivencia,http://firma.providencia.cl/dsign/cgi/sdoc.exe/sdoc/document?id=1kWC1JjzWBwebnu1rGDwNg%3D%3D,a793f13ec09b6bc5950821cd242154c6c2482dc10e70332f41e3ea348fbf7031,Texto original municipal firmado digitalmente (Normas sanitarias básicas)
MUNI-PROV-0463,MUNICIPAL_TRANSPARENCIA,2003-07-01,2003,1030,texto_refundido,Sobre ruidos molestos N° 1030: Fíjase el siguiente texto refundido de la Ordenanza Nº121 de 29,Convivencia Vecinal y Seguridad,http://firma.providencia.cl/dsign/cgi/sdoc.exe/sdoc/document?id=BE0hUUj8k0PT5qdgLYnjQA%3D%3D,51e844719eb38c18e3d4115b85fb290aa29dd9b36d2f07116a8c97dcb87b2004,Texto original municipal firmado digitalmente (Sobre ruidos molestos)
MUNI-PROV-0464,MUNICIPAL_TRANSPARENCIA,2003-06-10,2003,4,modificacion,Sobre ruidos molestos N° 4: Modificase la Ordenanza sobre  Ruidos Molestos en la Comuna de Providencia,Convivencia Vecinal y Seguridad,http://firma.providencia.cl/dsign/cgi/sdoc.exe/sdoc/document?id=9PPiVUryDQK%2BFQFF8GShLA%3D%3D,b45b8d55010644c0cdfde7aebc5aed9e02a165251a0205ae4dc75242f7fb2ab6,Texto original municipal firmado digitalmente (Sobre ruidos molestos)
MUNI-PROV-0465,MUNICIPAL_TRANSPARENCIA,2004-11-29,2004,2001,texto_refundido,"Texto refundido N° 2001: Fíjase el siguiente texto refundido de la Ordenanza Nº121 de 29 de Noviembre de 1996, ""Ordenanzasobre ruidos molestos en la comuna de Providencia""",Convivencia Vecinal y Seguridad,http://firma.providencia.cl/dsign/cgi/sdoc.exe/sdoc/document?id=ZUXlgh8WAWyVjAqm41BWLQ%3D%3D,84f6ddc95ac2135770c83105237af1f5b08d5083eda8f8204071e80f699687ac,Texto original municipal firmado digitalmente (Sobre ruidos molestos)
MUNI-PROV-0466,MUNICIPAL_TRANSPARENCIA,2004-10-05,2004,22,ordenanza_base,Sobre ruidos molestos N° 22: Modifícase la Ordenanza Nº121 de 29 de Noviemb re de 1996  Ordenanza sobre Ruidos Molestos en la Comuna de Providencia,Convivencia Vecinal y Seguridad,http://firma.providencia.cl/dsign/cgi/sdoc.exe/sdoc/document?id=LTCE1D%2F9MC7pjaEIclxJ9g%3D%3D,084cd2bbd20eb48073b5ade930842c53f17aeee429c12703660333d091318ab0,Texto original municipal firmado digitalmente (Sobre ruidos molestos)
MUNI-PROV-0467,MUNICIPAL_TRANSPARENCIA,2020-07-15,2020,844,texto_refundido,"Decreto Exento N° 844: Apruébase el texto refundido de la ""ORDENANA SOBRE RUIDOS MOLESTOS EN LA COMUNA DE PROVIDENCIA""",Convivencia Vecinal y Seguridad,http://firma.providencia.cl/dsign/cgi/sdoc.exe/sdoc/document?id=ZOtOd9Oxa8Pk4QTKf%2F81vQ%3D%3D,b760b0c289c15c0adb47561d387837342948f9649f1ed3d4be16bfd367bf1c9c,Texto original municipal firmado digitalmente (Sobre ruidos molestos)
MUNI-PROV-0468,MUNICIPAL_TRANSPARENCIA,2020-04-16,2020,194,texto_refundido,"Ordenanza N° 194: Modifícase la Ordenanza N°121 de 29 de noviembre de 1996 ""ORDENANZA SOBRE RUIDOS MOLESTOS EN LA COMUNA DE PROVIDENCIA"" , texto refundido por EX",Convivencia Vecinal y Seguridad,http://firma.providencia.cl/dsign/cgi/sdoc.exe/sdoc/document?id=8QDBiETtpxzuC7HV0L3DoA%3D%3D,ec8f169486a31326e93e07bf22615e6e44f56dbb185491b45b2740934ced1e86,Texto original municipal firmado digitalmente (Sobre ruidos molestos)
MUNI-PROV-0469,MUNICIPAL_TRANSPARENCIA,2016-07-11,2016,150,ordenanza_base,Tenencia Responsable de Mascotas y Bienestar Animal N° 150: Fíjase la siguiente Ordenanza sobre Tenencia Responsable de Mascotas y Bienestar Animal,Tenencia Responsable de Mascotas,http://firma.providencia.cl/dsign/cgi/sdoc.exe/sdoc/document?id=EbVevTR1cVYdHCavN%2FHdWA%3D%3D,56c5571de56c5596e020420931eec038e7a8079f97daf88e69ea054563cd8c7f,Texto original municipal firmado digitalmente (Tenencia Responsable de Mascotas y Bienestar Animal)
MUNI-PROV-0470,MUNICIPAL_TRANSPARENCIA,2019-01-15,2019,176,ordenanza_base,"Ordenanza N° 176: Derógase la Ordenanza N°150 de 11 de junio 2016 sobre ""TENENCIA RESPONSABLE DE MASCOTAS Y BIENESTAR ANIMAL""",Tenencia Responsable de Mascotas,http://firma.providencia.cl/dsign/cgi/sdoc.exe/sdoc/document?id=jgLcogH17v%2Brp9NGGVJFSg%3D%3D,da4dc7b52eb019824bb7b4e0d0185cfcc7f9f402cfe59ed7c457396386140559,Texto original municipal firmado digitalmente (Tenencia Responsable de Mascotas y Bienestar Animal)
MUNI-PROV-0471,MUNICIPAL_TRANSPARENCIA,2026-07-08,2026,1120,texto_refundido,"Decreto Exento N° 1120: Fíjase el siguiente texto refundido y sistematizado de la Ordenanza sobre ""TENENCIA RESPONSABLE DE MASCOTAS Y ANIMALES DE COMPAÑÍA DE LA COMUNA DE PROVIDENCIA""",Tenencia Responsable de Mascotas,http://firma.providencia.cl/dsign/cgi/sdoc.exe/sdoc/document?id=3v%2BXFF%2FE86Qh8erNhuvuaA%3D%3D,062af9e622336b2a88ca3e36cf7c065a73182928c93ecd2159f029cbe13efe31,Texto original municipal firmado digitalmente (Tenencia Responsable de Mascotas y Bienestar Animal)
MUNI-PROV-0472,MUNICIPAL_TRANSPARENCIA,2026-05-15,2026,242,ordenanza_base,"Ordenanza N° 242: Modifícase la Ordenanza sobre ""TENENCIA RESPONSABLE DE MASCOTAS Y ANIMALES DE COMPAÑÍA DE LA COMUNA DE PROVIDENCIA"", aprobada mediante Ordenanza N°176 de 15 de enero de 2019",Tenencia Responsable de Mascotas,http://firma.providencia.cl/dsign/cgi/sdoc.exe/sdoc/document?id=ls2t6aZw3SC0jDczZtKFrQ%3D%3D,5e576e8a0c3ccbce55a7c94091b8d30d6da11488c40400476f8e328b6eb16fc8,Texto original municipal firmado digitalmente (Tenencia Responsable de Mascotas y Bienestar Animal)
MUNI-PROV-0473,MUNICIPAL_TRANSPARENCIA,2003-09-03,2003,1421,texto_refundido,"Decreto Exento N° 1421: Fíjase el siguiente texto refundido y sistematizado de la Ordenanza Nº7 de 02 de septiembre de1997, sobre ""ESTACIONAMIENTO DE TAXIS EN LA COMUNA DE PROVIDENCIA""","Tránsito, Transporte y Espacio Público",http://firma.providencia.cl/dsign/cgi/sdoc.exe/sdoc/document?id=d99WzZoD55iPVJ03wwDXfg%3D%3D,22d9252c91f3c143aafc7d8ce0413f76ad6182a8b7d983159360e929a27c59d7,Texto original municipal firmado digitalmente (Estacionamiento de taxis en la Comuna de Providencia)
MUNI-PROV-0474,MUNICIPAL_TRANSPARENCIA,2003-07-11,2003,5,ordenanza_base,"Ordenanza N° 5: Modifícase el articulo 6º de la Ordenanza Nº 7 del 1997, sobre ESTACIONAMIENTOS DE TAXIS EN LA COMUNA DE PROVIDENCIA","Tránsito, Transporte y Espacio Público",http://firma.providencia.cl/dsign/cgi/sdoc.exe/sdoc/document?id=i8VvqpNu5QEnnc2ff%2BnT3w%3D%3D,21095feeefe8aa10dad38564ff568e7278ffbf9488f6c56a8384f7049af3455a,Texto original municipal firmado digitalmente (Estacionamiento de taxis en la Comuna de Providencia)
MUNI-PROV-0475,MUNICIPAL_TRANSPARENCIA,2003-10-22,2003,9,ordenanza_base,Estacionamientos controlados en la vía pública de la Comuna N° 9: Apruébase la Ordenanza sobre Estacionamientos Controlados en las Vias Públicas de la Comuna,"Tránsito, Transporte y Espacio Público",http://firma.providencia.cl/dsign/cgi/sdoc.exe/sdoc/document?id=24V5j4c9bMn%2BEqsu7eIlLg%3D%3D,5c2a5567d5729e9a706e1adbd3690532ad6dcd75fd2bdb68260d0189d947b88c,Texto original municipal firmado digitalmente (Estacionamientos controlados en las vías públicas de la Comuna)
MUNI-PROV-0476,MUNICIPAL_TRANSPARENCIA,2012-08-17,2012,1723,texto_refundido,"Estacionamientos controlados en las vías públicas de la Comuna N° 1723: Fijase el siguiente texto refundido y sistematizado de la Ordenanza Nº9 de 22 de octubre de 2003 sobre ""ESTACIONAMIENTOS CONTROLADOS EN LAS VIAS PUBLICAS DE LA COMUNA""","Tránsito, Transporte y Espacio Público",http://firma.providencia.cl/dsign/cgi/sdoc.exe/sdoc/document?id=16U0ocRraoKjBFdMmKTmkQ%3D%3D,ba7213b9881d60eb7dc2bcf974f0f4e7038cd5d15da41f0255d41bcf3638dcac,Texto original municipal firmado digitalmente (Estacionamientos controlados en las vías públicas de la Comuna)
MUNI-PROV-0477,MUNICIPAL_TRANSPARENCIA,2012-04-12,2012,116,ordenanza_base,Estacionamientos controlados en las vías públicas de la Comuna N° 116: Modifícase la Ordenanza Nº9 de fecha 22,"Tránsito, Transporte y Espacio Público",http://firma.providencia.cl/dsign/cgi/sdoc.exe/sdoc/document?id=aP6patvU%2F39BEAnseWcksA%3D%3D,c19e3027aa7bfb65681d1b66ee3bc516d58a34e7c0ca0172070345b41625f1e7,Texto original municipal firmado digitalmente (Estacionamientos controlados en las vías públicas de la Comuna)
MUNI-PROV-0478,MUNICIPAL_TRANSPARENCIA,2019-01-21,2019,177,texto_refundido,"Ordenanza N° 177: Derógase la Ordenanza N°9 de 22 de octubre 2003 sobre ""ESTACIONAMIENTOS CONTROLADOS EN LAS VIAS PUBLICAS DE LA COMUNA"", cuyo texto refundido se fijó por Decreto Alcaldicio EX","Tránsito, Transporte y Espacio Público",http://firma.providencia.cl/dsign/cgi/sdoc.exe/sdoc/document?id=23PZ8VgTu5Bi2cCNmvq1vg%3D%3D,0404394e67c7b56fe7da2bfbda02ad47b77d1edf989fb1eb97f83dafab604520,Texto original municipal firmado digitalmente (Estacionamientos controlados en las vías públicas de la Comuna)
MUNI-PROV-0479,MUNICIPAL_TRANSPARENCIA,2001-06-19,2001,8,texto_refundido,Estacionamientos Reservados para vehículos N° 8: Rectificase el art,"Tránsito, Transporte y Espacio Público",http://firma.providencia.cl/dsign/cgi/sdoc.exe/sdoc/document?id=6MaifoOWULx6klP%2BYtmzVg%3D%3D,64310d705607a999c8c254beb4198f1f6a62eaf4ebfc26488ff9e7d1ba3372f2,Texto original municipal firmado digitalmente (Estacionamientos Reservados para vehículos)
MUNI-PROV-0480,MUNICIPAL_TRANSPARENCIA,2001-05-15,2001,5,texto_refundido,Estacionamientos Reservados para vehículos N° 5: Fijase texto refundido Ordenanza sobre Estacionamientos Reservados para Vehículos,"Tránsito, Transporte y Espacio Público",http://firma.providencia.cl/dsign/cgi/sdoc.exe/sdoc/document?id=r5kYN6owjlYRLnnYaIDlbw%3D%3D,133e43e7eb9b1cb7e826968cd6f5ee1488f793a9ff6d565c5b2bfd8774fd1f78,Texto original municipal firmado digitalmente (Estacionamientos Reservados para vehículos)
MUNI-PROV-0481,MUNICIPAL_TRANSPARENCIA,2009-02-16,2009,349,texto_refundido,Estacionamientos Reservados para vehículos N° 349: Fíjase el siguiente texto refundido de la Ordenanza sobre Estacionamientos Reservados para Vehículos,"Tránsito, Transporte y Espacio Público",http://firma.providencia.cl/dsign/cgi/sdoc.exe/sdoc/document?id=UteWVo23E4mWxgUt5AUKyQ%3D%3D,2fbedf3a4f1f019e41da4071730cc608a36df12886c7cd15a0fd69f5be9a9a48,Texto original municipal firmado digitalmente (Estacionamientos Reservados para vehículos)
MUNI-PROV-0482,MUNICIPAL_TRANSPARENCIA,2009-01-30,2009,77,texto_refundido,Estacionamientos Reservados para vehículos N° 77: Modifícase la Ordenanza sobre Estacionamientos Reservados para Vehículos aprobada por Ordenanza 1020 de 21,"Tránsito, Transporte y Espacio Público",http://firma.providencia.cl/dsign/cgi/sdoc.exe/sdoc/document?id=yaSRejYr1uNgLmikV0OZXQ%3D%3D,bf4039adbf7e0df9ed1459d36760ce4dd613cfcac4f12dfee1c7100ebbc32832,Texto original municipal firmado digitalmente (Estacionamientos Reservados para vehículos)
MUNI-PROV-0483,MUNICIPAL_TRANSPARENCIA,2012-04-12,2012,116,ordenanza_base,Estacionamientos Reservados para vehículos N° 116: Modifícase la Ordenanza Nº9 de fecha 22,"Tránsito, Transporte y Espacio Público",http://firma.providencia.cl/dsign/cgi/sdoc.exe/sdoc/document?id=aP6patvU%2F39BEAnseWcksA%3D%3D,c19e3027aa7bfb65681d1b66ee3bc516d58a34e7c0ca0172070345b41625f1e7,Texto original municipal firmado digitalmente (Estacionamientos Reservados para vehículos)
MUNI-PROV-0484,MUNICIPAL_TRANSPARENCIA,2013-10-07,2013,2182,texto_refundido,Estacionamientos Reservados para vehículos N° 2182: Fíjase el siguiente texto refundido de la Ordenanza sobre Estacionamientos Reservados para Vehículos,"Tránsito, Transporte y Espacio Público",http://firma.providencia.cl/dsign/cgi/sdoc.exe/sdoc/document?id=1GqUNaJCOi5KRinzpo9BSQ%3D%3D,d3a504917df107cf740186a8d80634064f1b42c6c658953bd466879b0dffce0c,Texto original municipal firmado digitalmente (Estacionamientos Reservados para vehículos)
MUNI-PROV-0485,MUNICIPAL_TRANSPARENCIA,2013-08-13,2013,123,ordenanza_base,"Estacionamientos Reservados para vehículos N° 123: Modifícase el artículo 1 de la Ordenanza 1020 de 21 de septiembre de 1982, sobre Estacionamientos Reservados para Vehículos, en el sentido de sustituir la frase ""artículo 164 de la Ley de Tránsito Nº18","Tránsito, Transporte y Espacio Público",http://firma.providencia.cl/dsign/cgi/sdoc.exe/sdoc/document?id=m0Me8Hdx8yLKWxbgPr%2FBbw%3D%3D,8cf48c5db0d0868ab042aab516e4f35aae160b3e1a3c66d64af9330a3745e03a,Texto original municipal firmado digitalmente (Estacionamientos Reservados para vehículos)
MUNI-PROV-0486,MUNICIPAL_TRANSPARENCIA,2016-04-15,2016,629,texto_refundido,Estacionamientos Reservados para vehículos N° 629: Fíjase el siguiente texto refundido de la Ordenanza Sobre Estacionamientos Reservados para Vehículos,"Tránsito, Transporte y Espacio Público",http://firma.providencia.cl/dsign/cgi/sdoc.exe/sdoc/document?id=hdzHjrYcJ8CVle7R0jSMfA%3D%3D,f13c0eb6db079fa79e10581dd1ae0803a8c8cffe22eef3720e5e88944678cbd1,Texto original municipal firmado digitalmente (Estacionamientos Reservados para vehículos)
MUNI-PROV-0487,MUNICIPAL_TRANSPARENCIA,2016-02-24,2016,16,extracto_do,Estacionamientos Reservados para vehículos N° 16 - Estacionamientos Reservados para vehículos,"Tránsito, Transporte y Espacio Público",http://firma.providencia.cl/dsign/cgi/sdoc.exe/sdoc/document?id=UlQjDOImMqTrD%2Fm8oQFtSg%3D%3D,991f918f6fc02939992bba1f53e9b20876ff9f3dfa74acd82e5e71f49f74a28d,Texto original municipal firmado digitalmente (Estacionamientos Reservados para vehículos)
MUNI-PROV-0488,MUNICIPAL_TRANSPARENCIA,2016-02-23,2016,145,texto_refundido,"Estacionamientos Reservados para vehículos N° 145: ModifÍcase la Ordenanza N°1020 de 21 de septiembre de 1982, sobre Estacionamientos Reservados para Vehículos"", cuyo texto refundido se fijó por EXN°2182 de  7 de Octubre de 2013","Tránsito, Transporte y Espacio Público",http://firma.providencia.cl/dsign/cgi/sdoc.exe/sdoc/document?id=v4TE80rFAyLFFvWvnQU64g%3D%3D,b0689e2cd6abdb4fd5d447345feff3dd43435fe7eaf26b9aec19d0ffe0271e78,Texto original municipal firmado digitalmente (Estacionamientos Reservados para vehículos)
MUNI-PROV-0489,MUNICIPAL_TRANSPARENCIA,2018-12-19,2018,1896,texto_refundido,"Decreto Exento N° 1896: Fíjase el siguiente texto refundido y sistematizado de la Ordenanza sobre ""ESTACIONAMNIENTOS RESERVADOS PARA VEHICULOS""","Tránsito, Transporte y Espacio Público",http://firma.providencia.cl/dsign/cgi/sdoc.exe/sdoc/document?id=KoKMHRccyTrWe938mobfFw%3D%3D,fc152c4b157864cd3d70ef6e5843d584e2f7baa6f13e25c158d996d32c7127f1,Texto original municipal firmado digitalmente (Estacionamientos Reservados para vehículos)
MUNI-PROV-0490,MUNICIPAL_TRANSPARENCIA,2018-12-14,2018,175,ordenanza_base,"Ordenanza N° 175: Modifícase la Ordenanza sobre ""ESTACIONAMIENTO RESERVADO PARA VEHICULOS"", cuyo texto refundio se fijó por Decreto Alcaldicio EX:N°967 de 3 de Julio de 2018","Tránsito, Transporte y Espacio Público",http://firma.providencia.cl/dsign/cgi/sdoc.exe/sdoc/document?id=Fzf0tefmgOAqIrVSFjgM5w%3D%3D,14052cef491a300e5f968cf9c56f3c46731528b1637c346c65b0f6732a829598,Texto original municipal firmado digitalmente (Estacionamientos Reservados para vehículos)
MUNI-PROV-0491,MUNICIPAL_TRANSPARENCIA,2018-07-03,2018,967,texto_refundido,"Decreto Exento N° 967: Fíjase el siguiente texto refundido de la Ordenanza sobre ""ESTACIONAMIENTO RESERVADO PARA VEHICULOS""","Tránsito, Transporte y Espacio Público",http://firma.providencia.cl/dsign/cgi/sdoc.exe/sdoc/document?id=87ohkO98qv9r7EGLtKFG2A%3D%3D,645ed5440de96246c0de7b649b63fa72b42f789535d2f369a55086df9b0db0ab,Texto original municipal firmado digitalmente (Estacionamientos Reservados para vehículos)
MUNI-PROV-0492,MUNICIPAL_TRANSPARENCIA,2018-06-11,2018,163,texto_refundido,"Ordenanza N° 163: Modifícase la Ordenanza sobre  "" ESTACIONAMIENTO RESERVADO PARA VEHICULOS "", cuyo texto refundido se fijo por EXN°629 de 15 de abril de 2016","Tránsito, Transporte y Espacio Público",http://firma.providencia.cl/dsign/cgi/sdoc.exe/sdoc/document?id=EPBoJp4RYBxDBCkdfEG5tg%3D%3D,736460d3bae046e41ccf0b4c1991b4d1405ba155c56bbccbd24d595a46e81ae7,Texto original municipal firmado digitalmente (Estacionamientos Reservados para vehículos)
MUNI-PROV-0493,MUNICIPAL_TRANSPARENCIA,2006-05-16,2006,45,ordenanza_base,Ordenanza N° 45: Déjase sin efecto la Ordenanza Nº 4 de 8 de junio de 1984 que aprobó la Ordenanza Comunal sobre HORARIO DE CARGA Y DESCARGA,"Tránsito, Transporte y Espacio Público",http://firma.providencia.cl/dsign/cgi/sdoc.exe/sdoc/document?id=MJIp5wiUYmUFMOfkof62lA%3D%3D,33ede7fdf99862eb0059ae37d235f3577e0b324d8d126856dced77184cadc246,Texto original municipal firmado digitalmente (Horario de carga y descarga)
MUNI-PROV-0494,MUNICIPAL_TRANSPARENCIA,2015-04-21,2015,138,ordenanza_base,"Ordenanza N° 138: Apruébase la ""ORDENANZA DEL AREA DE EXCLUSION DE ESTACIONAMIENTO PEDRO DE VALDIVIA N°963""","Tránsito, Transporte y Espacio Público",http://firma.providencia.cl/dsign/cgi/sdoc.exe/sdoc/document?id=de8%2FiV5a7aVV1kcSyXOtWg%3D%3D,6513579fd4ef655ad160911f28c1b6d2d3ae4cd29242fb7852cbd38e30cd9d95,Texto original municipal firmado digitalmente (Ordenanza del Area de Exclusión de Estacionamientos Pedro de Valdivia Nº963)
MUNI-PROV-0495,MUNICIPAL_TRANSPARENCIA,2001-10-11,2001,12,ordenanza_base,"Ordenanza N° 12: Apruébase la ""ORDENANZA SOBRE PROHIBICION DE ESTACIONAMIENTO EN AREA PROTEGIDA""","Tránsito, Transporte y Espacio Público",http://firma.providencia.cl/dsign/cgi/sdoc.exe/sdoc/document?id=id9sTY78T2PGvHH2M1evLg%3D%3D,65fb6993858a6ba114d7277099a8f15c78de86e3f53acf5c2199afecf689a6c3,Texto original municipal firmado digitalmente (Ordenanza sobre prohibicion de estacionamiento en area protegida)
BCN-PROV-0496,BCN_DO,2017-11-21,2017,160,extracto_bcn,EXTRACTO,Normativa General y Otras Materias,https://www.bcn.cl/leychile/navegar?idNorma=1111091,NO_APLICA_HTML_BCN,Extracto/Sumario de promulgación en Diario Oficial capturado vía BCN LeyChile
BCN-PROV-0497,BCN_DO,2017-11-07,2017,158,extracto_bcn,EXTRACTO,Normativa General y Otras Materias,https://www.bcn.cl/leychile/navegar?idNorma=1110231,NO_APLICA_HTML_BCN,Extracto/Sumario de promulgación en Diario Oficial capturado vía BCN LeyChile
BCN-PROV-0498,BCN_DO,2017-11-07,2017,159,extracto_bcn,EXTRACTO,Normativa General y Otras Materias,https://www.bcn.cl/leychile/navegar?idNorma=1110232,NO_APLICA_HTML_BCN,Extracto/Sumario de promulgación en Diario Oficial capturado vía BCN LeyChile
BCN-PROV-0499,BCN_DO,2017-10-19,2017,157,extracto_bcn,FIJA MONTO ANUAL POR DERECHO PARA EL SERVICIO DOMICILIARIO DE ASEO,Derechos Municipales y Tarifas,https://www.bcn.cl/leychile/navegar?idNorma=1109525,NO_APLICA_HTML_BCN,Extracto/Sumario de promulgación en Diario Oficial capturado vía BCN LeyChile
BCN-PROV-0500,BCN_DO,2016-08-27,2016,151,extracto_bcn,MODIFICA ORDENANZA LOCAL SOBRE DERECHOS MUNICIPALES,Derechos Municipales y Tarifas,https://www.bcn.cl/leychile/navegar?idNorma=1094081,NO_APLICA_HTML_BCN,Extracto/Sumario de promulgación en Diario Oficial capturado vía BCN LeyChile
BCN-PROV-0501,BCN_DO,2016-07-19,2016,150,extracto_bcn,EXTRACTO,Normativa General y Otras Materias,https://www.bcn.cl/leychile/navegar?idNorma=1092681,NO_APLICA_HTML_BCN,Extracto/Sumario de promulgación en Diario Oficial capturado vía BCN LeyChile
BCN-PROV-0502,BCN_DO,2016-07-06,2016,149,extracto_bcn,EXTRACTO,Normativa General y Otras Materias,https://www.bcn.cl/leychile/navegar?idNorma=1092284,NO_APLICA_HTML_BCN,Extracto/Sumario de promulgación en Diario Oficial capturado vía BCN LeyChile
BCN-PROV-0503,BCN_DO,2016-05-20,2016,148,extracto_bcn,MODIFICA ORDENANZA LOCAL SOBRE DERECHOS MUNICIPALES,Derechos Municipales y Tarifas,https://www.bcn.cl/leychile/navegar?idNorma=1090634,NO_APLICA_HTML_BCN,Extracto/Sumario de promulgación en Diario Oficial capturado vía BCN LeyChile
BCN-PROV-0504,BCN_DO,2016-04-09,2016,147,extracto_bcn,"NORMAS PARA LA COBRANZA DE CONTRIBUCIONES, IMPUESTOS Y DERECHOS MUNICIPALES QUE SE ENCUENTRAN MOROSOS",Derechos Municipales y Tarifas,https://www.bcn.cl/leychile/navegar?idNorma=1089229,NO_APLICA_HTML_BCN,Extracto/Sumario de promulgación en Diario Oficial capturado vía BCN LeyChile
BCN-PROV-0505,BCN_DO,2016-02-27,2016,145,extracto_bcn,"MODIFICA ORDENANZA Nº1.020, DE 1982, SOBRE ""ESTACIONAMIENTOS RESERVADOS PARA VEHÍCULOS""",Tránsito y Transporte,https://www.bcn.cl/leychile/navegar?idNorma=1087953,NO_APLICA_HTML_BCN,Extracto/Sumario de promulgación en Diario Oficial capturado vía BCN LeyChile
BCN-PROV-0506,BCN_DO,2016-02-27,2016,146,extracto_bcn,"MODIFICA ORDENANZA Nº22, DE 2001 ""ORDENANZA LOCAL SOBRE DERECHOS MUNICIPALES"" QUE RIGE PARA EL AÑO 2016",Derechos Municipales y Tarifas,https://www.bcn.cl/leychile/navegar?idNorma=1087954,NO_APLICA_HTML_BCN,Extracto/Sumario de promulgación en Diario Oficial capturado vía BCN LeyChile
BCN-PROV-0507,BCN_DO,2016-01-16,2016,2103-exento,extracto_bcn,FIJA TEXTO REFUNDIDO Y SISTEMATIZADO DE LA ORDENANZA LOCAL SOBRE DERECHOS MUNICIPALES,Derechos Municipales y Tarifas,https://datos.bcn.cl/recurso/cl/dto/municipalidad-de-providencia/2016-01-16/2103-exento,NO_APLICA_HTML_BCN,Extracto/Sumario de promulgación en Diario Oficial capturado vía BCN LeyChile
BCN-PROV-0508,BCN_DO,2015-11-05,2015,142,extracto_bcn,"EXTRACTO DE ORDENANZA Nº 142, DE 2015",Normativa General y Otras Materias,https://www.bcn.cl/leychile/navegar?idNorma=1083604,NO_APLICA_HTML_BCN,Extracto/Sumario de promulgación en Diario Oficial capturado vía BCN LeyChile
BCN-PROV-0509,BCN_DO,2015-11-05,2015,143,extracto_bcn,"MODIFICA ORDENANZA Nº 65, DE 2007",Normativa General y Otras Materias,https://www.bcn.cl/leychile/navegar?idNorma=1083602,NO_APLICA_HTML_BCN,Extracto/Sumario de promulgación en Diario Oficial capturado vía BCN LeyChile
BCN-PROV-0510,BCN_DO,2015-11-05,2015,144,extracto_bcn,APRUÉBASE ORDENANZA DE COBRO DE DERECHO DE ASEO DOMICILIARIO PARA EL AÑO 2016,Derechos Municipales y Tarifas,https://www.bcn.cl/leychile/navegar?idNorma=1083603,NO_APLICA_HTML_BCN,Extracto/Sumario de promulgación en Diario Oficial capturado vía BCN LeyChile
BCN-PROV-0511,BCN_DO,2015-10-13,2015,140,extracto_bcn,"MODIFICA ORDENANZA Nº 112, DE 2011, SOBRE ""CIERRE DE CALLES O PASAJES PÚBLICOS CIEGOS DE LA COMUNA DE PROVIDENCIA""",Seguridad y Convivencia,https://www.bcn.cl/leychile/navegar?idNorma=1082617,NO_APLICA_HTML_BCN,Extracto/Sumario de promulgación en Diario Oficial capturado vía BCN LeyChile
BCN-PROV-0512,BCN_DO,2015-08-14,2015,139,extracto_bcn,"MODIFICA ORDENANZA Nº 22, DE 2001, ""ORDENANZA LOCAL SOBRE DERECHOS MUNICIPALES""",Derechos Municipales y Tarifas,https://www.bcn.cl/leychile/navegar?idNorma=1080417,NO_APLICA_HTML_BCN,Extracto/Sumario de promulgación en Diario Oficial capturado vía BCN LeyChile
BCN-PROV-0513,BCN_DO,2015-04-28,2015,138,extracto_bcn,APRUEBA ORDENANZA DEL ÁREA DE EXCLUSIÓN DE ESTACIONAMIENTOS PEDRO DE VALDIVIA Nº 963,Tránsito y Transporte,https://www.bcn.cl/leychile/navegar?idNorma=1076634,NO_APLICA_HTML_BCN,Extracto/Sumario de promulgación en Diario Oficial capturado vía BCN LeyChile
BCN-PROV-0514,BCN_DO,2014-12-20,2014,137,extracto_bcn,APRUEBA ORDENANZA DE ZONIFICACIÓN Y HORARIOS DE FUNCIONAMIENTO DE LOS ESTABLECIMIENTOS DE EXPENDIO Y CONSUMO DE BEBIDAS ALCOHÓLICAS PARA LA CONVIVENCIA JUSTA EN LOS BARRIOS,"Comercio, Alcoholes y Patentes",https://www.bcn.cl/leychile/navegar?idNorma=1072827,NO_APLICA_HTML_BCN,Extracto/Sumario de promulgación en Diario Oficial capturado vía BCN LeyChile
BCN-PROV-0515,BCN_DO,2014-11-07,2014,133,extracto_bcn,APRUEBA ORDENANZA DE COBRO DE DERECHO DE ASEO DOMICILIARIO PARA EL AÑO 2015,Derechos Municipales y Tarifas,https://www.bcn.cl/leychile/navegar?idNorma=1069176,NO_APLICA_HTML_BCN,Extracto/Sumario de promulgación en Diario Oficial capturado vía BCN LeyChile
BCN-PROV-0516,BCN_DO,2014-11-07,2014,134,extracto_bcn,"MODIFICA ORDENANZA Nº 22, DE 2001, SOBRE DERECHOS MUNICIPALES",Derechos Municipales y Tarifas,https://www.bcn.cl/leychile/navegar?idNorma=1069179,NO_APLICA_HTML_BCN,Extracto/Sumario de promulgación en Diario Oficial capturado vía BCN LeyChile
BCN-PROV-0517,BCN_DO,2014-11-07,2014,135,extracto_bcn,"MODIFICA ORDENANZA Nº 129, DE 2014, ""ORDENANZA COMUNAL SOBRE OCUPACIÓN TRANSITORIA DEL ESPACIO PÚBLICO POR LA EJECUCIÓN DE FAENAS Y OTRAS ACTIVIDADES",Tránsito y Transporte,https://www.bcn.cl/leychile/navegar?idNorma=1069177,NO_APLICA_HTML_BCN,Extracto/Sumario de promulgación en Diario Oficial capturado vía BCN LeyChile
BCN-PROV-0518,BCN_DO,2014-11-07,2014,136,extracto_bcn,DICTA ORDENANZA PARA EL OTORGAMIENTO DE PATENTES MUNICIPALES PROVISORIAS EN LA COMUNA DE PROVIDENCIA,"Comercio, Alcoholes y Patentes",https://www.bcn.cl/leychile/navegar?idNorma=1069178,NO_APLICA_HTML_BCN,Extracto/Sumario de promulgación en Diario Oficial capturado vía BCN LeyChile
BCN-PROV-0519,BCN_DO,2014-10-17,2014,132,extracto_bcn,APRUEBA ORDENANZA DE ZONIFICACIÓN Y HORARIOS DE FUNCIONAMIENTO DE LOS NEGOCIOS DE EXPENDIO Y CONSUMO DE BEBIDAS ALCOHÓLICAS,"Comercio, Alcoholes y Patentes",https://www.bcn.cl/leychile/navegar?idNorma=1068542,NO_APLICA_HTML_BCN,Extracto/Sumario de promulgación en Diario Oficial capturado vía BCN LeyChile
BCN-PROV-0520,BCN_DO,2014-06-24,2014,131,extracto_bcn,"MODIFICA ORDENANZA Nº 4, DE 2002, SOBRE PUBLICIDAD Y PROPAGANDA EN LA COMUNA","Comercio, Alcoholes y Patentes",https://www.bcn.cl/leychile/navegar?idNorma=1063591,NO_APLICA_HTML_BCN,Extracto/Sumario de promulgación en Diario Oficial capturado vía BCN LeyChile
BCN-PROV-0521,BCN_DO,2014-05-22,2014,130,extracto_bcn,MODIFICA ORDENANZA DE PARTICIPACIÓN CIUDADANA DE LA COMUNA DE PROVIDENCIA,Organización y Régimen Interno,https://www.bcn.cl/leychile/navegar?idNorma=1062446,NO_APLICA_HTML_BCN,Extracto/Sumario de promulgación en Diario Oficial capturado vía BCN LeyChile
BCN-PROV-0522,BCN_DO,2014-04-21,2014,129,extracto_bcn,"APRUEBA ""ORDENANZA COMUNAL SOBRE OCUPACIÓN TRANSITORIA DEL ESPACIO PÚBLICO POR LA EJECUCIÓN DE FAENAS Y OTRAS ACTIVIDADES""",Tránsito y Transporte,https://www.bcn.cl/leychile/navegar?idNorma=1061338,NO_APLICA_HTML_BCN,Extracto/Sumario de promulgación en Diario Oficial capturado vía BCN LeyChile
BCN-PROV-0523,BCN_DO,2014-03-17,2014,128,extracto_bcn,"MODIFICA ORDENANZA N° 1, DE 2002, ""ORDENANZA DE ORNATO""","Aseo, Ornato y Medio Ambiente",https://www.bcn.cl/leychile/navegar?idNorma=1060355,NO_APLICA_HTML_BCN,Extracto/Sumario de promulgación en Diario Oficial capturado vía BCN LeyChile
BCN-PROV-0524,BCN_DO,2013-12-21,2013,126,extracto_bcn,"MODIFICA ARTÍCULO 15º DE LA ORDENANZA Nº 6, DE 2003, SOBRE ""NOTIFICACIONES Y PUBLICACIONES DE RESOLUCIONES MUNICIPALES""",Normativa General y Otras Materias,https://www.bcn.cl/leychile/navegar?idNorma=1057514,NO_APLICA_HTML_BCN,Extracto/Sumario de promulgación en Diario Oficial capturado vía BCN LeyChile
BCN-PROV-0525,BCN_DO,2013-12-21,2013,127,extracto_bcn,DEJA ESTABLECIDO MONTO PARA COBRO DE DERECHOS DE ASEO DOMICILIARIO PARA EL AÑO 2014,Derechos Municipales y Tarifas,https://www.bcn.cl/leychile/navegar?idNorma=1057515,NO_APLICA_HTML_BCN,Extracto/Sumario de promulgación en Diario Oficial capturado vía BCN LeyChile
BCN-PROV-0526,BCN_DO,2013-12-20,2013,125,extracto_bcn,"MODIFICA ORDENANZA Nº 2, DE 2000, SOBRE LA ACTIVIDAD COMERCIAL, DE ALCOHOLES, INDUSTRIAL, PROFESIONAL Y DE SERVICIOS","Comercio, Alcoholes y Patentes",https://www.bcn.cl/leychile/navegar?idNorma=1057494,NO_APLICA_HTML_BCN,Extracto/Sumario de promulgación en Diario Oficial capturado vía BCN LeyChile
BCN-PROV-0527,BCN_DO,2013-11-06,2013,124,extracto_bcn,"MODIFICA ORDENANZA LOCAL Nº 22, DE 2001, SOBRE DERECHOS MUNICIPALES",Derechos Municipales y Tarifas,https://www.bcn.cl/leychile/navegar?idNorma=1055884,NO_APLICA_HTML_BCN,Extracto/Sumario de promulgación en Diario Oficial capturado vía BCN LeyChile
BCN-PROV-0528,BCN_DO,2013-08-20,2013,122,extracto_bcn,"MODIFICA ORDENANZA Nº 2, DE 2003, SOBRE SUBVENCIONES MUNICIPALES","Salud, Deporte y Desarrollo Social",https://www.bcn.cl/leychile/navegar?idNorma=1053677,NO_APLICA_HTML_BCN,Extracto/Sumario de promulgación en Diario Oficial capturado vía BCN LeyChile
BCN-PROV-0529,BCN_DO,2013-08-20,2013,123,extracto_bcn,"MODIFICA ORDENANZA Nº 1.020, DE 1982, SOBRE ESTACIONAMIENTOS RESERVADOS PARA VEHÍCULOS",Tránsito y Transporte,https://www.bcn.cl/leychile/navegar?idNorma=1053678,NO_APLICA_HTML_BCN,Extracto/Sumario de promulgación en Diario Oficial capturado vía BCN LeyChile
BCN-PROV-0530,BCN_DO,2012-11-21,2012,121,extracto_bcn,"MODIFICA ORDENANZA Nº 118, DE 2012, QUE ESTABLECE MONTO PARA EL COBRO DE DERECHOS DE ASEO DOMICILIARO PARA EL AÑO 2013",Derechos Municipales y Tarifas,https://www.bcn.cl/leychile/navegar?idNorma=1045942,NO_APLICA_HTML_BCN,Extracto/Sumario de promulgación en Diario Oficial capturado vía BCN LeyChile
BCN-PROV-0531,BCN_DO,2012-10-30,2012,120,extracto_bcn,"EXTRACTO DE ORDENANZA Nº 120, DE 2012",Normativa General y Otras Materias,https://www.bcn.cl/leychile/navegar?idNorma=1045169,NO_APLICA_HTML_BCN,Extracto/Sumario de promulgación en Diario Oficial capturado vía BCN LeyChile
BCN-PROV-0532,BCN_DO,2012-10-26,2012,118,extracto_bcn,ESTABLECE MONTO PARA EL COBRO DE DERECHOS DE ASEO DOMICILIARIO PARA EL AÑO 2013,Derechos Municipales y Tarifas,https://www.bcn.cl/leychile/navegar?idNorma=1045116,NO_APLICA_HTML_BCN,Extracto/Sumario de promulgación en Diario Oficial capturado vía BCN LeyChile
BCN-PROV-0533,BCN_DO,2012-10-25,2012,119,extracto_bcn,"MODIFICA ORDENANZA Nº22, DE 2001",Normativa General y Otras Materias,https://www.bcn.cl/leychile/navegar?idNorma=1045095,NO_APLICA_HTML_BCN,Extracto/Sumario de promulgación en Diario Oficial capturado vía BCN LeyChile
BCN-PROV-0534,BCN_DO,2012-07-13,2012,117,extracto_bcn,"MODIFICA ORDENANZA Nº 22, DE 2001, SOBRE DERECHOS MUNICIPALES",Derechos Municipales y Tarifas,https://www.bcn.cl/leychile/navegar?idNorma=1041762,NO_APLICA_HTML_BCN,Extracto/Sumario de promulgación en Diario Oficial capturado vía BCN LeyChile
BCN-PROV-0535,BCN_DO,2012-04-19,2012,116,extracto_bcn,"MODIFICA ORDENANZA Nº 9, DE 2003, SOBRE ESTACIONAMIENTOS CONTROLADOS EN LAS VÍAS PÚBLICAS DE LA COMUNA",Tránsito y Transporte,https://www.bcn.cl/leychile/navegar?idNorma=1039269,NO_APLICA_HTML_BCN,Extracto/Sumario de promulgación en Diario Oficial capturado vía BCN LeyChile
BCN-PROV-0536,BCN_DO,2012-03-26,2012,115,extracto_bcn,MODIFICA ORDENANZA LOCAL SOBRE DERECHOS MUNICIPALES,Derechos Municipales y Tarifas,https://www.bcn.cl/leychile/navegar?idNorma=1038330,NO_APLICA_HTML_BCN,Extracto/Sumario de promulgación en Diario Oficial capturado vía BCN LeyChile
BCN-PROV-0537,BCN_DO,2011-10-25,2011,114,extracto_bcn,MODIFICA CONSIDERANDO DE ORDENANZAS QUE INDICA,Normativa General y Otras Materias,https://www.bcn.cl/leychile/navegar?idNorma=1031580,NO_APLICA_HTML_BCN,Extracto/Sumario de promulgación en Diario Oficial capturado vía BCN LeyChile
BCN-PROV-0538,BCN_DO,2011-10-18,2011,113,extracto_bcn,MODIFICA LA ORDENANZA DE PARTICIPACIÓN CIUDADANA,Organización y Régimen Interno,https://www.bcn.cl/leychile/navegar?idNorma=1031421,NO_APLICA_HTML_BCN,Extracto/Sumario de promulgación en Diario Oficial capturado vía BCN LeyChile
BCN-PROV-0539,BCN_DO,2011-10-14,2011,109,extracto_bcn,"MODIFICA ORDENANZA Nº 22, DE 2001, SOBRE DERECHOS MUNICIPALES",Derechos Municipales y Tarifas,https://www.bcn.cl/leychile/navegar?idNorma=1030914,NO_APLICA_HTML_BCN,Extracto/Sumario de promulgación en Diario Oficial capturado vía BCN LeyChile
BCN-PROV-0540,BCN_DO,2011-10-14,2011,110,extracto_bcn,APRUEBA 'ORDENANZA DE COBRO DE DERECHO DE ASEO DOMICILIARIO PARA EL AÑO 2012',Derechos Municipales y Tarifas,https://www.bcn.cl/leychile/navegar?idNorma=1030915,NO_APLICA_HTML_BCN,Extracto/Sumario de promulgación en Diario Oficial capturado vía BCN LeyChile
BCN-PROV-0541,BCN_DO,2011-10-14,2011,111,extracto_bcn,DEJA ESTABLECIDO MONTO PARA EL COBRO DE DERECHO DE ASEO DOMICILIARIO PARA EL AÑO 2012,Derechos Municipales y Tarifas,https://www.bcn.cl/leychile/navegar?idNorma=1030916,NO_APLICA_HTML_BCN,Extracto/Sumario de promulgación en Diario Oficial capturado vía BCN LeyChile
BCN-PROV-0542,BCN_DO,2011-10-14,2011,112,extracto_bcn,"MODIFICA ORDENANZA Nº 5, DE 1999, SOBRE 'CIERRE DE CALLES O PASAJES PÚBLICOS CIEGOS DE LA COMUNA DE PROVIDENCIA'",Seguridad y Convivencia,https://www.bcn.cl/leychile/navegar?idNorma=1030917,NO_APLICA_HTML_BCN,Extracto/Sumario de promulgación en Diario Oficial capturado vía BCN LeyChile
BCN-PROV-0543,BCN_DO,2011-10-13,2011,108,extracto_bcn,"MODIFICA ORDENANZA COMUNAL Nº 2, DE 2000, SOBRE 'ACTIVIDAD COMERCIAL DE ALCOHOLES, INDUSTRIAL, PROFESIONAL Y DE SERVICIOS'","Comercio, Alcoholes y Patentes",https://www.bcn.cl/leychile/navegar?idNorma=1030897,NO_APLICA_HTML_BCN,Extracto/Sumario de promulgación en Diario Oficial capturado vía BCN LeyChile
BCN-PROV-0544,BCN_DO,2011-09-27,2011,107,extracto_bcn,"MODIFICA ORDENANZA NÚMERO 4, DE 2002, SOBRE PUBLICIDAD Y PROPAGANDA EN LA COMUNA DE PROVIDENCIA","Comercio, Alcoholes y Patentes",https://www.bcn.cl/leychile/navegar?idNorma=1030235,NO_APLICA_HTML_BCN,Extracto/Sumario de promulgación en Diario Oficial capturado vía BCN LeyChile
BCN-PROV-0545,BCN_DO,2011-09-24,2011,106,extracto_bcn,"MODIFICA ORDENANZA Nº 22, DE 2001, SOBRE DERECHOS MUNICIPALES QUE RIGE PARA EL AÑO 2011",Derechos Municipales y Tarifas,https://www.bcn.cl/leychile/navegar?idNorma=1030195,NO_APLICA_HTML_BCN,Extracto/Sumario de promulgación en Diario Oficial capturado vía BCN LeyChile
BCN-PROV-0546,BCN_DO,2011-09-10,2011,105,extracto_bcn,MODIFICA 'ORDENANZA SOBRE NORMAS SANITARIAS BÁSICAS',Normativa General y Otras Materias,https://www.bcn.cl/leychile/navegar?idNorma=1029530,NO_APLICA_HTML_BCN,Extracto/Sumario de promulgación en Diario Oficial capturado vía BCN LeyChile
BCN-PROV-0547,BCN_DO,2011-08-20,2011,104,extracto_bcn,MODIFICA ORDENANZA Nº 1 DE 2002 'ORDENANZA DE ORNATO',"Aseo, Ornato y Medio Ambiente",https://www.bcn.cl/leychile/navegar?idNorma=1028832,NO_APLICA_HTML_BCN,Extracto/Sumario de promulgación en Diario Oficial capturado vía BCN LeyChile
BCN-PROV-0548,BCN_DO,2011-08-09,2011,103,extracto_bcn,MODIFICA ORDENANZA LOCAL SOBRE DERECHOS MUNICIPALES QUE RIGE PARA EL AÑO 2011,Derechos Municipales y Tarifas,https://www.bcn.cl/leychile/navegar?idNorma=1028500,NO_APLICA_HTML_BCN,Extracto/Sumario de promulgación en Diario Oficial capturado vía BCN LeyChile
BCN-PROV-0549,BCN_DO,2011-06-02,2011,102,extracto_bcn,"MODIFICA ORDENANZA Nº 22 DE 2001, SOBRE DERECHOS MUNICIPALES",Derechos Municipales y Tarifas,https://www.bcn.cl/leychile/navegar?idNorma=1026141,NO_APLICA_HTML_BCN,Extracto/Sumario de promulgación en Diario Oficial capturado vía BCN LeyChile
BCN-PROV-0550,BCN_DO,2011-04-27,2011,101,extracto_bcn,MODIFICA ORDENANZA Nº 22 DE 2001 'ORDENANZA LOCAL SOBRE DERECHOS MUNICIPALES',Derechos Municipales y Tarifas,https://www.bcn.cl/leychile/navegar?idNorma=1024838,NO_APLICA_HTML_BCN,Extracto/Sumario de promulgación en Diario Oficial capturado vía BCN LeyChile
BCN-PROV-0551,BCN_DO,2011-04-09,2011,721-exento,extracto_bcn,FIJA TEXTO REFUNDIDO Y SISTEMATIZADO DE ORDENANZA SOBRE NORMAS SANITARIAS BÁSICAS,Normativa General y Otras Materias,https://datos.bcn.cl/recurso/cl/dto/municipalidad-de-providencia/2011-04-09/721-exento,NO_APLICA_HTML_BCN,Extracto/Sumario de promulgación en Diario Oficial capturado vía BCN LeyChile
BCN-PROV-0552,BCN_DO,2011-04-09,2011,720-exento,extracto_bcn,"FIJA TEXTO REFUNDIDO Y SISTEMATIZADO DE ORDENANZA SOBRE OBRAS DE CONSTRUCCIÓN, RECONSTRUCCIÓN, REPARACIÓN, ALTERACIÓN, AMPLIACIÓN Y DEMOLICIÓN DE EDIFICIOS Y OBRAS DE URBANIZACIÓN","Urbanismo, Obras y Construcción",https://datos.bcn.cl/recurso/cl/dto/municipalidad-de-providencia/2011-04-09/720-exento,NO_APLICA_HTML_BCN,Extracto/Sumario de promulgación en Diario Oficial capturado vía BCN LeyChile
BCN-PROV-0553,BCN_DO,2011-01-31,2011,100,extracto_bcn,MODIFICA 'ORDENANZA SOBRE NORMAS SANITARIAS BÁSICAS',Normativa General y Otras Materias,https://www.bcn.cl/leychile/navegar?idNorma=1022451,NO_APLICA_HTML_BCN,Extracto/Sumario de promulgación en Diario Oficial capturado vía BCN LeyChile
BCN-PROV-0554,BCN_DO,2010-12-24,2010,99,extracto_bcn,ESTABLECE EL MONTO PARA EL 'COBRO DERECHO DE ASEO DOMICILIARIO PARA EL AÑO 2011',Derechos Municipales y Tarifas,https://www.bcn.cl/leychile/navegar?idNorma=1021502,NO_APLICA_HTML_BCN,Extracto/Sumario de promulgación en Diario Oficial capturado vía BCN LeyChile
BCN-PROV-0555,BCN_DO,2010-12-24,2010,2361-exento,extracto_bcn,ORDENANZA LOCAL SOBRE DERECHOS MUNICIPALES QUE REGIRÁ PARA EL AÑO 2011,Derechos Municipales y Tarifas,https://datos.bcn.cl/recurso/cl/dto/municipalidad-de-providencia/2010-12-24/2361-exento,NO_APLICA_HTML_BCN,Extracto/Sumario de promulgación en Diario Oficial capturado vía BCN LeyChile
BCN-PROV-0556,BCN_DO,2010-11-18,2010,98,extracto_bcn,DICTA ORDENANZA SOBRE SERVICIOS DEL SISTEMA DE BIBLIOTECAS,Normativa General y Otras Materias,https://www.bcn.cl/leychile/navegar?idNorma=1019668,NO_APLICA_HTML_BCN,Extracto/Sumario de promulgación en Diario Oficial capturado vía BCN LeyChile
BCN-PROV-0557,BCN_DO,2010-10-18,2010,94,extracto_bcn,"MODIFICA ORDENANZA SOBRE OBRAS DE CONSTRUCCIÓN, RECONSTRUCCIÓN, REPARACIÓN, ALTERACIÓN, AMPLIACIÓN Y DEMOLICIÓN DE EDIFICIOS Y OBRAS DE URBANIZACIÓN","Aseo, Ornato y Medio Ambiente",https://www.bcn.cl/leychile/navegar?idNorma=1018280,NO_APLICA_HTML_BCN,Extracto/Sumario de promulgación en Diario Oficial capturado vía BCN LeyChile
BCN-PROV-0558,BCN_DO,2010-10-18,2010,95,extracto_bcn,MODIFICA ORDENANZA SOBRE FUNCIONAMIENTO DEL DEPÓSITO MUNICIPAL DE VEHÍCULOS,Tránsito y Transporte,https://www.bcn.cl/leychile/navegar?idNorma=1018281,NO_APLICA_HTML_BCN,Extracto/Sumario de promulgación en Diario Oficial capturado vía BCN LeyChile
BCN-PROV-0559,BCN_DO,2010-10-18,2010,96,extracto_bcn,MODIFICA ORDENANZA SOBRE PERMISOS Y CONCESIONES DE BIENES MUNICIPALES Y NACIONALES DE USO PÚBLICO Y CONCESIONES DE SERVICIOS MUNICIPALES,Derechos Municipales y Tarifas,https://www.bcn.cl/leychile/navegar?idNorma=1018282,NO_APLICA_HTML_BCN,Extracto/Sumario de promulgación en Diario Oficial capturado vía BCN LeyChile
BCN-PROV-0560,BCN_DO,2010-10-18,2010,97,extracto_bcn,MODIFICA ORDENANZA LOCAL SOBRE DERECHOS MUNICIPALES QUE RIGE PARA EL AÑO 2010,Derechos Municipales y Tarifas,https://www.bcn.cl/leychile/navegar?idNorma=1018295,NO_APLICA_HTML_BCN,Extracto/Sumario de promulgación en Diario Oficial capturado vía BCN LeyChile
BCN-PROV-0561,BCN_DO,2010-10-16,2010,93,extracto_bcn,APRUEBA ORDENANZA DE COBRO DE DERECHO DE ASEO DOMICILIARIO PARA EL AÑO 2011,Derechos Municipales y Tarifas,https://www.bcn.cl/leychile/navegar?idNorma=1018243,NO_APLICA_HTML_BCN,Extracto/Sumario de promulgación en Diario Oficial capturado vía BCN LeyChile
BCN-PROV-0562,BCN_DO,2010-09-23,2010,92,extracto_bcn,"MODIFICA ORDENANZA Nº 22, DE 2001",Normativa General y Otras Materias,https://www.bcn.cl/leychile/navegar?idNorma=1017286,NO_APLICA_HTML_BCN,Extracto/Sumario de promulgación en Diario Oficial capturado vía BCN LeyChile
BCN-PROV-0563,BCN_DO,2010-08-28,2010,1607-exento,extracto_bcn,"FIJA TEXTO REFUNDIDO, COORDINADO Y SISTEMATIZADO DE LA ORDENANZA SOBRE 'OCUPACIÓN DE BIEN NACIONAL DE USO PÚBLICO CALLE PÍO NONO'.",Normativa General y Otras Materias,https://datos.bcn.cl/recurso/cl/dto/municipalidad-de-providencia/2010-08-28/1607-exento,NO_APLICA_HTML_BCN,Extracto/Sumario de promulgación en Diario Oficial capturado vía BCN LeyChile
BCN-PROV-0564,BCN_DO,2010-08-10,2010,91,extracto_bcn,"MODIFICA ORDENANZA Nº 87, DE 2010, SOBRE 'OCUPACIÓN DE BIEN NACIONAL DE USO PÚBLICO EN CALLE PÍO NONO'","Urbanismo, Obras y Edificación",https://www.bcn.cl/leychile/navegar?idNorma=1016089,NO_APLICA_HTML_BCN,Extracto/Sumario de promulgación en Diario Oficial capturado vía BCN LeyChile
BCN-PROV-0565,BCN_DO,2010-07-03,2010,90,extracto_bcn,"MODIFICA ORDENANZA Nº 65, DE 2007, EN EL SENTIDO QUE INDICA",Normativa General y Otras Materias,https://www.bcn.cl/leychile/navegar?idNorma=1014999,NO_APLICA_HTML_BCN,Extracto/Sumario de promulgación en Diario Oficial capturado vía BCN LeyChile
BCN-PROV-0566,BCN_DO,2010-06-18,2010,1159-exento,extracto_bcn,"FIJA TEXTO REFUNDIDO, COORDINADO Y SISTEMATIZADO DE LA 'ORDENANZA SOBRE HOTELES, APART-HOTELES, MOTELES, RESIDENCIALES Y HOSPEDERÍAS'",Normativa General y Otras Materias,https://datos.bcn.cl/recurso/cl/dto/municipalidad-de-providencia/2010-06-18/1159-exento,NO_APLICA_HTML_BCN,Extracto/Sumario de promulgación en Diario Oficial capturado vía BCN LeyChile
BCN-PROV-0567,BCN_DO,2010-06-04,2010,88,extracto_bcn,"MODIFICA ORDENANZA N°66, DE 1994, QUE APROBÓ LA 'ORDENANZA SOBRE HOTELES, APART-HOTELES, MOTELES, RESIDENCIALES Y HOSPEDERÍAS",Normativa General y Otras Materias,https://www.bcn.cl/leychile/navegar?idNorma=1014240,NO_APLICA_HTML_BCN,Extracto/Sumario de promulgación en Diario Oficial capturado vía BCN LeyChile
BCN-PROV-0568,BCN_DO,2010-06-04,2010,89,extracto_bcn,"MODIFICA ORDENANZA N°22, DE 2001 'ORDENANZA LOCAL SOBRE DERECHOS MUNICIPALES QUE RIGE PARA EL AÑO 2010'",Derechos Municipales y Tarifas,https://www.bcn.cl/leychile/navegar?idNorma=1014241,NO_APLICA_HTML_BCN,Extracto/Sumario de promulgación en Diario Oficial capturado vía BCN LeyChile
BCN-PROV-0569,BCN_DO,2010-05-04,2010,87,extracto_bcn,APRUEBA ORDENANZA SOBRE OCUPACIÓN DE BIEN NACIONAL DE USO PUBLICO CALLE PÍO NONO,"Urbanismo, Obras y Edificación",https://www.bcn.cl/leychile/navegar?idNorma=1013011,NO_APLICA_HTML_BCN,Extracto/Sumario de promulgación en Diario Oficial capturado vía BCN LeyChile
BCN-PROV-0570,BCN_DO,2009-12-28,2009,86,extracto_bcn,FIJA MONTO POR COBRO DERECHO DE ASEO DOMICILIARIO PARA EL AÑO 2010,Derechos Municipales y Tarifas,https://www.bcn.cl/leychile/navegar?idNorma=1009638,NO_APLICA_HTML_BCN,Extracto/Sumario de promulgación en Diario Oficial capturado vía BCN LeyChile
BCN-PROV-0571,BCN_DO,2009-10-21,2009,84,extracto_bcn,"MODIFICA ORDENANZA Nº 22, DE 2001",Normativa General y Otras Materias,https://www.bcn.cl/leychile/navegar?idNorma=1007327,NO_APLICA_HTML_BCN,Extracto/Sumario de promulgación en Diario Oficial capturado vía BCN LeyChile
BCN-PROV-0572,BCN_DO,2009-10-21,2009,85,extracto_bcn,"RENUEVA PARA EL AÑO 2010 ORDENANZA Nº 76, DE 2008, QUE APROBÓ 'COBRO DE DERECHO DE ASEO DOMICILIARIO PARA EL AÑO 2009'",Derechos Municipales y Tarifas,https://www.bcn.cl/leychile/navegar?idNorma=1007328,NO_APLICA_HTML_BCN,Extracto/Sumario de promulgación en Diario Oficial capturado vía BCN LeyChile
BCN-PROV-0573,BCN_DO,2009-09-22,2009,2007-exento,extracto_bcn,FIJA TEXTO QUE INDICA DE ORDENANZA COMUNAL SOBRE 'INSTALACIÓN DE MESAS Y TOLDOS EN EL BIEN NACIONAL DE USO PÚBLICO PASEO PEATONAL GENERAL HOLLEY',"Aseo, Ornato y Gestión de Residuos",https://datos.bcn.cl/recurso/cl/dto/municipalidad-de-providencia/2009-09-22/2007-exento,NO_APLICA_HTML_BCN,Extracto/Sumario de promulgación en Diario Oficial capturado vía BCN LeyChile
BCN-PROV-0574,BCN_DO,2009-08-05,2009,82,extracto_bcn,"MODIFICA ORDENANZA N°65, DE 2007",Normativa General y Otras Materias,https://www.bcn.cl/leychile/navegar?idNorma=1004816,NO_APLICA_HTML_BCN,Extracto/Sumario de promulgación en Diario Oficial capturado vía BCN LeyChile
BCN-PROV-0575,BCN_DO,2009-08-05,2009,83,extracto_bcn,"MODIFICA ORDENANZA Nº 9, DE 2001",Normativa General y Otras Materias,https://www.bcn.cl/leychile/navegar?idNorma=1004817,NO_APLICA_HTML_BCN,Extracto/Sumario de promulgación en Diario Oficial capturado vía BCN LeyChile
BCN-PROV-0576,BCN_DO,2009-07-09,2009,81,extracto_bcn,MODIFICA ORDENANZA LOCAL SOBRE DERECHOS MUNICIPALES,Derechos Municipales y Tarifas,https://www.bcn.cl/leychile/navegar?idNorma=1004073,NO_APLICA_HTML_BCN,Extracto/Sumario de promulgación en Diario Oficial capturado vía BCN LeyChile
BCN-PROV-0577,BCN_DO,2009-07-03,2009,1374-exento,extracto_bcn,"ORDENANZA COMUNAL Nº2 DE 2000, 'SOBRE LA ACTIVIDAD COMERCIAL, DE ALCOHOLES, INDUSTRIAL, PROFESIONAL Y DE SERVICIOS'","Comercio, Vía Pública y Patentes",https://datos.bcn.cl/recurso/cl/dto/municipalidad-de-providencia/2009-07-03/1374-exento,NO_APLICA_HTML_BCN,Extracto/Sumario de promulgación en Diario Oficial capturado vía BCN LeyChile
BCN-PROV-0578,BCN_DO,2009-07-03,2009,1374-exento,extracto_bcn,"ORDENANZA COMUNAL Nº2 de 2000, ""SOBRE LA ACTIVIDAD COMERCIAL, DE ALCOHOLES, INDUSTRIAL, PROFESIONAL Y DE SERVICIOS"" ","Comercio, Vía Pública y Patentes",https://datos.bcn.cl/recurso/cl/dto/municipalidad-de-providencia/2009-07-03/1374-exento,NO_APLICA_HTML_BCN,Extracto/Sumario de promulgación en Diario Oficial capturado vía BCN LeyChile
BCN-PROV-0579,BCN_DO,2009-06-27,2009,1349-exento,extracto_bcn,APRUEBA ORDENANZA SOBRE INSTALACIÓN DE MESAS EN EL BIEN NACIONAL DE USO PÚBLICO DE LA COMUNA DE PROVIDENCIA,Normativa General y Otras Materias,https://datos.bcn.cl/recurso/cl/dto/municipalidad-de-providencia/2009-06-27/1349-exento,NO_APLICA_HTML_BCN,Extracto/Sumario de promulgación en Diario Oficial capturado vía BCN LeyChile
BCN-PROV-0580,BCN_DO,2009-06-08,2009,79,extracto_bcn,"MODIFICA ORDENANZA Nº2 DE 2000, 'SOBRE LA ACTIVIDAD COMERCIAL DE ALCOHOLES, INDUSTRIAL, PROFESIONAL Y DE SERVICIOS'","Comercio, Alcoholes y Patentes",https://www.bcn.cl/leychile/navegar?idNorma=1003148,NO_APLICA_HTML_BCN,Extracto/Sumario de promulgación en Diario Oficial capturado vía BCN LeyChile
BCN-PROV-0581,BCN_DO,2009-06-08,2009,80,extracto_bcn,"MODIFICA ORDENANZA Nº65 DE 2007, SOBRE 'CONDICIONES NECESARIAS PARA LA FIJACIÓN DE TARIFAS DEL SERVICIO DOMICILIARIO POR EXTRACCIÓN DE BASURAS Y EXENCIONES TOTAL Y PARCIAL'",Derechos Municipales y Tarifas,https://www.bcn.cl/leychile/navegar?idNorma=1003149,NO_APLICA_HTML_BCN,Extracto/Sumario de promulgación en Diario Oficial capturado vía BCN LeyChile
BCN-PROV-0582,BCN_DO,2009-05-20,2009,78,extracto_bcn,"MODIFICA ORDENANZA Nº 16, DE 2001, EN EL SENTIDO QUE INDICA",Normativa General y Otras Materias,https://www.bcn.cl/leychile/navegar?idNorma=1002449,NO_APLICA_HTML_BCN,Extracto/Sumario de promulgación en Diario Oficial capturado vía BCN LeyChile
BCN-PROV-0583,BCN_DO,2009-03-28,2009,630-exento,extracto_bcn,FIJA TEXTO REFUNDIDO Y SISTEMATIZADO DE ORDENANZA SOBRE 'CONDICIONES NECESARIAS PARA LA FIJACIÓN DE TARIFAS DEL SERVICIO DOMICILIARIO POR EXTRACCIÓN DE BASURAS Y EXENCIONES TOTAL Y PARCIAL',Derechos Municipales y Tarifas,https://datos.bcn.cl/recurso/cl/dto/municipalidad-de-providencia/2009-03-28/630-exento,NO_APLICA_HTML_BCN,Extracto/Sumario de promulgación en Diario Oficial capturado vía BCN LeyChile
BCN-PROV-0584,BCN_DO,2009-03-23,2009,589-exento,extracto_bcn,"FIJA TEXTO REFUNDIDO Y SISTEMATIZADO DE ORDENANZA SOBRE OBRAS DE CONSTRUCCIÓN, RECONSTRUCCIÓN, REPARACIÓN, ALTERACIÓN, AMPLIACIÓN Y DEMOLICIÓN DE EDIFICIOS Y OBRAS DE URBANIZACIÓN","Urbanismo, Obras y Construcción",https://datos.bcn.cl/recurso/cl/dto/municipalidad-de-providencia/2009-03-23/589-exento,NO_APLICA_HTML_BCN,Extracto/Sumario de promulgación en Diario Oficial capturado vía BCN LeyChile
BCN-PROV-0585,BCN_DO,2009-03-19,2009,491-exento,extracto_bcn,FIJA TEXTO REFUNDIDO DE LA ORDENANZA QUE REGLAMENTA LA NUMERACIÓN DE LOS INMUEBLES DE LA COMUNA,Normativa General y Otras Materias,https://datos.bcn.cl/recurso/cl/dto/municipalidad-de-providencia/2009-03-19/491-exento,NO_APLICA_HTML_BCN,Extracto/Sumario de promulgación en Diario Oficial capturado vía BCN LeyChile
BCN-PROV-0586,BCN_DO,2009-02-24,2009,349-exento,extracto_bcn,ORDENANZA SOBRE ESTACIONAMIENTOS RESERVADOS PARA VEHÍCULOS,"Tránsito, Transporte y Estacionamientos",https://datos.bcn.cl/recurso/cl/dto/municipalidad-de-providencia/2009-02-24/349-exento,NO_APLICA_HTML_BCN,Extracto/Sumario de promulgación en Diario Oficial capturado vía BCN LeyChile
BCN-PROV-0587,BCN_DO,2009-02-07,2009,77,extracto_bcn,MODIFICA ORDENANZA SOBRE ESTACIONAMIENTOS RESERVADOS PARA VEHÍCULOS,Tránsito y Transporte,https://www.bcn.cl/leychile/navegar?idNorma=287083,NO_APLICA_HTML_BCN,Extracto/Sumario de promulgación en Diario Oficial capturado vía BCN LeyChile
BCN-PROV-0588,BCN_DO,2008-11-05,2008,75,extracto_bcn,CONDICIONES NECESARIAS PARA LA FIJACIÓN DE TARIFAS DEL SERVICIO DOMICILIARIO POR EXTRACCIÓN DE BASURAS Y EXENCIÓN TOTAL Y PARCIAL,Derechos Municipales y Tarifas,https://www.bcn.cl/leychile/navegar?idNorma=280941,NO_APLICA_HTML_BCN,Extracto/Sumario de promulgación en Diario Oficial capturado vía BCN LeyChile
BCN-PROV-0589,BCN_DO,2008-10-30,2008,76,extracto_bcn,APRUEBA ORDENANZA DE COBRO DE DERECHO DE ASEO DOMICILIARIO PARA EL AÑO 2009,Derechos Municipales y Tarifas,https://www.bcn.cl/leychile/navegar?idNorma=280597,NO_APLICA_HTML_BCN,Extracto/Sumario de promulgación en Diario Oficial capturado vía BCN LeyChile
BCN-PROV-0590,BCN_DO,2008-10-10,2008,73,extracto_bcn,"MODIFICA ARTÍCULO 2° DE LA ORDENANZA Nº 13, DE 2003",Normativa General y Otras Materias,https://www.bcn.cl/leychile/navegar?idNorma=279283,NO_APLICA_HTML_BCN,Extracto/Sumario de promulgación en Diario Oficial capturado vía BCN LeyChile
BCN-PROV-0591,BCN_DO,2008-10-10,2008,74,extracto_bcn,"MODIFICA ORDENANZA Nº 22, DE 2001, 'ORDENANZA LOCAL SOBRE DERECHOS MUNICIPALES'",Derechos Municipales y Tarifas,https://www.bcn.cl/leychile/navegar?idNorma=279293,NO_APLICA_HTML_BCN,Extracto/Sumario de promulgación en Diario Oficial capturado vía BCN LeyChile
BCN-PROV-0592,BCN_DO,2008-08-29,2008,71,extracto_bcn,MODIFICA EL ARTÍCULO 2º DE LA ORDENANZA Nº10 QUE REGLAMENTA LA NUMERACIÓN DE LOS INMUEBLES DE LA COMUNA,"Urbanismo, Obras y Edificación",https://www.bcn.cl/leychile/navegar?idNorma=277243,NO_APLICA_HTML_BCN,Extracto/Sumario de promulgación en Diario Oficial capturado vía BCN LeyChile
BCN-PROV-0593,BCN_DO,2008-08-29,2008,72,extracto_bcn,"MODIFICA LA ORDENANZA Nº22 DE 2001, ORDENANZA LOCAL SOBRE DERECHOS MUNICIPALES",Derechos Municipales y Tarifas,https://www.bcn.cl/leychile/navegar?idNorma=277244,NO_APLICA_HTML_BCN,Extracto/Sumario de promulgación en Diario Oficial capturado vía BCN LeyChile
BCN-PROV-0594,BCN_DO,2008-06-21,2008,69,extracto_bcn,"DEROGA ORDENANZA Nº67, DE 1994",Normativa General y Otras Materias,https://www.bcn.cl/leychile/navegar?idNorma=272686,NO_APLICA_HTML_BCN,Extracto/Sumario de promulgación en Diario Oficial capturado vía BCN LeyChile
BCN-PROV-0595,BCN_DO,2008-06-21,2008,1105-exento,extracto_bcn,FIJA TEXTO REFUNDIDO Y SISTEMATIZADO DE ORDENANZA SOBRE NORMAS SANITARIAS BÁSICAS,Normativa General y Otras Materias,https://datos.bcn.cl/recurso/cl/dto/municipalidad-de-providencia/2008-06-21/1105-exento,NO_APLICA_HTML_BCN,Extracto/Sumario de promulgación en Diario Oficial capturado vía BCN LeyChile
BCN-PROV-0596,BCN_DO,2008-06-04,2008,68,extracto_bcn,"SUSTITUYE EL ARTÍCULO 3º DE ORDENANZA Nº 11, DE 2002",Normativa General y Otras Materias,https://www.bcn.cl/leychile/navegar?idNorma=271958,NO_APLICA_HTML_BCN,Extracto/Sumario de promulgación en Diario Oficial capturado vía BCN LeyChile
BCN-PROV-0597,BCN_DO,2008-04-02,2008,360-exento,extracto_bcn,APRUEBA ORDENANZA SOBRE CIERRE DE CALLES O PASAJES PÚBLICOS CIEGOS DE LA COMUNA DE PROVIDENCIA,Normativa General y Otras Materias,https://datos.bcn.cl/recurso/cl/dto/municipalidad-de-providencia/2008-04-02/360-exento,NO_APLICA_HTML_BCN,Extracto/Sumario de promulgación en Diario Oficial capturado vía BCN LeyChile
BCN-PROV-0598,BCN_DO,2008-04-02,2008,374-exento,extracto_bcn,APRUEBA ORDENANZA SOBRE PARTICIPACIÓN CIUDADANA DE LA COMUNA DE PROVIDENCIA,Normativa General y Otras Materias,https://datos.bcn.cl/recurso/cl/dto/municipalidad-de-providencia/2008-04-02/374-exento,NO_APLICA_HTML_BCN,Extracto/Sumario de promulgación en Diario Oficial capturado vía BCN LeyChile
BCN-PROV-0599,BCN_DO,2008-04-02,2008,363-exento,extracto_bcn,ORDENANZA PARA LA ADMINISTRACIÓN Y ARRENDAMIENTO DE LOCALES Y PILASTRAS DEL MERCADO FUNCIONAL DE PROVIDENCIA,Normativa General y Otras Materias,https://datos.bcn.cl/recurso/cl/dto/municipalidad-de-providencia/2008-04-02/363-exento,NO_APLICA_HTML_BCN,Extracto/Sumario de promulgación en Diario Oficial capturado vía BCN LeyChile
BCN-PROV-0600,BCN_DO,2008-02-22,2008,67,extracto_bcn,MODIFICA ORDENANZA SOBRE PUBLICIDAD Y PROPAGANDA,"Comercio, Alcoholes y Patentes",https://www.bcn.cl/leychile/navegar?idNorma=269391,NO_APLICA_HTML_BCN,Extracto/Sumario de promulgación en Diario Oficial capturado vía BCN LeyChile
BCN-PROV-0601,BCN_DO,2007-12-01,2007,66,extracto_bcn,FIJA TEXTO DE ORDENANZA SOBRE 'USUARIOS DE AGUAS DE REGADÍO',Normativa General y Otras Materias,https://www.bcn.cl/leychile/navegar?idNorma=267016,NO_APLICA_HTML_BCN,Extracto/Sumario de promulgación en Diario Oficial capturado vía BCN LeyChile
BCN-PROV-0602,BCN_DO,2007-12-01,2007,65,extracto_bcn,ORDENANZA SOBRE CONDICIONES NECESARIAS PARA LA FIJACIÓN DE TARIFAS DEL SERVICIO DOMICILIARIO POR EXTRACCIÓN DE BASURAS Y EXENCIONES TOTAL Y PARCIAL,Derechos Municipales y Tarifas,https://datos.bcn.cl/recurso/cl/dto/municipalidad-de-providencia/2007-12-01/65,NO_APLICA_HTML_BCN,Extracto/Sumario de promulgación en Diario Oficial capturado vía BCN LeyChile
BCN-PROV-0603,BCN_DO,2007-10-31,2007,64,extracto_bcn,APRUEBA 'ORDENANZA DE COBRO DE DERECHO DE ASEO DOMICILIARIO PARA EL AÑO 2008',Derechos Municipales y Tarifas,https://www.bcn.cl/leychile/navegar?idNorma=266084,NO_APLICA_HTML_BCN,Extracto/Sumario de promulgación en Diario Oficial capturado vía BCN LeyChile
BCN-PROV-0604,BCN_DO,2007-10-17,2007,63,extracto_bcn,MODIFICA ORDENANZA LOCAL SOBRE DERECHOS MUNICIPALES,Derechos Municipales y Tarifas,https://www.bcn.cl/leychile/navegar?idNorma=265657,NO_APLICA_HTML_BCN,Extracto/Sumario de promulgación en Diario Oficial capturado vía BCN LeyChile
BCN-PROV-0605,BCN_DO,2007-10-05,2007,61,extracto_bcn,"DEROGA ORDENANZA N 1, DE 1997",Normativa General y Otras Materias,https://www.bcn.cl/leychile/navegar?idNorma=265274,NO_APLICA_HTML_BCN,Extracto/Sumario de promulgación en Diario Oficial capturado vía BCN LeyChile
BCN-PROV-0606,BCN_DO,2007-10-05,2007,62,extracto_bcn,"MODIFICA ORDENANZA Nº 8, DE 1999",Normativa General y Otras Materias,https://www.bcn.cl/leychile/navegar?idNorma=265275,NO_APLICA_HTML_BCN,Extracto/Sumario de promulgación en Diario Oficial capturado vía BCN LeyChile
BCN-PROV-0607,BCN_DO,2007-09-10,2007,60,extracto_bcn,"MODIFICA ORDENANZA Nº5, DE 1999, SOBRE CIERRE DE CALLES O PASAJES PÚBLICOS CIEGOS DE LA COMUNA",Seguridad y Convivencia,https://www.bcn.cl/leychile/navegar?idNorma=264566,NO_APLICA_HTML_BCN,Extracto/Sumario de promulgación en Diario Oficial capturado vía BCN LeyChile
BCN-PROV-0608,BCN_DO,2007-08-27,2007,58,extracto_bcn,"MODIFICA ORDENANZA Nº2, DE 2000, SOBRE ACTIVIDAD COMERCIAL, DE ALCOHOLES, INDUSTRIAL, PROFESIONAL Y DE SERVICIOS","Comercio, Alcoholes y Patentes",https://www.bcn.cl/leychile/navegar?idNorma=264107,NO_APLICA_HTML_BCN,Extracto/Sumario de promulgación en Diario Oficial capturado vía BCN LeyChile
BCN-PROV-0609,BCN_DO,2007-08-27,2007,59,extracto_bcn,"MODIFICA ORDENANZA Nº 122, DE 1996, SOBRE NORMAS SANITARIAS BASICAS",Normativa General y Otras Materias,https://www.bcn.cl/leychile/navegar?idNorma=264108,NO_APLICA_HTML_BCN,Extracto/Sumario de promulgación en Diario Oficial capturado vía BCN LeyChile
BCN-PROV-0610,BCN_DO,2007-07-20,2007,57,extracto_bcn,"DEROGA ORDENANZA N 6, DE 1993",Normativa General y Otras Materias,https://www.bcn.cl/leychile/navegar?idNorma=262844,NO_APLICA_HTML_BCN,Extracto/Sumario de promulgación en Diario Oficial capturado vía BCN LeyChile
BCN-PROV-0611,BCN_DO,2007-07-06,2007,56,extracto_bcn,"MODIFICA ORDENANZA Nº 22, DE 2001, ORDENANZA LOCAL SOBRE DERECHOS MUNICIPALES",Derechos Municipales y Tarifas,https://www.bcn.cl/leychile/navegar?idNorma=262454,NO_APLICA_HTML_BCN,Extracto/Sumario de promulgación en Diario Oficial capturado vía BCN LeyChile
BCN-PROV-0612,BCN_DO,2007-06-06,2007,970-exento,extracto_bcn,APRUEBA ORDENANZA SOBRE 'PARTICIPACION CIUDADANA DE LA COMUNA DE PROVIDENCIA',Normativa General y Otras Materias,https://datos.bcn.cl/recurso/cl/dto/municipalidad-de-providencia/2007-06-06/970-exento,NO_APLICA_HTML_BCN,Extracto/Sumario de promulgación en Diario Oficial capturado vía BCN LeyChile
BCN-PROV-0613,BCN_DO,2007-05-28,2007,55,extracto_bcn,"MODIFICA ORDENANZA Nº2, DE 2000, SOBRE ACTIVIDAD COMERCIAL, DE ALCOHOLES, INDUSTRIAL, PROFESIONAL Y DE SERVICIOS","Comercio, Alcoholes y Patentes",https://www.bcn.cl/leychile/navegar?idNorma=261192,NO_APLICA_HTML_BCN,Extracto/Sumario de promulgación en Diario Oficial capturado vía BCN LeyChile
BCN-PROV-0614,BCN_DO,2007-05-07,2007,54,extracto_bcn,"MODIFICA ORDENANZA Nº 22, DE 2001",Normativa General y Otras Materias,https://www.bcn.cl/leychile/navegar?idNorma=260598,NO_APLICA_HTML_BCN,Extracto/Sumario de promulgación en Diario Oficial capturado vía BCN LeyChile
BCN-PROV-0615,BCN_DO,2007-01-30,2007,53,extracto_bcn,"MODIFICA ORDENANZA Nº 8, DE 1999",Normativa General y Otras Materias,https://www.bcn.cl/leychile/navegar?idNorma=257947,NO_APLICA_HTML_BCN,Extracto/Sumario de promulgación en Diario Oficial capturado vía BCN LeyChile
BCN-PROV-0616,BCN_DO,2006-11-16,2006,52,extracto_bcn,"RECTIFICA ORDENANZA Nº 50, DE 2006",Normativa General y Otras Materias,https://www.bcn.cl/leychile/navegar?idNorma=255287,NO_APLICA_HTML_BCN,Extracto/Sumario de promulgación en Diario Oficial capturado vía BCN LeyChile
BCN-PROV-0617,BCN_DO,2006-10-28,2006,51,extracto_bcn,APRUEBA ORDENANZA DE COBRO DE DERECHO DE ASEO DOMICILIARIO PARA EL AÑO 2007,Derechos Municipales y Tarifas,https://www.bcn.cl/leychile/navegar?idNorma=254675,NO_APLICA_HTML_BCN,Extracto/Sumario de promulgación en Diario Oficial capturado vía BCN LeyChile
BCN-PROV-0618,BCN_DO,2006-10-27,2006,50,extracto_bcn,"MODIFICA ORDENANZA Nº 22, DE 2001",Normativa General y Otras Materias,https://www.bcn.cl/leychile/navegar?idNorma=254629,NO_APLICA_HTML_BCN,Extracto/Sumario de promulgación en Diario Oficial capturado vía BCN LeyChile
BCN-PROV-0619,BCN_DO,2006-10-10,2006,49,extracto_bcn,"MODIFICA ORDENANZA Nº 8, DE 1999",Normativa General y Otras Materias,https://www.bcn.cl/leychile/navegar?idNorma=253913,NO_APLICA_HTML_BCN,Extracto/Sumario de promulgación en Diario Oficial capturado vía BCN LeyChile
BCN-PROV-0620,BCN_DO,2006-08-31,2006,48,extracto_bcn,"MODIFICA ORDENANZA Nº 22, DE 2001, ORDENANZA LOCAL SOBRE DERECHOS MUNICIPALES",Derechos Municipales y Tarifas,https://www.bcn.cl/leychile/navegar?idNorma=252732,NO_APLICA_HTML_BCN,Extracto/Sumario de promulgación en Diario Oficial capturado vía BCN LeyChile
BCN-PROV-0621,BCN_DO,2006-07-05,2006,47,extracto_bcn,MODIFICA ORDENANZA LOCAL SOBRE DERECHOS MUNICIPALES,Derechos Municipales y Tarifas,https://www.bcn.cl/leychile/navegar?idNorma=251007,NO_APLICA_HTML_BCN,Extracto/Sumario de promulgación en Diario Oficial capturado vía BCN LeyChile
BCN-PROV-0622,BCN_DO,2006-06-03,2006,46,extracto_bcn,MODIFICA ORDENANZA LOCAL SOBRE DERECHOS MUNICIPALES,Derechos Municipales y Tarifas,https://www.bcn.cl/leychile/navegar?idNorma=250169,NO_APLICA_HTML_BCN,Extracto/Sumario de promulgación en Diario Oficial capturado vía BCN LeyChile
BCN-PROV-0623,BCN_DO,2006-05-19,2006,44,extracto_bcn,"MODIFICA ORDENANZA SOBRE NORMAS PARA LA COBRANZA DE PATENTES, DERECHOS Y CONTRIBUCIONES QUE SE ENCUENTRAN MOROSOS",Derechos Municipales y Tarifas,https://www.bcn.cl/leychile/navegar?idNorma=249776,NO_APLICA_HTML_BCN,Extracto/Sumario de promulgación en Diario Oficial capturado vía BCN LeyChile
BCN-PROV-0624,BCN_DO,2006-05-19,2006,45,extracto_bcn,ORDENANZA COMUNAL SOBRE HORARIO DE CARGA Y DESCARGA,Tránsito y Transporte,https://www.bcn.cl/leychile/navegar?idNorma=249780,NO_APLICA_HTML_BCN,Extracto/Sumario de promulgación en Diario Oficial capturado vía BCN LeyChile
BCN-PROV-0625,BCN_DO,2006-05-17,2006,43,extracto_bcn,MODIFICA ORDENANZA Nº 22 SOBRE DERECHOS MUNICIPALES,Derechos Municipales y Tarifas,https://www.bcn.cl/leychile/navegar?idNorma=249725,NO_APLICA_HTML_BCN,Extracto/Sumario de promulgación en Diario Oficial capturado vía BCN LeyChile
BCN-PROV-0626,BCN_DO,2006-04-07,2006,42,extracto_bcn,"MODIFICA ORDENANZA Nº 3, DE 2002",Normativa General y Otras Materias,https://www.bcn.cl/leychile/navegar?idNorma=248747,NO_APLICA_HTML_BCN,Extracto/Sumario de promulgación en Diario Oficial capturado vía BCN LeyChile
BCN-PROV-0627,BCN_DO,2006-02-14,2006,41,extracto_bcn,"MODIFICA ORDENANZA Nº 22, DE 2001",Normativa General y Otras Materias,https://www.bcn.cl/leychile/navegar?idNorma=247277,NO_APLICA_HTML_BCN,Extracto/Sumario de promulgación en Diario Oficial capturado vía BCN LeyChile
BCN-PROV-0628,BCN_DO,2005-12-05,2005,39,extracto_bcn,MODIFICA ORDENANZA SOBRE NOTIFICACIONES Y PUBLICACIONES DE RESOLUCIONES MUNICIPALES,Normativa General y Otras Materias,https://www.bcn.cl/leychile/navegar?idNorma=244719,NO_APLICA_HTML_BCN,Extracto/Sumario de promulgación en Diario Oficial capturado vía BCN LeyChile
BCN-PROV-0629,BCN_DO,2005-12-05,2005,40-exenta,extracto_bcn,"MODIFICA ORDENANZA Nº 8, DE 1999",Normativa General y Otras Materias,https://www.bcn.cl/leychile/navegar?idNorma=244720,NO_APLICA_HTML_BCN,Extracto/Sumario de promulgación en Diario Oficial capturado vía BCN LeyChile
BCN-PROV-0630,BCN_DO,2005-11-09,2005,38,extracto_bcn,APRUEBA ORDENANZA DE COBRO DE DERECHO DE ASEO DOMICILIARIO PARA EL AÑO 2006,Derechos Municipales y Tarifas,https://www.bcn.cl/leychile/navegar?idNorma=243792,NO_APLICA_HTML_BCN,Extracto/Sumario de promulgación en Diario Oficial capturado vía BCN LeyChile
BCN-PROV-0631,BCN_DO,2005-10-31,2005,37,extracto_bcn,"RECTIFICA ORDENANZA Nº 36, DE 2005",Normativa General y Otras Materias,https://www.bcn.cl/leychile/navegar?idNorma=243393,NO_APLICA_HTML_BCN,Extracto/Sumario de promulgación en Diario Oficial capturado vía BCN LeyChile
BCN-PROV-0632,BCN_DO,2005-10-21,2005,36,extracto_bcn,MODIFICA ORDENANZA LOCAL SOBRE DERECHOS MUNICIPALES,Derechos Municipales y Tarifas,https://www.bcn.cl/leychile/navegar?idNorma=243164,NO_APLICA_HTML_BCN,Extracto/Sumario de promulgación en Diario Oficial capturado vía BCN LeyChile
BCN-PROV-0633,BCN_DO,2005-09-26,2005,35,extracto_bcn,"MODIFICA ORDENANZA Nº22, DE 2001",Normativa General y Otras Materias,https://www.bcn.cl/leychile/navegar?idNorma=242354,NO_APLICA_HTML_BCN,Extracto/Sumario de promulgación en Diario Oficial capturado vía BCN LeyChile
BCN-PROV-0634,BCN_DO,2005-09-09,2005,33,extracto_bcn,"MODIFICA EL ARTICULO 11 DE ORDENANZA Nº 22, DE 2001",Normativa General y Otras Materias,https://www.bcn.cl/leychile/navegar?idNorma=241771,NO_APLICA_HTML_BCN,Extracto/Sumario de promulgación en Diario Oficial capturado vía BCN LeyChile
BCN-PROV-0635,BCN_DO,2005-09-09,2005,34,extracto_bcn,"RECTIFICA EL PUNTO 1 DE LA ORDENANZA Nº 32, DE 2005",Normativa General y Otras Materias,https://www.bcn.cl/leychile/navegar?idNorma=241772,NO_APLICA_HTML_BCN,Extracto/Sumario de promulgación en Diario Oficial capturado vía BCN LeyChile
BCN-PROV-0636,BCN_DO,2005-08-20,2005,31,extracto_bcn,"MODIFICA ORDENANZA Nº 4, DE 2002, SOBRE PROPAGANDA Y PUBLICIDAD","Comercio, Alcoholes y Patentes",https://www.bcn.cl/leychile/navegar?idNorma=241226,NO_APLICA_HTML_BCN,Extracto/Sumario de promulgación en Diario Oficial capturado vía BCN LeyChile
BCN-PROV-0637,BCN_DO,2005-08-20,2005,32,extracto_bcn,"MODIFICA ORDENANZA Nº 22, DE 2001",Normativa General y Otras Materias,https://www.bcn.cl/leychile/navegar?idNorma=241227,NO_APLICA_HTML_BCN,Extracto/Sumario de promulgación en Diario Oficial capturado vía BCN LeyChile
BCN-PROV-0638,BCN_DO,2005-06-23,2005,30,extracto_bcn,"MODIFICA ORDENANZA Nº3, DE 1991",Normativa General y Otras Materias,https://datos.bcn.cl/recurso/cl/dto/municipalidad-de-providencia/2005-06-23/30,NO_APLICA_HTML_BCN,Extracto/Sumario de promulgación en Diario Oficial capturado vía BCN LeyChile
BCN-PROV-0639,BCN_DO,2005-05-04,2005,29,extracto_bcn,MODIFICA ARTICULO 19 DE LA ORDENANZA LOCAL SOBRE DERECHOS MUNICIPALES,Derechos Municipales y Tarifas,https://www.bcn.cl/leychile/navegar?idNorma=237636,NO_APLICA_HTML_BCN,Extracto/Sumario de promulgación en Diario Oficial capturado vía BCN LeyChile
BCN-PROV-0640,BCN_DO,2005-04-02,2005,28,extracto_bcn,MODIFICA ORDENANZA LOCAL SOBRE DERECHOS MUNICIPALES,Derechos Municipales y Tarifas,https://www.bcn.cl/leychile/navegar?idNorma=236766,NO_APLICA_HTML_BCN,Extracto/Sumario de promulgación en Diario Oficial capturado vía BCN LeyChile
BCN-PROV-0641,BCN_DO,2004-12-13,2004,26,extracto_bcn,"MODIFICA ORDENANZA Nº 22, DE 2001, SOBRE DERECHOS MUNICIPALES",Derechos Municipales y Tarifas,https://www.bcn.cl/leychile/navegar?idNorma=233346,NO_APLICA_HTML_BCN,Extracto/Sumario de promulgación en Diario Oficial capturado vía BCN LeyChile
BCN-PROV-0642,BCN_DO,2004-10-29,2004,25,extracto_bcn,APRUEBA ORDENANZA DE COBRO DE DERECHO DE ASEO DOMICILIARIO PARA EL AÑO 2005,Derechos Municipales y Tarifas,https://www.bcn.cl/leychile/navegar?idNorma=231902,NO_APLICA_HTML_BCN,Extracto/Sumario de promulgación en Diario Oficial capturado vía BCN LeyChile
BCN-PROV-0643,BCN_DO,2004-10-26,2004,24,extracto_bcn,"MODIFICA ORDENANZA Nº 22 DE 2001, SOBRE DERECHOS MUNICIPALES",Derechos Municipales y Tarifas,https://www.bcn.cl/leychile/navegar?idNorma=231782,NO_APLICA_HTML_BCN,Extracto/Sumario de promulgación en Diario Oficial capturado vía BCN LeyChile
BCN-PROV-0644,BCN_DO,2004-10-18,2004,21-exenta,extracto_bcn,"DEROGA ORDENANZA Nº 13, DE 1985",Normativa General y Otras Materias,https://www.bcn.cl/leychile/navegar?idNorma=231452,NO_APLICA_HTML_BCN,Extracto/Sumario de promulgación en Diario Oficial capturado vía BCN LeyChile
BCN-PROV-0645,BCN_DO,2004-10-18,2004,22,extracto_bcn,"MODIFICA ORDENANZA Nº 121, DE 1996",Normativa General y Otras Materias,https://www.bcn.cl/leychile/navegar?idNorma=231453,NO_APLICA_HTML_BCN,Extracto/Sumario de promulgación en Diario Oficial capturado vía BCN LeyChile
BCN-PROV-0646,BCN_DO,2004-10-18,2004,23,extracto_bcn,"MODIFICA ORDENANZA Nº 22, DE 2001",Normativa General y Otras Materias,https://www.bcn.cl/leychile/navegar?idNorma=231454,NO_APLICA_HTML_BCN,Extracto/Sumario de promulgación en Diario Oficial capturado vía BCN LeyChile
BCN-PROV-0647,BCN_DO,2004-08-16,2004,20,extracto_bcn,MODIFICA ORDENANZA LOCAL SOBRE DERECHOS MUNICIPALES,Derechos Municipales y Tarifas,https://www.bcn.cl/leychile/navegar?idNorma=229047,NO_APLICA_HTML_BCN,Extracto/Sumario de promulgación en Diario Oficial capturado vía BCN LeyChile
BCN-PROV-0648,BCN_DO,2004-07-05,2004,19,extracto_bcn,APRUEBA ORDENANZA PARA LA APLICACION DEL ARTICULO 8 DE LA LEY 19.925 SOBRE EXPENDIO Y CONSUMO DE BEBIDAS ALCOHOLICAS,"Comercio, Alcoholes y Patentes",https://www.bcn.cl/leychile/navegar?idNorma=227174,NO_APLICA_HTML_BCN,Extracto/Sumario de promulgación en Diario Oficial capturado vía BCN LeyChile
BCN-PROV-0649,BCN_DO,2004-05-19,2004,18,extracto_bcn,"MODIFICA ORDENANZA Nº 4, DE 2002, QUE FIJO EL TEXTO REFUNDIDO Y SISTEMATIZADO DE LA ORDENANZA SOBRE 'PUBLICIDAD Y PROPAGANDA'","Comercio, Alcoholes y Patentes",https://www.bcn.cl/leychile/navegar?idNorma=225420,NO_APLICA_HTML_BCN,Extracto/Sumario de promulgación en Diario Oficial capturado vía BCN LeyChile
BCN-PROV-0650,BCN_DO,2004-04-07,2004,17,extracto_bcn,"MODIFICA ORDENANZA Nº 22, DE 2001",Normativa General y Otras Materias,https://www.bcn.cl/leychile/navegar?idNorma=223439,NO_APLICA_HTML_BCN,Extracto/Sumario de promulgación en Diario Oficial capturado vía BCN LeyChile
BCN-PROV-0651,BCN_DO,2004-02-17,2004,16,extracto_bcn,FIJA ORDENANZA SOBRE FUNCIONAMIENTO DEL DEPOSITO MUNICIPAL DE VEHICULOS,Tránsito y Transporte,https://www.bcn.cl/leychile/navegar?idNorma=221295,NO_APLICA_HTML_BCN,Extracto/Sumario de promulgación en Diario Oficial capturado vía BCN LeyChile
BCN-PROV-0652,BCN_DO,2004-02-09,2004,14,extracto_bcn,"APRUEBA ORDENANZA COMUNAL SOBRE OCUPACION TRANSITORIA
DEL ESPACIO PUBLICO POR LA EJECUCION DE FAENAS",Tránsito y Transporte,https://www.bcn.cl/leychile/navegar?idNorma=221014,NO_APLICA_HTML_BCN,Extracto/Sumario de promulgación en Diario Oficial capturado vía BCN LeyChile
BCN-PROV-0653,BCN_DO,2004-02-09,2004,15,extracto_bcn,APRUEBA ORDENANZA DE REGISTROS DE PERSONAS JURIDICAS RECEPTORAS DE FONDOS PUBLICOS,Normativa General y Otras Materias,https://www.bcn.cl/leychile/navegar?idNorma=221015,NO_APLICA_HTML_BCN,Extracto/Sumario de promulgación en Diario Oficial capturado vía BCN LeyChile
BCN-PROV-0654,BCN_DO,2004-01-21,2004,2122-exento,extracto_bcn,"RECTIFICA ORDENANZA Nº 12, DE 2003",Normativa General y Otras Materias,https://datos.bcn.cl/recurso/cl/dto/municipalidad-de-providencia/2004-01-21/2122-exento,NO_APLICA_HTML_BCN,Extracto/Sumario de promulgación en Diario Oficial capturado vía BCN LeyChile
BCN-PROV-0655,BCN_DO,2003-12-31,2003,12,extracto_bcn,MODIFICA ORDENANZA LOCAL SOBRE DERECHOS MUNICIPALES,Derechos Municipales y Tarifas,https://www.bcn.cl/leychile/navegar?idNorma=219621,NO_APLICA_HTML_BCN,Extracto/Sumario de promulgación en Diario Oficial capturado vía BCN LeyChile
BCN-PROV-0656,BCN_DO,2003-12-31,2003,13,extracto_bcn,"FIJA ORDENANZA SOBRE OBRAS DE CONSTRUCCION, RECONSTRUCCION, REPARACION, ALTERACION, AMPLIACION Y DEMOLICION DE EDIFICIOS Y OBRAS DE URBANIZACION","Aseo, Ornato y Medio Ambiente",https://www.bcn.cl/leychile/navegar?idNorma=219624,NO_APLICA_HTML_BCN,Extracto/Sumario de promulgación en Diario Oficial capturado vía BCN LeyChile
BCN-PROV-0657,BCN_DO,2003-11-17,2003,11,extracto_bcn,APRUEBA ORDENANZA DE COBRO DE DERECHO DE ASEO DOMICILIARIO PARA EL AÑO 2004,Derechos Municipales y Tarifas,https://www.bcn.cl/leychile/navegar?idNorma=217143,NO_APLICA_HTML_BCN,Extracto/Sumario de promulgación en Diario Oficial capturado vía BCN LeyChile
BCN-PROV-0658,BCN_DO,2003-10-31,2003,10,extracto_bcn,APRUEBA ORDENANZA QUE REGLAMENTA LA NUMERACION DE LOS INMUEBLES DE LA COMUNA,"Urbanismo, Obras y Edificación",https://www.bcn.cl/leychile/navegar?idNorma=216493,NO_APLICA_HTML_BCN,Extracto/Sumario de promulgación en Diario Oficial capturado vía BCN LeyChile
BCN-PROV-0659,BCN_DO,2003-10-31,2003,9,extracto_bcn,APRUEBA ORDENANZA SOBRE ESTACIONAMIENTOS CONTROLADOS EN LAS VIAS PUBLICAS DE LA COMUNA,Tránsito y Transporte,https://www.bcn.cl/leychile/navegar?idNorma=216492,NO_APLICA_HTML_BCN,Extracto/Sumario de promulgación en Diario Oficial capturado vía BCN LeyChile
BCN-PROV-0660,BCN_DO,2003-10-17,2003,8,extracto_bcn,APRUEBA ORDENANZA SOBRE PERMISOS Y CONCESIONES DE BIENES MUNICIPALES Y NACIONALES DE USO PUBLICO Y CONCESIONES DE SERVICIOS MUNICIPALES,Derechos Municipales y Tarifas,https://www.bcn.cl/leychile/navegar?idNorma=216023,NO_APLICA_HTML_BCN,Extracto/Sumario de promulgación en Diario Oficial capturado vía BCN LeyChile
BCN-PROV-0661,BCN_DO,2003-10-02,2003,6,extracto_bcn,"APRUEBA ORDENANZA SOBRE NOTIFICACIONES Y PUBLICACIONES DE RESOLUCIONES
MUNICIPALES",Normativa General y Otras Materias,https://www.bcn.cl/leychile/navegar?idNorma=215324,NO_APLICA_HTML_BCN,Extracto/Sumario de promulgación en Diario Oficial capturado vía BCN LeyChile
BCN-PROV-0662,BCN_DO,2003-09-10,2003,1421-exento,extracto_bcn,"FIJA TEXTO REFUNDIDO Y SISTEMATIZADO DE ORDENANZA Nº 7, DE 1997 SOBRE ESTACIONAMIENTO DE TAXIS","Tránsito, Transporte y Estacionamientos",https://datos.bcn.cl/recurso/cl/dto/municipalidad-de-providencia/2003-09-10/1421-exento,NO_APLICA_HTML_BCN,Extracto/Sumario de promulgación en Diario Oficial capturado vía BCN LeyChile
BCN-PROV-0663,BCN_DO,2003-08-07,2003,5,extracto_bcn,MODIFICA ORDENANZA SOBRE ESTACIONAMIENTO DE TAXIS,Tránsito y Transporte,https://www.bcn.cl/leychile/navegar?idNorma=213330,NO_APLICA_HTML_BCN,Extracto/Sumario de promulgación en Diario Oficial capturado vía BCN LeyChile
BCN-PROV-0664,BCN_DO,2003-07-14,2003,1029-exento,extracto_bcn,"IJA TEXTO REFUNDIDO DE LA ORDENANZA DE ORNATO Nº 1, DE 2003",Normativa General y Otras Materias,https://datos.bcn.cl/recurso/cl/dto/municipalidad-de-providencia/2003-07-14/1029-exento,NO_APLICA_HTML_BCN,Extracto/Sumario de promulgación en Diario Oficial capturado vía BCN LeyChile
BCN-PROV-0665,BCN_DO,2003-07-14,2003,1030-exento,extracto_bcn,"FIJA TEXTO REFUNDIDO DE LA ORDENANZA Nº 121, DE 1996, SOBRE RUIDOS MOLESTOS",Convivencia Vecinal y Ruidos Molestos,https://datos.bcn.cl/recurso/cl/dto/municipalidad-de-providencia/2003-07-14/1030-exento,NO_APLICA_HTML_BCN,Extracto/Sumario de promulgación en Diario Oficial capturado vía BCN LeyChile
BCN-PROV-0666,BCN_DO,2003-06-28,2003,2,extracto_bcn,APRUEBA ORDENANZA SOBRE SUBVENCIONES MUNICIPALES,"Salud, Deporte y Desarrollo Social",https://www.bcn.cl/leychile/navegar?idNorma=211818,NO_APLICA_HTML_BCN,Extracto/Sumario de promulgación en Diario Oficial capturado vía BCN LeyChile
BCN-PROV-0667,BCN_DO,2003-06-28,2003,3,extracto_bcn,"MODIFICA ORDENANZA DE ORNATO Nº 1, DE 2002","Aseo, Ornato y Medio Ambiente",https://www.bcn.cl/leychile/navegar?idNorma=211822,NO_APLICA_HTML_BCN,Extracto/Sumario de promulgación en Diario Oficial capturado vía BCN LeyChile
BCN-PROV-0668,BCN_DO,2003-06-23,2003,874-exento,extracto_bcn,FIJA TEXTO REFUNDIDO DE LA ORDENANZA DE ASEO,"Aseo, Ornato y Gestión de Residuos",https://datos.bcn.cl/recurso/cl/dto/municipalidad-de-providencia/2003-06-23/874-exento,NO_APLICA_HTML_BCN,Extracto/Sumario de promulgación en Diario Oficial capturado vía BCN LeyChile
BCN-PROV-0669,BCN_DO,2003-05-12,2003,1,extracto_bcn,"MODIFICA ORDENANZA DE ASEO Nº 18, DE 2001","Aseo, Ornato y Medio Ambiente",https://www.bcn.cl/leychile/navegar?idNorma=210174,NO_APLICA_HTML_BCN,Extracto/Sumario de promulgación en Diario Oficial capturado vía BCN LeyChile
BCN-PROV-0670,BCN_DO,2002-12-14,2002,12,extracto_bcn,"MODIFICA ORDENANZA Nº 22 DE 2001, QUE FIJA EL TEXTO REFUNDIDO Y SISTEMATIZADO DE LA ORDENANZA LOCAL SOBRE DERECHOS MUNICIPALES QUE RIGE PARA EL AÑO 2002",Derechos Municipales y Tarifas,https://www.bcn.cl/leychile/navegar?idNorma=205659,NO_APLICA_HTML_BCN,Extracto/Sumario de promulgación en Diario Oficial capturado vía BCN LeyChile
BCN-PROV-0671,BCN_DO,2002-11-19,2002,10,extracto_bcn,APRUEBA ORDENANZA DE COBRO DE DERECHO DE ASEO DOMICILIARIO PARA EL AÑO 2003,Derechos Municipales y Tarifas,https://www.bcn.cl/leychile/navegar?idNorma=204828,NO_APLICA_HTML_BCN,Extracto/Sumario de promulgación en Diario Oficial capturado vía BCN LeyChile
BCN-PROV-0672,BCN_DO,2002-11-19,2002,11,extracto_bcn,DICTA ORDENANZA PARA LA ADMINISTRACION DEL GIMNASIO SANTA ISABEL,Normativa General y Otras Materias,https://www.bcn.cl/leychile/navegar?idNorma=204829,NO_APLICA_HTML_BCN,Extracto/Sumario de promulgación en Diario Oficial capturado vía BCN LeyChile
BCN-PROV-0673,BCN_DO,2002-10-04,2002,9,extracto_bcn,"MODIFICA ORDENANZA Nº 22, DE 2001, SOBRE DERECHOS MUNICIPALES",Derechos Municipales y Tarifas,https://www.bcn.cl/leychile/navegar?idNorma=203160,NO_APLICA_HTML_BCN,Extracto/Sumario de promulgación en Diario Oficial capturado vía BCN LeyChile
BCN-PROV-0674,BCN_DO,2002-07-22,2002,8,extracto_bcn,"MODIFICA ORDENANZA Nº 2, DE 2000",Normativa General y Otras Materias,https://www.bcn.cl/leychile/navegar?idNorma=200636,NO_APLICA_HTML_BCN,Extracto/Sumario de promulgación en Diario Oficial capturado vía BCN LeyChile
BCN-PROV-0675,BCN_DO,2002-05-16,2002,5,extracto_bcn,DICTA ORDENANZA SOBRE SERVICIOS DE LA BIBLIOTECA MUNICIPAL,Normativa General y Otras Materias,https://www.bcn.cl/leychile/navegar?idNorma=198323,NO_APLICA_HTML_BCN,Extracto/Sumario de promulgación en Diario Oficial capturado vía BCN LeyChile
BCN-PROV-0676,BCN_DO,2002-05-04,2002,6,extracto_bcn,"MODIFICA ORDENANZA Nº 22, DE 2001, SOBRE DERECHOS MUNICIPALES",Derechos Municipales y Tarifas,https://www.bcn.cl/leychile/navegar?idNorma=197716,NO_APLICA_HTML_BCN,Extracto/Sumario de promulgación en Diario Oficial capturado vía BCN LeyChile
BCN-PROV-0677,BCN_DO,2002-02-15,2002,3,extracto_bcn,APRUEBA ORDENANZA PARA LA ADMINISTRACION Y ARRENDAMIENTO DE LOCALES Y PILASTRAS DEL MERCADO FUNCIONAL DE PROVIDENCIA,"Comercio, Alcoholes y Patentes",https://www.bcn.cl/leychile/navegar?idNorma=194632,NO_APLICA_HTML_BCN,Extracto/Sumario de promulgación en Diario Oficial capturado vía BCN LeyChile
BCN-PROV-0678,BCN_DO,2002-02-05,2002,1,extracto_bcn,"FIJA TEXTO REFUNDIDO Y MODIFICADO DE ""ORDENANZA DE
ORNATO""","Aseo, Ornato y Medio Ambiente",https://www.bcn.cl/leychile/navegar?idNorma=194385,NO_APLICA_HTML_BCN,Extracto/Sumario de promulgación en Diario Oficial capturado vía BCN LeyChile
BCN-PROV-0679,BCN_DO,2002-02-02,2002,2,extracto_bcn,"MODIFICA ORDENANZA Nº 4, DE 2000, SOBRE PUBLICIDAD Y PROPAGANDA","Comercio, Alcoholes y Patentes",https://www.bcn.cl/leychile/navegar?idNorma=194336,NO_APLICA_HTML_BCN,Extracto/Sumario de promulgación en Diario Oficial capturado vía BCN LeyChile
BCN-PROV-0680,BCN_DO,2002-02-02,2002,23,extracto_bcn,"RECTIFICA ORDENANZA Nº 21, DE 2001",Normativa General y Otras Materias,https://www.bcn.cl/leychile/navegar?idNorma=194337,NO_APLICA_HTML_BCN,Extracto/Sumario de promulgación en Diario Oficial capturado vía BCN LeyChile
BCN-PROV-0681,BCN_DO,2001-12-29,2001,21,extracto_bcn,"MODIFICA ORDENANZA Nº 17, DE 2001",Normativa General y Otras Materias,https://www.bcn.cl/leychile/navegar?idNorma=193338,NO_APLICA_HTML_BCN,Extracto/Sumario de promulgación en Diario Oficial capturado vía BCN LeyChile
BCN-PROV-0682,BCN_DO,2001-12-03,2001,19,extracto_bcn,MODIFICA ORDENANZA SOBRE INSTALACION DE MESAS EN BIEN NACIONAL DE USO PUBLICO,"Urbanismo, Obras y Edificación",https://www.bcn.cl/leychile/navegar?idNorma=192148,NO_APLICA_HTML_BCN,Extracto/Sumario de promulgación en Diario Oficial capturado vía BCN LeyChile
BCN-PROV-0683,BCN_DO,2001-11-03,2001,15,extracto_bcn,APRUEBA ORDENANZA DE COBRO DE DERECHO DE ASEO DOMICILIARIO PARA EL AÑO 2002,Derechos Municipales y Tarifas,https://www.bcn.cl/leychile/navegar?idNorma=191264,NO_APLICA_HTML_BCN,Extracto/Sumario de promulgación en Diario Oficial capturado vía BCN LeyChile
BCN-PROV-0684,BCN_DO,2001-11-03,2001,16,extracto_bcn,APRUEBA ORDENANZA SOBRE INSTALACION DE MESAS EN BIEN NACIONAL DE USO PUBLICO,"Urbanismo, Obras y Edificación",https://www.bcn.cl/leychile/navegar?idNorma=191265,NO_APLICA_HTML_BCN,Extracto/Sumario de promulgación en Diario Oficial capturado vía BCN LeyChile
BCN-PROV-0685,BCN_DO,2001-10-29,2001,14,extracto_bcn,"MODIFICA ORDENANZA Nº 14, DE 2000",Normativa General y Otras Materias,https://www.bcn.cl/leychile/navegar?idNorma=190992,NO_APLICA_HTML_BCN,Extracto/Sumario de promulgación en Diario Oficial capturado vía BCN LeyChile
BCN-PROV-0686,BCN_DO,2001-10-26,2001,11,extracto_bcn,FIJA ORDENANZA SOBRE CONDICIONES NECESARIAS PARA LA FIJACION DE TARIFAS DEL SERVICIO DOMICILIARIO POR EXTRACCION DE BASURAS Y EXENCIONES TOTAL Y PARCIAL,Derechos Municipales y Tarifas,https://www.bcn.cl/leychile/navegar?idNorma=190930,NO_APLICA_HTML_BCN,Extracto/Sumario de promulgación en Diario Oficial capturado vía BCN LeyChile
BCN-PROV-0687,BCN_DO,2001-10-26,2001,13,extracto_bcn,"MODIFICA ORDENANZA Nº 4, DE 1997",Normativa General y Otras Materias,https://www.bcn.cl/leychile/navegar?idNorma=190931,NO_APLICA_HTML_BCN,Extracto/Sumario de promulgación en Diario Oficial capturado vía BCN LeyChile
BCN-PROV-0688,BCN_DO,2001-10-19,2001,12,extracto_bcn,APRUEBA ORDENANZA SOBRE PROHIBICION DE ESTACIONAMIENTO EN AREA PROTEGIDA,Tránsito y Transporte,https://www.bcn.cl/leychile/navegar?idNorma=190794,NO_APLICA_HTML_BCN,Extracto/Sumario de promulgación en Diario Oficial capturado vía BCN LeyChile
BCN-PROV-0689,BCN_DO,2001-09-08,2001,10,extracto_bcn,"MODIFICA ORDENANZA Nº 6, DE 2001",Normativa General y Otras Materias,https://www.bcn.cl/leychile/navegar?idNorma=189208,NO_APLICA_HTML_BCN,Extracto/Sumario de promulgación en Diario Oficial capturado vía BCN LeyChile
BCN-PROV-0690,BCN_DO,2001-09-08,2001,9,extracto_bcn,APRUEBA ORDENANZA SOBRE INSTALACION DE MESAS Y TOLDOS EN PASEO PEATONAL GENERAL HOLLEY,"Aseo, Ornato y Medio Ambiente",https://www.bcn.cl/leychile/navegar?idNorma=189207,NO_APLICA_HTML_BCN,Extracto/Sumario de promulgación en Diario Oficial capturado vía BCN LeyChile
BCN-PROV-0691,BCN_DO,2001-06-28,2001,7,extracto_bcn,"MODIFICA ORDENANZA Nº 14, DE 2000",Normativa General y Otras Materias,https://www.bcn.cl/leychile/navegar?idNorma=187016,NO_APLICA_HTML_BCN,Extracto/Sumario de promulgación en Diario Oficial capturado vía BCN LeyChile
BCN-PROV-0692,BCN_DO,2001-05-31,2001,6,extracto_bcn,DICTA ORDENANZA SOBRE CONDICIONES NECESARIAS PARA LA FIJACION DE TARIFAS DEL SERVICIO DOMICILIARIO POR EXTRACCION DE BASURAS Y EXENCIONES TOTAL Y PARCIAL,Derechos Municipales y Tarifas,https://www.bcn.cl/leychile/navegar?idNorma=185753,NO_APLICA_HTML_BCN,Extracto/Sumario de promulgación en Diario Oficial capturado vía BCN LeyChile
BCN-PROV-0693,BCN_DO,2001-05-31,2001,5,extracto_bcn,FIJA ORDENANZA SOBRE ESTACIONAMIENTOS RESERVADOS PARA VEHICULOS,"Tránsito, Transporte y Estacionamientos",https://datos.bcn.cl/recurso/cl/dto/municipalidad-de-providencia/2001-05-31/5,NO_APLICA_HTML_BCN,Extracto/Sumario de promulgación en Diario Oficial capturado vía BCN LeyChile
BCN-PROV-0694,BCN_DO,2001-05-03,2001,4,extracto_bcn,"MODIFICA ORDENANZA Nº 14, DE 2000",Normativa General y Otras Materias,https://www.bcn.cl/leychile/navegar?idNorma=184794,NO_APLICA_HTML_BCN,Extracto/Sumario de promulgación en Diario Oficial capturado vía BCN LeyChile
BCN-PROV-0695,BCN_DO,2001-04-27,2001,3,extracto_bcn,RECTIFICA ORDENANZA LOCAL SOBRE DERECHOS MUNICIPALES 2001,Derechos Municipales y Tarifas,https://www.bcn.cl/leychile/navegar?idNorma=184604,NO_APLICA_HTML_BCN,Extracto/Sumario de promulgación en Diario Oficial capturado vía BCN LeyChile
BCN-PROV-0696,BCN_DO,2001-03-21,2001,2,extracto_bcn,"MODIFICA ORDENANZA Nº 4, DE 2000",Normativa General y Otras Materias,https://www.bcn.cl/leychile/navegar?idNorma=183041,NO_APLICA_HTML_BCN,Extracto/Sumario de promulgación en Diario Oficial capturado vía BCN LeyChile
BCN-PROV-0697,BCN_DO,2000-12-26,2000,12,extracto_bcn,"PRORROGA HASTA EL 15 DE ABRIL DE 2001 LA SUSPENSION DE LA APLICACION DEL ARTICULO 7º DE LA ORDENANZA Nº 3, DE 14 DE 2000",Normativa General y Otras Materias,https://www.bcn.cl/leychile/navegar?idNorma=179451,NO_APLICA_HTML_BCN,Extracto/Sumario de promulgación en Diario Oficial capturado vía BCN LeyChile
BCN-PROV-0698,BCN_DO,2000-12-22,2000,11,extracto_bcn,"MODIFICA ORDENANZA Nº 9, DE 1999, SOBRE DERECHOS MUNICIPALES",Derechos Municipales y Tarifas,https://www.bcn.cl/leychile/navegar?idNorma=179413,NO_APLICA_HTML_BCN,Extracto/Sumario de promulgación en Diario Oficial capturado vía BCN LeyChile
BCN-PROV-0699,BCN_DO,2000-11-22,2000,10,extracto_bcn,APRUEBA ORDENANZA DE COBRO DE DERECHO DE ASEO DOMICILIARIO PARA EL AÑO 2001,Derechos Municipales y Tarifas,https://www.bcn.cl/leychile/navegar?idNorma=178092,NO_APLICA_HTML_BCN,Extracto/Sumario de promulgación en Diario Oficial capturado vía BCN LeyChile
BCN-PROV-0700,BCN_DO,2000-08-12,2000,9,extracto_bcn,"MODIFICA ORDENANZA Nº 4, DE 2000",Normativa General y Otras Materias,https://www.bcn.cl/leychile/navegar?idNorma=174211,NO_APLICA_HTML_BCN,Extracto/Sumario de promulgación en Diario Oficial capturado vía BCN LeyChile
BCN-PROV-0701,BCN_DO,2000-08-11,2000,8,extracto_bcn,"MODIFICA ORDENANZA NUMERO 9, DE 1999",Normativa General y Otras Materias,https://www.bcn.cl/leychile/navegar?idNorma=174138,NO_APLICA_HTML_BCN,Extracto/Sumario de promulgación en Diario Oficial capturado vía BCN LeyChile
BCN-PROV-0702,BCN_DO,2000-07-14,2000,6,extracto_bcn,"MODIFICA ORDENANZA Nº 9, DE 1999",Normativa General y Otras Materias,https://www.bcn.cl/leychile/navegar?idNorma=172377,NO_APLICA_HTML_BCN,Extracto/Sumario de promulgación en Diario Oficial capturado vía BCN LeyChile
BCN-PROV-0703,BCN_DO,2000-07-08,2000,5,extracto_bcn,"MODIFICA ORDENANZA Nº 9, DE 1999",Normativa General y Otras Materias,https://www.bcn.cl/leychile/navegar?idNorma=172174,NO_APLICA_HTML_BCN,Extracto/Sumario de promulgación en Diario Oficial capturado vía BCN LeyChile
BCN-PROV-0704,BCN_DO,2000-07-08,2000,7,extracto_bcn,"SUSPENDE HASTA FECHA QUE SEÑALA APLICACION DEL ARTICULO 7º DE LA ORDENANZA Nº 3, DE 2000",Normativa General y Otras Materias,https://www.bcn.cl/leychile/navegar?idNorma=172175,NO_APLICA_HTML_BCN,Extracto/Sumario de promulgación en Diario Oficial capturado vía BCN LeyChile
BCN-PROV-0705,BCN_DO,2000-05-31,2000,4,extracto_bcn,APRUEBA ORDENANZA SOBRE PUBLICIDAD Y PROPAGANDA,"Comercio, Alcoholes y Patentes",https://www.bcn.cl/leychile/navegar?idNorma=169639,NO_APLICA_HTML_BCN,Extracto/Sumario de promulgación en Diario Oficial capturado vía BCN LeyChile
BCN-PROV-0706,BCN_DO,2000-05-08,2000,2,extracto_bcn,"DICTA ORDENANZA COMUNAL SOBRE ACTIVIDAD COMERCIAL, DE ALCOHOLES, INDUSTRIAL, PROFESIONAL Y DE SERVICIOS","Comercio, Alcoholes y Patentes",https://www.bcn.cl/leychile/navegar?idNorma=168187,NO_APLICA_HTML_BCN,Extracto/Sumario de promulgación en Diario Oficial capturado vía BCN LeyChile
BCN-PROV-0707,BCN_DO,2000-03-29,2000,3,extracto_bcn,DICTA ORDENANZA SOBRE INSTALACION DE LINEAS DISTRIBUIDORAS DE ENERGIA ELECTRICA Y DE TELECOMUNICACIONES,Tránsito y Transporte,https://www.bcn.cl/leychile/navegar?idNorma=162858,NO_APLICA_HTML_BCN,Extracto/Sumario de promulgación en Diario Oficial capturado vía BCN LeyChile
BCN-PROV-0708,BCN_DO,1999-11-11,1999,8,extracto_bcn,APRUEBA ORDENANZA DE PARTICIPACION CIUDADANA,Organización y Régimen Interno,https://www.bcn.cl/leychile/navegar?idNorma=147349,NO_APLICA_HTML_BCN,Extracto/Sumario de promulgación en Diario Oficial capturado vía BCN LeyChile
BCN-PROV-0709,BCN_DO,1999-10-05,1999,5,extracto_bcn,APRUEBA ORDENANZA SOBRE CIERRE DE CALLES O PASAJES PUBLICOS CIEGOS,Seguridad y Convivencia,https://www.bcn.cl/leychile/navegar?idNorma=144688,NO_APLICA_HTML_BCN,Extracto/Sumario de promulgación en Diario Oficial capturado vía BCN LeyChile
BCN-PROV-0710,BCN_DO,1999-08-23,1999,4,extracto_bcn,"MODIFICA ORDENANZA Nº 88, DE 1995",Normativa General y Otras Materias,https://www.bcn.cl/leychile/navegar?idNorma=141015,NO_APLICA_HTML_BCN,Extracto/Sumario de promulgación en Diario Oficial capturado vía BCN LeyChile
BCN-PROV-0711,BCN_DO,1999-08-09,1999,3,extracto_bcn,MODIFICA ORDENANZA LOCAL SOBRE DERECHOS MUNICIPALES PARA AÑO 1999,Derechos Municipales y Tarifas,https://www.bcn.cl/leychile/navegar?idNorma=140282,NO_APLICA_HTML_BCN,Extracto/Sumario de promulgación en Diario Oficial capturado vía BCN LeyChile
BCN-PROV-0712,BCN_DO,1999-06-16,1999,2,extracto_bcn,"MODIFICA ORDENANZA COMUNAL SOBRE LA ACTIVIDAD COMERCIAL, INDUSTRIAL, DE SERVICIOS Y PUBLICITARIA","Comercio, Alcoholes y Patentes",https://www.bcn.cl/leychile/navegar?idNorma=137791,NO_APLICA_HTML_BCN,Extracto/Sumario de promulgación en Diario Oficial capturado vía BCN LeyChile
BCN-PROV-0713,BCN_DO,1998-08-20,1998,7,extracto_bcn,DEROGA ORDENANZA QUE INDICA,Normativa General y Otras Materias,https://www.bcn.cl/leychile/navegar?idNorma=123249,NO_APLICA_HTML_BCN,Extracto/Sumario de promulgación en Diario Oficial capturado vía BCN LeyChile
BCN-PROV-0714,BCN_DO,1998-06-22,1998,6,extracto_bcn,APRUEBA ORDENANZA SOBRE NOTIFICACIONES Y PUBLICACIONES DE RESOLUCIONES MUNICIPALES,Normativa General y Otras Materias,https://www.bcn.cl/leychile/navegar?idNorma=120358,NO_APLICA_HTML_BCN,Extracto/Sumario de promulgación en Diario Oficial capturado vía BCN LeyChile
BCN-PROV-0715,BCN_DO,1998-05-15,1998,5,extracto_bcn,"MODIFICA ORDENANZA COMUNAL SOBRE ACTIVIDAD COMERCIAL, INDUSTRIAL, DE SERVICIOS Y PUBLICITARIA","Comercio, Alcoholes y Patentes",https://www.bcn.cl/leychile/navegar?idNorma=99076,NO_APLICA_HTML_BCN,Extracto/Sumario de promulgación en Diario Oficial capturado vía BCN LeyChile
BCN-PROV-0716,BCN_DO,1998-04-24,1998,2,extracto_bcn,"DICTA ORDENANZA PARA LA INSTALACION DE TORRES, ANTENAS Y PARABOLAS PARA CUALQUIER TIPO DE TELECOMUNICACIONES","Urbanismo, Obras y Edificación",https://www.bcn.cl/leychile/navegar?idNorma=98406,NO_APLICA_HTML_BCN,Extracto/Sumario de promulgación en Diario Oficial capturado vía BCN LeyChile
BCN-PROV-0717,BCN_DO,1998-04-24,1998,3,extracto_bcn,"MODIFICA ORDENANZA COMUNAL SOBRE ACTIVIDAD COMERCIAL, INDUSTRIAL, DE SERVICIOS Y PUBLICITARIA","Comercio, Alcoholes y Patentes",https://www.bcn.cl/leychile/navegar?idNorma=98410,NO_APLICA_HTML_BCN,Extracto/Sumario de promulgación en Diario Oficial capturado vía BCN LeyChile
BCN-PROV-0718,BCN_DO,1998-04-24,1998,4,extracto_bcn,FIJA ORDENANZA QUE REGLAMENTA LA INSTALACION DE LINEAS DISTRIBUIDORAS DE ENERGIA ELECTRICA Y TRANSMISORAS DE SEÑALES EN PROVIDENCIA,Tránsito y Transporte,https://www.bcn.cl/leychile/navegar?idNorma=98411,NO_APLICA_HTML_BCN,Extracto/Sumario de promulgación en Diario Oficial capturado vía BCN LeyChile
BCN-PROV-0719,BCN_DO,1998-03-18,1998,1,extracto_bcn,MODIFICA ORDENANZA QUE REGLAMENTA LA INSTALACION DE LINEAS DISTRIBUIDORAS DE ENERGIA ELECTRICA Y TRANSMISORAS DE SEÑALES,Tránsito y Transporte,https://www.bcn.cl/leychile/navegar?idNorma=97277,NO_APLICA_HTML_BCN,Extracto/Sumario de promulgación en Diario Oficial capturado vía BCN LeyChile
BCN-PROV-0720,BCN_DO,1997-12-29,1997,11,extracto_bcn,DICTA ORDENANZA LOCAL SOBRE DERECHOS MUNICIPALES AÑO 1998,Derechos Municipales y Tarifas,https://www.bcn.cl/leychile/navegar?idNorma=87297,NO_APLICA_HTML_BCN,Extracto/Sumario de promulgación en Diario Oficial capturado vía BCN LeyChile
BCN-PROV-0721,BCN_DO,1997-12-18,1997,10,extracto_bcn,MODIFICA ORDENANZA QUE REGLAMENTA INSTALACION DE LINEAS DISTRIBUIDORAS DE ENERGIA ELECTRICA Y TRANSMISORAS DE SEÑALES,Tránsito y Transporte,https://www.bcn.cl/leychile/navegar?idNorma=82835,NO_APLICA_HTML_BCN,Extracto/Sumario de promulgación en Diario Oficial capturado vía BCN LeyChile
BCN-PROV-0722,BCN_DO,1997-12-09,1997,8,extracto_bcn,APRUEBA ORDENANZA DE COBRO DE DERECHO DE ASEO DOMICILIARIO PARA EL AÑO 1998,Derechos Municipales y Tarifas,https://www.bcn.cl/leychile/navegar?idNorma=81741,NO_APLICA_HTML_BCN,Extracto/Sumario de promulgación en Diario Oficial capturado vía BCN LeyChile
BCN-PROV-0723,BCN_DO,1997-12-04,1997,9,extracto_bcn,MODIFICA ORDENANZA LOCAL SOBRE DERECHOS MUNICIPALES AÑO 1997,Derechos Municipales y Tarifas,https://www.bcn.cl/leychile/navegar?idNorma=80654,NO_APLICA_HTML_BCN,Extracto/Sumario de promulgación en Diario Oficial capturado vía BCN LeyChile
BCN-PROV-0724,BCN_DO,1997-09-27,1997,7,extracto_bcn,MODIFICA Y REFUNDE ORDENANZA SOBRE ESTACIONAMIENTO DE TAXIS,Tránsito y Transporte,https://www.bcn.cl/leychile/navegar?idNorma=75848,NO_APLICA_HTML_BCN,Extracto/Sumario de promulgación en Diario Oficial capturado vía BCN LeyChile
BCN-PROV-0725,BCN_DO,1997-09-16,1997,4,extracto_bcn,REEMPLAZA ORDENANZA DE ASEO DE LA COMUNA,"Aseo, Ornato y Medio Ambiente",https://www.bcn.cl/leychile/navegar?idNorma=190948,NO_APLICA_HTML_BCN,Extracto/Sumario de promulgación en Diario Oficial capturado vía BCN LeyChile
BCN-PROV-0726,BCN_DO,1997-09-16,1997,5,extracto_bcn,"MODIFICA ORDENANZA SOBRE ACTIVIDAD COMERCIAL, INDUSTRIAL, DE SERVICIOS Y PUBLICITARIA","Comercio, Alcoholes y Patentes",https://www.bcn.cl/leychile/navegar?idNorma=75685,NO_APLICA_HTML_BCN,Extracto/Sumario de promulgación en Diario Oficial capturado vía BCN LeyChile
BCN-PROV-0727,BCN_DO,1997-09-16,1997,6,extracto_bcn,MODIFICA ORDENANZA LOCAL SOBRE DERECHOS MUNICIPALES AÑO 1997,Derechos Municipales y Tarifas,https://www.bcn.cl/leychile/navegar?idNorma=75683,NO_APLICA_HTML_BCN,Extracto/Sumario de promulgación en Diario Oficial capturado vía BCN LeyChile
BCN-PROV-0728,BCN_DO,1997-09-10,1997,6,extracto_bcn,MODIFICA ORDENANZA LOCAL SOBRE DERECHOS MUNICIPALES,Derechos Municipales y Tarifas,https://www.bcn.cl/leychile/navegar?idNorma=75625,NO_APLICA_HTML_BCN,Extracto/Sumario de promulgación en Diario Oficial capturado vía BCN LeyChile
BCN-PROV-0729,BCN_DO,1997-09-06,1997,3,extracto_bcn,MODIFICA ORDENANZA SOBRE ESTACIONAMIENTOS RESERVADOS PARA VEHICULOS,Tránsito y Transporte,https://www.bcn.cl/leychile/navegar?idNorma=75581,NO_APLICA_HTML_BCN,Extracto/Sumario de promulgación en Diario Oficial capturado vía BCN LeyChile
BCN-PROV-0730,BCN_DO,1997-09-06,1997,6,extracto_bcn,MODIFICA ORDENANZA SOBRE DERECHOS MUNICIPALES AÑO 1997,Derechos Municipales y Tarifas,https://www.bcn.cl/leychile/navegar?idNorma=75582,NO_APLICA_HTML_BCN,Extracto/Sumario de promulgación en Diario Oficial capturado vía BCN LeyChile
BCN-PROV-0731,BCN_DO,1997-06-09,1997,2,extracto_bcn,MODIFICA ORDENANZA LOCAL SOBRE DERECHOS MUNICIPALES AÑO 1997,Derechos Municipales y Tarifas,https://www.bcn.cl/leychile/navegar?idNorma=73452,NO_APLICA_HTML_BCN,Extracto/Sumario de promulgación en Diario Oficial capturado vía BCN LeyChile
BCN-PROV-0732,BCN_DO,1997-05-16,1997,1,extracto_bcn,APRUEBA ORDENANZA SOBRE ESTACIONAMIENTOS RESERVADOS PARA DISCAPACITADOS,Tránsito y Transporte,https://www.bcn.cl/leychile/navegar?idNorma=71373,NO_APLICA_HTML_BCN,Extracto/Sumario de promulgación en Diario Oficial capturado vía BCN LeyChile
BCN-PROV-0733,BCN_DO,1996-12-31,1996,125,extracto_bcn,"MODIFICA ORDENANZA COMUNAL SOBRE LA ACTIVIDAD COMERCIAL, INDUSTRIAL, DE SERVICIOS Y PUBLICITARIA","Comercio, Alcoholes y Patentes",https://www.bcn.cl/leychile/navegar?idNorma=31128,NO_APLICA_HTML_BCN,Extracto/Sumario de promulgación en Diario Oficial capturado vía BCN LeyChile
BCN-PROV-0734,BCN_DO,1996-12-18,1996,122,extracto_bcn,ORDENANZA SOBRE NORMAS SANITARIAS BASICAS,Normativa General y Otras Materias,https://www.bcn.cl/leychile/navegar?idNorma=31126,NO_APLICA_HTML_BCN,Extracto/Sumario de promulgación en Diario Oficial capturado vía BCN LeyChile
BCN-PROV-0735,BCN_DO,1996-12-18,1996,123,extracto_bcn,FIJA TEXTO REFUNDIDO Y ADECUADO DE 'ORDENANZA QUE REGLAMENTA INSTALACION DE LINEAS DISTRIBUIDORAS DE ENERGIA ELECTRICA Y TRANSMISORAS DE SEÑALES',Tránsito y Transporte,https://www.bcn.cl/leychile/navegar?idNorma=31127,NO_APLICA_HTML_BCN,Extracto/Sumario de promulgación en Diario Oficial capturado vía BCN LeyChile
BCN-PROV-0736,BCN_DO,1996-12-17,1996,119,extracto_bcn,DICTA ORDENANZA LOCAL SOBRE DERECHOS MUNICIPALES AÑO 1997,Derechos Municipales y Tarifas,https://www.bcn.cl/leychile/navegar?idNorma=31123,NO_APLICA_HTML_BCN,Extracto/Sumario de promulgación en Diario Oficial capturado vía BCN LeyChile
BCN-PROV-0737,BCN_DO,1996-12-17,1996,121,extracto_bcn,FIJA TEXTO REFUNDIDO DE ORDENANZA SOBRE RUIDOS MOLESTOS EN LA COMUNA DE PROVIDENCIA,"Aseo, Ornato y Medio Ambiente",https://www.bcn.cl/leychile/navegar?idNorma=31125,NO_APLICA_HTML_BCN,Extracto/Sumario de promulgación en Diario Oficial capturado vía BCN LeyChile
BCN-PROV-0738,BCN_DO,1996-12-09,1996,120,extracto_bcn,DEROGA ORDENANZAS QUE INDICA,Normativa General y Otras Materias,https://www.bcn.cl/leychile/navegar?idNorma=31124,NO_APLICA_HTML_BCN,Extracto/Sumario de promulgación en Diario Oficial capturado vía BCN LeyChile
BCN-PROV-0739,BCN_DO,1996-12-09,1996,124,extracto_bcn,"MODIFICA ORDENANZA N° 108, DE 1996",Normativa General y Otras Materias,https://www.bcn.cl/leychile/navegar?idNorma=2255,NO_APLICA_HTML_BCN,Extracto/Sumario de promulgación en Diario Oficial capturado vía BCN LeyChile
BCN-PROV-0740,BCN_DO,1996-12-03,1996,117,extracto_bcn,MODIFICA ORDENANZA QUE REGLAMENTA INSTALACION DE LINEAS DISTRIBUIDORAS DE ENERGIA ELECTRICA Y TRANSMISORAS DE SEÑALES,Tránsito y Transporte,https://www.bcn.cl/leychile/navegar?idNorma=31122,NO_APLICA_HTML_BCN,Extracto/Sumario de promulgación en Diario Oficial capturado vía BCN LeyChile
BCN-PROV-0741,BCN_DO,1996-11-07,1996,113,extracto_bcn,APRUEBA ORDENANZA DE COBRO DE DERECHO DE ASEO DOMICILIARIO,Derechos Municipales y Tarifas,https://www.bcn.cl/leychile/navegar?idNorma=31121,NO_APLICA_HTML_BCN,Extracto/Sumario de promulgación en Diario Oficial capturado vía BCN LeyChile
BCN-PROV-0742,BCN_DO,1996-09-05,1996,109,extracto_bcn,LIMITA TIEMPO Y FIJA TARIFA DE ESTACIONAMIENTO DE VEHICULOS EN LUGARES QUE INDICA,Derechos Municipales y Tarifas,https://www.bcn.cl/leychile/navegar?idNorma=31118,NO_APLICA_HTML_BCN,Extracto/Sumario de promulgación en Diario Oficial capturado vía BCN LeyChile
BCN-PROV-0743,BCN_DO,1996-08-31,1996,108,extracto_bcn,DEJA SIN EFECTO ORDENANZA SOBRE LIMITE HORARIO PARA ESTACIONAMIENTO DE VEHICULOS Y APRUEBA ORDENANZA SOBRE ESTACIONAMIENTOS CONTROLADOS POR PARQUIMETROS,Tránsito y Transporte,https://www.bcn.cl/leychile/navegar?idNorma=31117,NO_APLICA_HTML_BCN,Extracto/Sumario de promulgación en Diario Oficial capturado vía BCN LeyChile
BCN-PROV-0744,BCN_DO,1996-08-30,1996,107,extracto_bcn,MODIFICA ORDENANZA SOBRE RUIDOS MOLESTOS,"Aseo, Ornato y Medio Ambiente",https://www.bcn.cl/leychile/navegar?idNorma=31116,NO_APLICA_HTML_BCN,Extracto/Sumario de promulgación en Diario Oficial capturado vía BCN LeyChile
BCN-PROV-0745,BCN_DO,1996-08-17,1996,106,extracto_bcn,MODIFICA ORDENANZA SOBRE NORMAS SANITARIAS BASICAS,Normativa General y Otras Materias,https://www.bcn.cl/leychile/navegar?idNorma=31115,NO_APLICA_HTML_BCN,Extracto/Sumario de promulgación en Diario Oficial capturado vía BCN LeyChile
BCN-PROV-0746,BCN_DO,1996-04-08,1996,100,extracto_bcn,MODIFICA ORDENANZA LOCAL SOBRE DERECHOS MUNICIPALES AÑO 1996,Derechos Municipales y Tarifas,https://www.bcn.cl/leychile/navegar?idNorma=31114,NO_APLICA_HTML_BCN,Extracto/Sumario de promulgación en Diario Oficial capturado vía BCN LeyChile
BCN-PROV-0747,BCN_DO,1996-01-05,1996,94,extracto_bcn,"MODIFICA ORDENANZA N° 90, DE 1995",Normativa General y Otras Materias,https://www.bcn.cl/leychile/navegar?idNorma=31112,NO_APLICA_HTML_BCN,Extracto/Sumario de promulgación en Diario Oficial capturado vía BCN LeyChile
BCN-PROV-0748,BCN_DO,1995-12-19,1995,90,extracto_bcn,ORDENANZA LOCAL SOBRE DERECHOS MUNICIPALES AÑO 1996,Derechos Municipales y Tarifas,https://www.bcn.cl/leychile/navegar?idNorma=31109,NO_APLICA_HTML_BCN,Extracto/Sumario de promulgación en Diario Oficial capturado vía BCN LeyChile
BCN-PROV-0749,BCN_DO,1995-12-14,1995,91,extracto_bcn,"MODIFICA ORDENANZA COMUNAL SOBRE ACTIVIDAD COMERCIAL, INDUSTRIAL, DE SERVICIOS Y PUBLICITARIA","Comercio, Alcoholes y Patentes",https://www.bcn.cl/leychile/navegar?idNorma=31110,NO_APLICA_HTML_BCN,Extracto/Sumario de promulgación en Diario Oficial capturado vía BCN LeyChile
BCN-PROV-0750,BCN_DO,1995-12-04,1995,89,extracto_bcn,APRUEBA ORDENANZA DE COBRO DE DERECHO DE ASEO DOMICILIARIO ANUAL PARA EL AÑO 1996,Derechos Municipales y Tarifas,https://www.bcn.cl/leychile/navegar?idNorma=31108,NO_APLICA_HTML_BCN,Extracto/Sumario de promulgación en Diario Oficial capturado vía BCN LeyChile
BCN-PROV-0751,BCN_DO,1995-11-30,1995,88,extracto_bcn,APRUEBA ORDENANZA LOCAL SOBRE CONDICIONES NECESARIAS PARA LA FIJACION DE TARIFAS DEL SERVICIO DOMICILIARIO POR EXTRACCION DE BASURAS Y EXENCIONES TOTAL Y PARCIAL,Derechos Municipales y Tarifas,https://www.bcn.cl/leychile/navegar?idNorma=31107,NO_APLICA_HTML_BCN,Extracto/Sumario de promulgación en Diario Oficial capturado vía BCN LeyChile
BCN-PROV-0752,BCN_DO,1995-09-16,1995,85,extracto_bcn,"MODIFICA ORDENANZA COMUNAL SOBRE LA ACTIVIDAD COMERCIAL, INDUSTRIAL, DE SERVICIOS Y PUBLICITARIA","Comercio, Alcoholes y Patentes",https://www.bcn.cl/leychile/navegar?idNorma=171986,NO_APLICA_HTML_BCN,Extracto/Sumario de promulgación en Diario Oficial capturado vía BCN LeyChile
BCN-PROV-0753,BCN_DO,1995-09-16,1995,86,extracto_bcn,DICTA ORDENANZA LOCAL SOBRE NORMAS QUE REGIRAN PARA NAVIDAD,Normativa General y Otras Materias,https://datos.bcn.cl/recurso/cl/dto/municipalidad-de-providencia/1995-09-16/86,NO_APLICA_HTML_BCN,Extracto/Sumario de promulgación en Diario Oficial capturado vía BCN LeyChile
BCN-PROV-0754,BCN_DO,1995-07-11,1995,84,extracto_bcn,MODIFICA ORDENANZA QUE REGLAMENTA INSTALACION DE LINEAS DISTRIBUIDORAS DE ENERGIA ELECTRICA Y TRANSMISORAS DE SEÑALES,Tránsito y Transporte,https://www.bcn.cl/leychile/navegar?idNorma=31106,NO_APLICA_HTML_BCN,Extracto/Sumario de promulgación en Diario Oficial capturado vía BCN LeyChile
BCN-PROV-0755,BCN_DO,1995-04-21,1995,78,extracto_bcn,MODIFICA ORDENANZA LOCAL SOBRE DERECHOS MUNICIPALES,Derechos Municipales y Tarifas,https://www.bcn.cl/leychile/navegar?idNorma=31105,NO_APLICA_HTML_BCN,Extracto/Sumario de promulgación en Diario Oficial capturado vía BCN LeyChile
BCN-PROV-0756,BCN_DO,1995-01-30,1995,77,extracto_bcn,MODIFICA ORDENANZA LOCAL SOBRE DERECHOS MUNICIPALES,Derechos Municipales y Tarifas,https://www.bcn.cl/leychile/navegar?idNorma=31104,NO_APLICA_HTML_BCN,Extracto/Sumario de promulgación en Diario Oficial capturado vía BCN LeyChile
BCN-PROV-0757,BCN_DO,1995-01-04,1995,76,extracto_bcn,ORDENANZA LOCAL SOBRE DERECHOS MUNICIPALES AÑO 1995,Derechos Municipales y Tarifas,https://www.bcn.cl/leychile/navegar?idNorma=31103,NO_APLICA_HTML_BCN,Extracto/Sumario de promulgación en Diario Oficial capturado vía BCN LeyChile
BCN-PROV-0758,BCN_DO,1994-12-14,1994,72,extracto_bcn,DICTA ORDENANZA SOBRE OCUPACION TRANSITORIA DEL ESPACIO PUBLICO,Tránsito y Transporte,https://www.bcn.cl/leychile/navegar?idNorma=31101,NO_APLICA_HTML_BCN,Extracto/Sumario de promulgación en Diario Oficial capturado vía BCN LeyChile
BCN-PROV-0759,BCN_DO,1994-11-24,1994,71,extracto_bcn,APRUEBA ORDENANZA DE COBRO DE DERECHO DE ASEO DOMICILIARIO ANUAL PARA EL AÑO 1995,Derechos Municipales y Tarifas,https://www.bcn.cl/leychile/navegar?idNorma=31100,NO_APLICA_HTML_BCN,Extracto/Sumario de promulgación en Diario Oficial capturado vía BCN LeyChile
BCN-PROV-0760,BCN_DO,1994-07-12,1994,67,extracto_bcn,REGLAMENTA DESTINACION Y CAMBIOS DE DESTINO DE INMUEBLES QUE INDICA,"Urbanismo, Obras y Edificación",https://www.bcn.cl/leychile/navegar?idNorma=31096,NO_APLICA_HTML_BCN,Extracto/Sumario de promulgación en Diario Oficial capturado vía BCN LeyChile
BCN-PROV-0761,BCN_DO,1994-07-12,1994,66,extracto_bcn,"MODIFICA ORDENANZA SOBRE HOTELES, APART-HOTELES, MOTELES, RESIDENCIALES Y HOSPEDERIAS",Normativa General y Otras Materias,https://datos.bcn.cl/recurso/cl/dto/municipalidad-de-providencia/1994-07-12/66,NO_APLICA_HTML_BCN,Extracto/Sumario de promulgación en Diario Oficial capturado vía BCN LeyChile
BCN-PROV-0762,BCN_DO,1994-05-26,1994,63,extracto_bcn,MODIFICA ORDENANZA SOBRE NORMAS SANITARIAS BASICAS,Normativa General y Otras Materias,https://www.bcn.cl/leychile/navegar?idNorma=31090,NO_APLICA_HTML_BCN,Extracto/Sumario de promulgación en Diario Oficial capturado vía BCN LeyChile
BCN-PROV-0763,BCN_DO,1994-05-07,1994,62,extracto_bcn,REGLAMENTA EL ESTACIONAMIENTO DE TAXIS EN LA COMUNA,Tránsito y Transporte,https://www.bcn.cl/leychile/navegar?idNorma=31088,NO_APLICA_HTML_BCN,Extracto/Sumario de promulgación en Diario Oficial capturado vía BCN LeyChile
BCN-PROV-0764,BCN_DO,1994-01-10,1994,60,extracto_bcn,DICTA ORDENANZA LOCAL SOBRE DERECHOS MUNICIPALES,Derechos Municipales y Tarifas,https://www.bcn.cl/leychile/navegar?idNorma=31086,NO_APLICA_HTML_BCN,Extracto/Sumario de promulgación en Diario Oficial capturado vía BCN LeyChile
BCN-PROV-0765,BCN_DO,1993-01-11,1993,38,extracto_bcn,DICTA ORDENANZA LOCAL SOBRE DERECHOS MUNICIPALES,Derechos Municipales y Tarifas,https://www.bcn.cl/leychile/navegar?idNorma=31066,NO_APLICA_HTML_BCN,Extracto/Sumario de promulgación en Diario Oficial capturado vía BCN LeyChile
BCN-PROV-0766,BCN_DO,1992-07-18,1992,29,extracto_bcn,MODIFICA ORDENANZA LOCAL SOBRE DERECHOS MUNICIPALES,Derechos Municipales y Tarifas,https://www.bcn.cl/leychile/navegar?idNorma=85821,NO_APLICA_HTML_BCN,Extracto/Sumario de promulgación en Diario Oficial capturado vía BCN LeyChile
BCN-PROV-0767,BCN_DO,1992-01-16,1992,18,extracto_bcn,ORDENANZA LOCAL SOBRE DERECHOS MUNICIPALES,Derechos Municipales y Tarifas,https://www.bcn.cl/leychile/navegar?idNorma=86406,NO_APLICA_HTML_BCN,Extracto/Sumario de promulgación en Diario Oficial capturado vía BCN LeyChile
BCN-PROV-0768,BCN_DO,1991-01-21,1991,68,extracto_bcn,DICTA ORDENANZA LOCAL SOBRE DERECHOS MUNICIPALES AÑO 1991,Derechos Municipales y Tarifas,https://www.bcn.cl/leychile/navegar?idNorma=88720,NO_APLICA_HTML_BCN,Extracto/Sumario de promulgación en Diario Oficial capturado vía BCN LeyChile
BCN-PROV-0769,BCN_DO,1990-01-29,1990,44,extracto_bcn,DICTA ORDENANZA LOCAL SOBRE DERECHOS MUNICIPALES AÑO 1990,Derechos Municipales y Tarifas,https://www.bcn.cl/leychile/navegar?idNorma=164988,NO_APLICA_HTML_BCN,Extracto/Sumario de promulgación en Diario Oficial capturado vía BCN LeyChile
BCN-PROV-0770,BCN_DO,1988-07-02,1988,1,extracto_bcn,MODIFICA ORDENANZA LOCAL SOBRE DERECHOS MUNICIPALES,Derechos Municipales y Tarifas,https://www.bcn.cl/leychile/navegar?idNorma=133239,NO_APLICA_HTML_BCN,Extracto/Sumario de promulgación en Diario Oficial capturado vía BCN LeyChile
BCN-PROV-0771,BCN_DO,1988-01-18,1988,20,extracto_bcn,DICTA ORDENANZA LOCAL SOBRE DERECHOS MUNICIPALES,Derechos Municipales y Tarifas,https://www.bcn.cl/leychile/navegar?idNorma=207023,NO_APLICA_HTML_BCN,Extracto/Sumario de promulgación en Diario Oficial capturado vía BCN LeyChile
BCN-PROV-0772,BCN_DO,1987-01-19,1987,14,extracto_bcn,DICTA ORDENANZA LOCAL SOBRE DERECHOS MUNICIPALES AÑO 1987,Derechos Municipales y Tarifas,https://www.bcn.cl/leychile/navegar?idNorma=146420,NO_APLICA_HTML_BCN,Extracto/Sumario de promulgación en Diario Oficial capturado vía BCN LeyChile
BCN-PROV-0773,BCN_DO,1986-07-31,1986,13,extracto_bcn,FIJA ORDENANZA SOBRE IMPLANTACION DE USOS NO PREFERENCIALES EN DIVERSOS SECTORES DE LA COMUNA,Normativa General y Otras Materias,https://www.bcn.cl/leychile/navegar?idNorma=155075,NO_APLICA_HTML_BCN,Extracto/Sumario de promulgación en Diario Oficial capturado vía BCN LeyChile
BCN-PROV-0774,BCN_DO,1986-07-31,1986,7,extracto_bcn,"MODIFICA ORDENANZA NO. 13, DE 1985",Normativa General y Otras Materias,https://www.bcn.cl/leychile/navegar?idNorma=155073,NO_APLICA_HTML_BCN,Extracto/Sumario de promulgación en Diario Oficial capturado vía BCN LeyChile
BCN-PROV-0775,BCN_DO,1986-07-31,1986,8,extracto_bcn,MODIFICA ORDENANZA SOBRE IMPLANTACION DE USOS NO PREFERENCIALES EN DIVERSOS SECTORES DE LA COMUNA,Normativa General y Otras Materias,https://www.bcn.cl/leychile/navegar?idNorma=155074,NO_APLICA_HTML_BCN,Extracto/Sumario de promulgación en Diario Oficial capturado vía BCN LeyChile
BCN-PROV-0776,BCN_DO,1986-01-31,1986,2,extracto_bcn,MODIFICA ORDENANZA LOCAL SOBRE DERECHOS MUNICIPALES,Derechos Municipales y Tarifas,https://www.bcn.cl/leychile/navegar?idNorma=161132,NO_APLICA_HTML_BCN,Extracto/Sumario de promulgación en Diario Oficial capturado vía BCN LeyChile
BCN-PROV-0777,BCN_DO,1986-01-11,1986,11,extracto_bcn,DICTA ORDENANZA LOCAL SOBRE DERECHOS MUNICIPALES,Derechos Municipales y Tarifas,https://www.bcn.cl/leychile/navegar?idNorma=158757,NO_APLICA_HTML_BCN,Extracto/Sumario de promulgación en Diario Oficial capturado vía BCN LeyChile
BCN-PROV-0778,BCN_DO,1985-01-26,1985,1,extracto_bcn,"MODIFICA ORDENANZA Nº9, DE 1984",Normativa General y Otras Materias,https://www.bcn.cl/leychile/navegar?idNorma=160877,NO_APLICA_HTML_BCN,Extracto/Sumario de promulgación en Diario Oficial capturado vía BCN LeyChile
BCN-PROV-0779,BCN_DO,1985-01-07,1985,9,extracto_bcn,DICTA ORDENANZA LOCAL SOBRE DERECHOS MUNICIPALES,Derechos Municipales y Tarifas,https://www.bcn.cl/leychile/navegar?idNorma=156599,NO_APLICA_HTML_BCN,Extracto/Sumario de promulgación en Diario Oficial capturado vía BCN LeyChile
