comuna,region_id,region_nombre,fuente,numero,fecha,titulo,materia,url,source_listing_url,sha256,rdf_url
Arica,15,Arica y Parinacota,BCN,2539,1999-09-01,ORDENANZA MUNICIPAL SOBRE PATENTES DE ALCOHOLES Y HORARIO DE FUNCIONAMIENTO DE ESTABLECIMIENTOS DE EXPENDIO DE BEBIDAS ALCOHOLICAS,"Comercio, Alcoholes y Patentes",https://www.bcn.cl/leychile/navegar?idNorma=141943,,,https://datos.bcn.cl/recurso/cl/orz/municipalidad-de-arica/1999-09-01/2539/datos.json
Arica,15,Arica y Parinacota,Municipalidad,02,2026-01-01,Ordenanza Municipal de ARICA — ordenanza n 02 para el cobro municipal 2026,Derechos Municipales y Tarifas,https://docs.muniarica.cl/web/media/documentos/2025/10/ordenanza-n-02-para-el-cobro-municipal-2026.pdf,https://docs.muniarica.cl/web/media/documentos/2025/10/ordenanza-n-02-para-el-cobro-municipal-2026.pdf,9ca031334f1e7582aca7c3c139152612489c5be5e8c6fedb84117d8b5b667bba,
Arica,15,Arica y Parinacota,Municipalidad,S/N,2026-01-01,Ordenanza Municipal de ARICA — ordenanza municipal diciembre,Normativa General y Otras Materias,https://docs.muniarica.cl/web/media/documentos/2025/12/ordenanza-municipal-diciembre.pdf,https://docs.muniarica.cl/web/media/documentos/2025/12/ordenanza-municipal-diciembre.pdf,29438329ef3d27542c1947fdfafe75bcc96e279565fe3e77e9052fa3d9cc4636,
Arica,15,Arica y Parinacota,Municipalidad,1,2026-01-01,Ordenanza Municipal de ARICA — ordenanza n 1 2026,Normativa General y Otras Materias,https://docs.muniarica.cl/web/media/documentos/2026/06/ordenanza-n-1-2026.pdf,https://docs.muniarica.cl/web/media/documentos/2026/06/ordenanza-n-1-2026.pdf,3eaebd29fde45e4808352a94a246483f86b04e160a571bfd653ec5822f682a36,
General Lagos,15,Arica y Parinacota,BCN,3,1987-01-27,"DICTA: ORDENANANZA MUNICIPAL SOBRE DEHECHOS MUNICIPALES POR CONCESIONES, PERMISOS Y SERVICIOS",Derechos Municipales y Tarifas,https://www.bcn.cl/leychile/navegar?idNorma=147770,,,https://datos.bcn.cl/recurso/cl/orz/municipalidad-de-general-lagos/1987-01-27/3/datos.json
General Lagos,15,Arica y Parinacota,BCN,5,1987-01-27,DICTASE LA SIGUIENTE ORDENANZA MUNICIPAL SOBRE NORMAS SANITARIAS BASICAS,Normativa General y Otras Materias,https://www.bcn.cl/leychile/navegar?idNorma=147771,,,https://datos.bcn.cl/recurso/cl/orz/municipalidad-de-general-lagos/1987-01-27/5/datos.json
General Lagos,15,Arica y Parinacota,BCN,6,1987-01-27,DICTA ORDENANZA MUNICIPAL QUE REGULA EL FUNCIONAMIENTO DE LAS FERIAS FRONTERIZAS DE LA COMUNA,"Comercio, Alcoholes y Patentes",https://www.bcn.cl/leychile/navegar?idNorma=147762,,,https://datos.bcn.cl/recurso/cl/orz/municipalidad-de-general-lagos/1987-01-27/6/datos.json
Iquique,01,Tarapacá,BCN,478,2014-09-08,"APRUEBA ORDENANZA QUE REGULA EL USO DE LOS ESPACIOS DE DOMINIO PÚBLICO, EL RETIRO DE VEHÍCULOS QUE SE ENCUENTREN EN ESTADO DE ABANDONO Y/O MAL ESTACIONADOS, EN LAS VÍAS PÚBLICAS, Y DE LAS CERCAS Y/O ENREJADOS LEVANTADOS EN LAS MISMAS, SIN LOS PERMISOS O AUTORIZACIONES CORRESPONDIENTES",Tránsito y Transporte,https://www.bcn.cl/leychile/navegar?idNorma=1066275,,,https://datos.bcn.cl/recurso/cl/orz/municipalidad-de-iquique/2014-09-08/478/datos.json
Iquique,01,Tarapacá,BCN,474,2013-10-23,"MODIFICA ORDENANZA MUNICIPAL Nº 472, DE 2013",Normativa General y Otras Materias,https://www.bcn.cl/leychile/navegar?idNorma=1055437,,,https://datos.bcn.cl/recurso/cl/orz/municipalidad-de-iquique/2013-10-23/474/datos.json
Iquique,01,Tarapacá,BCN,472,2013-10-03,NOMBRA PLAZA SOLDADO PEDRO PRADO A LA PLAZA UBICADA FRENTE AL CEMENTERIO Nº 3,"Salud, Deporte y Desarrollo Social",https://www.bcn.cl/leychile/navegar?idNorma=1054876,,,https://datos.bcn.cl/recurso/cl/orz/municipalidad-de-iquique/2013-10-03/472/datos.json
Iquique,01,Tarapacá,BCN,460,2011-09-30,APRUEBA ORDENANZA MUNICIPAL SOBRE 'INSTALACIÓN DE LÍNEAS DISTRIBUIDORAS DE ENERGÍA ELÉCTRICA Y DE TELECOMUNICACIONES EN LA COMUNA DE IQUIQUE',Tránsito y Transporte,https://www.bcn.cl/leychile/navegar?idNorma=1030307,,,https://datos.bcn.cl/recurso/cl/orz/municipalidad-de-iquique/2011-09-30/460/datos.json
Iquique,01,Tarapacá,BCN,458,2011-08-16,APRUEBA ORDENANZA DE PARTICIPACIÓN CIUDADANA,Organización y Régimen Interno,https://www.bcn.cl/leychile/navegar?idNorma=1028675,,,https://datos.bcn.cl/recurso/cl/orz/municipalidad-de-iquique/2011-08-16/458/datos.json
Iquique,01,Tarapacá,BCN,457,2011-08-02,"MODIFICA ORDENANZA Nº 209, DE 1991, SOBRE FERIA ITINERANTE DE IQUIQUE","Comercio, Alcoholes y Patentes",https://www.bcn.cl/leychile/navegar?idNorma=1028303,,,https://datos.bcn.cl/recurso/cl/orz/municipalidad-de-iquique/2011-08-02/457/datos.json
Iquique,01,Tarapacá,BCN,455,2011-05-13,"MODIFICA ORDENANZA Nº 316, DE 2000, AGREGANDO EL REGLAMENTO TEXAS HOLD'EM PÓKER SIN LÍMITE",Organización y Régimen Interno,https://www.bcn.cl/leychile/navegar?idNorma=1025312,,,https://datos.bcn.cl/recurso/cl/orz/municipalidad-de-iquique/2011-05-13/455/datos.json
Iquique,01,Tarapacá,BCN,454,2011-03-23,"MODIFICA ORDENANZA Nº 395, DE 2005, SOBRE OTORGAMIENTO, RENOVACIÓN, CADUCIDAD Y TRASLADO DE PATENTES DE EXPENDIO DE BEBIDAS ALCOHÓLICAS","Comercio, Alcoholes y Patentes",https://www.bcn.cl/leychile/navegar?idNorma=1023924,,,https://datos.bcn.cl/recurso/cl/orz/municipalidad-de-iquique/2011-03-23/454/datos.json
Iquique,01,Tarapacá,BCN,453,2010-12-29,APRUEBA ORDENANZA MUNICIPAL PARA TRABAJOS EN BENEFICIO DE LA COMUNIDAD PARA CUMPLIR SENTENCIAS DICTADAS POR EL JUEZ DE POLICÍA LOCAL,Normativa General y Otras Materias,https://www.bcn.cl/leychile/navegar?idNorma=1021595,,,https://datos.bcn.cl/recurso/cl/orz/municipalidad-de-iquique/2010-12-29/453/datos.json
Iquique,01,Tarapacá,BCN,452,2010-12-28,MODIFICA FUNCIONAMIENTO INTERNO DEL CASINO DE JUEGOS,"Comercio, Alcoholes y Patentes",https://www.bcn.cl/leychile/navegar?idNorma=1021553,,,https://datos.bcn.cl/recurso/cl/orz/municipalidad-de-iquique/2010-12-28/452/datos.json
Iquique,01,Tarapacá,BCN,448,2010-08-27,APRUEBA ORDENANZA SOBRE LIMPIADORES DE VEHÍCULOS ESTACIONADOS EN LA VÍA PÚBLICA,Tránsito y Transporte,https://www.bcn.cl/leychile/navegar?idNorma=1016613,,,https://datos.bcn.cl/recurso/cl/orz/municipalidad-de-iquique/2010-08-27/448/datos.json
Iquique,01,Tarapacá,BCN,449,2010-08-27,APRUEBA ORDENANZA SOBRE ESPACIO PÚBLICO DEL CENTRO DE LA CIUDAD DE IQUIQUE,Normativa General y Otras Materias,https://www.bcn.cl/leychile/navegar?idNorma=1016614,,,https://datos.bcn.cl/recurso/cl/orz/municipalidad-de-iquique/2010-08-27/449/datos.json
Iquique,01,Tarapacá,BCN,447,2010-08-06,"MODIFICA ORDENANZA Nº 395, DE 2005, SOBRE OTORGAMIENTO, RENOVACIÓN, CADUCIDAD Y TRASLADO DE PATENTES DE EXPENDIO DE BEBIDAS ALCOHÓLICAS","Comercio, Alcoholes y Patentes",https://www.bcn.cl/leychile/navegar?idNorma=1015981,,,https://datos.bcn.cl/recurso/cl/orz/municipalidad-de-iquique/2010-08-06/447/datos.json
Iquique,01,Tarapacá,BCN,445,2010-05-03,"MODIFICA ORDENANZA Nº 316, DE 2000",Normativa General y Otras Materias,https://www.bcn.cl/leychile/navegar?idNorma=1012888,,,https://datos.bcn.cl/recurso/cl/orz/municipalidad-de-iquique/2010-05-03/445/datos.json
Iquique,01,Tarapacá,BCN,444,2010-04-14,APRUEBA ORDENANZA MUNICIPAL SOBRE VEHÍCULOS ABANDONADOS EN LA VÍA PÚBLICA,Tránsito y Transporte,https://www.bcn.cl/leychile/navegar?idNorma=1012411,,,https://datos.bcn.cl/recurso/cl/orz/municipalidad-de-iquique/2010-04-14/444/datos.json
Iquique,01,Tarapacá,BCN,443,2010-03-10,"MODIFICA ORDENANZA MUNICIPAL Nº 418, DE 2008, SOBRE DERECHOS MUNICIPALES POR CONCESIONES, PERMISOS Y SERVICIOS",Derechos Municipales y Tarifas,https://www.bcn.cl/leychile/navegar?idNorma=1011592,,,https://datos.bcn.cl/recurso/cl/orz/municipalidad-de-iquique/2010-03-10/443/datos.json
Iquique,01,Tarapacá,BCN,442,2010-03-06,APRUEBA ORDENANZA SOBRE ORGANIZACIÓN DE TERMINAL RODOVIARIO DE IQUIQUE,Organización y Régimen Interno,https://www.bcn.cl/leychile/navegar?idNorma=1011495,,,https://datos.bcn.cl/recurso/cl/orz/municipalidad-de-iquique/2010-03-06/442/datos.json
Iquique,01,Tarapacá,BCN,440,2010-01-18,"MODIFICA ORDENANZA MUNICIPAL Nº 418, DE 2009",Normativa General y Otras Materias,https://www.bcn.cl/leychile/navegar?idNorma=1010269,,,https://datos.bcn.cl/recurso/cl/orz/municipalidad-de-iquique/2010-01-18/440/datos.json
Iquique,01,Tarapacá,BCN,441,2009-12-04,"MODIFICA ORDENANZA Nº 392, DE 2005",Normativa General y Otras Materias,https://www.bcn.cl/leychile/navegar?idNorma=1008730,,,https://datos.bcn.cl/recurso/cl/orz/municipalidad-de-iquique/2009-12-04/441/datos.json
Iquique,01,Tarapacá,BCN,439,2009-11-13,"MODIFICA ORDENANZA Nº 430, DE 2009, SOBRE JUEGOS DE ENTRETENCIÓN ELECTRÓNICA Y DESTREZA","Comercio, Alcoholes y Patentes",https://www.bcn.cl/leychile/navegar?idNorma=1007969,,,https://datos.bcn.cl/recurso/cl/orz/municipalidad-de-iquique/2009-11-13/439/datos.json
Iquique,01,Tarapacá,BCN,438,2009-11-05,"MODIFICA ORDENANZA MUNICIPAL Nº345, DE 2002, QUE FIJA REGLAMENTO SOBRE INTEGRACIÓN, ORGANIZACIÓN, COMPETENCIAS Y FUNCIONAMIENTO DEL CONSEJO ECONÓMICO Y SOCIAL COMUNAL C.E.S.C.O.","Salud, Deporte y Desarrollo Social",https://www.bcn.cl/leychile/navegar?idNorma=1007795,,,https://datos.bcn.cl/recurso/cl/orz/municipalidad-de-iquique/2009-11-05/438/datos.json
Iquique,01,Tarapacá,BCN,436,2009-08-26,"MODIFICA ORDENANZA MUNICIPAL Nº 372, DE 2004 SOBRE TRIBUTOS Y OTROS GRAVÁMENES",Normativa General y Otras Materias,https://www.bcn.cl/leychile/navegar?idNorma=1005419,,,https://datos.bcn.cl/recurso/cl/orz/municipalidad-de-iquique/2009-08-26/436/datos.json
Iquique,01,Tarapacá,BCN,435,2009-08-21,"MODIFICA ORDENANZAS Nº 316 Y Nº 386, DE 2009",Normativa General y Otras Materias,https://www.bcn.cl/leychile/navegar?idNorma=1005240,,,https://datos.bcn.cl/recurso/cl/orz/municipalidad-de-iquique/2009-08-21/435/datos.json
Iquique,01,Tarapacá,BCN,434,2009-06-04,NOMBRA CALLES QUE INDICA EN EL SECTOR NORTE DE LA COMUNA,Normativa General y Otras Materias,https://www.bcn.cl/leychile/navegar?idNorma=1003060,,,https://datos.bcn.cl/recurso/cl/orz/municipalidad-de-iquique/2009-06-04/434/datos.json
Iquique,01,Tarapacá,BCN,433,2009-06-01,"CAMBIA SENTIDO DEL TRÁNSITO TRANSITORIO, EN CALLE SALITRERA VICTORIA",Tránsito y Transporte,https://www.bcn.cl/leychile/navegar?idNorma=1002835,,,https://datos.bcn.cl/recurso/cl/orz/municipalidad-de-iquique/2009-06-01/433/datos.json
Iquique,01,Tarapacá,BCN,431,2009-05-15,"MODIFICA ORDENANZA Nº 316, DE 2000",Normativa General y Otras Materias,https://www.bcn.cl/leychile/navegar?idNorma=1002223,,,https://datos.bcn.cl/recurso/cl/orz/municipalidad-de-iquique/2009-05-15/431/datos.json
Iquique,01,Tarapacá,BCN,430,2009-04-24,APRUEBA ORDENANZA MUNICIPAL SOBRE 'JUEGOS DE ENTRETENCIONES ELECTRÓNICAS Y DESTREZA',"Comercio, Alcoholes y Patentes",https://www.bcn.cl/leychile/navegar?idNorma=1001433,,,https://datos.bcn.cl/recurso/cl/orz/municipalidad-de-iquique/2009-04-24/430/datos.json
Iquique,01,Tarapacá,BCN,427,2009-02-09,"APRUEBA ORDENANZA MUNICIPAL, RELATIVA A PROMOVER EL CONTROL INTEGRAL DE LA POBLACIÓN CANINA Y DE MASCOTAS",Tenencia Responsable y Mascotas,https://www.bcn.cl/leychile/navegar?idNorma=287023,,,https://datos.bcn.cl/recurso/cl/orz/municipalidad-de-iquique/2009-02-09/427/datos.json
Iquique,01,Tarapacá,BCN,422,2009-02-05,MODIFICA ORDENANZAS QUE INDICA,Normativa General y Otras Materias,https://www.bcn.cl/leychile/navegar?idNorma=286823,,,https://datos.bcn.cl/recurso/cl/orz/municipalidad-de-iquique/2009-02-05/422/datos.json
Iquique,01,Tarapacá,BCN,426,2009-01-23,"MODIFICA ORDENANZA MUNICIPAL N° 316, SOBRE 'REGLAMENTO INTERNO DE FUNCIONAMIENTO DEL CASINO MUNICIPAL DE IQUIQUE'",Organización y Régimen Interno,https://www.bcn.cl/leychile/navegar?idNorma=285924,,,https://datos.bcn.cl/recurso/cl/orz/municipalidad-de-iquique/2009-01-23/426/datos.json
Iquique,01,Tarapacá,BCN,417,2008-09-02,"MODIFICA DENOMINACIÓN DE POBLACIONES, AVENIDAS Y PASAJES QUE INDICA",Seguridad y Convivencia,https://www.bcn.cl/leychile/navegar?idNorma=277355,,,https://datos.bcn.cl/recurso/cl/orz/municipalidad-de-iquique/2008-09-02/417/datos.json
Iquique,01,Tarapacá,BCN,420,2008-09-02,PROHÍBE ESTACIONAMIENTO DE VEHÍCULOS QUE INDICA EN SECTOR QUE SEÑALA,Tránsito y Transporte,https://www.bcn.cl/leychile/navegar?idNorma=277356,,,https://datos.bcn.cl/recurso/cl/orz/municipalidad-de-iquique/2008-09-02/420/datos.json
Iquique,01,Tarapacá,BCN,418,2008-06-16,"FIJA TEXTO REFUNDIDO, COORDINADO Y SISTEMATIZADO DE LA ORDENANZA MUNICIPAL Nº 397, DE 2005, SOBRE DERECHOS MUNICIPALES POR CONCESIONES, PERMISOS Y SERVICIOS",Derechos Municipales y Tarifas,https://www.bcn.cl/leychile/navegar?idNorma=272493,,,https://datos.bcn.cl/recurso/cl/orz/municipalidad-de-iquique/2008-06-16/418/datos.json
Iquique,01,Tarapacá,BCN,408,2007-10-18,"MODIFICA ORDENANZA Nº 397, DE 2005",Normativa General y Otras Materias,https://www.bcn.cl/leychile/navegar?idNorma=265663,,,https://datos.bcn.cl/recurso/cl/orz/municipalidad-de-iquique/2007-10-18/408/datos.json
Iquique,01,Tarapacá,BCN,401,2006-07-21,"MODIFICA ORDENANZA MUNICIPAL Nº 395, DE 2005",Normativa General y Otras Materias,https://www.bcn.cl/leychile/navegar?idNorma=251515,,,https://datos.bcn.cl/recurso/cl/orz/municipalidad-de-iquique/2006-07-21/401/datos.json
Iquique,01,Tarapacá,BCN,399,2006-07-07,"APRUEBA ORDENANZA SOBRE DERECHOS, RELATIVA AL COBRO DE PATENTES, IMPUESTOS Y DERECHOS MUNICIPALES, CONCESIONES, PERMISOS Y SERVICIOS IMPAGOS",Derechos Municipales y Tarifas,https://www.bcn.cl/leychile/navegar?idNorma=251057,,,https://datos.bcn.cl/recurso/cl/orz/municipalidad-de-iquique/2006-07-07/399/datos.json
Iquique,01,Tarapacá,BCN,400,2006-07-07,"MODIFICA ORDENANZA Nº 125, DE 1985",Normativa General y Otras Materias,https://www.bcn.cl/leychile/navegar?idNorma=251058,,,https://datos.bcn.cl/recurso/cl/orz/municipalidad-de-iquique/2006-07-07/400/datos.json
Iquique,01,Tarapacá,BCN,396,2005-10-29,APRUEBA ORDENANZA SOBRE PROPAGANDA ELECTORAL Y SU LIMPIEZA,"Comercio, Alcoholes y Patentes",https://www.bcn.cl/leychile/navegar?idNorma=243378,,,https://datos.bcn.cl/recurso/cl/orz/municipalidad-de-iquique/2005-10-29/396/datos.json
Iquique,01,Tarapacá,BCN,392,2005-10-21,APRUEBA ORDENANZA DE ASEO,"Aseo, Ornato y Medio Ambiente",https://www.bcn.cl/leychile/navegar?idNorma=243165,,,https://datos.bcn.cl/recurso/cl/orz/municipalidad-de-iquique/2005-10-21/392/datos.json
Iquique,01,Tarapacá,BCN,395,2005-10-07,"APRUEBA TEXTO REFUNDIDO, COORDINADO Y SISTEMATIZADO DE ORDENANZA PARA EL OTORGAMIENTO, RENOVACION, CADUCIDAD Y TRASLADO DE PATENTES DE EXPENDIO DE BEBIDAS ALCOHOLICAS","Comercio, Alcoholes y Patentes",https://www.bcn.cl/leychile/navegar?idNorma=242659,,,https://datos.bcn.cl/recurso/cl/orz/municipalidad-de-iquique/2005-10-07/395/datos.json
Iquique,01,Tarapacá,BCN,383,2005-02-01,APRUEBA ORDENANZA SOBRE REGULACION DE DERECHOS MUNICIPALES POR APOYO EN POSTES,Derechos Municipales y Tarifas,https://www.bcn.cl/leychile/navegar?idNorma=235160,,,https://datos.bcn.cl/recurso/cl/orz/municipalidad-de-iquique/2005-02-01/383/datos.json
Iquique,01,Tarapacá,BCN,353,2004-12-31,MODIFICA ORDENANZA MUNICIPAL Nº 238,Normativa General y Otras Materias,https://www.bcn.cl/leychile/navegar?idNorma=234151,,,https://datos.bcn.cl/recurso/cl/orz/municipalidad-de-iquique/2004-12-31/353/datos.json
Iquique,01,Tarapacá,BCN,317,2000-10-11,"MODIFICA ORDENANZAS MUNICIPALES Nº 195, 306, 309 Y 310",Normativa General y Otras Materias,https://www.bcn.cl/leychile/navegar?idNorma=176551,,,https://datos.bcn.cl/recurso/cl/orz/municipalidad-de-iquique/2000-10-11/317/datos.json
Iquique,01,Tarapacá,BCN,310,1999-12-29,"MODIFICA ORDENANZAS NºS. 195, 306 Y 309",Normativa General y Otras Materias,https://www.bcn.cl/leychile/navegar?idNorma=150038,,,https://datos.bcn.cl/recurso/cl/orz/municipalidad-de-iquique/1999-12-29/310/datos.json
Iquique,01,Tarapacá,BCN,309,1999-10-20,MODIFICA ORDENANZAS Nº 195 Y Nº 306 SOBRE HORARIO DE FUNCIONAMIENTO DE ESTABLECIMIENTOS PARA EXPENDIO DE BEBIDAS ALCOHOLICAS QUE INDICA,"Comercio, Alcoholes y Patentes",https://www.bcn.cl/leychile/navegar?idNorma=147271,,,https://datos.bcn.cl/recurso/cl/orz/municipalidad-de-iquique/1999-10-20/309/datos.json
Iquique,01,Tarapacá,BCN,308,1999-09-22,"MODIFICA ORDENANZA Nº 195, DE 1990",Normativa General y Otras Materias,https://www.bcn.cl/leychile/navegar?idNorma=143766,,,https://datos.bcn.cl/recurso/cl/orz/municipalidad-de-iquique/1999-09-22/308/datos.json
Iquique,01,Tarapacá,BCN,306,1999-07-20,"MODIFICA ORDENANZA MUNICIPAL Nº 195, DE 1990",Normativa General y Otras Materias,https://www.bcn.cl/leychile/navegar?idNorma=139396,,,https://datos.bcn.cl/recurso/cl/orz/municipalidad-de-iquique/1999-07-20/306/datos.json
Iquique,01,Tarapacá,BCN,304,1999-05-04,"MODIFICA ORDENANZA Nº 195, DE 1990",Normativa General y Otras Materias,https://www.bcn.cl/leychile/navegar?idNorma=135783,,,https://datos.bcn.cl/recurso/cl/orz/municipalidad-de-iquique/1999-05-04/304/datos.json
Iquique,01,Tarapacá,BCN,256,1995-01-30,MODIFICA ORDENANZA SOBRE DERECHOS MUNICIPALES,Derechos Municipales y Tarifas,https://www.bcn.cl/leychile/navegar?idNorma=31135,,,https://datos.bcn.cl/recurso/cl/orz/municipalidad-de-iquique/1995-01-30/256/datos.json
Iquique,01,Tarapacá,BCN,239,1994-07-14,"REGULARIZA CIRCULACION VEHICULAR, ESTABLECIENDO SENTIDOS DE TRANSITO POR CALLES QUE INDICA",Tránsito y Transporte,https://www.bcn.cl/leychile/navegar?idNorma=31134,,,https://datos.bcn.cl/recurso/cl/orz/municipalidad-de-iquique/1994-07-14/239/datos.json
Iquique,01,Tarapacá,BCN,238,1994-01-31,"DEROGA ORDENANZAS N°S 146, DE 1986",Normativa General y Otras Materias,https://www.bcn.cl/leychile/navegar?idNorma=31133,,,https://datos.bcn.cl/recurso/cl/orz/municipalidad-de-iquique/1994-01-31/238/datos.json
Iquique,01,Tarapacá,BCN,232,1994-01-06,_____________________________________________________ | NOTA : VER DIARIO OFICIAL : 34.757 | | FECHA : 06-ENE-1994 | | PAG. : 5 Y 6 | |_____________________________________________________|,Normativa General y Otras Materias,https://www.bcn.cl/leychile/navegar?idNorma=31130,,,https://datos.bcn.cl/recurso/cl/orz/municipalidad-de-iquique/1994-01-06/232/datos.json
Iquique,01,Tarapacá,BCN,233,1994-01-06,ORDENANZA MUNICIPALIDAD DE IQUIQUE,Normativa General y Otras Materias,https://www.bcn.cl/leychile/navegar?idNorma=31132,,,https://datos.bcn.cl/recurso/cl/orz/municipalidad-de-iquique/1994-01-06/233/datos.json
Iquique,01,Tarapacá,BCN,226,1993-03-12,MODIFICA ORDENANZA MUNICIPAL QUE INDICA,Normativa General y Otras Materias,https://www.bcn.cl/leychile/navegar?idNorma=31129,,,https://datos.bcn.cl/recurso/cl/orz/municipalidad-de-iquique/1993-03-12/226/datos.json
Iquique,01,Tarapacá,BCN,217,1992-06-04,DICTA ORDENANZA SOBRE VEHICULOS ABANDONADOS EN LA VIA PUBLICA,Tránsito y Transporte,https://www.bcn.cl/leychile/navegar?idNorma=87484,,,https://datos.bcn.cl/recurso/cl/orz/municipalidad-de-iquique/1992-06-04/217/datos.json
Iquique,01,Tarapacá,BCN,212,1992-02-24,DESTINA INMUEBLE QUE INDICA PARA RECEPCION Y;DISPOSICION DE RESIDUOS SOLIDOS,"Aseo, Ornato y Medio Ambiente",https://www.bcn.cl/leychile/navegar?idNorma=2349,,,https://datos.bcn.cl/recurso/cl/orz/municipalidad-de-iquique/1992-02-24/212/datos.json
Iquique,01,Tarapacá,BCN,210,1992-01-09,"MODIFICA ORDENANZA MUNICIPAL NO. 182, DE 1989",Normativa General y Otras Materias,https://www.bcn.cl/leychile/navegar?idNorma=86168,,,https://datos.bcn.cl/recurso/cl/orz/municipalidad-de-iquique/1992-01-09/210/datos.json
Iquique,01,Tarapacá,BCN,209,1991-12-20,DICTA ORDENANZA APLICABLE A LA FERIA ITINERANTE DE IQUIQUE,"Comercio, Alcoholes y Patentes",https://www.bcn.cl/leychile/navegar?idNorma=86750,,,https://datos.bcn.cl/recurso/cl/orz/municipalidad-de-iquique/1991-12-20/209/datos.json
Iquique,01,Tarapacá,BCN,199,1991-03-16,APRUEBA ORDENANZA DEL COMERCIO AMBULANTE,"Comercio, Alcoholes y Patentes",https://www.bcn.cl/leychile/navegar?idNorma=88143,,,https://datos.bcn.cl/recurso/cl/orz/municipalidad-de-iquique/1991-03-16/199/datos.json
Iquique,01,Tarapacá,BCN,198,1990-12-29,"MODIFICA ORDENANZA MUNICIPAL NO. 182, DE 1989",Normativa General y Otras Materias,https://www.bcn.cl/leychile/navegar?idNorma=89251,,,https://datos.bcn.cl/recurso/cl/orz/municipalidad-de-iquique/1990-12-29/198/datos.json
Iquique,01,Tarapacá,BCN,195,1990-11-05,APRUEBA ORDENANZA PARA EL OTORGAMIENTO DE PATENTES DE EXPENDIO DE BEBIDAS ALCOHOLICAS,"Comercio, Alcoholes y Patentes",https://www.bcn.cl/leychile/navegar?idNorma=89541,,,https://datos.bcn.cl/recurso/cl/orz/municipalidad-de-iquique/1990-11-05/195/datos.json
Iquique,01,Tarapacá,BCN,182,1990-01-20,"MODIFICA ORDENANZA MUNICIPAL SOBRE DERECHOS MUNICIPALES POR CONCESIONES, PERMISOS Y SERVICIOS",Derechos Municipales y Tarifas,https://www.bcn.cl/leychile/navegar?idNorma=164990,,,https://datos.bcn.cl/recurso/cl/orz/municipalidad-de-iquique/1990-01-20/182/datos.json
Iquique,01,Tarapacá,BCN,170,1989-01-27,"MODIFICA ORDENANZA MUNICIPAL SOBRE DERECHOS MUNICIPALES POR CONCESIONES, PERMISOS Y SERVICIOS",Derechos Municipales y Tarifas,https://www.bcn.cl/leychile/navegar?idNorma=181557,,,https://datos.bcn.cl/recurso/cl/orz/municipalidad-de-iquique/1989-01-27/170/datos.json
Iquique,01,Tarapacá,BCN,167,1989-01-14,"MODIFICA ORDENANZA MUNICIPAL SOBRE DERECHOS MUNICIPALES POR CONCESIONES, PERMISOS Y SERVICIOS",Derechos Municipales y Tarifas,https://www.bcn.cl/leychile/navegar?idNorma=181671,,,https://datos.bcn.cl/recurso/cl/orz/municipalidad-de-iquique/1989-01-14/167/datos.json
Iquique,01,Tarapacá,BCN,158,1988-01-07,"MODIFICA ORDENANZA MUNICIPAL SOBRE DERECHOS MUNICIPALES POR CONCESIONES, PERMISOS Y SERVICIOS",Derechos Municipales y Tarifas,https://www.bcn.cl/leychile/navegar?idNorma=171548,,,https://datos.bcn.cl/recurso/cl/orz/municipalidad-de-iquique/1988-01-07/158/datos.json
Iquique,01,Tarapacá,BCN,153,1987-07-03,"MODIFICA ORDENANZA SOBRE DERECHOS MUNICIPALES POR CONCESIONES, PERMISOS Y SERVICIOS",Derechos Municipales y Tarifas,https://www.bcn.cl/leychile/navegar?idNorma=143756,,,https://datos.bcn.cl/recurso/cl/orz/municipalidad-de-iquique/1987-07-03/153/datos.json
Iquique,01,Tarapacá,BCN,146,1987-01-06,"DEROGA ORDENANZAS NO. 123, DE 1985 Y NO. 136, DE 1986",Normativa General y Otras Materias,https://www.bcn.cl/leychile/navegar?idNorma=146004,,,https://datos.bcn.cl/recurso/cl/orz/municipalidad-de-iquique/1987-01-06/146/datos.json
Iquique,01,Tarapacá,BCN,136,1986-01-14,"MODIFICA LA ORDENANZA DE DERECHOS MUNICIPALES POR CONCESIONES, PERMISOS Y SERVICIOS",Derechos Municipales y Tarifas,https://www.bcn.cl/leychile/navegar?idNorma=158779,,,https://datos.bcn.cl/recurso/cl/orz/municipalidad-de-iquique/1986-01-14/136/datos.json
Iquique,01,Tarapacá,BCN,123,1985-01-30,DEROGA ORDENANZAS MUNICIPALIDAD QUE INDICA,Normativa General y Otras Materias,https://www.bcn.cl/leychile/navegar?idNorma=161606,,,https://datos.bcn.cl/recurso/cl/orz/municipalidad-de-iquique/1985-01-30/123/datos.json
Iquique,01,Tarapacá,Municipalidad,20611,2026-01-01,Ordenanza Municipal de IQUIQUE — O.M 611 MODIFICA NUMERAL 6 DEL ARTICULO 8° DEL TITULO V DERECHOS MUNICIPALES RELACIONADOS CON PERMISOS PARA EL EJERECICIO TRANSITORIO DE ACT LUCRATIVAS,Derechos Municipales y Tarifas,https://www.municipioiquique.cl/descargas/ordenanzas/2024/10/O.M%20611%20MODIFICA%20NUMERAL%206%20DEL%20ARTICULO%208%C2%B0%20DEL%20TITULO%20V%20DERECHOS%20MUNICIPALES%20RELACIONADOS%20CON%20PERMISOS%20PARA%20EL%20EJERECICIO%20TRANSITORIO%20DE%20ACT%20LUCRATIVAS.pdf,https://www.municipioiquique.cl/descargas/ordenanzas/2024/10/O.M%20611%20MODIFICA%20NUMERAL%206%20DEL%20ARTICULO%208%C2%B0%20DEL%20TITULO%20V%20DERECHOS%20MUNICIPALES%20RELACIONADOS%20CON%20PERMISOS%20PARA%20EL%20EJERECICIO%20TRANSITORIO%20DE%20ACT%20LUCRATIVAS.pdf,a77a73e016e7233c81d6acfe7294d9c74f653d43fd7e2445c5ee32bdaed4199a,
Iquique,01,Tarapacá,Municipalidad,612,2024-01-01,Ordenanza Municipal de IQUIQUE — O.M.N°612 2024   Modifica OM 316 del año 2000 Reglamento Casino Municipal de Iquique,Normativa General y Otras Materias,https://www.municipioiquique.cl/descargas/ordenanzas/2024/11/O.M.N%C2%B0612%202024%20-%20Modifica%20OM%20316%20del%20a%C3%B1o%202000%20Reglamento%20Casino%20Municipal%20de%20Iquique.pdf,https://www.municipioiquique.cl/descargas/ordenanzas/2024/11/O.M.N%C2%B0612%202024%20-%20Modifica%20OM%20316%20del%20a%C3%B1o%202000%20Reglamento%20Casino%20Municipal%20de%20Iquique.pdf,78d21d24cd1523f4c28ba4c12b4e4c63c0daf720c4defee2e49f8b7ab6de09e8,
Iquique,01,Tarapacá,Municipalidad,612,2026-01-01,Ordenanza Municipal de IQUIQUE — OM 613 MODIFIQUESE ARTICULO180 ORDENANZA 612 FUNCIONAMIENTO CASINO DE JUEGOS,Normativa General y Otras Materias,https://www.municipioiquique.cl/descargas/ordenanzas/2024/11/OM%20613%20MODIFIQUESE%20ARTICULO180%20ORDENANZA%20612%20FUNCIONAMIENTO%20CASINO%20DE%20JUEGOS.pdf,https://www.municipioiquique.cl/descargas/ordenanzas/2024/11/OM%20613%20MODIFIQUESE%20ARTICULO180%20ORDENANZA%20612%20FUNCIONAMIENTO%20CASINO%20DE%20JUEGOS.pdf,8f014206a53acc1060c5e7a90b95f7e8895e467bf75a19942cef23692d18217b,
Iquique,01,Tarapacá,Municipalidad,614,2026-01-01,Ordenanza Municipal de IQUIQUE — Ordenanza Municipal N°614.,Normativa General y Otras Materias,https://www.municipioiquique.cl/descargas/ordenanzas/2024/12/Ordenanza%20Municipal%20N%C2%B0614..pdf,https://www.municipioiquique.cl/descargas/ordenanzas/2024/12/Ordenanza%20Municipal%20N%C2%B0614..pdf,3017d62dc54d182ec6eaa5abda20cc6cb19576fd31199fbec1e9fe4dfb9213b3,
Iquique,01,Tarapacá,Municipalidad,20617,2026-01-01,Ordenanza Municipal de IQUIQUE — OM 617 DEROGUESE ORDENANZA MUNICIPAL 427 TENECIA RESPONSABLE DE MASCOTAS Y ANIMALES DE COMPAÑIA,Tenencia Responsable de Mascotas,https://www.municipioiquique.cl/descargas/ordenanzas/2025/06/OM%20617%20DEROGUESE%20ORDENANZA%20MUNICIPAL%20427%20TENECIA%20RESPONSABLE%20DE%20MASCOTAS%20Y%20ANIMALES%20DE%20COMPAN%CC%83IA.pdf,https://www.municipioiquique.cl/descargas/ordenanzas/2025/06/OM%20617%20DEROGUESE%20ORDENANZA%20MUNICIPAL%20427%20TENECIA%20RESPONSABLE%20DE%20MASCOTAS%20Y%20ANIMALES%20DE%20COMPAN%CC%83IA.pdf,d3b034464f702f134f33fcdb547b514a0f795b93fba00163118d36e38a850026,
Iquique,01,Tarapacá,Municipalidad,20618,2026-01-01,Ordenanza Municipal de IQUIQUE — OM 618 MODIFIQUESE ORDENANZA MUNICPAL 209 1991 QUE REGULA FERIA ITINERANTE DE LA COMUNA DE IQUIQUE,"Patentes, Comercio y Alcoholes",https://www.municipioiquique.cl/descargas/ordenanzas/2025/06/OM%20618%20MODIFIQUESE%20ORDENANZA%20MUNICPAL%20209-1991%20QUE%20REGULA%20FERIA%20ITINERANTE%20DE%20LA%20COMUNA%20DE%20IQUIQUE.pdf,https://www.municipioiquique.cl/descargas/ordenanzas/2025/06/OM%20618%20MODIFIQUESE%20ORDENANZA%20MUNICPAL%20209-1991%20QUE%20REGULA%20FERIA%20ITINERANTE%20DE%20LA%20COMUNA%20DE%20IQUIQUE.pdf,18c89d0db6be6e15089d6efb5256c955e4c98a01538571f82aefd4b3d46db999,
Iquique,01,Tarapacá,Municipalidad,20621,2025-01-01,Ordenanza Municipal de IQUIQUE — ORDENANZA MUNICIPAL 621 2025 INSTALACION MANT. Y RETIRO LINEAS AREAS Y SUBTERRANEAS DE TELECOMUNICACIONES EN BIENES NACIONALES DE USO PUBLICO,Normativa General y Otras Materias,https://www.municipioiquique.cl/descargas/ordenanzas/2025/10/ORDENANZA%20MUNICIPAL%20621-2025%20INSTALACION%20MANT.%20Y%20RETIRO%20LINEAS%20AREAS%20Y%20SUBTERRANEAS%20DE%20TELECOMUNICACIONES%20EN%20BIENES%20NACIONALES%20DE%20USO%20PUBLICO.pdf,https://www.municipioiquique.cl/descargas/ordenanzas/2025/10/ORDENANZA%20MUNICIPAL%20621-2025%20INSTALACION%20MANT.%20Y%20RETIRO%20LINEAS%20AREAS%20Y%20SUBTERRANEAS%20DE%20TELECOMUNICACIONES%20EN%20BIENES%20NACIONALES%20DE%20USO%20PUBLICO.pdf,9b1df822433fba006a6f9510ce2a3304ff74be65bb88e9bc8f891abd472dec60,
Iquique,01,Tarapacá,Municipalidad,20622,2025-01-01,"Ordenanza Municipal de IQUIQUE — ORDENANZA MUNICIPAL 622 2025 MODIFICA O.M. 451 2010 SOBRE DERECHOS MUNICIPALES POR CONCESIONES, PERMISO Y SERVICIOS",Derechos Municipales y Tarifas,https://www.municipioiquique.cl/descargas/ordenanzas/2025/10/ORDENANZA%20MUNICIPAL%20622-2025%20MODIFICA%20O.M.%20451-2010%20SOBRE%20DERECHOS%20MUNICIPALES%20POR%20CONCESIONES%2C%20PERMISO%20Y%20SERVICIOS.pdf,https://www.municipioiquique.cl/descargas/ordenanzas/2025/10/ORDENANZA%20MUNICIPAL%20622-2025%20MODIFICA%20O.M.%20451-2010%20SOBRE%20DERECHOS%20MUNICIPALES%20POR%20CONCESIONES%2C%20PERMISO%20Y%20SERVICIOS.pdf,f9853f46dc4c19b5fa624b31f363493e53b55c39096af1db5a6b0aec2332c1e7,
Iquique,01,Tarapacá,Municipalidad,598,2024-01-01,Ordenanza Municipal de IQUIQUE — O.M. 599 MODIFICA ORDENANZA MUNICIPAL N°598 2024 QUE REGULA HORARIO DE VENTA DE BEBIDAS ALCOHÓLICAS EN LA FORMA QUE INDICA 1,Normativa General y Otras Materias,https://www.municipioiquique.cl/descargas/ordenanzas/O.M.%20599%20MODIFICA%20ORDENANZA%20MUNICIPAL%20N%C2%B0598-2024%20QUE%20REGULA%20HORARIO%20DE%20VENTA%20DE%20BEBIDAS%20ALCOH%C3%93LICAS%20EN%20LA%20FORMA%20QUE%20INDICA%201.pdf,https://www.municipioiquique.cl/descargas/ordenanzas/O.M.%20599%20MODIFICA%20ORDENANZA%20MUNICIPAL%20N°598-2024%20QUE%20REGULA%20HORARIO%20DE%20VENTA%20DE%20BEBIDAS%20ALCOHÓLICAS%20EN%20LA%20FORMA%20QUE%20INDICA%201.pdf,e99881433044523e09f6d4ef2780c51f7b5a207fd73b8ce5b09e9c8e2744a403,
Iquique,01,Tarapacá,Municipalidad,20610,2023-01-01,Ordenanza Municipal de IQUIQUE — O.M. 610 MODIFICA ORDENANZA MUNICIPAL 586 2023 RELATIVO AL FUNCIONAMIENTO DEL CASINO DE JUEGOS DE IQUIQUE,Normativa General y Otras Materias,https://www.municipioiquique.cl/descargas/ordenanzas/O.M.%20610%20MODIFICA%20ORDENANZA%20MUNICIPAL%20586-2023%20RELATIVO%20AL%20FUNCIONAMIENTO%20DEL%20CASINO%20DE%20JUEGOS%20DE%20IQUIQUE.pdf,https://www.municipioiquique.cl/descargas/ordenanzas/O.M.%20610%20MODIFICA%20ORDENANZA%20MUNICIPAL%20586-2023%20RELATIVO%20AL%20FUNCIONAMIENTO%20DEL%20CASINO%20DE%20JUEGOS%20DE%20IQUIQUE.pdf,b1541dee1e1c9e9ff347ad84216b53ff2d6a68ec97232f99185b6f5008ba3e2e,
Iquique,01,Tarapacá,Municipalidad,602,2010-01-01,Ordenanza Municipal de IQUIQUE — O.M. N°602 MODIFIQUESE ARTICULO 167 BIS ESTABLECIDO EN LA ORDENANZA MUNICIPAL N°452 2010,Normativa General y Otras Materias,https://www.municipioiquique.cl/descargas/ordenanzas/O.M.%20N%C2%B0602%20MODIFIQUESE%20ARTICULO%20167%20BIS%20ESTABLECIDO%20EN%20LA%20ORDENANZA%20MUNICIPAL%20N%C2%B0452-2010.pdf,https://www.municipioiquique.cl/descargas/ordenanzas/O.M.%20N°602%20MODIFIQUESE%20ARTICULO%20167%20BIS%20ESTABLECIDO%20EN%20LA%20ORDENANZA%20MUNICIPAL%20N°452-2010.pdf,f677c925ebba5971b4ee3dcb376d219dddca55c5f5ce4a497a219d98403de451,
Iquique,01,Tarapacá,Municipalidad,603,2010-01-01,"Ordenanza Municipal de IQUIQUE — O.M. N°603 MODIFICA OM 451 2010 SOBRE DERECHOS MUNICIPALES POR CONCESIONES, PERMISOS Y SERVICIOS",Derechos Municipales y Tarifas,"https://www.municipioiquique.cl/descargas/ordenanzas/O.M.%20N%C2%B0603%20MODIFICA%20OM%20451-2010%20SOBRE%20DERECHOS%20MUNICIPALES%20POR%20CONCESIONES,%20PERMISOS%20Y%20SERVICIOS.pdf","https://www.municipioiquique.cl/descargas/ordenanzas/O.M.%20N°603%20MODIFICA%20OM%20451-2010%20SOBRE%20DERECHOS%20MUNICIPALES%20POR%20CONCESIONES,%20PERMISOS%20Y%20SERVICIOS.pdf",9d98f8e005df62114c6d204f268dad69d2c9f65de7a24d4861ff22d36c01b277,
Iquique,01,Tarapacá,Municipalidad,20604,2024-01-01,"Ordenanza Municipal de IQUIQUE — OM 604 MODIFICA OM 603 2024 QUE INCORPORA ARTICULO SEPTIES A LA OM 451 2010 SOBRE DERECHOS MUNICIPALES POR CONCESIONES, PERMISOS Y SERVICIOS (1)",Derechos Municipales y Tarifas,"https://www.municipioiquique.cl/descargas/ordenanzas/OM%20604%20MODIFICA%20OM%20603-2024%20QUE%20INCORPORA%20ARTICULO%20SEPTIES%20A%20LA%20OM%20451-2010%20SOBRE%20DERECHOS%20MUNICIPALES%20POR%20CONCESIONES,%20PERMISOS%20Y%20SERVICIOS%20(1).pdf","https://www.municipioiquique.cl/descargas/ordenanzas/OM%20604%20MODIFICA%20OM%20603-2024%20QUE%20INCORPORA%20ARTICULO%20SEPTIES%20A%20LA%20OM%20451-2010%20SOBRE%20DERECHOS%20MUNICIPALES%20POR%20CONCESIONES,%20PERMISOS%20Y%20SERVICIOS%20(1).pdf",a8ee3f54054494261bce6fab30d35ab0deeb64e651bfa9ab24801ca21fbcf387,
Alto Hospicio,01,Tarapacá,BCN,26,2013-07-05,MODIFICA ORDENANZA N° 5 DE ALCOHOLES,"Comercio, Alcoholes y Patentes",https://www.bcn.cl/leychile/navegar?idNorma=1052684,,,https://datos.bcn.cl/recurso/cl/orz/municipalidad-de-alto-hospicio/2013-07-05/26/datos.json
Alto Hospicio,01,Tarapacá,BCN,15,2011-01-03,MODIFICA ORDENANZA Nº 3 DE COMERCIO AMBULANTE,"Comercio, Alcoholes y Patentes",https://www.bcn.cl/leychile/navegar?idNorma=1021700,,,https://datos.bcn.cl/recurso/cl/orz/municipalidad-de-alto-hospicio/2011-01-03/15/datos.json
Alto Hospicio,01,Tarapacá,BCN,17,2011-01-03,"MODIFICA ORDENANZA Nº 5 DE ALCOHOLES, ESTABLECIENDO EL PROCEDIMIENTO PARA LAS MODIFICACIONES EN LA TITULARIDAD, EXPLOTACIÓN (ARRENDAMIENTO) Y LUGAR DE ASENTAMIENTO DE LAS PATENTES DE ALCOHOLES","Comercio, Alcoholes y Patentes",https://www.bcn.cl/leychile/navegar?idNorma=1021701,,,https://datos.bcn.cl/recurso/cl/orz/municipalidad-de-alto-hospicio/2011-01-03/17/datos.json
Alto Hospicio,01,Tarapacá,BCN,13,2010-04-30,APRUEBA ORDENANZA DE REGULACIÓN SOBRE RUIDOS Y SONIDOS MOLESTOS,"Aseo, Ornato y Medio Ambiente",https://www.bcn.cl/leychile/navegar?idNorma=1012846,,,https://datos.bcn.cl/recurso/cl/orz/municipalidad-de-alto-hospicio/2010-04-30/13/datos.json
Alto Hospicio,01,Tarapacá,BCN,9,2009-10-19,"MODIFICA ORDENANZA Nº 7 SOBRE ENTRETENIMIENTOS ELECTRÓNICOS FLIPPERS, BILLARES Y POOL EN LA COMUNA DE ALTO HOSPICIO","Comercio, Alcoholes y Patentes",https://www.bcn.cl/leychile/navegar?idNorma=1007281,,,https://datos.bcn.cl/recurso/cl/orz/municipalidad-de-alto-hospicio/2009-10-19/9/datos.json
Alto Hospicio,01,Tarapacá,Municipalidad,1,2025-01-01,Ordenanza Municipal de ALTO HOSPICIO — DA 3.066 2025  Modifica Ordenanza Municipal N1 de Derechos Cementerio Municipal,Derechos Municipales y Tarifas,https://maho.cl/pdfmaho/DA%203.066-2025-%20Modifica%20Ordenanza%20Municipal%20N1%20de%20Derechos%20Cementerio%20Municipal.pdf,https://maho.cl/pdfmaho/DA%203.066-2025-%20Modifica%20Ordenanza%20Municipal%20N1%20de%20Derechos%20Cementerio%20Municipal.pdf,cd3cd2d0fe94aa7c05dc672480a8f1ac336ad7e2fadf1983661adccdfa68c1a4,
Alto Hospicio,01,Tarapacá,Municipalidad,4534,2026-01-01,Ordenanza Municipal de ALTO HOSPICIO — DECRETO 4534 2026 MODIFICACIO N ORDENANZA N°O1 MUNICIPAL,Normativa General y Otras Materias,https://maho.cl/pdfmaho/DECRETO%204534-2026%20MODIFICACIO%20N%20ORDENANZA%20N%C2%B0O1%20MUNICIPAL.pdf,https://maho.cl/pdfmaho/DECRETO%204534-2026%20MODIFICACIO%20N%20ORDENANZA%20N%C2%B0O1%20MUNICIPAL.pdf,68a1326418feee414e3e0c6c32ce1fc3f5140200373bf78696d8e2c9dde90a5b,
Alto Hospicio,01,Tarapacá,Municipalidad,16,2016-01-01,Ordenanza Municipal de ALTO HOSPICIO — Ordenanza 16 Modifica Derechos Aseo domiciliario,Derechos Municipales y Tarifas,https://maho.cl/ordenanzas/Ordenanza%2016%20Modifica%20Derechos%20Aseo%20domiciliario.pdf,https://maho.cl/web/download/36/ordenanzas/15712/ordenanza-16-modifica-derechos-aseo-domiciliario.pdf,8dcbd24201b796d41b1c382d165f886bd402afd407ff0b8315d6931c470bb96e,
Alto Hospicio,01,Tarapacá,Municipalidad,19,2011-01-01,Ordenanza Municipal de ALTO HOSPICIO — ORDENANZA N19   2011   2,Normativa General y Otras Materias,https://maho.cl/ordenanzas/ORDENANZA%20N19%20-%202011%20-%202.pdf,https://maho.cl/web/download/36/ordenanzas/15713/ordenanza-de-participacion-ciudadana.pdf,4f97db72adebe6b4ca264f80507a9ed18365d66c026d22111b7711839d58b2b2,
Alto Hospicio,01,Tarapacá,Municipalidad,2115,2015-01-01,Ordenanza Municipal de ALTO HOSPICIO — DECRETO ALC N2115   2015,Normativa General y Otras Materias,https://maho.cl/ordenanzas/DECRETO%20ALC%20N2115%20-%202015.pdf,https://maho.cl/web/download/36/ordenanzas/15714/ordenanza-modificacion-a-la-ley-de-alcoholes.pdf,5df2004809428bb28106a2e9c52a6a4c7ae993f91bcb478867a5d47ca332c030,
Alto Hospicio,01,Tarapacá,Municipalidad,2812,2015-01-01,Ordenanza Municipal de ALTO HOSPICIO — DECRETO ALC N2812   2015,Normativa General y Otras Materias,https://maho.cl/ordenanzas/DECRETO%20ALC%20N2812%20-%202015.pdf,https://maho.cl/web/download/36/ordenanzas/15715/ordenanza-de-medio-ambiente-decreto-alc-no-2812-2015.pdf,d66682e73c4034ca481cc94b343abaa0f5a3679d4486afadfa9ae16f5eac82d8,
Alto Hospicio,01,Tarapacá,Municipalidad,2994,2015-01-01,Ordenanza Municipal de ALTO HOSPICIO — DECRETO ALC N2994   2015,Normativa General y Otras Materias,https://maho.cl/ordenanzas/DECRETO%20ALC%20N2994%20-%202015.pdf,https://maho.cl/web/download/36/ordenanzas/15716/ordenanza-de-medio-ambiente-decreto-alc-no-2994-2015.pdf,48be2238794b895d9335121fc2423e9ac424113a7f6b89ea6f52699b4b637d49,
Alto Hospicio,01,Tarapacá,Municipalidad,3101,2015-01-01,Ordenanza Municipal de ALTO HOSPICIO — DECRETO ALC N3101   2015,Normativa General y Otras Materias,https://maho.cl/ordenanzas/DECRETO%20ALC%20N3101%20-%202015.pdf,https://maho.cl/web/download/36/ordenanzas/15717/modificacion-ordenanza-sobre-derechos-municipales.pdf,76635bc5308a86ce77bfdfa7629d18938a4a70eeff56b8dab9d0989bda69b02d,
Alto Hospicio,01,Tarapacá,Municipalidad,754,2014-01-01,Ordenanza Municipal de ALTO HOSPICIO — DECRETO ALC N754   2014,Normativa General y Otras Materias,https://maho.cl/ordenanzas/DECRETO%20ALC%20N754%20-%202014.pdf,https://maho.cl/web/download/36/ordenanzas/15718/caducidad-y-suspension-patentes-limitadas-de-alcoholes.pdf,e4febe49d545d10114520acbb4f8e475eb8851c2ed4e75abb4b331328c51219c,
Alto Hospicio,01,Tarapacá,Municipalidad,S/N,2026-01-01,Ordenanza Municipal de ALTO HOSPICIO — ORDENANZA ESCOMBROS VERSION OFICIAL PDF,"Aseo, Ornato y Medio Ambiente",https://maho.cl/pdfmaho/ORDENANZA%20ESCOMBROS%20VERSION%20OFICIAL%20PDF.pdf,https://maho.cl/web/download/36/ordenanzas/15720/ordenanza-escombros-version-oficial.pdf,fc0c292a438a4adc38fc62947eb58f01bb848f19689420e7f0e4f6af19645910,
Alto Hospicio,01,Tarapacá,Municipalidad,20,2026-01-01,Ordenanza Municipal de ALTO HOSPICIO — PROYECTO DE ORDENANZA ULTIMA REVISION (definitivo),Normativa General y Otras Materias,https://maho.cl/ordenanzas/PROYECTO%20DE%20ORDENANZA%20ULTIMA%20REVISION%20(definitivo).pdf,https://maho.cl/web/download/36/ordenanzas/15721/proyecto-de-ordenanza-ultima-revision.pdf,97aebdb7b8f8d1ac9774787553eb9e0a77b4554adef37dee96e36548095937ba,
Alto Hospicio,01,Tarapacá,Municipalidad,2024,2024-01-01,Ordenanza Municipal de ALTO HOSPICIO — DA 1769 2024,Normativa General y Otras Materias,https://maho.cl/ordenanzas/DA%201769-2024.pdf,https://maho.cl/web/download/36/ordenanzas/17262/ordenanza-ed-tenencia-responsable-de-mascotas.pdf,934e4f0057baa20cc050011c2aa90f34ddb1af6aa234732955b3c2344df161be,
Alto Hospicio,01,Tarapacá,Municipalidad,179,2024-01-01,Ordenanza Municipal de ALTO HOSPICIO — MEMORANDUM N 179.2024,Normativa General y Otras Materias,https://maho.cl/ordenanzas/MEMORANDUM%20N%20179.2024.pdf,https://maho.cl/web/download/36/ordenanzas/17263/memorandum-n179-2024.pdf,5be2f7446ebf6e19b00057e3cea45b705d673071c3c9d8b859841e426ef46462,
Alto Hospicio,01,Tarapacá,Municipalidad,S/N-c9f5,2026-01-01,Ordenanza Municipal de ALTO HOSPICIO — DECRETO ALC N derechos cementeriomunio,Derechos Municipales y Tarifas,https://maho.cl/pdf/DECRETO%20ALC%20N%20derechos_cementeriomunio.pdf,https://maho.cl/web/municipalidad/ordenanzas-municipales/,c9f532ba5aab15e027893b02cb0d35715bd5dcd86df377237e1952aeccfb65f3,
Pozo Almonte,01,Tarapacá,BCN,5,1994-06-09,"MODIFICA DERECHOS POR CONCESIONES, PERMISOS Y SERVICIOS",Derechos Municipales y Tarifas,https://www.bcn.cl/leychile/navegar?idNorma=30992,,,https://datos.bcn.cl/recurso/cl/orz/municipalidad-de-pozo-almonte/1994-06-09/5/datos.json
Pozo Almonte,01,Tarapacá,BCN,1,1993-03-20,DICTA ORDENANZA SOBRE VEHICULOS ABANDONADOS EN LA VIA PUBLICA,Tránsito y Transporte,https://www.bcn.cl/leychile/navegar?idNorma=30875,,,https://datos.bcn.cl/recurso/cl/orz/municipalidad-de-pozo-almonte/1993-03-20/1/datos.json
Pozo Almonte,01,Tarapacá,BCN,1,1992-07-11,MODIFICA ORDENANZA LOCAL,Normativa General y Otras Materias,https://www.bcn.cl/leychile/navegar?idNorma=85903,,,https://datos.bcn.cl/recurso/cl/orz/municipalidad-de-pozo-almonte/1992-07-11/1/datos.json
Pozo Almonte,01,Tarapacá,BCN,2,1991-11-19,MODIFICA ORDENANZA NO. 01 DE 1987,Normativa General y Otras Materias,https://www.bcn.cl/leychile/navegar?idNorma=86933,,,https://datos.bcn.cl/recurso/cl/orz/municipalidad-de-pozo-almonte/1991-11-19/2/datos.json
Pozo Almonte,01,Tarapacá,BCN,1,1987-01-28,"DEROGA ORDENANZAS NO. 1, DE 1985 Y NO. 1, DE 1986",Normativa General y Otras Materias,https://www.bcn.cl/leychile/navegar?idNorma=147994,,,https://datos.bcn.cl/recurso/cl/orz/municipalidad-de-pozo-almonte/1987-01-28/1/datos.json
Pozo Almonte,01,Tarapacá,BCN,1,1986-02-20,"MODIFICA ORDENANZA DE DERECHOS MUNICIPALES POR CONCESIONES, PERMISOS Y SERVICIOS",Derechos Municipales y Tarifas,https://www.bcn.cl/leychile/navegar?idNorma=156405,,,https://datos.bcn.cl/recurso/cl/orz/municipalidad-de-pozo-almonte/1986-02-20/1/datos.json
Pozo Almonte,01,Tarapacá,BCN,1,1985-05-04,DICTA ORDENANZA SOBRE DERECHOS MUNICIPALES POR CONCESIONES PERMISOS Y SERVICIOS,Derechos Municipales y Tarifas,https://www.bcn.cl/leychile/navegar?idNorma=157946,,,https://datos.bcn.cl/recurso/cl/orz/municipalidad-de-pozo-almonte/1985-05-04/1/datos.json
Colchane,01,Tarapacá,BCN,2,2011-03-01,REGLAMENTA CONSTRUCIÓN Y REPARACIÓN DE VIVIENDAS EN EL PUEBLO DE ISLUGA,"Aseo, Ornato y Medio Ambiente",https://www.bcn.cl/leychile/navegar?idNorma=1023376,,,https://datos.bcn.cl/recurso/cl/orz/municipalidad-de-colchane/2011-03-01/2/datos.json
Colchane,01,Tarapacá,BCN,1,2010-09-03,DICTA ORDENANZA DE CONSERVACIÓN DE ESPECIES VEGETALES ÁREAS VERDES DEL PUEBLO DE ISLUGA,"Aseo, Ornato y Medio Ambiente",https://www.bcn.cl/leychile/navegar?idNorma=1016824,,,https://datos.bcn.cl/recurso/cl/orz/municipalidad-de-colchane/2010-09-03/1/datos.json
Huara,01,Tarapacá,Municipalidad,594,2025-01-01,Ordenanza Municipal de HUARA — DECRETO EXENTO 594 2025 APRUEBA ORDENANZA TRANSITO RELIQUIA SAN LORENZO TARAPACA,Tránsito y Transporte,https://imhuara.cl/wp-content/uploads/2025/04/DECRETO-EXENTO-594-2025-APRUEBA-ORDENANZA-TRANSITO-RELIQUIA-SAN-LORENZO-TARAPACA.pdf,https://imhuara.cl/ordenanzas/,27671a6b096d114e25eeb6cf62ed673cd9334cf27b7973e5460235d3284287a2,
Huara,01,Tarapacá,Municipalidad,595,2025-01-01,Ordenanza Municipal de HUARA — DECRETO EXENTO 595 2025 APRUEBA ORDENANZA SEGURIDAD Y EMERGENCIAS RELIQUIA SAN LORENZO TARAPACA,Seguridad Ciudadana y Convivencia,https://imhuara.cl/wp-content/uploads/2025/04/DECRETO-EXENTO-595-2025-APRUEBA-ORDENANZA-SEGURIDAD-Y-EMERGENCIAS-RELIQUIA-SAN-LORENZO-TARAPACA.pdf,https://imhuara.cl/ordenanzas/,db6f812261ef03b8b26357195bfa46c2b9eb2f4dbc4a34514bb1fd1f1c1be93d,
Huara,01,Tarapacá,Municipalidad,1558,2025-01-01,Ordenanza Municipal de HUARA — DECRETO 1558 DE 2025 ORDENANZA 7 DE 2025,Normativa General y Otras Materias,https://imhuara.cl/wp-content/uploads/2025/09/DECRETO-1558-DE-2025-ORDENANZA-7-DE-2025.pdf,https://imhuara.cl/ordenanzas/,31c98460b241acd2d4cea6431e958e316baba97ab05164c577032d0f8d23bd3d,
Huara,01,Tarapacá,Municipalidad,2089,2089-01-01,Ordenanza Municipal de HUARA — D. EXENTO N° 2089 APROBACION ORDENANZA N°9 PERMISOS TEMPORALES AFECTOS DE PAGO FERIA AGROPRODUCTIVA TURISTICA Y CULTURAL EXPO HUARA 2026 1,Derechos Municipales y Tarifas,https://imhuara.cl/wp-content/uploads/2025/12/D.-EXENTO-N%C2%B0-2089-APROBACION-ORDENANZA-N%C2%B09-PERMISOS-TEMPORALES-AFECTOS-DE-PAGO-FERIA-AGROPRODUCTIVA-TURISTICA-Y-CULTURAL-EXPO-HUARA-2026-1.pdf,https://imhuara.cl/ordenanzas/,93b1ae9269a908df189045ca67ee209fb0bff559777320d1e73f8d83f7990760,
Huara,01,Tarapacá,Municipalidad,2026,2025-01-01,ORDENANZAS 2025 – 2026 - ILUSTRE MUNICIPALIDAD DE HUARA,Normativa General y Otras Materias,https://imhuara.cl/wp-content/uploads/2026/04/DECRETO-EXENTO-N%C2%B0140-2026-APRUEBASE-LA-ODENANZA-MUNICIPAL-N%C2%B001-2026-PRESENTADA-POR-DIDECO-EN-EL-MARCO-DE-LA-REALIZACION-DE-LA-FISTA-DEL-MELON-EN-LA-LOCALIDAD-DE-BAJO-SOGA.pdf,https://imhuara.cl/ordenanzas/,41f78dc939e941274680492f3e6514b753d427d7c5e7a7c0197803d0ffb1d4b8,
Huara,01,Tarapacá,Municipalidad,723,2026-01-01,Ordenanza Municipal de HUARA — DECRETO EXENTO N°723 2026 APRUEBASE LA ORDENANZA MUNICIPAL N°02 FUNCIONAMIENTO DE COMEDOR COMUNITARIO MUNICIPALIDAD DE HUARA,Normativa General y Otras Materias,https://imhuara.cl/wp-content/uploads/2026/04/DECRETO-EXENTO-N%C2%B0723-2026-APRUEBASE-LA-ORDENANZA-MUNICIPAL-N%C2%B002-FUNCIONAMIENTO-DE-COMEDOR-COMUNITARIO-MUNICIPALIDAD-DE-HUARA.pdf,https://imhuara.cl/ordenanzas/,50c818c2c41fb873fa29d4418537880bb141f6cb7d8b00830bc0ab953a7a2c12,
Huara,01,Tarapacá,Municipalidad,737,2026-01-01,Ordenanza Municipal de HUARA — DECRETO EXENTO N°737 2026 APRUEBASE LA ORDENANZA PARA OTORGAMIENTO DE SUBVENCIONES MUNICIPALES PARA ORGANIZACIONES COMUNITARIAS,Normativa General y Otras Materias,https://imhuara.cl/wp-content/uploads/2026/04/DECRETO-EXENTO-N%C2%B0737-2026-APRUEBASE-LA-ORDENANZA-PARA-OTORGAMIENTO-DE-SUBVENCIONES-MUNICIPALES-PARA-ORGANIZACIONES-COMUNITARIAS.pdf,https://imhuara.cl/ordenanzas/,6dd894fd1d121bfc66d73bc5c92939d74c854dd04398016fcee3282746bdb673,
Huara,01,Tarapacá,Municipalidad,04,2026-01-01,Ordenanza Municipal de HUARA — ORDENANZA N° 04 DERECHOS MUICIPALES EN EL PUEBLO TARAPACA,Derechos Municipales y Tarifas,https://imhuara.cl/wp-content/uploads/2026/07/ORDENANZA-N%C2%B0-04-DERECHOS-MUICIPALES-EN-EL-PUEBLO-TARAPACA.pdf,https://imhuara.cl/ordenanzas/,fa1e9000f006436a3a05bcf42afbba5a74f436df2f44a63e0b6fe1eb38d047a0,
Huara,01,Tarapacá,Municipalidad,1366,2026-01-01,Ordenanza Municipal de HUARA — D EXENTO N°1366 Y ORDENANZA N °05 PRACTICA DEPORTIVA276,Normativa General y Otras Materias,https://imhuara.cl/wp-content/uploads/2026/08/D-EXENTO-N%C2%B01366-Y-ORDENANZA-N-%C2%B005-PRACTICA-DEPORTIVA276.pdf,https://imhuara.cl/ordenanzas/,fe4f5831e8ab44ee080880b613b22ace7450ee1c162fab0240d06cd722101327,
Huara,01,Tarapacá,Municipalidad,S/N,2026-01-01,Ordenanza Municipal de HUARA — ORDENANZA TENENCIA RESPONSABLE DE ANIMALES,Tenencia Responsable de Mascotas,https://imhuara.cl/wp-content/uploads/2026/08/ORDENANZA-TENENCIA-RESPONSABLE-DE-ANIMALES.pdf,https://imhuara.cl/ordenanzas/,87efc5fff064311425a073f24e5b6d4157060d546de48d3dbbd1e964e4634ba4,
Pica,01,Tarapacá,BCN,s-n,2004-07-15,APRUEBA ORDENANZA DE REGISTRO DE PERSONAS JURIDICAS RECEPTORAS DE FONDOS PUBLICOS,Normativa General y Otras Materias,https://www.bcn.cl/leychile/navegar?idNorma=227667,,,https://datos.bcn.cl/recurso/cl/orz/municipalidad-de-pica/2004-07-15/s-n/datos.json
Pica,01,Tarapacá,BCN,1,1988-10-17,FIJA COEFICIENTES PARA PROYECCION DE REAJUSTE Y DE INTERES DE BOLETAS BANCARIAS DE GARANTIA QUE INDICA,Normativa General y Otras Materias,https://www.bcn.cl/leychile/navegar?idNorma=131526,,,https://datos.bcn.cl/recurso/cl/orz/municipalidad-de-chepica/1988-10-17/1/datos.json
Pica,01,Tarapacá,BCN,1,1987-01-27,PRORROGA Y MODIFICA ORDENANZA LOCAL SOBRE DERECHOS MUNICIPALES,Derechos Municipales y Tarifas,https://www.bcn.cl/leychile/navegar?idNorma=147767,,,https://datos.bcn.cl/recurso/cl/orz/municipalidad-de-chepica/1987-01-27/1/datos.json
Pica,01,Tarapacá,BCN,1,1986-01-27,"DICTA ORDENANZA SOBRE DERECHOS MUNICIPALES POR CONCESIONES, PERMISOS Y SERVICIOS",Derechos Municipales y Tarifas,https://www.bcn.cl/leychile/navegar?idNorma=159743,,,https://datos.bcn.cl/recurso/cl/orz/municipalidad-de-chepica/1986-01-27/1/datos.json
Antofagasta,02,Antofagasta,BCN,3,2012-11-13,"REGLAMENTA LOS PERMISOS OTORGADOS A LOS INMUEBLES UBICADOS EN EL PASEO PEATONAL MAIPÚ, ENTRE MATTA Y BALMACEDA","Aseo, Ornato y Medio Ambiente",https://www.bcn.cl/leychile/navegar?idNorma=1045586,,,https://datos.bcn.cl/recurso/cl/orz/municipalidad-de-antofagasta/2012-11-13/3/datos.json
Antofagasta,02,Antofagasta,BCN,1,2012-06-06,"MODIFICA ORDENANZA MUNICIPAL Nº 3, DE 2012, SOBRE BECAS MUNICIPALES PARA ESTUDIANTES DESTACADOS ILUSTRE MUNICIPALIDAD DE ANTOFAGASTA 2011","Salud, Deporte y Desarrollo Social",https://www.bcn.cl/leychile/navegar?idNorma=1040761,,,https://datos.bcn.cl/recurso/cl/orz/municipalidad-de-antofagasta/2012-06-06/1/datos.json
Antofagasta,02,Antofagasta,BCN,2,2012-06-06,"ORDENANZA MUNICIPAL SOBRE ""CIERRE DE CALLES O PASAJES PÚBLICOS CIEGOS DE LA COMUNA DE ANTOFAGASTA""",Seguridad y Convivencia,https://www.bcn.cl/leychile/navegar?idNorma=1040762,,,https://datos.bcn.cl/recurso/cl/orz/municipalidad-de-antofagasta/2012-06-06/2/datos.json
Antofagasta,02,Antofagasta,BCN,4,2012-01-09,"ORDENANZA SOBRE PROTECCIÓN, TENENCIA RESPONSABLE Y CONTROL DE LA POBLACIÓN CANINA Y ANIMALES DOMÉSTICOS EN GENERAL DE LA CIUDAD DE ANTOFAGASTA",Tenencia Responsable y Mascotas,https://www.bcn.cl/leychile/navegar?idNorma=1035974,,,https://datos.bcn.cl/recurso/cl/orz/municipalidad-de-antofagasta/2012-01-09/4/datos.json
Antofagasta,02,Antofagasta,BCN,6,2012-01-09,REGLAMENTA LOS PERMISOS OTORGADOS RESPECTO A LOS INMUEBLES UBICADOS EN EL PARQUE NICOLÁS TIRADO DE LA CIUDAD DE ANTOFAGASTA,"Urbanismo, Obras y Edificación",https://www.bcn.cl/leychile/navegar?idNorma=1035975,,,https://datos.bcn.cl/recurso/cl/orz/municipalidad-de-antofagasta/2012-01-09/6/datos.json
Antofagasta,02,Antofagasta,BCN,7,2012-01-07,ORDENANZA QUE ESTABLECE MODIFICACIONES A LA ORDENANZA Nº 1/2011 QUE REGULA EL FUNCIONAMIENTO Y EXPLOTACIÓN COMERCIAL DE MÁQUINAS O JUEGOS ELECTRÓNICOS DE DESTREZA EN LA COMUNA DE ANTOFAGASTA,"Comercio, Alcoholes y Patentes",https://www.bcn.cl/leychile/navegar?idNorma=1035938,,,https://datos.bcn.cl/recurso/cl/orz/municipalidad-de-antofagasta/2012-01-07/7/datos.json
Antofagasta,02,Antofagasta,BCN,2,2011-09-10,MODIFICA ORDENANZA Nº 1/2004 SOBRE REGISTRO PÚBLICO DE PERSONAS JURÍDICAS RECEPTORAS DE FONDOS PÚBLICOS Y DE DONACIONES CON FRANQUICIAS TRIBUTARIAS,Normativa General y Otras Materias,https://www.bcn.cl/leychile/navegar?idNorma=1029532,,,https://datos.bcn.cl/recurso/cl/orz/municipalidad-de-antofagasta/2011-09-10/2/datos.json
Antofagasta,02,Antofagasta,BCN,3,2011-09-10,BECAS MUNICIPALES PARA ESTUDIANTES DESTACADOS ILUSTRE MUNICIPALIDAD DE ANTOFAGASTA 2011,"Salud, Deporte y Desarrollo Social",https://www.bcn.cl/leychile/navegar?idNorma=1029533,,,https://datos.bcn.cl/recurso/cl/orz/municipalidad-de-antofagasta/2011-09-10/3/datos.json
Antofagasta,02,Antofagasta,BCN,1,2011-04-15,ORDENANZA GENERAL QUE REGULA LA EXPLOTACIÓN COMERCIAL DE 'MÁQUINAS O JUEGOS ELECTRÓNICOS DE DESTREZA O HABILIDAD EN LA COMUNA DE ANTOFAGASTA',"Comercio, Alcoholes y Patentes",https://www.bcn.cl/leychile/navegar?idNorma=1024546,,,https://datos.bcn.cl/recurso/cl/orz/municipalidad-de-antofagasta/2011-04-15/1/datos.json
Antofagasta,02,Antofagasta,BCN,4,2009-12-30,"ORDENANZA Nº 4, DE 2009, SOBRE PREVENCIÓN Y CONTROL DE RUIDOS MOLESTOS TÍTULO PRELIMINAR","Aseo, Ornato y Medio Ambiente",https://www.bcn.cl/leychile/navegar?idNorma=1009752,,,https://datos.bcn.cl/recurso/cl/orz/municipalidad-de-antofagasta/2009-12-30/4/datos.json
Antofagasta,02,Antofagasta,BCN,2,2009-07-14,COMPLEMENTA ORDENANZA QUE REGLAMENTA LA OCUPACIÓN DE INMUEBLES EMPLAZADOS EN EL PARQUE NICOLÁS TIRADO Nº001/2007,"Urbanismo, Obras y Edificación",https://www.bcn.cl/leychile/navegar?idNorma=1004183,,,https://datos.bcn.cl/recurso/cl/orz/municipalidad-de-antofagasta/2009-07-14/2/datos.json
Antofagasta,02,Antofagasta,BCN,1,2009-06-18,COMPLEMENTA ORDENANZA Nº001/2007 QUE REGLAMENTA LA OCUPACIÓN DE INMUEBLES EMPLAZADOS EN PARQUE NICOLÁS TIRADO,"Urbanismo, Obras y Edificación",https://www.bcn.cl/leychile/navegar?idNorma=1003582,,,https://datos.bcn.cl/recurso/cl/orz/municipalidad-de-antofagasta/2009-06-18/1/datos.json
Antofagasta,02,Antofagasta,BCN,3,2007-07-10,DICTA ORDENANZA QUE REGULA EL INGRESO DE ESTACIONAMIENTO Y LAS LABORES DE CARGA Y DESCARGA DE CAMIONES EN EL SECTOR CENTRAL Y/O COMERCIAL,"Comercio, Alcoholes y Patentes",https://www.bcn.cl/leychile/navegar?idNorma=262533,,,https://datos.bcn.cl/recurso/cl/orz/municipalidad-de-antofagasta/2007-07-10/3/datos.json
Antofagasta,02,Antofagasta,BCN,2,2007-07-05,MUNICIPALIDAD DE SAN JOAQUIN,Normativa General y Otras Materias,https://www.bcn.cl/leychile/navegar?idNorma=262400,,,https://datos.bcn.cl/recurso/cl/orz/municipalidad-de-antofagasta/2007-07-05/2/datos.json
Antofagasta,02,Antofagasta,BCN,1,2007-02-06,"DICTA ORDENANZA QUE REGLAMENTA LA OCUPACION DE INMUEBLES (LOCALES COMERCIALES, CAFETERIA Y SERVICIOS HIGIENICOS) EMPLAZADOS EN EL PARQUE NICOLAS TIRADO","Comercio, Alcoholes y Patentes",https://www.bcn.cl/leychile/navegar?idNorma=258161,,,https://datos.bcn.cl/recurso/cl/orz/municipalidad-de-antofagasta/2007-02-06/1/datos.json
Antofagasta,02,Antofagasta,BCN,1,2006-07-07,MODIFICA ORDENANZA MUNICIPAL SOBRE PROPAGANDA Y PUBLICIDAD EN LA COMUNA,"Comercio, Alcoholes y Patentes",https://www.bcn.cl/leychile/navegar?idNorma=251059,,,https://datos.bcn.cl/recurso/cl/orz/municipalidad-de-antofagasta/2006-07-07/1/datos.json
Antofagasta,02,Antofagasta,BCN,2,2006-07-07,MODIFICA ORDENANZA MUNICIPAL SOBRE ASEO,"Aseo, Ornato y Medio Ambiente",https://www.bcn.cl/leychile/navegar?idNorma=251060,,,https://datos.bcn.cl/recurso/cl/orz/municipalidad-de-antofagasta/2006-07-07/2/datos.json
Antofagasta,02,Antofagasta,BCN,7,2005-11-07,ORDENANZA MUNICIPAL SOBRE PROPAGANDA Y PUBLICIDAD EN LA COMUNA,"Comercio, Alcoholes y Patentes",https://www.bcn.cl/leychile/navegar?idNorma=243749,,,https://datos.bcn.cl/recurso/cl/orz/municipalidad-de-antofagasta/2005-11-07/7/datos.json
Antofagasta,02,Antofagasta,BCN,5,2005-09-20,"MODIFICA ORDENANZAS NºS 001/2004, 02/2005 Y 03/2005 SOBRE REGISTRO PUBLICO DE PERSONAS JURIDICAS RECEPTORAS DE FONDOS PUBLICOS Y DE DONACIONES CON FRANQUICIAS TRIBUTARIAS",Normativa General y Otras Materias,https://www.bcn.cl/leychile/navegar?idNorma=242197,,,https://datos.bcn.cl/recurso/cl/orz/municipalidad-de-antofagasta/2005-09-20/5/datos.json
Antofagasta,02,Antofagasta,BCN,4,2005-08-29,"MODIFICA ORDENANZA Nº 22, DE 1981",Normativa General y Otras Materias,https://www.bcn.cl/leychile/navegar?idNorma=241375,,,https://datos.bcn.cl/recurso/cl/orz/municipalidad-de-antofagasta/2005-08-29/4/datos.json
Antofagasta,02,Antofagasta,BCN,3,2005-03-29,MODIFICA ORDENANZA Nº01/2004 SOBRE REGISTRO PUBLICO DE PERSONAS JURIDICAS RECEPTORAS DE FONDOS PUBLICOS Y DONACIONES CON FRANQUICIAS TRIBUTARIAS,Normativa General y Otras Materias,https://www.bcn.cl/leychile/navegar?idNorma=236636,,,https://datos.bcn.cl/recurso/cl/orz/municipalidad-de-antofagasta/2005-03-29/3/datos.json
Antofagasta,02,Antofagasta,BCN,s-n,2005-03-09,MODIFICA LA ORDENANZA Nº 001 DE 2004 SOBRE REGISTRO PUBLICO DE PERSONAS JURIDICAS RECEPTORAS DE FONDOS PUBLICOS Y DE DONACIONES CON FRANQUICIAS TRIBUTARIAS,Normativa General y Otras Materias,https://www.bcn.cl/leychile/navegar?idNorma=236173,,,https://datos.bcn.cl/recurso/cl/orz/municipalidad-de-antofagasta/2005-03-09/s-n/datos.json
Antofagasta,02,Antofagasta,BCN,5,2004-11-17,DICTA ORDENANZA SOBRE USO DE ESPACIOS PUBLICOS PARA FINES TURISTICOS,Normativa General y Otras Materias,https://www.bcn.cl/leychile/navegar?idNorma=232673,,,https://datos.bcn.cl/recurso/cl/orz/municipalidad-de-antofagasta/2004-11-17/5/datos.json
Antofagasta,02,Antofagasta,BCN,1,2004-06-26,"PONESE EN VIGENCIA, A CONTAR DE SU PUBLICACION EN EL DIARIO OFICIAL, LA PRESENTE ORDENANZA QUE REGLAMENTA EL EJERCICIO DE LA ACTIVIDAD DEL COMERCIO AMBULANTE EN LA ZONA CENTRICA DE LA CIUDAD","Comercio, Alcoholes y Patentes",https://www.bcn.cl/leychile/navegar?idNorma=226791,,,https://datos.bcn.cl/recurso/cl/orz/municipalidad-de-antofagasta/2004-06-26/1/datos.json
Antofagasta,02,Antofagasta,BCN,s-n,1998-01-16,ORDENANZA LOCAL DE AREAS VERDES,"Aseo, Ornato y Medio Ambiente",https://www.bcn.cl/leychile/navegar?idNorma=87909,,,https://datos.bcn.cl/recurso/cl/orz/municipalidad-de-antofagasta/1998-01-16/s-n/datos.json
Antofagasta,02,Antofagasta,BCN,5,1997-04-21,PONE EN VIGENCIA ORDENANZA QUE REGLAMENTA LA PROPAGANDA Y PUBLICIDAD,"Comercio, Alcoholes y Patentes",https://www.bcn.cl/leychile/navegar?idNorma=70779,,,https://datos.bcn.cl/recurso/cl/orz/municipalidad-de-antofagasta/1997-04-21/5/datos.json
Antofagasta,02,Antofagasta,BCN,2,1995-08-11,"PONE EN VIGENCIA ORDENANZA QUE REGULA FUNCIONAMIENTO DE SALAS DE VIDEOS, ENTRETENCIONES ELECTRONICAS Y SALONES DE BILLAR Y POOL","Comercio, Alcoholes y Patentes",https://www.bcn.cl/leychile/navegar?idNorma=30945,,,https://datos.bcn.cl/recurso/cl/orz/municipalidad-de-antofagasta/1995-08-11/2/datos.json
Antofagasta,02,Antofagasta,BCN,s-n,1995-05-18,SECCIONAL PARQUE O'HIGGINS DE ANTOFAGASTA,Normativa General y Otras Materias,https://www.bcn.cl/leychile/navegar?idNorma=31171,,,https://datos.bcn.cl/recurso/cl/orz/municipalidad-de-antofagasta/1995-05-18/s-n/datos.json
Antofagasta,02,Antofagasta,BCN,1,1995-01-31,"MODIFICA ORDENANZA SOBRE DERECHOS POR PERMISOS, CONCESIONES Y SERVICIOS",Derechos Municipales y Tarifas,https://www.bcn.cl/leychile/navegar?idNorma=30901,,,https://datos.bcn.cl/recurso/cl/orz/municipalidad-de-antofagasta/1995-01-31/1/datos.json
Antofagasta,02,Antofagasta,BCN,1,1993-03-03,"ORDENANZA N° 01/93 SOBRE DERECHOS MUNICIPALES POR PERMISOS, CONCESIONES Y SERVICIOS MUNICIPALES",Derechos Municipales y Tarifas,https://www.bcn.cl/leychile/navegar?idNorma=30874,,,https://datos.bcn.cl/recurso/cl/orz/municipalidad-de-antofagasta/1993-03-03/1/datos.json
Antofagasta,02,Antofagasta,BCN,1,1993-01-30,"DICTA ORDENANZA SOBRE DERECHOS MUNICIPALES POR PERMISOS, CONCESIONES Y SERVICIOS MUNICIPALES",Derechos Municipales y Tarifas,https://www.bcn.cl/leychile/navegar?idNorma=30869,,,https://datos.bcn.cl/recurso/cl/orz/municipalidad-de-antofagasta/1993-01-30/1/datos.json
Antofagasta,02,Antofagasta,BCN,3,1992-03-19,"DICTA ORDENANZA SOBRE CONTROL DE CALIDAD, ANALISIS Y ENSAYE DE MATERIALES DE CONSTRUCCION","Urbanismo, Obras y Edificación",https://www.bcn.cl/leychile/navegar?idNorma=30955,,,https://datos.bcn.cl/recurso/cl/orz/municipalidad-de-antofagasta/1992-03-19/3/datos.json
Antofagasta,02,Antofagasta,BCN,1,1992-01-31,DICTA ORDENANZA SOBRE DERECHOS MUNICIPALES,Derechos Municipales y Tarifas,https://www.bcn.cl/leychile/navegar?idNorma=163328,,,https://datos.bcn.cl/recurso/cl/orz/municipalidad-de-antofagasta/1992-01-31/1/datos.json
Antofagasta,02,Antofagasta,BCN,6,1991-11-06,DICTA ORDENANZA FERIA PANTALEON CORTES,"Comercio, Alcoholes y Patentes",https://www.bcn.cl/leychile/navegar?idNorma=86840,,,https://datos.bcn.cl/recurso/cl/orz/municipalidad-de-antofagasta/1991-11-06/6/datos.json
Antofagasta,02,Antofagasta,BCN,1,1991-01-30,"DICTA ORDENANZA SOBRE DERECHOS MUNICIPALES POR PERMISOS, CONCESIONES Y SERVICIOS",Derechos Municipales y Tarifas,https://www.bcn.cl/leychile/navegar?idNorma=88351,,,https://datos.bcn.cl/recurso/cl/orz/municipalidad-de-antofagasta/1991-01-30/1/datos.json
Antofagasta,02,Antofagasta,BCN,4,1988-03-03,DICTA ORDENANZA PARA EL FUNCIONAMIENTO DE FERIAS LIBRES Y DE CHACAREROS ITINERANTES EN LA COMUNA,"Comercio, Alcoholes y Patentes",https://www.bcn.cl/leychile/navegar?idNorma=175925,,,https://datos.bcn.cl/recurso/cl/orz/municipalidad-de-antofagasta/1988-03-03/4/datos.json
Antofagasta,02,Antofagasta,BCN,1,1988-01-26,"MODIFICA ORDENANZA MUNICIPAL SOBRE DERECHOS MUNICIPALES POR CONCESIONES, PERMISOS Y SERVICIOS",Derechos Municipales y Tarifas,https://www.bcn.cl/leychile/navegar?idNorma=173351,,,https://datos.bcn.cl/recurso/cl/orz/municipalidad-de-antofagasta/1988-01-26/1/datos.json
Antofagasta,02,Antofagasta,BCN,2,1987-01-30,"MODIFICA ORDENANZA SOBRE DERECHOS MUNICIPALES POR PERMISOS, CONCESIONES Y SERVICIOS",Derechos Municipales y Tarifas,https://www.bcn.cl/leychile/navegar?idNorma=141939,,,https://datos.bcn.cl/recurso/cl/orz/municipalidad-de-antofagasta/1987-01-30/2/datos.json
Antofagasta,02,Antofagasta,BCN,1,1986-01-25,DICTA ORDENANZA PARA TERMINALES DE SERVICIOS DE LOCOMOCION COLECTIVA NO URBANA EN LA COMUNA DE ANTOFAGASTA,"Urbanismo, Obras y Edificación",https://www.bcn.cl/leychile/navegar?idNorma=160777,,,https://datos.bcn.cl/recurso/cl/orz/municipalidad-de-antofagasta/1986-01-25/1/datos.json
Antofagasta,02,Antofagasta,BCN,14,1986-01-03,DICTA ORDENANZA PARA PLAYAS DE ESTACIONAMIENTO EN LA COMUNA DE ANTOFAGASTA,Tránsito y Transporte,https://www.bcn.cl/leychile/navegar?idNorma=157929,,,https://datos.bcn.cl/recurso/cl/orz/municipalidad-de-antofagasta/1986-01-03/14/datos.json
Antofagasta,02,Antofagasta,BCN,9,1985-08-03,DICTA ORDENANZA SOBRE PREVENCION Y CONTROL DE RUEDOS MOLESTOS,Normativa General y Otras Materias,https://www.bcn.cl/leychile/navegar?idNorma=198456,,,https://datos.bcn.cl/recurso/cl/orz/municipalidad-de-antofagasta/1985-08-03/9/datos.json
Antofagasta,02,Antofagasta,Municipalidad,005,2011-01-01,"Ordenanza Municipal de Antofagasta — 02 19 MODIF.ORDENANZA 005 2011 Y SUS POSTERIORES MODIF.SOBRE DERECHOS MUNIC.POR PERMISOS, CONCESIOINES Y SERV.MUNIC.",Derechos Municipales y Tarifas,"https://www.municipalidadantofagasta.cl/images/phocadownload/02-19%20MODIF.ORDENANZA%20005-2011%20Y%20SUS%20POSTERIORES%20MODIF.SOBRE%20DERECHOS%20MUNIC.POR%20PERMISOS,%20CONCESIOINES%20Y%20SERV.MUNIC..pdf",https://www.municipalidadantofagasta.cl/index.php/home/municipalidad/ordenanzas-municipales,8d3bbff392b2c250e2b2c461eb6ceb4351059a3b6ffb07a83618a20001b6e0f1,
Antofagasta,02,Antofagasta,Municipalidad,03,2018-01-01,"Ordenanza Municipal N° 03/2018 Sobre Derechos Municipales por Permisos, Concesiones y Servicios Municipales",Derechos Municipales y Tarifas,https://www.municipalidadantofagasta.cl/phocadownload/20181029201513454.pdf,https://www.municipalidadantofagasta.cl/index.php/home/municipalidad/ordenanzas-municipales,5f5227d59304214553e5a3f2a88e5f7c178920c4725ea32bff4666195b76bc96,
Antofagasta,02,Antofagasta,Municipalidad,01,2026-01-01,Ordenanza Municipal de Antofagasta — ordenanza 01 19,Normativa General y Otras Materias,https://www.municipalidadantofagasta.cl/phocadownload/ordenanza_01-19.pdf,https://www.municipalidadantofagasta.cl/index.php/home/municipalidad/ordenanzas-municipales,ad5ba2eac3e54c380da5a48cb864977621650ba689cdb6564a6dfc42d3153649,
Antofagasta,02,Antofagasta,Municipalidad,4,2026-01-01,Ordenanza Municipal de Antofagasta — ordenanza N4 2018B,Normativa General y Otras Materias,https://www.municipalidadantofagasta.cl/phocadownload/ordenanza_N4-2018B.pdf,https://www.municipalidadantofagasta.cl/index.php/home/municipalidad/ordenanzas-municipales,3489c367fb73cbab6cb0abf6a39344d7e3dcae9e3766e1d83c004c1982006122,
Antofagasta,02,Antofagasta,Municipalidad,02,2026-01-01,Ordenanza Municipal de Antofagasta — 02 20 ORDENANZA MUNICIPAL BECAS,Normativa General y Otras Materias,https://www.municipalidadantofagasta.cl/images/phocadownload/02-20%20ORDENANZA%20MUNICIPAL%20BECAS.pdf,https://www.municipalidadantofagasta.cl/index.php/home/municipalidad/ordenanzas-municipales,e79fa42a4a9c7c0349c9fac4208b4e115e69d9ea108a170c4f84fecae71647b9,
Antofagasta,02,Antofagasta,Municipalidad,055,2011-01-01,Ordenanza Municipal de Antofagasta — 04 20 ORDENANZA MUNICIPAL MODIF ORDENANZA N° 055 2011,Normativa General y Otras Materias,https://www.municipalidadantofagasta.cl/images/phocadownload/04-20%20ORDENANZA%20MUNICIPAL%20MODIF_ORDENANZA%20N%C2%B0%20055-2011.pdf,https://www.municipalidadantofagasta.cl/index.php/home/municipalidad/ordenanzas-municipales,47fa6d97132126f34f155a239c4215d5daa89f7ce2b18fddba34723d2e32894c,
Antofagasta,02,Antofagasta,Municipalidad,05,2026-01-01,Ordenanza Municipal de Antofagasta — 05 20 ORDENANZA MUNICIPAL,Normativa General y Otras Materias,https://www.municipalidadantofagasta.cl/images/phocadownload/05-20%20ORDENANZA%20MUNICIPAL.pdf,https://www.municipalidadantofagasta.cl/index.php/home/municipalidad/ordenanzas-municipales,59cd6ea00165b7f18074e17fb790494e123339216d47f416496fd3621de62f8e,
Antofagasta,02,Antofagasta,Municipalidad,06,2026-01-01,Ordenanza Municipal de Antofagasta — 06 20 ORDENANZA MUNICIPAL,Normativa General y Otras Materias,https://www.municipalidadantofagasta.cl/images/phocadownload/06-20%20ORDENANZA%20MUNICIPAL.pdf,https://www.municipalidadantofagasta.cl/index.php/home/municipalidad/ordenanzas-municipales,a1106f554c4a2d8b04c44dcc34ffa03f0d6d2de0006d16e3e657bb69bac1de8f,
Antofagasta,02,Antofagasta,Municipalidad,07,2026-01-01,Ordenanza Municipal de Antofagasta — 07 20 ORDENANZA MUNICIPAL,Normativa General y Otras Materias,https://www.municipalidadantofagasta.cl/images/phocadownload/07-20%20ORDENANZA%20MUNICIPAL.pdf,https://www.municipalidadantofagasta.cl/index.php/home/municipalidad/ordenanzas-municipales,eab0c8d72ee4219e583fb3f4c626b37b083099eaaef27abdca969b92472e89da,
Antofagasta,02,Antofagasta,Municipalidad,03,2020-01-01,Ordenanza Municipal de Antofagasta — ORDENANZA N°03 2020 QUE MODIFICA LA ORDENANZA MUNICIPAL N°004 2018,Normativa General y Otras Materias,https://www.municipalidadantofagasta.cl/images/phocadownload/ORDENANZA%20N%C2%B003-2020%20QUE%20MODIFICA%20LA%20ORDENANZA%20MUNICIPAL%20N%C2%B0004-2018.pdf,https://www.municipalidadantofagasta.cl/index.php/home/municipalidad/ordenanzas-municipales,822ce374a1ba351f76079f9430d476d0fb4740f9ca8dc98b6069a61e8e234faf,
Mejillones,02,Antofagasta,BCN,1,2015-05-07,"APRUEBA ORDENANZA QUE DETERMINA EL PROCEDIMIENTO PARA FIJAR TARIFA DE ASEO DOMICILIARIO, FORMA DE COBRO Y EXENCIONES",Derechos Municipales y Tarifas,https://www.bcn.cl/leychile/navegar?idNorma=1077102,,,https://datos.bcn.cl/recurso/cl/orz/municipalidad-de-mejillones/2015-05-07/1/datos.json
Mejillones,02,Antofagasta,BCN,1,2014-09-23,APRUEBA ORDENANZA LOCAL DE CONSTRUCCIÓN,"Urbanismo, Obras y Edificación",https://www.bcn.cl/leychile/navegar?idNorma=1066968,,,https://datos.bcn.cl/recurso/cl/orz/municipalidad-de-mejillones/2014-09-23/1/datos.json
Mejillones,02,Antofagasta,BCN,33,2000-11-11,ORDENANZA PLAN REGULADOR COMUNAL DEL PUERTO Y BAHIA DE MEJILLONES,"Urbanismo, Obras y Edificación",https://www.bcn.cl/leychile/navegar?idNorma=177688,,,https://datos.bcn.cl/recurso/cl/orz/municipalidad-de-mejillones/2000-11-11/33/datos.json
Sierra Gorda,02,Antofagasta,BCN,2552,2003-10-25,REGLAMENTA EL OTORGAMIENTO DE BECAS PARA CURSAR ESTUDIOS MEDIOS Y SUPERIORES,"Salud, Deporte y Desarrollo Social",https://www.bcn.cl/leychile/navegar?idNorma=216312,,,https://datos.bcn.cl/recurso/cl/orz/municipalidad-de-sierra-gorda/2003-10-25/2552/datos.json
Taltal,02,Antofagasta,BCN,1,2009-01-06,DICTA ORDENANZA MUNICIPAL SOBRE PATENTES DE ALCOHOLES Y HORARIO DE FUNCIONAMIENTO DE ESTABLECIMIENTOS DE EXPENDIO DE BEBIDAS ALCOHÓLICAS,"Comercio, Alcoholes y Patentes",https://www.bcn.cl/leychile/navegar?idNorma=284491,,,https://datos.bcn.cl/recurso/cl/orz/municipalidad-de-taltal/2009-01-06/1/datos.json
Taltal,02,Antofagasta,BCN,1,1994-01-28,DICTA ORDENANZA SOBRE DERECHOS MUNICIPALES POR PERMISOS CONCESIONES Y SERVICIOS MUNICIPALES,Derechos Municipales y Tarifas,https://www.bcn.cl/leychile/navegar?idNorma=30883,,,https://datos.bcn.cl/recurso/cl/orz/municipalidad-de-taltal/1994-01-28/1/datos.json
Taltal,02,Antofagasta,BCN,1,1994-01-25,"DICTA ORDENANZA SOBRE DERECHOS MUNICIPALES POR PERMISOS, CONCESIONES Y SERVICIOS",Derechos Municipales y Tarifas,https://www.bcn.cl/leychile/navegar?idNorma=30881,,,https://datos.bcn.cl/recurso/cl/orz/municipalidad-de-taltal/1994-01-25/1/datos.json
Taltal,02,Antofagasta,BCN,1,1991-06-13,DICTA ORDENANZA PARA EL FUNCIONAMIENTO DE FERIAS LIBRES Y DE CHACAREROS EN LA COMUNA DE TALTAL,"Comercio, Alcoholes y Patentes",https://www.bcn.cl/leychile/navegar?idNorma=30862,,,https://datos.bcn.cl/recurso/cl/orz/municipalidad-de-taltal/1991-06-13/1/datos.json
Taltal,02,Antofagasta,Municipalidad,S/N,2026-01-01,Ordenanza Municipal de Taltal — ORDENANZA LOCAL IMT,Normativa General y Otras Materias,https://municipalidadtaltal.cl/portal9/wp-content/uploads/2026/05/ORDENANZA-LOCAL-IMT.pdf,https://municipalidadtaltal.cl/portal9/wp-content/uploads/2026/05/ORDENANZA-LOCAL-IMT.pdf,38b9ec42b5e11ba4291381026e01623c57474ac9daca758fc5432c3c94b4a203,
Calama,02,Antofagasta,BCN,3,2020-05-08,MODIFICA ORDENANZA QUE REGULA EL EXPENDIO DE BEBIDAS ALCOHÓLICAS,"Comercio, Alcoholes y Patentes",https://www.bcn.cl/leychile/navegar?idNorma=1145028,,,https://datos.bcn.cl/recurso/cl/orz/municipalidad-de-calama/2020-05-08/3/datos.json
Calama,02,Antofagasta,BCN,2,2013-04-16,REGULA ACTIVIDAD DE CUIDADORES DE VEHÍCULOS MOTORIZADOS ESTACIONADOS EN LA VÍA PÚBLICA,Tránsito y Transporte,https://www.bcn.cl/leychile/navegar?idNorma=1050176,,,https://datos.bcn.cl/recurso/cl/orz/municipalidad-de-calama/2013-04-16/2/datos.json
Calama,02,Antofagasta,BCN,6,2011-08-20,ORDENANZA MUNICIPAL DE PARTICIPACIÓN CIUDADANA,Organización y Régimen Interno,https://www.bcn.cl/leychile/navegar?idNorma=1028834,,,https://datos.bcn.cl/recurso/cl/orz/municipalidad-de-calama/2011-08-20/6/datos.json
Calama,02,Antofagasta,BCN,3,2011-05-28,ORDENANZA QUE REGULA EL CONTROL Y LA TENENCIA RESPONSABLE DE LA POBLACIÓN CANINA EN LA COMUNA DE CALAMA,Tenencia Responsable y Mascotas,https://www.bcn.cl/leychile/navegar?idNorma=1025906,,,https://datos.bcn.cl/recurso/cl/orz/municipalidad-de-calama/2011-05-28/3/datos.json
Calama,02,Antofagasta,BCN,2,2010-02-02,"APRUEBA TEXTO MODIFICADO Y REFUNDIDO DE LA ORDENANZA MUNICIPAL Nº 5 Y Nº 13, DE 2007, QUE REGULA EL EXPENDIO DE BEBIDAS ALCOHÓLICAS EN EL TERRITORIO DE LA COMUNA","Comercio, Alcoholes y Patentes",https://www.bcn.cl/leychile/navegar?idNorma=1010656,,,https://datos.bcn.cl/recurso/cl/orz/municipalidad-de-calama/2010-02-02/2/datos.json
Calama,02,Antofagasta,BCN,10,2009-10-22,"APRUEBA MODIFICACIÓN A ORDENANZA Nº11, DE 2003, QUE REGULA COBROS POR CONCEPTO DE ESTACIONAMIENTOS EN BIEN NACIONAL DE USO PÚBLICO",Derechos Municipales y Tarifas,https://www.bcn.cl/leychile/navegar?idNorma=1007354,,,https://datos.bcn.cl/recurso/cl/orz/municipalidad-de-calama/2009-10-22/10/datos.json
Calama,02,Antofagasta,BCN,7,2007-09-13,DICTA ORDENANZA 'ENMIENDA Nº 1 PLAN REGULADOR COMUNAL DE CALAMA',"Urbanismo, Obras y Edificación",https://www.bcn.cl/leychile/navegar?idNorma=264636,,,https://datos.bcn.cl/recurso/cl/orz/municipalidad-de-calama/2007-09-13/7/datos.json
Calama,02,Antofagasta,BCN,5,2007-06-20,REGULA EL EXPENDIO DE BEBIDAS ALCOHOLICAS EN EL TERRITORIO DE LA COMUNA DE CALAMA,"Comercio, Alcoholes y Patentes",https://www.bcn.cl/leychile/navegar?idNorma=261981,,,https://datos.bcn.cl/recurso/cl/orz/municipalidad-de-calama/2007-06-20/5/datos.json
Calama,02,Antofagasta,BCN,4,2007-06-06,APRUEBA ORDENANZA AMBIENTAL DE LA COMUNA DE CALAMA,Normativa General y Otras Materias,https://www.bcn.cl/leychile/navegar?idNorma=261478,,,https://datos.bcn.cl/recurso/cl/orz/municipalidad-de-calama/2007-06-06/4/datos.json
Calama,02,Antofagasta,BCN,9,2005-11-19,EXTRACTO,Normativa General y Otras Materias,https://www.bcn.cl/leychile/navegar?idNorma=244203,,,https://datos.bcn.cl/recurso/cl/orz/municipalidad-de-calama/2005-11-19/9/datos.json
Calama,02,Antofagasta,BCN,s-n,2004-05-18,APLICACION ARTICULO Nº 2.1.13 DE LA ORDENANZA GENERAL DE URBANISMO Y CONSTRUCCIONES EN CALAMA,"Urbanismo, Obras y Edificación",https://www.bcn.cl/leychile/navegar?idNorma=225356,,,https://datos.bcn.cl/recurso/cl/orz/municipalidad-de-calama/2004-05-18/s-n/datos.json
Calama,02,Antofagasta,BCN,6,2002-05-22,DICTA ORDENANZA QUE FIJA HORARIO DE FUNCIONAMIENTO DE ESTABLECIMIENTOS DE EXPENDIO DE BEBIDAS ALCOHOLICAS,"Comercio, Alcoholes y Patentes",https://www.bcn.cl/leychile/navegar?idNorma=198408,,,https://datos.bcn.cl/recurso/cl/orz/municipalidad-de-calama/2002-05-22/6/datos.json
Calama,02,Antofagasta,BCN,1,2001-03-19,DICTA ORDENANZA SOBRE TARIFAS DE EXTRACCION DE BASURA PARA EL AÑO 2001,Derechos Municipales y Tarifas,https://www.bcn.cl/leychile/navegar?idNorma=182885,,,https://datos.bcn.cl/recurso/cl/orz/municipalidad-de-calama/2001-03-19/1/datos.json
Calama,02,Antofagasta,BCN,s-n,2000-01-19,ORDENANZA SOBRE TARIFAS DE EXTRACCION DE BASURA,Derechos Municipales y Tarifas,https://www.bcn.cl/leychile/navegar?idNorma=151576,,,https://datos.bcn.cl/recurso/cl/orz/municipalidad-de-calama/2000-01-19/s-n/datos.json
Calama,02,Antofagasta,BCN,15,1999-01-12,APRUEBA ORDENANZA POR COBRO DE DERECHOS POR EXTRACCION DE BASURAS,Derechos Municipales y Tarifas,https://www.bcn.cl/leychile/navegar?idNorma=129513,,,https://datos.bcn.cl/recurso/cl/orz/municipalidad-de-calama/1999-01-12/15/datos.json
Calama,02,Antofagasta,BCN,s-n,1998-12-22,MODIFICACIONES COBROS DERECHOS VARIOS,Derechos Municipales y Tarifas,https://www.bcn.cl/leychile/navegar?idNorma=128633,,,https://datos.bcn.cl/recurso/cl/orz/municipalidad-de-calama/1998-12-22/s-n/datos.json
Calama,02,Antofagasta,BCN,s-n,1998-01-20,ORDENANZA SOBRE COBRO DE EXTRACCION DE BASURA,Derechos Municipales y Tarifas,https://www.bcn.cl/leychile/navegar?idNorma=87589,,,https://datos.bcn.cl/recurso/cl/orz/municipalidad-de-calama/1998-01-20/s-n/datos.json
Calama,02,Antofagasta,BCN,s-n,1997-12-23,ORDENANZA SOBRE COBRO DE DERECHOS VARIOS,Derechos Municipales y Tarifas,https://www.bcn.cl/leychile/navegar?idNorma=84222,,,https://datos.bcn.cl/recurso/cl/orz/municipalidad-de-calama/1997-12-23/s-n/datos.json
Calama,02,Antofagasta,BCN,16,1996-12-30,ORDENANZA SOBRE COBRO DE DERECHOS VARIOS,Derechos Municipales y Tarifas,https://www.bcn.cl/leychile/navegar?idNorma=31046,,,https://datos.bcn.cl/recurso/cl/orz/municipalidad-de-calama/1996-12-30/16/datos.json
Calama,02,Antofagasta,BCN,s-n,1996-01-10,DICTA ORDENANZA DEL COBRO DE EXTRACCION DE BASURA,Derechos Municipales y Tarifas,https://www.bcn.cl/leychile/navegar?idNorma=31179,,,https://datos.bcn.cl/recurso/cl/orz/municipalidad-de-calama/1996-01-10/s-n/datos.json
Calama,02,Antofagasta,BCN,s-n,1995-12-30,PROPONE MODIFICACIONES A LA ORDENANZA DE LOS COBROS DERECHOS VARIOS,Derechos Municipales y Tarifas,https://www.bcn.cl/leychile/navegar?idNorma=31176,,,https://datos.bcn.cl/recurso/cl/orz/municipalidad-de-calama/1995-12-30/s-n/datos.json
Calama,02,Antofagasta,BCN,3,1995-03-01,ACTUALIZA Y MODIFICA ORDENANZA SOBRE COBRO DE DERECHOS VARIOS,Derechos Municipales y Tarifas,https://www.bcn.cl/leychile/navegar?idNorma=30967,,,https://datos.bcn.cl/recurso/cl/orz/municipalidad-de-calama/1995-03-01/3/datos.json
Calama,02,Antofagasta,BCN,96,1994-10-31,SECCIONAL CAMBIO USO DE SUELO ZONA DE EQUIPAMIENTO;COMUNITARIO VILLA HUAYTIQUINA,"Urbanismo, Obras y Edificación",https://www.bcn.cl/leychile/navegar?idNorma=31113,,,https://datos.bcn.cl/recurso/cl/orz/municipalidad-de-calama/1994-10-31/96/datos.json
Calama,02,Antofagasta,BCN,7,1993-06-19,"MODIFICA ORDENANZA N° 1, DE 1991",Normativa General y Otras Materias,https://www.bcn.cl/leychile/navegar?idNorma=31014,,,https://datos.bcn.cl/recurso/cl/orz/municipalidad-de-calama/1993-06-19/7/datos.json
Calama,02,Antofagasta,BCN,4,1993-03-12,MODIFICA ORDENANZA SOBRE DERECHOS MUNICIPALES,Derechos Municipales y Tarifas,https://www.bcn.cl/leychile/navegar?idNorma=30976,,,https://datos.bcn.cl/recurso/cl/orz/municipalidad-de-calama/1993-03-12/4/datos.json
Calama,02,Antofagasta,BCN,s-n,1992-11-20,"MODIFICA ORDENANZAS N° 1, DE 1988 Y N° 5, DE 1991",Normativa General y Otras Materias,https://www.bcn.cl/leychile/navegar?idNorma=31147,,,https://datos.bcn.cl/recurso/cl/orz/municipalidad-de-calama/1992-11-20/s-n/datos.json
Calama,02,Antofagasta,BCN,8,1991-08-20,APRUEBA ADICIONES Y MODIFICACIONES DE LA ORDENANZA LOCAL SOBRE DERECHOS MUNICIPALES,Derechos Municipales y Tarifas,https://www.bcn.cl/leychile/navegar?idNorma=87598,,,https://datos.bcn.cl/recurso/cl/orz/municipalidad-de-calama/1991-08-20/8/datos.json
Calama,02,Antofagasta,BCN,1,1991-02-11,APRUEBA ACTUALIZACION Y MODIFICACION DE ORDENANZA LOCAL SOBRE DERECHOS MUNICIPALES,Derechos Municipales y Tarifas,https://www.bcn.cl/leychile/navegar?idNorma=87949,,,https://datos.bcn.cl/recurso/cl/orz/municipalidad-de-calama/1991-02-11/1/datos.json
Calama,02,Antofagasta,BCN,1,1989-01-31,"MODIFICA ORDENANZA MUNICIPAL NO. 1, DE 1988",Normativa General y Otras Materias,https://www.bcn.cl/leychile/navegar?idNorma=182059,,,https://datos.bcn.cl/recurso/cl/orz/municipalidad-de-calama/1989-01-31/1/datos.json
Calama,02,Antofagasta,BCN,1,1988-01-29,"FIJA DERECHOS Y VALORES POR CONCESIONES, PERMISOS O SERVICIOS",Derechos Municipales y Tarifas,https://www.bcn.cl/leychile/navegar?idNorma=182701,,,https://datos.bcn.cl/recurso/cl/orz/municipalidad-de-calama/1988-01-29/1/datos.json
Calama,02,Antofagasta,BCN,14,1988-01-25,RESTRINGE TRANSITO DE VEHICULOS EN AREA QUE INDICA,Tránsito y Transporte,https://www.bcn.cl/leychile/navegar?idNorma=173340,,,https://datos.bcn.cl/recurso/cl/orz/municipalidad-de-calama/1988-01-25/14/datos.json
Calama,02,Antofagasta,BCN,3,1986-03-15,DICTA ORDENANZA SOBRE TERMINALES DE BUSES DE LOCOMOCION COLECTIVA NO URBANA PRIVADOS,"Urbanismo, Obras y Edificación",https://www.bcn.cl/leychile/navegar?idNorma=158065,,,https://datos.bcn.cl/recurso/cl/orz/municipalidad-de-calama/1986-03-15/3/datos.json
Calama,02,Antofagasta,BCN,2,1986-01-25,"INTRODUCE MODIFICACIONES QUE SEÑALA A LAS ORDENANZAS N°S 12 DE 1980, 21, DE 1982 Y 3, DE 1985",Normativa General y Otras Materias,https://www.bcn.cl/leychile/navegar?idNorma=160776,,,https://datos.bcn.cl/recurso/cl/orz/municipalidad-de-calama/1986-01-25/2/datos.json
Calama,02,Antofagasta,BCN,10,1985-08-16,ESTABLECE ORDENANZA MUNICIPAL PARA LA COMUNA DE CALAMA,Normativa General y Otras Materias,https://www.bcn.cl/leychile/navegar?idNorma=200250,,,https://datos.bcn.cl/recurso/cl/orz/municipalidad-de-calama/1985-08-16/10/datos.json
Calama,02,Antofagasta,BCN,3,1985-01-30,MODIFICA ORDENANZAS QUE INDICA,Normativa General y Otras Materias,https://www.bcn.cl/leychile/navegar?idNorma=161600,,,https://datos.bcn.cl/recurso/cl/orz/municipalidad-de-calama/1985-01-30/3/datos.json
Calama,02,Antofagasta,Municipalidad,S/N,2026-01-01,Ordenanza Municipal de Calama — ORDENANZAS 006 007 2026,Normativa General y Otras Materias,https://www.municipalidadcalama.cl/assets/docs/ORDENANZAS_006_007_2026.pdf,https://www.municipalidadcalama.cl/assets/docs/ORDENANZAS_006_007_2026.pdf,9f4f0308c5a5d8fd0a37da7b781f004687875a56106e57520e62a3bc32d15177,
Calama,02,Antofagasta,Municipalidad,004,2026-01-01,Ordenanza Municipal de Calama — ORDENANZA N° 004,Normativa General y Otras Materias,https://www.municipalidadcalama.cl/assets/docs/ORDENANZA_N%C2%B0_004.pdf,https://www.municipalidadcalama.cl/assets/docs/ORDENANZA_N%C2%B0_004.pdf,608bdd71de1bdded4463bf698012251d5fde86186884d749b2c2c69aaa34cc4e,
Calama,02,Antofagasta,Municipalidad,005,2025-01-01,Ordenanza Municipal de Calama — ORDENANZA N° 005 2025,Normativa General y Otras Materias,https://www.municipalidadcalama.cl/assets/docs/ORDENANZA_N%C2%B0_005_2025.pdf,https://www.municipalidadcalama.cl/assets/docs/ORDENANZA_N%C2%B0_005_2025.pdf,9a9e5d1a8ddf98c197ba430379525a6c6dfba53567d281609e5c1ba013ed7207,
Calama,02,Antofagasta,Municipalidad,002,2026-01-01,Ordenanza Municipal de Calama — ORDENANZA N002,Normativa General y Otras Materias,https://www.municipalidadcalama.cl/assets/docs/ORDENANZA_N002.pdf,https://www.municipalidadcalama.cl/assets/docs/ORDENANZA_N002.pdf,d2d3291f72cad1ee301ba2b06b137e1655ead5b6b1561aeb17c865218bef448b,
Calama,02,Antofagasta,Municipalidad,003,2026-01-01,Ordenanza Municipal de Calama — ORDENANZA N003,Normativa General y Otras Materias,https://www.municipalidadcalama.cl/assets/docs/ORDENANZA_N003.pdf,https://www.municipalidadcalama.cl/assets/docs/ORDENANZA_N003.pdf,d1e4f11affdbbf59197fb55b1fcb9a9e99f3ac8836a773daa3a0710f2955a523,
Calama,02,Antofagasta,Municipalidad,001,2026-01-01,Ordenanza Municipal de Calama — ORDENANZA N 001 15 01 2026,Normativa General y Otras Materias,https://www.municipalidadcalama.cl/assets/docs/ORDENANZA_N_001_15_01_2026.pdf,https://www.municipalidadcalama.cl/assets/docs/ORDENANZA_N_001_15_01_2026.pdf,ec73635ceb027b1340df1c93911b9504dfb41b710a8e5e59f72ee97a7383262f,
Ollagüe,02,Antofagasta,BCN,1,1990-12-22,FIJA TEXTO REFUNDIDO Y SISTEMATIZADO DE DERECHOS Y VALORES MUNICIPALES QUE INDICA,Derechos Municipales y Tarifas,https://www.bcn.cl/leychile/navegar?idNorma=88775,,,https://datos.bcn.cl/recurso/cl/orz/municipalidad-de-ollague/1990-12-22/1/datos.json
Ollagüe,02,Antofagasta,Municipalidad,172,2023-01-01,Ordenanzas Municipales – Ilustre Municipalidad de Ollague,Normativa General y Otras Materias,https://municipalidaddeollague.cl/wp-content/uploads/2024/03/Decreto-172-07.02.2023-promulga-ordenanza-subvenciones-MEDIA.pdf,https://municipalidaddeollague.cl/ordenanzas-municipales/,bb93b2bb3230af5121f86b015fd07876572397595d8913e8d5164d4a82e3d87b,
Ollagüe,02,Antofagasta,Municipalidad,173,2023-01-01,Ordenanzas Municipales – Ilustre Municipalidad de Ollague,Normativa General y Otras Materias,https://municipalidaddeollague.cl/wp-content/uploads/2024/03/Decreto-173-07.02.2023-promulga-ordenanza-subvenciones-SUPERIOR.pdf,https://municipalidaddeollague.cl/ordenanzas-municipales/,16bc58c7e6eeb3d7d41117c3b763ede49e06cd3179b8942afbf09cbc785f1bd3,
Ollagüe,02,Antofagasta,Municipalidad,S/N,2026-01-01,Ordenanzas Municipales – Ilustre Municipalidad de Ollague,Normativa General y Otras Materias,https://municipalidaddeollague.cl/wp-content/uploads/2024/10/Sobre-Ayudas-Sociales.pdf,https://municipalidaddeollague.cl/ordenanzas-municipales/,a3056ff12c35fc3acf4aef32fafec30fc16f4c084883ad6c494d10f9db6b3d54,
Ollagüe,02,Antofagasta,Municipalidad,S/N-e2fd,2026-01-01,Ordenanzas Municipales – Ilustre Municipalidad de Ollague,"Aseo, Ornato y Medio Ambiente",https://municipalidaddeollague.cl/wp-content/uploads/2024/10/Sobre-Transporte-de-Residuos.pdf,https://municipalidaddeollague.cl/ordenanzas-municipales/,e2fd15754d69583ac0fe000c1c77d4c213a35388c1311c3291d7cac5b35c147c,
Ollagüe,02,Antofagasta,Municipalidad,1122,2018-01-01,Ordenanzas Municipales – Ilustre Municipalidad de Ollague,Normativa General y Otras Materias,https://municipalidaddeollague.cl/wp-content/uploads/2025/10/Decreto-1122-EXENTO_16-NOV-2018-1.pdf,https://municipalidaddeollague.cl/ordenanzas-municipales/,59d4c07988cefa03196fac7a1e478dddba2672367910974fa74a9f8128305f16,
Ollagüe,02,Antofagasta,Municipalidad,443,2026-01-01,Ordenanzas Municipales – Ilustre Municipalidad de Ollague,Derechos Municipales y Tarifas,https://municipalidaddeollague.cl/wp-content/uploads/2025/10/Decreto-443-promulga-ordenanza-subvenciones-DERECHOS-VARIOS-1.pdf,https://municipalidaddeollague.cl/ordenanzas-municipales/,2bcd9c9f9d3f19bc137106b84f2d387dc7dbf637c7bc511eec1d0547b82b027f,
Ollagüe,02,Antofagasta,Municipalidad,S/N-52c2,2026-01-01,Ordenanzas Municipales – Ilustre Municipalidad de Ollague,"Patentes, Comercio y Alcoholes",https://municipalidaddeollague.cl/wp-content/uploads/2025/12/Decreto-Exento-Aprueba-Ordenanza-de-Patentes-Comerciales.pdf,https://municipalidaddeollague.cl/ordenanzas-municipales/,52c2997998757549b51aa44192b722eb87acef4f53d182ff79c4af76eed7f653,
Ollagüe,02,Antofagasta,Municipalidad,S/N-6206,2026-01-01,Ordenanzas Municipales – Ilustre Municipalidad de Ollague,Normativa General y Otras Materias,https://municipalidaddeollague.cl/wp-content/uploads/2025/12/Decreto-Exento-que-Aprueba-Ordenanza-de-Suvbencion.pdf,https://municipalidaddeollague.cl/ordenanzas-municipales/,620698bfd2a432802b1727a028575e3926e762feaefd3a92bc577182ff075dc8,
Ollagüe,02,Antofagasta,Municipalidad,S/N-1e12,2026-01-01,Ordenanzas Municipales – Ilustre Municipalidad de Ollague,Normativa General y Otras Materias,https://municipalidaddeollague.cl/wp-content/uploads/2026/01/Decreto-Exento-N%C2%B01566.pdf,https://municipalidaddeollague.cl/ordenanzas-municipales/,1e120251da0cc08201410f7f4e777f2af622a93b5d8a48f3a45296d9525420cd,
Ollagüe,02,Antofagasta,Municipalidad,S/N-42af,2026-01-01,Ordenanzas Municipales – Ilustre Municipalidad de Ollague,Normativa General y Otras Materias,https://municipalidaddeollague.cl/wp-content/uploads/2026/01/Decreto-Exento-N%C2%B01567.pdf,https://municipalidaddeollague.cl/ordenanzas-municipales/,42afb4ae9743a7a6ef4781aa5a4a4852617d92fd262b7a84ba8dae7481d50690,
Ollagüe,02,Antofagasta,Municipalidad,S/N-b0f8,2026-01-01,Ordenanzas Municipales – Ilustre Municipalidad de Ollague,Normativa General y Otras Materias,https://municipalidaddeollague.cl/wp-content/uploads/2026/05/Decreto-Exento-N%C2%B0320-Ordenanza-municipal-sobre-gestion-demanda.pdf,https://municipalidaddeollague.cl/ordenanzas-municipales/,b0f80a064fdc4cf7a41ddb78dd13c46550809d2ebe7927a36152e51ac9f5bd4b,
Ollagüe,02,Antofagasta,Municipalidad,S/N-25c7,2026-01-01,Ordenanzas Municipales – Ilustre Municipalidad de Ollague,Normativa General y Otras Materias,https://municipalidaddeollague.cl/wp-content/uploads/2026/05/Decreto-Exento-N%C2%B0322-Aprueba-prevencion-fiscalizacion-y-control-de-ocupaciones.pdf,https://municipalidaddeollague.cl/ordenanzas-municipales/,25c7ce526ca6f89d3b7904f9131ee03ea111c969cec21e4f4dcafc4d9ea1ffab,
San Pedro de Atacama,02,Antofagasta,BCN,4,2022-10-28,"ORDENANZA SOBRE DERECHOS MUNICIPALES POR CONCESIONES, PERMISOS, OCUPACIÓN DE BIENES NACIONALES DE USO PÚBLICO, PUBLICIDAD, PROPAGANDA Y OTROS SERVICIOS",Derechos Municipales y Tarifas,https://www.bcn.cl/leychile/navegar?idNorma=1183629,,,https://datos.bcn.cl/recurso/cl/orz/municipalidad-de-san-pedro-de-atacama/2022-10-28/4/datos.json
San Pedro de Atacama,02,Antofagasta,BCN,2,2022-10-03,"ORDENANZA SOBRE DERECHOS MUNICIPALES POR CONCESIONES, PERMISOS, OCUPACIÓN DE BIENES NACIONALES DE USO PÚBLICO, PUBLICIDAD, PROPAGANDA Y OTROS SERVICIOS",Derechos Municipales y Tarifas,https://www.bcn.cl/leychile/navegar?idNorma=1182238,,,https://datos.bcn.cl/recurso/cl/orz/municipalidad-de-san-pedro-de-atacama/2022-10-03/2/datos.json
San Pedro de Atacama,02,Antofagasta,BCN,1,2021-02-25,"TENENCIA RESPONSABLE, BIENESTAR DE ANIMALES DOMÉSTICOS Y ANIMALES DE TRABAJO EN LA COMUNA DE SAN PEDRO DE ATACAMA",Tenencia Responsable y Mascotas,https://www.bcn.cl/leychile/navegar?idNorma=1156295,,,https://datos.bcn.cl/recurso/cl/orz/municipalidad-de-san-pedro-de-atacama/2021-02-25/1/datos.json
San Pedro de Atacama,02,Antofagasta,BCN,3,2020-12-05,ORDENANZA SOBRE CONDICIONES GENERALES PARA LA FIJACIÓN DE LA TARIFA DE ASEO POR EL SERVICIO DE EXTRACCIÓN DE RESIDUOS SÓLIDOS DOMICILIARIOS DE LA COMUNA DE SAN PEDRO DE ATACAMA,Derechos Municipales y Tarifas,https://www.bcn.cl/leychile/navegar?idNorma=1152984,,,https://datos.bcn.cl/recurso/cl/orz/municipalidad-de-san-pedro-de-atacama/2020-12-05/3/datos.json
San Pedro de Atacama,02,Antofagasta,BCN,1,2020-05-08,FIJA HORARIO DE FUNCIONAMIENTO DE LOCALES DE EXPENDIO DE BEBIDAS ALCOHÓLICAS,"Comercio, Alcoholes y Patentes",https://www.bcn.cl/leychile/navegar?idNorma=1145029,,,https://datos.bcn.cl/recurso/cl/orz/municipalidad-de-san-pedro-de-atacama/2020-05-08/1/datos.json
San Pedro de Atacama,02,Antofagasta,BCN,3,2019-06-25,ORDENANZA SOBRE PATENTES DE ALCOHOLES Y HORARIO DE FUNCIONAMIENTO DE ESTABLECIMIENTOS DE EXPENDIO DE BEBIDAS ALCOHÓLICAS,"Comercio, Alcoholes y Patentes",https://www.bcn.cl/leychile/navegar?idNorma=1133066,,,https://datos.bcn.cl/recurso/cl/orz/municipalidad-de-san-pedro-de-atacama/2019-06-25/3/datos.json
San Pedro de Atacama,02,Antofagasta,BCN,1,2019-04-24,ESTABLECE EXTENSIÓN DE HORARIO ESPECIAL TRANSITORIA,Tránsito y Transporte,https://www.bcn.cl/leychile/navegar?idNorma=1130853,,,https://datos.bcn.cl/recurso/cl/orz/municipalidad-de-san-pedro-de-atacama/2019-04-24/1/datos.json
San Pedro de Atacama,02,Antofagasta,BCN,4,2018-11-06,"ORDENANZA SOBRE DERECHOS MUNICIPALES POR CONCESIONES, PERMISOS, OCUPACIÓN DE BIENES NACIONALES DE USO PÚBLICO, PUBLICIDAD, PROPAGANDA Y OTROS SERVICIOS",Derechos Municipales y Tarifas,https://www.bcn.cl/leychile/navegar?idNorma=1124971,,,https://datos.bcn.cl/recurso/cl/orz/municipalidad-de-san-pedro-de-atacama/2018-11-06/4/datos.json
San Pedro de Atacama,02,Antofagasta,BCN,n°-4,2016-10-28,"SOBRE DERECHOS MUNICIPALES POR CONCESIONES, PERMISOS, OCUPACIÓN DE BIENES NACIONALES DE USO PÚBLICO, PUBLICIDAD, PROPAGANDA Y OTROS SERVICIOS",Derechos Municipales y Tarifas,https://www.bcn.cl/leychile/navegar?idNorma=1096029,,,https://datos.bcn.cl/recurso/cl/orz/municipalidad-de-san-pedro-de-atacama/2016-10-28/n°-4/datos.json
San Pedro de Atacama,02,Antofagasta,BCN,1,2016-03-22,"ESTABLECE REQUISITOS PARA OTORGAMIENTO DE PATENTE CLASE ""O"" EN ÁREA RURAL","Comercio, Alcoholes y Patentes",https://www.bcn.cl/leychile/navegar?idNorma=1088604,,,https://datos.bcn.cl/recurso/cl/orz/municipalidad-de-san-pedro-de-atacama/2016-03-22/1/datos.json
San Pedro de Atacama,02,Antofagasta,BCN,5,2015-11-04,"SOBRE DERECHOS MUNICIPALES POR CONCESIONES, PERMISOS, OCUPACIÓN DE BIENES NACIONALES DE USO PÚBLICO, PUBLICIDAD, PROPAGANDA Y OTROS SERVICIOS",Derechos Municipales y Tarifas,https://www.bcn.cl/leychile/navegar?idNorma=1083580,,,https://datos.bcn.cl/recurso/cl/orz/municipalidad-de-san-pedro-de-atacama/2015-11-04/5/datos.json
San Pedro de Atacama,02,Antofagasta,BCN,4,2014-11-07,"ORDENANZA SOBRE DERECHOS MUNICIPALES POR CONCESIONES, PERMISOS, OCUPACIÓN DE BIENES NACIONALES DE USO PÚBLICO, PUBLICIDAD, PROPAGANDA Y OTROS SERVICIOS",Derechos Municipales y Tarifas,https://www.bcn.cl/leychile/navegar?idNorma=1069181,,,https://datos.bcn.cl/recurso/cl/orz/municipalidad-de-san-pedro-de-atacama/2014-11-07/4/datos.json
San Pedro de Atacama,02,Antofagasta,BCN,5,2013-10-29,"SOBRE DERECHOS MUNICIPALES POR CONCESIONES, PERMISOS, OCUPACIÓN DE BIENES NACIONALES DE USO PÚBLICO, PUBLICIDAD, PROPAGANDA Y OTROS SERVICIOS",Derechos Municipales y Tarifas,https://www.bcn.cl/leychile/navegar?idNorma=1055578,,,https://datos.bcn.cl/recurso/cl/orz/municipalidad-de-san-pedro-de-atacama/2013-10-29/5/datos.json
San Pedro de Atacama,02,Antofagasta,BCN,6,2013-10-29,ESTABLECE FRANJA DE TERRENO COMO PASEO PEATONAL EN LA LOCALIDAD DE PEINE,"Aseo, Ornato y Medio Ambiente",https://www.bcn.cl/leychile/navegar?idNorma=1055573,,,https://datos.bcn.cl/recurso/cl/orz/municipalidad-de-san-pedro-de-atacama/2013-10-29/6/datos.json
San Pedro de Atacama,02,Antofagasta,BCN,3,2013-06-05,SOBRE LA OBTENCIÓN DE PATENTE DE GUÍAS DE TURISMO Y SERVICIOS ON-LINE,"Comercio, Alcoholes y Patentes",https://www.bcn.cl/leychile/navegar?idNorma=1051629,,,https://datos.bcn.cl/recurso/cl/orz/municipalidad-de-san-pedro-de-atacama/2013-06-05/3/datos.json
San Pedro de Atacama,02,Antofagasta,BCN,4,2013-05-11,ORDENANZA DE GESTIÓN AMBIENTAL LOCAL,Normativa General y Otras Materias,https://www.bcn.cl/leychile/navegar?idNorma=1050968,,,https://datos.bcn.cl/recurso/cl/orz/municipalidad-de-san-pedro-de-atacama/2013-05-11/4/datos.json
San Pedro de Atacama,02,Antofagasta,BCN,5,2013-05-11,"REGULA LA AUTORIZACIÓN Y EXPLOTACIÓN COMERCIAL DE MÁQUINAS DE HABILIDAD, DESTREZA O JUEGOS SIMILARES","Comercio, Alcoholes y Patentes",https://www.bcn.cl/leychile/navegar?idNorma=1050969,,,https://datos.bcn.cl/recurso/cl/orz/municipalidad-de-san-pedro-de-atacama/2013-05-11/5/datos.json
San Pedro de Atacama,02,Antofagasta,BCN,1,2013-04-16,ORDENANZA SOBRE TERMINAL DE BUSES,Normativa General y Otras Materias,https://www.bcn.cl/leychile/navegar?idNorma=1050177,,,https://datos.bcn.cl/recurso/cl/orz/municipalidad-de-san-pedro-de-atacama/2013-04-16/1/datos.json
San Pedro de Atacama,02,Antofagasta,BCN,11,2012-01-04,MODIFICA ORDENANZA SOBRE DERECHOS MUNICIPALES,Derechos Municipales y Tarifas,https://www.bcn.cl/leychile/navegar?idNorma=1035837,,,https://datos.bcn.cl/recurso/cl/orz/municipalidad-de-san-pedro-de-atacama/2012-01-04/11/datos.json
San Pedro de Atacama,02,Antofagasta,BCN,9,2011-12-20,"MODIFICA ORDENANZA MUNICIPAL Nº 3, DE 2008, SOBRE PATENTES DE ALCOHOLES Y HORARIO DE FUNCIONAMIENTO DE ESTABLECIMIENTOS DE EXPENDIO DE BEBIDAS ALCOHÓLICAS","Comercio, Alcoholes y Patentes",https://www.bcn.cl/leychile/navegar?idNorma=1035192,,,https://datos.bcn.cl/recurso/cl/orz/municipalidad-de-san-pedro-de-atacama/2011-12-20/9/datos.json
San Pedro de Atacama,02,Antofagasta,BCN,8,2011-11-03,MODIFICA COBRO DE DERECHOS MUNICIPALES RELATIVOS A CONCESIONES DE CONSTRUCCIÓN O INSTALACIÓN EN BIENES NACIONALES DE USO PÚBLICO Y MUNICIPALES,Derechos Municipales y Tarifas,https://www.bcn.cl/leychile/navegar?idNorma=1031998,,,https://datos.bcn.cl/recurso/cl/orz/municipalidad-de-san-pedro-de-atacama/2011-11-03/8/datos.json
San Pedro de Atacama,02,Antofagasta,BCN,4,2011-08-27,MODIFICA ORDENANZA QUE ESTABLECE MONTOS Y COBRO DE DERECHOS MUNICIPALES,Derechos Municipales y Tarifas,https://www.bcn.cl/leychile/navegar?idNorma=1028931,,,https://datos.bcn.cl/recurso/cl/orz/municipalidad-de-san-pedro-de-atacama/2011-08-27/4/datos.json
San Pedro de Atacama,02,Antofagasta,BCN,5,2011-08-27,"MODIFICA ORDENANZA Nº 1, DE 1990",Normativa General y Otras Materias,https://www.bcn.cl/leychile/navegar?idNorma=1028932,,,https://datos.bcn.cl/recurso/cl/orz/municipalidad-de-san-pedro-de-atacama/2011-08-27/5/datos.json
San Pedro de Atacama,02,Antofagasta,BCN,2,2011-06-29,PROHÍBE EL TRÁNSITO DE VEHÍCULOS EN PASAJE AUCALQUINCHA,Tránsito y Transporte,https://www.bcn.cl/leychile/navegar?idNorma=1026889,,,https://datos.bcn.cl/recurso/cl/orz/municipalidad-de-san-pedro-de-atacama/2011-06-29/2/datos.json
San Pedro de Atacama,02,Antofagasta,BCN,6,2010-11-25,"MODIFICA ORDENANZA LOCAL SOBRE DERECHOS MUNICIPALES POR CONCESIONES, PERMISOS Y SERVICIOS",Derechos Municipales y Tarifas,https://www.bcn.cl/leychile/navegar?idNorma=1019826,,,https://datos.bcn.cl/recurso/cl/orz/municipalidad-de-san-pedro-de-atacama/2010-11-25/6/datos.json
San Pedro de Atacama,02,Antofagasta,BCN,4,2010-11-09,"MODIFICA ORDENANZA Nº 9, DE 2007, SOBRE DERECHOS MUNICIPALES",Derechos Municipales y Tarifas,https://www.bcn.cl/leychile/navegar?idNorma=1019160,,,https://datos.bcn.cl/recurso/cl/orz/municipalidad-de-san-pedro-de-atacama/2010-11-09/4/datos.json
San Pedro de Atacama,02,Antofagasta,BCN,2,2009-05-19,ORDENANZA Nº 2/09 SOBRE SUBVENCIONES MUNICIPALES,"Salud, Deporte y Desarrollo Social",https://www.bcn.cl/leychile/navegar?idNorma=1002417,,,https://datos.bcn.cl/recurso/cl/orz/municipalidad-de-san-pedro-de-atacama/2009-05-19/2/datos.json
San Pedro de Atacama,02,Antofagasta,BCN,3,2008-05-14,"DICTA ORDENANZA MUNICIPAL Nº 03, SOBRE PATENTES DE
ALCOHOLES Y HORARIO DE FUNCIONAMIENTO DE
ESTABLECIMIENTOS DE EXPENDIO DE BEBIDAS ALCOHÓLICAS","Comercio, Alcoholes y Patentes",https://www.bcn.cl/leychile/navegar?idNorma=271222,,,https://datos.bcn.cl/recurso/cl/orz/municipalidad-de-san-pedro-de-atacama/2008-05-14/3/datos.json
San Pedro de Atacama,02,Antofagasta,BCN,9,2007-12-29,"ORDENANZA LOCAL Nº 09/2007 SOBRE DERECHOS MUNICIPALES POR CONCESIONES, PERMISOS, OCUPACIÓN DE BIENES NACIONALES DE USO PÚBLICO, PROPAGANDA Y OTROS SERVICIOS",Derechos Municipales y Tarifas,https://www.bcn.cl/leychile/navegar?idNorma=268073,,,https://datos.bcn.cl/recurso/cl/orz/municipalidad-de-san-pedro-de-atacama/2007-12-29/9/datos.json
San Pedro de Atacama,02,Antofagasta,BCN,7,2007-12-05,"MODIFICA ORDENANZA Nº2, DE 2005, SOBRE PATENTES DE ALCOHOLES Y HORARIO DE FUNCIONAMIENTO DE ESTABLECIMIENTOS DE BEBIDAS ALCOHÓLICAS","Comercio, Alcoholes y Patentes",https://www.bcn.cl/leychile/navegar?idNorma=267198,,,https://datos.bcn.cl/recurso/cl/orz/municipalidad-de-san-pedro-de-atacama/2007-12-05/7/datos.json
San Pedro de Atacama,02,Antofagasta,BCN,5,2007-10-18,"FIJA NUEVO SENTIDO DE TRÁNSITO EN POBLACIÓN PUNTA DE DIAMANTE DE SAN PEDRO DE ATACAMA, EN CALLES QUE INDICA",Tránsito y Transporte,https://www.bcn.cl/leychile/navegar?idNorma=265664,,,https://datos.bcn.cl/recurso/cl/orz/municipalidad-de-san-pedro-de-atacama/2007-10-18/5/datos.json
San Pedro de Atacama,02,Antofagasta,BCN,3,2007-08-06,INTRODUCE MODIFICACIONES A ORDENANZAS QUE INDICA,Normativa General y Otras Materias,https://www.bcn.cl/leychile/navegar?idNorma=263343,,,https://datos.bcn.cl/recurso/cl/orz/municipalidad-de-san-pedro-de-atacama/2007-08-06/3/datos.json
San Pedro de Atacama,02,Antofagasta,BCN,1,2007-04-12,"MODIFICA ORDENANZA Nº 3, DE 2003",Normativa General y Otras Materias,https://www.bcn.cl/leychile/navegar?idNorma=259928,,,https://datos.bcn.cl/recurso/cl/orz/municipalidad-de-san-pedro-de-atacama/2007-04-12/1/datos.json
San Pedro de Atacama,02,Antofagasta,BCN,5,2006-11-16,MODIFICA ORDENANZAS QUE INDICA,Normativa General y Otras Materias,https://www.bcn.cl/leychile/navegar?idNorma=255288,,,https://datos.bcn.cl/recurso/cl/orz/municipalidad-de-san-pedro-de-atacama/2006-11-16/5/datos.json
San Pedro de Atacama,02,Antofagasta,BCN,3,2006-08-09,MODIFICA ORDENANZAS QUE INDICA,Normativa General y Otras Materias,https://www.bcn.cl/leychile/navegar?idNorma=252083,,,https://datos.bcn.cl/recurso/cl/orz/municipalidad-de-san-pedro-de-atacama/2006-08-09/3/datos.json
San Pedro de Atacama,02,Antofagasta,BCN,1,1994-01-31,DICTA ORDENANZA LOCAL SOBRE DERECHOS MUNICIPALES,Derechos Municipales y Tarifas,https://www.bcn.cl/leychile/navegar?idNorma=30888,,,https://datos.bcn.cl/recurso/cl/orz/municipalidad-de-san-pedro-de-atacama/1994-01-31/1/datos.json
San Pedro de Atacama,02,Antofagasta,Municipalidad,S/N,2026-01-01,***Para visualizar PDF hacer click sobre la imagen***,Derechos Municipales y Tarifas,https://munispa.cl/wp-content/uploads/2023/10/ORDENANZA-MUNICIPAL-SOBRE-ASEO-Y-TARIFA.pdf,https://munispa.cl/ordenanza_04-2023/,fd3b42d7018ee1a0427f4c7332d5bea871aefa1d40ee91954725970a5688482a,
Tocopilla,02,Antofagasta,BCN,5,1996-01-23,"MODIFICA, A CONTAR DE FECHA QUE INDICA, ORDENANZA N° 4 DE 1995",Normativa General y Otras Materias,https://www.bcn.cl/leychile/navegar?idNorma=31001,,,https://datos.bcn.cl/recurso/cl/orz/municipalidad-de-tocopilla/1996-01-23/5/datos.json
Tocopilla,02,Antofagasta,BCN,6,1996-01-23,"DICTA ORDENANZA PARA DETERMINAR TARIFAS DE ASEO, COBRO Y EXENCIONES",Derechos Municipales y Tarifas,https://www.bcn.cl/leychile/navegar?idNorma=31008,,,https://datos.bcn.cl/recurso/cl/orz/municipalidad-de-tocopilla/1996-01-23/6/datos.json
Tocopilla,02,Antofagasta,BCN,1,1995-01-10,"ORDENANZA SOBRE COBRO DE DERECHOS MUNICIPALES POR SERVICIOS, CONCESIONES, PERMISOS Y OTROS",Derechos Municipales y Tarifas,https://www.bcn.cl/leychile/navegar?idNorma=30892,,,https://datos.bcn.cl/recurso/cl/orz/municipalidad-de-tocopilla/1995-01-10/1/datos.json
Tocopilla,02,Antofagasta,BCN,s-n,1991-01-21,"MODIFICA ORDENANZA NO. 206, DE 1985",Normativa General y Otras Materias,https://www.bcn.cl/leychile/navegar?idNorma=88466,,,https://datos.bcn.cl/recurso/cl/orz/municipalidad-de-tocopilla/1991-01-21/s-n/datos.json
Tocopilla,02,Antofagasta,BCN,2,1990-09-01,DICTA ORDENANZA DE ASEO Y ORNATO,"Aseo, Ornato y Medio Ambiente",https://www.bcn.cl/leychile/navegar?idNorma=88697,,,https://datos.bcn.cl/recurso/cl/orz/municipalidad-de-tocopilla/1990-09-01/2/datos.json
Tocopilla,02,Antofagasta,BCN,1,1990-07-25,REGULA Y REGLAMENTA ACTIVIDAD COMERCIAL DE KIOSKOS EN LA COMUNA,"Comercio, Alcoholes y Patentes",https://www.bcn.cl/leychile/navegar?idNorma=89455,,,https://datos.bcn.cl/recurso/cl/orz/municipalidad-de-tocopilla/1990-07-25/1/datos.json
Tocopilla,02,Antofagasta,BCN,223,1986-01-23,"DICTA ORDENANZA POR COBRO DE DERECHOS MUNICIPALES POR SERVICIOS, CONCESIONES Y PERMISOS",Derechos Municipales y Tarifas,https://www.bcn.cl/leychile/navegar?idNorma=158910,,,https://datos.bcn.cl/recurso/cl/orz/municipalidad-de-tocopilla/1986-01-23/223/datos.json
Tocopilla,02,Antofagasta,BCN,206,1986-01-04,COBRO DE LOS DERECHOS DEL CEMENTERIO MUNICIPAL DE TOCOPILLA,Derechos Municipales y Tarifas,https://www.bcn.cl/leychile/navegar?idNorma=157987,,,https://datos.bcn.cl/recurso/cl/orz/municipalidad-de-tocopilla/1986-01-04/206/datos.json
María Elena,02,Antofagasta,BCN,3,2020-07-27,ORDENANZA SOBRE SUBVENCIONES MUNICIPALES DE LA MUNICIPALIDAD DE MARÍA ELENA,"Salud, Deporte y Desarrollo Social",https://www.bcn.cl/leychile/navegar?idNorma=1147798,,,https://datos.bcn.cl/recurso/cl/orz/municipalidad-de-maria-elena/2020-07-27/3/datos.json
María Elena,02,Antofagasta,BCN,1,2020-07-02,"ORDENANZA DE MEDIDAS DE PREVENCIÓN EN SALUD PÚBLICA COMUNAL, ANTE BROTE PANDÉMICO COVID-19","Salud, Deporte y Desarrollo Social",https://www.bcn.cl/leychile/navegar?idNorma=1147180,,,https://datos.bcn.cl/recurso/cl/orz/municipalidad-de-maria-elena/2020-07-02/1/datos.json
María Elena,02,Antofagasta,BCN,2,2020-07-02,"ORDENANZA DE ASEO, RECOLECCIÓN Y EXTRACCIÓN DE BASURA, PARA LA COMUNA DE MARÍA ELENA","Aseo, Ornato y Medio Ambiente",https://www.bcn.cl/leychile/navegar?idNorma=1147181,,,https://datos.bcn.cl/recurso/cl/orz/municipalidad-de-maria-elena/2020-07-02/2/datos.json
María Elena,02,Antofagasta,BCN,2,1985-05-23,"DICTA ORDENANZA LOCAL SOBRE DERECHOS MUNICIPALES POR CONCESIONES, PERMISOS Y SERVICIOS",Derechos Municipales y Tarifas,https://www.bcn.cl/leychile/navegar?idNorma=157699,,,https://datos.bcn.cl/recurso/cl/orz/municipalidad-de-maria-elena/1985-05-23/2/datos.json
María Elena,02,Antofagasta,Municipalidad,S/N,2026-01-01,Ordenanza Municipal de MARÍA ELENA — 27741 ordenanza sobre subvenciones municipales de la municipalidad de maria elena,Normativa General y Otras Materias,https://transparencia.imme.cl/transparencia/datos/111/119/27741_ordenanza-sobre-subvenciones-municipales-de-la-municipalidad-de-maria-elena_.pdf,https://transparencia.imme.cl/transparencia/datos/111/119/27741_ordenanza-sobre-subvenciones-municipales-de-la-municipalidad-de-maria-elena_.pdf,514211178ef521e4ac0461d346985f8ddb7be768ac4d3014ee33ff98fac6a673,
María Elena,02,Antofagasta,Municipalidad,S/N-c15d,2026-01-01,Ordenanza Municipal de MARÍA ELENA — 6923 ordenanza de participacion ciudadana,Normativa General y Otras Materias,https://transparencia.imme.cl/transparencia/datos/103/106/6923_ordenanza-de-participacion-ciudadana.pdf,https://transparencia.imme.cl/directorio_44.html,c15d450cf6fb799593d4eb2a0de748f88e0fa6d95afc9611072f8989123a9e24,
María Elena,02,Antofagasta,Municipalidad,S/N-adbf,2026-01-01,Ordenanza Municipal de MARÍA ELENA — 3171 ordenanza municipal de rentas,Normativa General y Otras Materias,https://transparencia.imme.cl/transparencia/datos/111/119/3171_ordenanza-municipal-de-rentas.pdf,https://transparencia.imme.cl/directorio_44.html,adbf38d8459fc88dfb68fdb1a3e793372253e022f18a2ddc1b0bf542f6ba11dc,
María Elena,02,Antofagasta,Municipalidad,S/N-59cc,2026-01-01,Ordenanza Municipal de MARÍA ELENA — 3172 ordenanza municipal de ferias,"Patentes, Comercio y Alcoholes",https://transparencia.imme.cl/transparencia/datos/111/119/3172_ordenanza-municipal-de-ferias.pdf,https://transparencia.imme.cl/directorio_44.html,59cc75de774c7ab4673fe596194548e8ba1844ac6ddd306aef7373982b5a1c89,
María Elena,02,Antofagasta,Municipalidad,S/N-04ae,2026-01-01,Ordenanza Municipal de MARÍA ELENA — 3175 modificacion de ordenanza de rentas,Normativa General y Otras Materias,https://transparencia.imme.cl/transparencia/datos/111/119/3175_modificacion-de-ordenanza-de-rentas.pdf,https://transparencia.imme.cl/directorio_44.html,04aeb3cde8bfddcfbd129cbd0d449c5adad177319dd4d84a3aaaf8eedbdbb777,
Copiapó,03,Atacama,BCN,5,1995-01-24,MODIFICA ORDENANZA SOBRE DERECHOS MUNICIPALES,Derechos Municipales y Tarifas,https://www.bcn.cl/leychile/navegar?idNorma=30994,,,https://datos.bcn.cl/recurso/cl/orz/municipalidad-de-copiapo/1995-01-24/5/datos.json
Copiapó,03,Atacama,BCN,4,1994-01-31,MODIFICA ORDENANZA SOBRE DERECHOS MUNICIPALES,Derechos Municipales y Tarifas,https://www.bcn.cl/leychile/navegar?idNorma=30978,,,https://datos.bcn.cl/recurso/cl/orz/municipalidad-de-copiapo/1994-01-31/4/datos.json
Copiapó,03,Atacama,BCN,3,1993-12-24,MODIFICA ORDENANZA SOBRE DERECHOS MUNICIPALES _______________________________________________________ | NOTA: VER DIARIO OFICIAL N° 34748 DEL 24 DE | | DICIEMBRE DE 1993 PAGINA 9. | |_____________________________________________________|,Derechos Municipales y Tarifas,https://www.bcn.cl/leychile/navegar?idNorma=30960,,,https://datos.bcn.cl/recurso/cl/orz/municipalidad-de-copiapo/1993-12-24/3/datos.json
Copiapó,03,Atacama,BCN,2,1993-07-17,"RECTIFICA VALORES ESTABLECIDOS EN ORDENANZA LOCAL SOBRE DERECHOS MUNICIPALES POR PERMISOS, CONCESIONES Y SERVICIOS, SEGUN SE INDICA",Derechos Municipales y Tarifas,https://www.bcn.cl/leychile/navegar?idNorma=30933,,,https://datos.bcn.cl/recurso/cl/orz/municipalidad-de-copiapo/1993-07-17/2/datos.json
Copiapó,03,Atacama,BCN,s-n,1993-02-02,PLAN REGULADOR COMUNAL DE COPIAPO,"Urbanismo, Obras y Edificación",https://www.bcn.cl/leychile/navegar?idNorma=31153,,,https://datos.bcn.cl/recurso/cl/orz/municipalidad-de-copiapo/1993-02-02/s-n/datos.json
Copiapó,03,Atacama,BCN,1,1993-01-30,"MODIFICA ORDENANZA LOCAL SOBRE DERECHOS MUNICIPALES POR PERMISOS, CONCESIONES Y SERVICIOS",Derechos Municipales y Tarifas,https://www.bcn.cl/leychile/navegar?idNorma=30871,,,https://datos.bcn.cl/recurso/cl/orz/municipalidad-de-copiapo/1993-01-30/1/datos.json
Copiapó,03,Atacama,BCN,8,1990-01-31,"DICTA ORDENANZA LOCAL SOBRE DERECHOS MUNICIPALES POR PERMISOS, CONCESIONES Y SERVICIOS",Derechos Municipales y Tarifas,https://www.bcn.cl/leychile/navegar?idNorma=165147,,,https://datos.bcn.cl/recurso/cl/orz/municipalidad-de-copiapo/1990-01-31/8/datos.json
Copiapó,03,Atacama,BCN,1884,1988-08-05,MODIFICA ORDENANZA LOCAL SOBRE DERECHOS MUNICIPALES,Derechos Municipales y Tarifas,https://www.bcn.cl/leychile/navegar?idNorma=129784,,,https://datos.bcn.cl/recurso/cl/orz/municipalidad-de-copiapo/1988-08-05/1884/datos.json
Copiapó,03,Atacama,BCN,1,1986-02-10,"DICTA ORDENANZA LOCAL SOBRE DERECHOS MUNICIPALES POR PERMISOS, CONCESIONES Y SERVICIOS QUE RECIBAN EN EL AÑO 1986",Derechos Municipales y Tarifas,https://www.bcn.cl/leychile/navegar?idNorma=188507,,,https://datos.bcn.cl/recurso/cl/orz/municipalidad-de-copiapo/1986-02-10/1/datos.json
Copiapó,03,Atacama,BCN,s-n,1985-06-18,"MODIFICA ARTICULO 17 DE ORDENANZA LOCAL Nº 1, DE 1983",Normativa General y Otras Materias,https://www.bcn.cl/leychile/navegar?idNorma=164104,,,https://datos.bcn.cl/recurso/cl/orz/municipalidad-de-copiapo/1985-06-18/s-n/datos.json
Caldera,03,Atacama,BCN,s-n,2004-01-31,MODIFICA PLAN REGULADOR DE CALDERA ZONA U2AC -R22 SECTOR ORIENTE CAMINO CALDERA BAHIA INGLESA,"Urbanismo, Obras y Edificación",https://www.bcn.cl/leychile/navegar?idNorma=220779,,,https://datos.bcn.cl/recurso/cl/orz/municipalidad-de-caldera/2004-01-31/s-n/datos.json
Caldera,03,Atacama,BCN,s-n,2003-01-08,FIJA TEXTO REFUNDIDO DE ORDENANZA SOBRE RUIDOS MOLESTOS EN LA COMUNA DE CALDERA,"Aseo, Ornato y Medio Ambiente",https://www.bcn.cl/leychile/navegar?idNorma=206513,,,https://datos.bcn.cl/recurso/cl/orz/municipalidad-de-caldera/2003-01-08/s-n/datos.json
Caldera,03,Atacama,BCN,896,1994-01-12,"APRUEBA ORDENANZA LOCAL SOBRE DERECHOS MUNICIPALES POR PERMISOS, CONCESIONES Y SERVICIOS",Derechos Municipales y Tarifas,https://www.bcn.cl/leychile/navegar?idNorma=31142,,,https://datos.bcn.cl/recurso/cl/orz/municipalidad-de-caldera/1994-01-12/896/datos.json
Caldera,03,Atacama,BCN,1,1992-01-11,ORDENANZA LOCAL SOBRE FERIAS LIBRES,"Comercio, Alcoholes y Patentes",https://www.bcn.cl/leychile/navegar?idNorma=86141,,,https://datos.bcn.cl/recurso/cl/orz/municipalidad-de-caldera/1992-01-11/1/datos.json
Caldera,03,Atacama,BCN,1,1989-11-11,DICTA ORDENANZA LOCAL SOBRE DERECHOS MUNICIPALES POR SERVICIOS EN EL CEMENTERIO MUNICIPAL,Derechos Municipales y Tarifas,https://www.bcn.cl/leychile/navegar?idNorma=160388,,,https://datos.bcn.cl/recurso/cl/orz/municipalidad-de-caldera/1989-11-11/1/datos.json
Tierra Amarilla,03,Atacama,BCN,s-n,1993-01-27,"ORDENANZA LOCAL SOBRE DERECHOS MUNICIPALES POR CONCESIONES, DERECHOS, PERMISOS Y SERVICIOS",Derechos Municipales y Tarifas,https://www.bcn.cl/leychile/navegar?idNorma=31150,,,https://datos.bcn.cl/recurso/cl/orz/municipalidad-de-tierra-amarilla/1993-01-27/s-n/datos.json
Chañaral,03,Atacama,Municipalidad,19,2026-01-01,Ordenanza Municipal de CHAÑARAL — Publicacion D.O con Ordenanza Decreto N 19,Normativa General y Otras Materias,https://www.munichanaral.cl/pdf/regulador/Publicacion_D.O_con_Ordenanza_Decreto_N_19.pdf,https://www.munichanaral.cl/pdf/regulador/Publicacion_D.O_con_Ordenanza_Decreto_N_19.pdf,4c5e5a966c5633c3c198afc03add39088bc80fa235e0d660134a5eee7c975945,
Vallenar,03,Atacama,BCN,s-n,2003-10-24,"DICTA ORDENANZA SOBRE DERECHOS, PERMISOS, CONCESIONES Y SERVICIOS",Derechos Municipales y Tarifas,https://www.bcn.cl/leychile/navegar?idNorma=216267,,,https://datos.bcn.cl/recurso/cl/orz/municipalidad-de-vallenar/2003-10-24/s-n/datos.json
Vallenar,03,Atacama,BCN,s-n,1999-12-23,ORDENANZA DE PARTICIPACION CIUDADANA,Organización y Régimen Interno,https://www.bcn.cl/leychile/navegar?idNorma=149801,,,https://datos.bcn.cl/recurso/cl/orz/municipalidad-de-vallenar/1999-12-23/s-n/datos.json
Vallenar,03,Atacama,BCN,s-n,1997-06-24,MODIFICA ORDENANZA MUNICIPAL,Normativa General y Otras Materias,https://www.bcn.cl/leychile/navegar?idNorma=73792,,,https://datos.bcn.cl/recurso/cl/orz/municipalidad-de-vallenar/1997-06-24/s-n/datos.json
Vallenar,03,Atacama,BCN,s-n,1995-05-23,MODIFICA ORDENANZA MUNICIPAL SOBRE DERECHOS VARIOS N° 1,Derechos Municipales y Tarifas,https://www.bcn.cl/leychile/navegar?idNorma=31173,,,https://datos.bcn.cl/recurso/cl/orz/municipalidad-de-vallenar/1995-05-23/s-n/datos.json
Vallenar,03,Atacama,BCN,s-n,1995-05-22,"MODIFICA ORDENANZA N° 1, DE 1994",Normativa General y Otras Materias,https://www.bcn.cl/leychile/navegar?idNorma=31172,,,https://datos.bcn.cl/recurso/cl/orz/municipalidad-de-vallenar/1995-05-22/s-n/datos.json
Vallenar,03,Atacama,BCN,1,1994-06-18,ORDENANZA SOBRE DERECHOS MUNICIPALES POR CONCESIONES PERMISOS Y SERVICIOS,Derechos Municipales y Tarifas,https://www.bcn.cl/leychile/navegar?idNorma=30890,,,https://datos.bcn.cl/recurso/cl/orz/municipalidad-de-vallenar/1994-06-18/1/datos.json
Vallenar,03,Atacama,BCN,1,1991-04-10,"MODIFICA Y COMPLEMENTA ORDENANZA MUNICIPAL SOBRE DERECHOS MUNICIPALES POR CONCESIONES, PERMISOS Y SERVICIOS",Derechos Municipales y Tarifas,https://www.bcn.cl/leychile/navegar?idNorma=87510,,,https://datos.bcn.cl/recurso/cl/orz/municipalidad-de-vallenar/1991-04-10/1/datos.json
Vallenar,03,Atacama,BCN,s-n,1990-06-28,"ORDENANZA MUNICIPAL SOBRE DERECHOS, CONCESIONES POR PERMISOS Y SERVICIOS",Derechos Municipales y Tarifas,https://www.bcn.cl/leychile/navegar?idNorma=219116,,,https://datos.bcn.cl/recurso/cl/orz/municipalidad-de-vallenar/1990-06-28/s-n/datos.json
Vallenar,03,Atacama,BCN,1,1986-04-28,"DICTA ORDENANZA DE ASEO, ORNATO Y AREAS VERDES","Aseo, Ornato y Medio Ambiente",https://www.bcn.cl/leychile/navegar?idNorma=164997,,,https://datos.bcn.cl/recurso/cl/orz/municipalidad-de-vallenar/1986-04-28/1/datos.json
Vallenar,03,Atacama,BCN,s-n,1986-03-31,DICTA ORDENANZA MUNICIPAL SOBRE DESARROLLO DE ACTIVIDADES DEPORTIVAS Y OTRAS EN LAS VIAS PUBLICAS,Normativa General y Otras Materias,https://www.bcn.cl/leychile/navegar?idNorma=159956,,,https://datos.bcn.cl/recurso/cl/orz/municipalidad-de-vallenar/1986-03-31/s-n/datos.json
Vallenar,03,Atacama,BCN,s-n,1986-03-15,APRUEBA ORDENANZA SOBRE TERMINALES DE LOCOMOCION COLECTIVA NO URBANA,"Urbanismo, Obras y Edificación",https://www.bcn.cl/leychile/navegar?idNorma=158063,,,https://datos.bcn.cl/recurso/cl/orz/municipalidad-de-vallenar/1986-03-15/s-n/datos.json
Alto del Carmen,03,Atacama,BCN,859,2002-01-08,MODIFICA ORDENANZA MUNICIPAL DEL COMERCIO NO ESTABLECIDO DE LA COMUNA,"Comercio, Alcoholes y Patentes",https://www.bcn.cl/leychile/navegar?idNorma=193396,,,https://datos.bcn.cl/recurso/cl/orz/municipalidad-de-el-carmen/2002-01-08/859/datos.json
Alto del Carmen,03,Atacama,BCN,2,1989-08-12,DICTA ORDENANZA DE ASEO Y ORNATO DE LA COMUNA DE ALTO DEL CARMEN,"Aseo, Ornato y Medio Ambiente",https://www.bcn.cl/leychile/navegar?idNorma=207828,,,https://datos.bcn.cl/recurso/cl/orz/municipalidad-de-alto-del-carmen/1989-08-12/2/datos.json
Alto del Carmen,03,Atacama,Municipalidad,3,2019-01-01,Ordenanza Municipal de ALTO DEL CARMEN — Ordenanza 3 2019,Normativa General y Otras Materias,https://www.munialtodelcarmen.cl/web/wp-content/uploads/2019/12/Ordenanza-3_2019.pdf,https://www.munialtodelcarmen.cl/web/decretosalcaldicios-ordenanzasmunicipales/,bf17b92482889bf9f1444e042ed1374b1ff9b9dc347cf94894daff45e2ce140b,
Alto del Carmen,03,Atacama,Municipalidad,01,2020-04-23,Enlace Ordenanza Municipal 2020 1 23.04.2020 Ordenanza Municipal Transitoria Sobre el Uso de Mascarillas. Enlace,Tránsito y Transporte,https://www.munialtodelcarmen.cl/web/wp-content/uploads/2020/04/ORDENANZA-01-23-04-2020-SOBRE-USO-DE-MASCARILLAS.pdf,https://www.munialtodelcarmen.cl/web/decretosalcaldicios-ordenanzasmunicipales/,bb9a75cf09b3fc28985e3c4105d2c945ced23fe214dd3fe2c3f96a63dc845d21,
Alto del Carmen,03,Atacama,Municipalidad,2,2020-01-01,Ordenanza Municipal de ALTO DEL CARMEN — Ordenanza Municipal N° 2 2020,Normativa General y Otras Materias,https://www.munialtodelcarmen.cl/web/wp-content/uploads/2020/05/Ordenanza-Municipal-N%C2%B0-2-2020.pdf,https://www.munialtodelcarmen.cl/web/decretosalcaldicios-ordenanzasmunicipales/,755531a865eb337af40ad2f4362d3fdbb81f562e03d60dfc9341a0eaf56eeb69,
Alto del Carmen,03,Atacama,Municipalidad,3,2020-01-01,Ordenanza Municipal de ALTO DEL CARMEN — Ordenanza Municipal N° 3 2020,Normativa General y Otras Materias,https://www.munialtodelcarmen.cl/web/wp-content/uploads/2020/05/Ordenanza-Municipal-N%C2%B0-3-2020.pdf,https://www.munialtodelcarmen.cl/web/decretosalcaldicios-ordenanzasmunicipales/,1bdebe9303571af56c2fef0cc48ca15f5a9bdf34e2cd2f905471d1b2da5c03eb,
Alto del Carmen,03,Atacama,Municipalidad,4,2020-01-01,Ordenanza Municipal de ALTO DEL CARMEN — Ordenanza Municipal N° 4 2020,Normativa General y Otras Materias,https://www.munialtodelcarmen.cl/web/wp-content/uploads/2020/07/Ordenanza-Municipal-N%C2%B0-4-2020.pdf,https://www.munialtodelcarmen.cl/web/decretosalcaldicios-ordenanzasmunicipales/,27f1aa9cbebca4f17b9d400ed2d83ff9ea4de6cf55e9535ae035c59f72b64c4a,
Alto del Carmen,03,Atacama,Municipalidad,1,2021-01-01,Ordenanza Municipal de ALTO DEL CARMEN — Ordenanza Municipal N° 1 2021,Normativa General y Otras Materias,https://www.munialtodelcarmen.cl/web/wp-content/uploads/Ordenanza-Municipal-N%C2%B0-1-2021.pdf,https://www.munialtodelcarmen.cl/web/decretosalcaldicios-ordenanzasmunicipales/,453780364ebc0a5c02cd39b58e2c4c10c7e4b93da434cc24aa71685292e1b3d1,
Huasco,03,Atacama,Municipalidad,S/N,2026-01-01,Ordenanza Municipal de HUASCO — ORDENANZA PARTICIPACION CIUDADANA,Normativa General y Otras Materias,https://imhuasco.cl/Transparenciamunicipal/Documentos/ordenanzas/2014/ORDENANZA-PARTICIPACION-CIUDADANA.pdf,https://imhuasco.cl/Transparenciamunicipal/Documentos/ordenanzas/2014/ORDENANZA-PARTICIPACION-CIUDADANA.pdf,ed47c162fa9e9aa7da8ca5e4e67bac8ffabec648f03a3fb77653b32ee6070a5c,
Huasco,03,Atacama,Municipalidad,S/N-0c0f,2026-01-01,Ordenanza Municipal de HUASCO — PUBLICACIÓN ORDENANZA TENENCIA RESPONSABLE DE MASCOTAS,Tenencia Responsable de Mascotas,https://imhuasco.cl/Transparenciamunicipal/Documentos/ordenanzas/2022/PUBLICACI%C3%93N-ORDENANZA-TENENCIA-RESPONSABLE-DE-MASCOTAS.pdf,https://imhuasco.cl/Transparenciamunicipal/Documentos/ordenanzas/2022/PUBLICACI%C3%93N-ORDENANZA-TENENCIA-RESPONSABLE-DE-MASCOTAS.pdf,0c0f66daea91bc293dbff7c149e7a2234101b15be63326bba94bb556f69c609d,
Huasco,03,Atacama,Municipalidad,S/N-04b7,2026-01-01,Ordenanza Municipal de HUASCO — DA792,Normativa General y Otras Materias,https://imhuasco.cl/wp-content/uploads/2026/03/DA792.pdf,https://imhuasco.cl/ordenanzas-municipales/,04b7b1552751536b9f7753abc07de18f42cfdd145a219278da3e337c2766e866,
La Serena,04,Coquimbo,BCN,1,1995-01-30,"DICTA ORDENANZA SOBRE DERECHOS MUNICIPALES POR PERMISOS, CONCESIONES Y SERVICIOS",Derechos Municipales y Tarifas,https://www.bcn.cl/leychile/navegar?idNorma=30899,,,https://datos.bcn.cl/recurso/cl/orz/municipalidad-de-la-serena/1995-01-30/1/datos.json
La Serena,04,Coquimbo,BCN,1,1993-01-29,DICTA ORDENANZA MUNICIPAL POR PERMISOS CONCESIONES Y SERVICIOS,Derechos Municipales y Tarifas,https://www.bcn.cl/leychile/navegar?idNorma=30868,,,https://datos.bcn.cl/recurso/cl/orz/municipalidad-de-la-serena/1993-01-29/1/datos.json
La Serena,04,Coquimbo,BCN,7,1993-01-11,"DICTA MODIFICACION ORDENANZA MUNICIPAL POR PERMISOS, CONCESIONES Y SERVICIOS",Derechos Municipales y Tarifas,https://www.bcn.cl/leychile/navegar?idNorma=31013,,,https://datos.bcn.cl/recurso/cl/orz/municipalidad-de-la-serena/1993-01-11/7/datos.json
La Serena,04,Coquimbo,BCN,1,1992-01-31,"DICTA ORDENANZA MUNICIPAL POR PERMISOS, CONCESIONES Y SERVICIOS",Derechos Municipales y Tarifas,https://www.bcn.cl/leychile/navegar?idNorma=96778,,,https://datos.bcn.cl/recurso/cl/orz/municipalidad-de-la-serena/1992-01-31/1/datos.json
La Serena,04,Coquimbo,BCN,1,1991-11-26,DICTA ORDENANZA DEL SERVICIO DE TARJETAS DE ESTACIONAMIENTO DE TIEMPO LIMITADO,Tránsito y Transporte,https://www.bcn.cl/leychile/navegar?idNorma=86681,,,https://datos.bcn.cl/recurso/cl/orz/municipalidad-de-la-serena/1991-11-26/1/datos.json
Coquimbo,04,Coquimbo,BCN,1,1997-05-06,ORDENANZA CONTROL DE LOS ESTACIONAMIENTOS EN CALLES DE COQUIMBO,Tránsito y Transporte,https://www.bcn.cl/leychile/navegar?idNorma=73119,,,https://datos.bcn.cl/recurso/cl/orz/municipalidad-de-coquimbo/1997-05-06/1/datos.json
Coquimbo,04,Coquimbo,BCN,2,1995-02-04,ORDENANZA DEL SERVICIO DE TARJETAS DE ESTACIONAMIENTO DE TIEMPO LIMITADO EN AVENIDA COSTANERA DE PEÑUELAS,Tránsito y Transporte,https://www.bcn.cl/leychile/navegar?idNorma=30940,,,https://datos.bcn.cl/recurso/cl/orz/municipalidad-de-coquimbo/1995-02-04/2/datos.json
Coquimbo,04,Coquimbo,BCN,3,1995-01-26,ORDENANZA DEL SERVICIO DE TARJETAS DE ESTACIONAMIENTO DE TIEMPO LIMITADO,Tránsito y Transporte,https://www.bcn.cl/leychile/navegar?idNorma=30966,,,https://datos.bcn.cl/recurso/cl/orz/municipalidad-de-coquimbo/1995-01-26/3/datos.json
Andacollo,04,Coquimbo,BCN,s-n,2009-01-12,MODIFICACIÓN ORDENANZA MUNICIPAL DEPARTAMENTO DE TRÁNSITO,Tránsito y Transporte,https://www.bcn.cl/leychile/navegar?idNorma=284830,,,https://datos.bcn.cl/recurso/cl/orz/municipalidad-de-andacollo/2009-01-12/s-n/datos.json
Andacollo,04,Coquimbo,BCN,s-n,2004-11-10,APRUEBA ORDENANZA DE REGISTRO DE PERSONAS JURIDICAS RECEPTORAS DE SUBVENCION DE FONDOS MUNICIPALES,"Salud, Deporte y Desarrollo Social",https://www.bcn.cl/leychile/navegar?idNorma=232290,,,https://datos.bcn.cl/recurso/cl/orz/municipalidad-de-andacollo/2004-11-10/s-n/datos.json
La Higuera,04,Coquimbo,Municipalidad,S/N,2026-01-01,Ordenanza Municipal de LA HIGUERA — DECRETOORDENANZA BECASMUNICIPALES,Normativa General y Otras Materias,https://www.munilahiguera.cl/DECRETOORDENANZA_BECASMUNICIPALES.pdf,https://www.munilahiguera.cl/DECRETOORDENANZA_BECASMUNICIPALES.pdf,0619c97877daf895ef0b6d2d4de3d217b3224a380ae5bc21f1b6e9ecf0904e3a,
La Higuera,04,Coquimbo,Municipalidad,S/N-a90c,2026-01-01,Ordenanza Municipal de LA HIGUERA — DICTA ORDENANZA DE ASEO COMUNA DE LA HIGUERA,"Aseo, Ornato y Medio Ambiente",https://www.munilahiguera.cl/DICTA_ORDENANZA_DE_ASEO_COMUNA_DE_LA_HIGUERA.pdf,https://www.munilahiguera.cl/DICTA_ORDENANZA_DE_ASEO_COMUNA_DE_LA_HIGUERA.pdf,a90c21f9b3d24620f8c56377c90102a80c68c84c9d829de26547305cc50c9e08,
La Higuera,04,Coquimbo,Municipalidad,S/N-10a5,2026-01-01,Ordenanza Municipal de LA HIGUERA — OrdenanzaParticipacionCiudadana2019,Normativa General y Otras Materias,https://www.munilahiguera.cl/OrdenanzaParticipacionCiudadana2019.pdf,https://www.munilahiguera.cl/OrdenanzaParticipacionCiudadana2019.pdf,10a50cfb4aa91bc5907a5d2ed2aa6010cac531e537c84a6073e29c6121d8cd1d,
La Higuera,04,Coquimbo,Municipalidad,S/N-1252,2026-01-01,Ordenanza Municipal de LA HIGUERA — ordenanzatenenciaresponsable,Normativa General y Otras Materias,https://www.munilahiguera.cl/ordenanzatenenciaresponsable.pdf,https://www.munilahiguera.cl/ordenanzatenenciaresponsable.pdf,12528d82bbc5adec84b87a78ae720fc4e8a9b56696c76ac8e034f82d510dd84d,
La Higuera,04,Coquimbo,Municipalidad,662,2026-01-01,Ordenanza Municipal de LA HIGUERA — 662,Normativa General y Otras Materias,https://www.munilahiguera.cl/transparencia2013/ordenanzas/662.pdf,https://www.munilahiguera.cl/transparencia2013/ordenanzas/662.pdf,652de5985e495d6d07b013ec1c9161ba9da92441f1654834f2b9b8853ab061d3,
Vicuña,04,Coquimbo,BCN,18,1999-07-12,FIJA HORARIO DE FUNCIONAMIENTO DE LOS ESTABLECIMIENTOS DE EXPENDIO DE BEBIDAS ALCOHOLICAS,"Comercio, Alcoholes y Patentes",https://www.bcn.cl/leychile/navegar?idNorma=138879,,,https://datos.bcn.cl/recurso/cl/orz/municipalidad-de-vicuna/1999-07-12/18/datos.json
Illapel,04,Coquimbo,BCN,s-n,1993-02-17,ORDENANZA DEL SERVICIO DE TARJETAS DE ESTACIONAMIENTO DE TIEMPO LIMITADO,Tránsito y Transporte,https://www.bcn.cl/leychile/navegar?idNorma=31157,,,https://datos.bcn.cl/recurso/cl/orz/municipalidad-de-illapel/1993-02-17/s-n/datos.json
Illapel,04,Coquimbo,BCN,123,1988-02-23,MODIFICA ORDENANZA MUNICIPAL QUE INDICA,Normativa General y Otras Materias,https://www.bcn.cl/leychile/navegar?idNorma=177639,,,https://datos.bcn.cl/recurso/cl/orz/municipalidad-de-illapel/1988-02-23/123/datos.json
Illapel,04,Coquimbo,Municipalidad,S/N,2026-01-01,Ordenanza Municipal de ILLAPEL — Ordenanza Ferias de la Comuna Illapel,"Patentes, Comercio y Alcoholes",https://municipalidadillapel.cl/app/uploads/2025/02/Ordenanza-Ferias-de-la-Comuna-Illapel.pdf,https://municipalidadillapel.cl/app/uploads/2025/02/Ordenanza-Ferias-de-la-Comuna-Illapel.pdf,030a81f7b55b75330b2e903fc24da90f2a4366a13da76706eaa02e4907cd1cac,
Illapel,04,Coquimbo,Municipalidad,S/N-c69c,2026-01-01,Ordenanza Municipal de ILLAPEL — digital,Normativa General y Otras Materias,https://municipalidadillapel.cl/app/uploads/2025/10/digital.pdf,https://municipalidadillapel.cl/ordenanzas-municipales/,c69cdc5ee74ef0f2bb5a704e11f34cbb8d4e8291dd9df30fd8b8a22da503823a,
Los Vilos,04,Coquimbo,BCN,1,1993-01-23,DICTA ORDENANZA DEL SERVICIO DE TARJETAS DE ESTACIONAMIENTO DE TIEMPO LIMITADO (N° 1/93),Tránsito y Transporte,https://www.bcn.cl/leychile/navegar?idNorma=30866,,,https://datos.bcn.cl/recurso/cl/orz/municipalidad-de-los-vilos/1993-01-23/1/datos.json
Salamanca,04,Coquimbo,BCN,16,1997-08-30,DICTA ORDENANZA DEL SERVICIO DE TARJETAS DE ESTACIONAMIENTO DE TIEMPO LIMITADO,Tránsito y Transporte,https://www.bcn.cl/leychile/navegar?idNorma=75426,,,https://datos.bcn.cl/recurso/cl/orz/municipalidad-de-salamanca/1997-08-30/16/datos.json
Salamanca,04,Coquimbo,BCN,s-n,1997-03-03,ORDENANZA DEL SERVICIO DE TARJETAS DE ESTACIONAMIENTO DE TIEMPO LIMITADO,Tránsito y Transporte,https://www.bcn.cl/leychile/navegar?idNorma=61385,,,https://datos.bcn.cl/recurso/cl/orz/municipalidad-de-salamanca/1997-03-03/s-n/datos.json
Salamanca,04,Coquimbo,BCN,51,1993-07-16,"MODIFICA ORDENANZA N° 1, DE 1981",Normativa General y Otras Materias,https://www.bcn.cl/leychile/navegar?idNorma=31079,,,https://datos.bcn.cl/recurso/cl/orz/municipalidad-de-salamanca/1993-07-16/51/datos.json
Salamanca,04,Coquimbo,BCN,14,1989-09-28,DICTA ORDENANZA SOBRE COLOCACION DE BANDERA NACIONAL,Normativa General y Otras Materias,https://www.bcn.cl/leychile/navegar?idNorma=100867,,,https://datos.bcn.cl/recurso/cl/orz/municipalidad-de-salamanca/1989-09-28/14/datos.json
Salamanca,04,Coquimbo,BCN,13,1989-08-04,ORDENANZA SOBRE INSTALACION Y FUNCIONAMIENTO LOCALES DE ENTRETENIMIENTO,Normativa General y Otras Materias,https://www.bcn.cl/leychile/navegar?idNorma=203353,,,https://datos.bcn.cl/recurso/cl/orz/municipalidad-de-salamanca/1989-08-04/13/datos.json
Salamanca,04,Coquimbo,BCN,11,1987-12-05,DICTA ORDENANZA SOBRE CONSERVACION DE CAMINOS COMUNALES,Normativa General y Otras Materias,https://www.bcn.cl/leychile/navegar?idNorma=142478,,,https://datos.bcn.cl/recurso/cl/orz/municipalidad-de-salamanca/1987-12-05/11/datos.json
Salamanca,04,Coquimbo,BCN,10,1986-08-19,DICTA ORDENANZA DE ASEO Y ORNATO,"Aseo, Ornato y Medio Ambiente",https://www.bcn.cl/leychile/navegar?idNorma=155764,,,https://datos.bcn.cl/recurso/cl/orz/municipalidad-de-salamanca/1986-08-19/10/datos.json
Salamanca,04,Coquimbo,BCN,8,1986-01-16,DICTA ORDENANZA SOBRE PREVENCION Y CONTROL DE RUIDOS MOLESTOS,"Aseo, Ornato y Medio Ambiente",https://www.bcn.cl/leychile/navegar?idNorma=158793,,,https://datos.bcn.cl/recurso/cl/orz/municipalidad-de-salamanca/1986-01-16/8/datos.json
Salamanca,04,Coquimbo,BCN,7,1985-05-06,DICTA ORDENANZA SOBRE RUPTURA Y REPOSICION DE PAVIMENTOS,"Aseo, Ornato y Medio Ambiente",https://www.bcn.cl/leychile/navegar?idNorma=168427,,,https://datos.bcn.cl/recurso/cl/orz/municipalidad-de-salamanca/1985-05-06/7/datos.json
Ovalle,04,Coquimbo,BCN,s-n,1994-11-19,ORDENANZA SOBRE PERMISOS Y CONCESIONES PARA LA EXTRACCION DE ARIDOS,Derechos Municipales y Tarifas,https://www.bcn.cl/leychile/navegar?idNorma=31163,,,https://datos.bcn.cl/recurso/cl/orz/municipalidad-de-ovalle/1994-11-19/s-n/datos.json
Ovalle,04,Coquimbo,BCN,1090,1991-12-19,DICTA ORDENANZA DEL SERVICIO DE TARJETAS DE ESTACIONAMIENTO POR TIEMPO LIMITADO,Tránsito y Transporte,https://www.bcn.cl/leychile/navegar?idNorma=86735,,,https://datos.bcn.cl/recurso/cl/orz/municipalidad-de-ovalle/1991-12-19/1090/datos.json
Ovalle,04,Coquimbo,BCN,669-exenta,1989-09-25,ORDENANZA DE ASEO Y ORNATO DE OVALLE,"Aseo, Ornato y Medio Ambiente",https://www.bcn.cl/leychile/navegar?idNorma=100627,,,https://datos.bcn.cl/recurso/cl/orz/municipalidad-de-ovalle/1989-09-25/669-exenta/datos.json
Combarbalá,04,Coquimbo,BCN,s-n,2010-02-20,"'ORDENANZA SOBRE DERECHOS MUNICIPALES POR CONCESIONES, PERMISOS Y SERVICIOS' AÑO 2010",Derechos Municipales y Tarifas,https://www.bcn.cl/leychile/navegar?idNorma=1011225,,,https://datos.bcn.cl/recurso/cl/orz/municipalidad-de-combarbala/2010-02-20/s-n/datos.json
Combarbalá,04,Coquimbo,BCN,27,1993-02-17,DICTA ORDENANZA MUNICIPAL POR PERMISOS CONCESIONES Y SERVICIOS,Derechos Municipales y Tarifas,https://www.bcn.cl/leychile/navegar?idNorma=31057,,,https://datos.bcn.cl/recurso/cl/orz/municipalidad-de-combarbala/1993-02-17/27/datos.json
Monte Patria,04,Coquimbo,BCN,s-n,2014-11-26,ORDENANZA SOBRE PATENTES DE ALCOHOLES,"Comercio, Alcoholes y Patentes",https://www.bcn.cl/leychile/navegar?idNorma=1070973,,,https://datos.bcn.cl/recurso/cl/orz/municipalidad-de-monte-patria/2014-11-26/s-n/datos.json
Monte Patria,04,Coquimbo,BCN,s/n,2014-11-26,ORDENANZA SOBRE PATENTES DE ALCOHOLES,"Comercio, Alcoholes y Patentes",https://www.bcn.cl/leychile/navegar?idNorma=1070973,,,https://datos.bcn.cl/recurso/cl/orz/municipalidad-de-monte-patria/2014-11-26/s/n/datos.json
Monte Patria,04,Coquimbo,BCN,s-n,2005-09-01,ORDENANZA MUNICIPAL MODIFICADA QUE REGULA LA AUTORIZACION DE PERMISOS DE ACTIVIDADES O EVENTOS CON FINES SOCIALES PARA ORGANIZACIONES COMUNITARIAS TERRITORIALES Y FUNCIONALES,"Salud, Deporte y Desarrollo Social",https://www.bcn.cl/leychile/navegar?idNorma=241460,,,https://datos.bcn.cl/recurso/cl/orz/municipalidad-de-monte-patria/2005-09-01/s-n/datos.json
Monte Patria,04,Coquimbo,BCN,s-n,2004-02-11,DICTA ORDENANZA SOBRE SUBVENCIONES MUNICIPALES,"Salud, Deporte y Desarrollo Social",https://www.bcn.cl/leychile/navegar?idNorma=221075,,,https://datos.bcn.cl/recurso/cl/orz/municipalidad-de-monte-patria/2004-02-11/s-n/datos.json
Monte Patria,04,Coquimbo,BCN,1,1998-02-07,"DICTA ORDENANZA LOCAL SOBRE DERECHOS MUNICIPALES POR CONCESIONES, PERMISOS Y SERVICIOS",Derechos Municipales y Tarifas,https://www.bcn.cl/leychile/navegar?idNorma=95375,,,https://datos.bcn.cl/recurso/cl/orz/municipalidad-de-monte-patria/1998-02-07/1/datos.json
Monte Patria,04,Coquimbo,BCN,1,1996-04-27,"DICTA ORDENANZA LOCAL SOBRE DERECHOS MUNICIPALES POR CONCESIONES, PERMISOS Y SERVICIOS",Derechos Municipales y Tarifas,https://www.bcn.cl/leychile/navegar?idNorma=30919,,,https://datos.bcn.cl/recurso/cl/orz/municipalidad-de-monte-patria/1996-04-27/1/datos.json
Monte Patria,04,Coquimbo,BCN,4,1992-04-13,DICTA ORDENANZA LOCAL SOBRE FERIA LIBRE DE EL PALQUI,"Comercio, Alcoholes y Patentes",https://www.bcn.cl/leychile/navegar?idNorma=86878,,,https://datos.bcn.cl/recurso/cl/orz/municipalidad-de-monte-patria/1992-04-13/4/datos.json
Monte Patria,04,Coquimbo,BCN,3,1990-10-01,"DICTA ORDENANZA MUNICIPAL SOBRE FLIPPERS, SALONES DE POOL, BILLAR Y SIMILARES","Comercio, Alcoholes y Patentes",https://www.bcn.cl/leychile/navegar?idNorma=88440,,,https://datos.bcn.cl/recurso/cl/orz/municipalidad-de-monte-patria/1990-10-01/3/datos.json
Monte Patria,04,Coquimbo,BCN,2,1987-09-25,DICTA ORDENANZA SOBRE ASEO DE LA COMUNA,"Aseo, Ornato y Medio Ambiente",https://www.bcn.cl/leychile/navegar?idNorma=145699,,,https://datos.bcn.cl/recurso/cl/orz/municipalidad-de-monte-patria/1987-09-25/2/datos.json
Monte Patria,04,Coquimbo,BCN,1,1987-02-19,"DICTA ORDENANZA LOCAL SOBRE DERECHOS MUNICIPALES POR CONCESIONES, PERMISOS Y SERVICIOS",Derechos Municipales y Tarifas,https://www.bcn.cl/leychile/navegar?idNorma=141273,,,https://datos.bcn.cl/recurso/cl/orz/municipalidad-de-monte-patria/1987-02-19/1/datos.json
Río Hurtado,04,Coquimbo,BCN,158,1988-12-31,"DICTA ORDENANZA LOCAL DE DERECHOS MUNICIPALES POR CONCESIONES, PERMISOS Y SERVICIOS QUE INDICA",Derechos Municipales y Tarifas,https://www.bcn.cl/leychile/navegar?idNorma=127968,,,https://datos.bcn.cl/recurso/cl/orz/municipalidad-de-rio-hurtado/1988-12-31/158/datos.json
Río Hurtado,04,Coquimbo,Municipalidad,S/N,2016-01-01,Ordenanza Municipal de RÍO HURTADO — Decreto y Ordenanza Municipal 2016,Normativa General y Otras Materias,https://www.riohurtado.cl/transparencia2010/files/Decreto%20y%20Ordenanza%20Municipal%202016.pdf,https://www.riohurtado.cl/transparencia2010/files/Decreto y Ordenanza Municipal 2016.pdf,cacab0f238b4aab613f1219bc634d401627d2cf34e12a0266f26ee0a6124b44f,
Río Hurtado,04,Coquimbo,Municipalidad,S/N,2017-01-01,Ordenanza Municipal de RÍO HURTADO — Decreto y Ordenanza Municipal 2017,Normativa General y Otras Materias,https://www.riohurtado.cl/transparencia2010/files/Decreto%20y%20Ordenanza%20Municipal%202017.pdf,https://www.riohurtado.cl/transparencia2010/files/Decreto y Ordenanza Municipal 2017.pdf,30a0359e6e68f93a021fd290e2706aeff71c634871cb5e65e7a736c665587b00,
Río Hurtado,04,Coquimbo,Municipalidad,S/N,2026-01-01,Ordenanza Municipal de RÍO HURTADO — ORDENANZA ASEO RIO HURTADO,"Aseo, Ornato y Medio Ambiente",https://www.riohurtado.cl/transparencia2010/files/ORDENANZA%20ASEO%20RIO%20HURTADO.pdf,https://www.riohurtado.cl/transparencia2010/files/ORDENANZA ASEO RIO HURTADO.pdf,67a0c7bf487bf5bf56be353bc6842485fb85f04b9edea34cae85d1ac5c7fb42a,
Río Hurtado,04,Coquimbo,Municipalidad,S/N,2011-01-01,Ordenanza Municipal de RÍO HURTADO — ORDENANZA MUNICIPAL 2011,Normativa General y Otras Materias,https://www.riohurtado.cl/transparencia2010/files/ORDENANZA%20MUNICIPAL%202011.pdf,https://www.riohurtado.cl/transparencia2010/files/ORDENANZA MUNICIPAL 2011.pdf,0b8beb7d37f2326b83221352ca0320d1adddb88649ce3f8d2f3dafe6b6735526,
Río Hurtado,04,Coquimbo,Municipalidad,S/N,2014-01-01,Ordenanza Municipal de RÍO HURTADO — ORDENANZA MUNICIPAL 2014,Normativa General y Otras Materias,https://www.riohurtado.cl/transparencia2010/files/ORDENANZA%20MUNICIPAL%202014.pdf,https://www.riohurtado.cl/transparencia2010/files/ORDENANZA MUNICIPAL 2014.pdf,b55c264ace1a3e2873166c3265539e51f82cf8d035bc10d8d65e194c1c413a45,
Río Hurtado,04,Coquimbo,Municipalidad,S/N,2015-01-01,Ordenanza Municipal de RÍO HURTADO — ORDENANZA MUNICIPAL 2015,Normativa General y Otras Materias,https://www.riohurtado.cl/transparencia2010/files/ORDENANZA%20MUNICIPAL%202015.pdf,https://www.riohurtado.cl/transparencia2010/files/ORDENANZA MUNICIPAL 2015.pdf,c25f056a4c88072f37bef357bc600dfa5753d42174083a3b2feaafc3ddc226db,
Río Hurtado,04,Coquimbo,Municipalidad,S/N,2018-01-01,Ordenanza Municipal de RÍO HURTADO — ORDENANZA MUNICIPAL 2018,Normativa General y Otras Materias,https://www.riohurtado.cl/transparencia2010/files/ORDENANZA%20MUNICIPAL%202018.pdf,https://www.riohurtado.cl/transparencia2010/files/ORDENANZA MUNICIPAL 2018.pdf,e2c23d44403f492c8a6502d4a8eb656ebe48537fc128006541f3f4a28ae9bb76,
Río Hurtado,04,Coquimbo,Municipalidad,S/N-d5fb,2026-01-01,Ordenanza Municipal de RÍO HURTADO — ORDENANZA SUSTITUCION Y REDUCCION DE BOLSAS,Normativa General y Otras Materias,https://www.riohurtado.cl/transparencia2010/files/ORDENANZA%20SUSTITUCION%20Y%20REDUCCION%20DE%20BOLSAS.pdf,https://www.riohurtado.cl/transparencia2010/files/ORDENANZA SUSTITUCION Y REDUCCION DE BOLSAS.pdf,d5fbdc0d885848304f65e674b540638be69147657a3962b47fccc77617bc54f6,
Río Hurtado,04,Coquimbo,Municipalidad,S/N,2013-01-01,Ordenanza Municipal de RÍO HURTADO — ORDENANZAS DERECHOS MUNICIPALES 2013,Derechos Municipales y Tarifas,https://www.riohurtado.cl/transparencia2010/files/ORDENANZAS%20DERECHOS%20MUNICIPALES%202013.pdf,https://www.riohurtado.cl/transparencia2010/files/ORDENANZAS DERECHOS MUNICIPALES 2013.pdf,def9b3f289f715cc35229fb11e8045360d1e95eefe6422e57616709bb02daf3f,
Río Hurtado,04,Coquimbo,Municipalidad,S/N-7d1e,2026-01-01,Ordenanza Municipal de RÍO HURTADO — Ordenanza Participacion Ciudadana,Normativa General y Otras Materias,https://www.riohurtado.cl/transparencia2010/files/Ordenanza%20Participacion%20Ciudadana.pdf,https://www.riohurtado.cl/transparencia2010/files/Ordenanza Participacion Ciudadana.pdf,7d1e8d8cd6f8affa54c9824d8227bab0181657f6660f7bfe0e33d372a17ca41c,
Río Hurtado,04,Coquimbo,Municipalidad,S/N-e246,2026-01-01,Ordenanza Municipal de RÍO HURTADO — ordenanza beca municipal,Normativa General y Otras Materias,https://www.riohurtado.cl/transparencia2010/files/ordenanza%20beca%20municipal.pdf,https://www.riohurtado.cl/transparencia2010/files/ordenanza beca municipal.pdf,e246e97e52f524d3552bdfeb022610002c6e1bb00d8b8ff26d7ddb1c558fd161,
Río Hurtado,04,Coquimbo,Municipalidad,S/N,2012-01-01,Ordenanza Municipal de RÍO HURTADO — ordenanza derechos 2012,Derechos Municipales y Tarifas,https://www.riohurtado.cl/transparencia2010/files/ordenanza%20derechos%202012.pdf,https://www.riohurtado.cl/transparencia2010/files/ordenanza derechos 2012.pdf,597cd7a4147ea8b942d44e1fa7a636ed09f0ac63356870b34e2aa02fb8a28317,
Río Hurtado,04,Coquimbo,Municipalidad,S/N-a8f8,2026-01-01,Ordenanza Municipal de RÍO HURTADO — ordenanza subvenciones,Normativa General y Otras Materias,https://www.riohurtado.cl/transparencia2010/files/ordenanza%20subvenciones.pdf,https://www.riohurtado.cl/transparencia2010/files/ordenanza subvenciones.pdf,a8f815740d187c866602b992d42d87aa135f92a6861585d925e3890901161178,
Río Hurtado,04,Coquimbo,Municipalidad,S/N-d4db,2026-01-01,Ordenanza Municipal de RÍO HURTADO — ordenanza deco,Normativa General y Otras Materias,https://www.riohurtado.cl/transparencia2010/files/ordenanza_deco.pdf,https://www.riohurtado.cl/transparencia2010/files/ordenanza_deco.pdf,d4db7cb59c90b7df723b89d45626937c086763df03c6eef13128eb0d506d4a15,
Valparaíso,05,Valparaíso,BCN,190,2005-03-18,APRUEBA MODIFICACION AL PLAN REGULADOR DE VALPARAISO,"Urbanismo, Obras y Edificación",https://www.bcn.cl/leychile/navegar?idNorma=236433,,,https://datos.bcn.cl/recurso/cl/orz/municipalidad-de-valparaiso/2005-03-18/190/datos.json
Valparaíso,05,Valparaíso,Municipalidad,44,2026-01-01,Ordenanza Municipal de VALPARAÍSO — N°44 Ordenanza que regula transito Poligono Mercado El Cardonal,Tránsito y Transporte,https://municipalidaddevalparaiso.cl/wp-content/uploads/2025/06/N%C2%B044-Ordenanza-que-regula-transito-Poligono-Mercado-El-Cardonal.pdf,https://municipalidaddevalparaiso.cl/wp-content/uploads/2025/06/N°44-Ordenanza-que-regula-transito-Poligono-Mercado-El-Cardonal.pdf,a0a0fbc56f0bc60128e3e51bec5086e40208ab6d3c3dcf249f849622d2257c34,
Valparaíso,05,Valparaíso,Municipalidad,45,2026-01-01,Ordenanza Municipal de VALPARAÍSO — N°45 Ordenanza que regula comercio en BNUP,"Patentes, Comercio y Alcoholes",https://municipalidaddevalparaiso.cl/wp-content/uploads/2025/06/N%C2%B045-Ordenanza-que-regula-comercio-en-BNUP.pdf,https://municipalidaddevalparaiso.cl/wp-content/uploads/2025/06/N°45-Ordenanza-que-regula-comercio-en-BNUP.pdf,05443894b089d840a8ec039c5ae452ff505d73a817cb3e32ada61d32796729d8,
Valparaíso,05,Valparaíso,Municipalidad,46,2026-01-01,Ordenanza Municipal de VALPARAÍSO — N°46 Ordenanza local para pubs restaurantes de turismo hoteles de turismo cabarets y discotecas salones de baile pneas folkloricas y establecimientos similares,Normativa General y Otras Materias,https://municipalidaddevalparaiso.cl/wp-content/uploads/2025/07/N%C2%B046-Ordenanza-local-para-pubs-restaurantes-de-turismo-hoteles-de-turismo-cabarets-y-discotecas-salones-de-baile-pneas-folkloricas-y-establecimientos-similares.pdf,https://municipalidaddevalparaiso.cl/wp-content/uploads/2025/07/N°46-Ordenanza-local-para-pubs-restaurantes-de-turismo-hoteles-de-turismo-cabarets-y-discotecas-salones-de-baile-pneas-folkloricas-y-establecimientos-similares.pdf,df0f1f614bdceee8e6f765f91f264ad9ca8e0889086b875279bab63b1338e1c4,
Casablanca,05,Valparaíso,Municipalidad,150,2025-01-01,Ordenanza Municipal de Casablanca — index,Derechos Municipales y Tarifas,https://www.municipalidadcasablanca.cl/index.php?option=com_phocadownload&view=category&download=150:octubre-2025-ordenanza-municipal-sobre-derechos-por-concesiones-permisos-y-servicios&id=21:ordenanza-municipal&Itemid=353,https://www.municipalidadcasablanca.cl/index.php?option=com_phocadownload&view=category&id=21:ordenanza-municipal&Itemid=353,35a7d27363c08eb132cab12d1934cb6fdd16da76b23338de8247eb4c0f6afc40,
Casablanca,05,Valparaíso,Municipalidad,30,2026-01-01,Ordenanza Municipal de Casablanca — index,Normativa General y Otras Materias,https://www.municipalidadcasablanca.cl/index.php?option=com_phocadownload&view=category&download=30:ordenanza-municipal&id=21:ordenanza-municipal&Itemid=353,https://www.municipalidadcasablanca.cl/index.php?option=com_phocadownload&view=category&id=21:ordenanza-municipal&Itemid=353,6db9391fb519755aac4ef72d14e61543db1cc0e327497b2e7e3cc4a44f99e4c2,
Casablanca,05,Valparaíso,Municipalidad,69,2026-01-01,Ordenanza Municipal de Casablanca — index,Normativa General y Otras Materias,https://www.municipalidadcasablanca.cl/index.php?option=com_phocadownload&view=category&download=69:ordenanza-municipal&id=21:ordenanza-municipal&Itemid=353,https://www.municipalidadcasablanca.cl/index.php?option=com_phocadownload&view=category&id=21:ordenanza-municipal&Itemid=353,30e9e8cf574ff6f90edd0f9c0db537f39df2314d5bd14fbe691b85da549ba674,
Concón,05,Valparaíso,Municipalidad,S/N,2020-01-01,Ordenanza Municipal de CONCÓN — da 1212 2020 regula explotacion y extraccion de aridos,Normativa General y Otras Materias,https://www.concon.cl/descargas/contenido/da_1212_2020_regula_explotacion_y_extraccion_de_aridos.pdf,https://www.concon.cl/medio_ambiente/ordenanzas,9b4cc6e67cdfb9254bc89ee611231aaa8f2cc5246e2ddb086fcdfd788c327b54,
Concón,05,Valparaíso,Municipalidad,S/N,2018-01-01,Ordenanza Municipal de CONCÓN — da 1276 2018 ruidos molestos de construccion,"Urbanismo, Obras y Edificación",https://www.concon.cl/descargas/contenido/da_1276_2018_ruidos_molestos_de_construccion.pdf,https://www.concon.cl/medio_ambiente/ordenanzas,b147c930739788771224cf7385d62853d9563dedaa1bfba142459e6f3a1ffd34,
Concón,05,Valparaíso,Municipalidad,S/N,2017-01-01,Ordenanza Municipal de CONCÓN — da 1777 2017 autorizacion de transporte de basura desechos escombros o residuos de cualquier tipo,"Aseo, Ornato y Medio Ambiente",https://www.concon.cl/descargas/contenido/da_1777_2017_autorizacion_de_transporte_de_basura_desechos_escombros_o_residuos_de_cualquier_tipo.pdf,https://www.concon.cl/medio_ambiente/ordenanzas,f46b4959661cd5cbf40de09a024edd4a3aa99030dc0f7e53ac824ef1b823b3b0,
Concón,05,Valparaíso,Municipalidad,S/N,2016-01-01,Ordenanza Municipal de CONCÓN — da 3030 2016 tenencia responsable de animales domesticos,Tenencia Responsable de Mascotas,https://www.concon.cl/descargas/contenido/da_3030_2016_tenencia_responsable_de_animales_domesticos.pdf,https://www.concon.cl/medio_ambiente/ordenanzas,53d71b1540cbabc73d6607b3631a6a3d25afd59a596c4dc1d7bda54189bcc5db,
Concón,05,Valparaíso,Municipalidad,S/N-0cd0,2016-01-01,Ordenanza Municipal de CONCÓN — da 3032 2016 gestion ambiental comunal,"Aseo, Ornato y Medio Ambiente",https://www.concon.cl/descargas/contenido/da_3032_2016_gestion_ambiental_comunal.pdf,https://www.concon.cl/medio_ambiente/ordenanzas,0cd03e47b9cd4be586f07779f915b4de95c5bc7fe8d0ca867a141732f49548df,
Concón,05,Valparaíso,Municipalidad,S/N-8b50,2018-01-01,Ordenanza Municipal de CONCÓN — da 50 2018 sustitucion de bolsas plasticas en establecimientos comerciales,"Patentes, Comercio y Alcoholes",https://www.concon.cl/descargas/contenido/da_50_2018_sustitucion_de_bolsas_plasticas_en_establecimientos_comerciales.pdf,https://www.concon.cl/medio_ambiente/ordenanzas,8b50557a06e41076347a73e0785c8dfc3bf589d5ee1cf0c7401abcf8927f36e4,
Concón,05,Valparaíso,Municipalidad,S/N,2026-01-01,Ordenanza Municipal de CONCÓN — pacc concon,Normativa General y Otras Materias,https://www.concon.cl/descargas/contenido/pacc_concon.pdf,https://www.concon.cl/medio_ambiente/ordenanzas,c020d74e1029353d44064c4763513d52898e5e78a7ef8304566f9e78eb0b7855,
Juan Fernández,05,Valparaíso,BCN,2,2001-08-11,"INFORMA SOBRE ORDENANZA Nº 2, DE 2001",Normativa General y Otras Materias,https://www.bcn.cl/leychile/navegar?idNorma=188438,,,https://datos.bcn.cl/recurso/cl/orz/municipalidad-de-juan-fernandez/2001-08-11/2/datos.json
Juan Fernández,05,Valparaíso,BCN,53,1995-01-31,"DICTA ORDENANZA LOCAL SOBRE DERECHOS MUNICIPALES POR CONCESIONES, PERMISOS Y SERVICIOS",Derechos Municipales y Tarifas,https://www.bcn.cl/leychile/navegar?idNorma=31080,,,https://datos.bcn.cl/recurso/cl/orz/municipalidad-de-juan-fernandez/1995-01-31/53/datos.json
Puchuncaví,05,Valparaíso,Municipalidad,S/N,2026-01-01,Ordenanza Municipal de PUCHUNCAVÍ — ordenanzasact,Normativa General y Otras Materias,https://www.munipuchuncavi.cl/pdf/transparencianew/ordenanzas/ordenanzasact.pdf,https://www.munipuchuncavi.cl/pdf/transparencianew/ordenanzas/ordenanzasact.pdf,5ee571f59595ffd73b1766c2c25bca2ad8f4c6bda2b3774bbc72391e31f4431a,
Puchuncaví,05,Valparaíso,Municipalidad,10,2026-01-01,Ordenanza Municipal de PUCHUNCAVÍ — 10,"Aseo, Ornato y Medio Ambiente",https://www.munipuchuncavi.cl/pdf/humedal2024/10.pdf,https://www.munipuchuncavi.cl/respuestashumedal2024.php,451bbd8ebf70b73fd7daf42c4175c921c10e8b919a9942ce85df728ce0a5cdc0,
Puchuncaví,05,Valparaíso,Municipalidad,11,2026-01-01,Ordenanza Municipal de PUCHUNCAVÍ — 11,"Aseo, Ornato y Medio Ambiente",https://www.munipuchuncavi.cl/pdf/humedal2024/11.pdf,https://www.munipuchuncavi.cl/respuestashumedal2024.php,1d2973e043506d393514ee701ed1919ebe1da671e10695a798e37e8075e65903,
Puchuncaví,05,Valparaíso,Municipalidad,15,2026-01-01,Ordenanza Municipal de PUCHUNCAVÍ — 15,"Aseo, Ornato y Medio Ambiente",https://www.munipuchuncavi.cl/pdf/humedal2024/15.pdf,https://www.munipuchuncavi.cl/respuestashumedal2024.php,f42648967c38656a3179218bafdd985fab522baeaa31028ba2f967be89620050,
Puchuncaví,05,Valparaíso,Municipalidad,17,2026-01-01,Ordenanza Municipal de PUCHUNCAVÍ — 17,"Aseo, Ornato y Medio Ambiente",https://www.munipuchuncavi.cl/pdf/humedal2024/17.pdf,https://www.munipuchuncavi.cl/respuestashumedal2024.php,f37e0d2473de355e0274b662cb8bd3c1b8068f3890faf8ed576fae3b605480a9,
Puchuncaví,05,Valparaíso,Municipalidad,18,2026-01-01,Ordenanza Municipal de PUCHUNCAVÍ — 18,"Aseo, Ornato y Medio Ambiente",https://www.munipuchuncavi.cl/pdf/humedal2024/18.pdf,https://www.munipuchuncavi.cl/respuestashumedal2024.php,80592fa51c975f4d8c9eff2035beede12a2222f560e46f1ddae080b9a57f12c5,
Puchuncaví,05,Valparaíso,Municipalidad,19,2026-01-01,Ordenanza Municipal de PUCHUNCAVÍ — 19,"Aseo, Ornato y Medio Ambiente",https://www.munipuchuncavi.cl/pdf/humedal2024/19.pdf,https://www.munipuchuncavi.cl/respuestashumedal2024.php,e1454741c34c813ce2ef9c5ee7baa8ad95fc6c1531b83969f60e56a1daf89ca0,
Puchuncaví,05,Valparaíso,Municipalidad,2,2026-01-01,Ordenanza Municipal de PUCHUNCAVÍ — 2,"Aseo, Ornato y Medio Ambiente",https://www.munipuchuncavi.cl/pdf/humedal2024/2.pdf,https://www.munipuchuncavi.cl/respuestashumedal2024.php,f807129f75df5e3d07bec5722d7be1a3b2aa277e763cb542ab8c37889271d36c,
Puchuncaví,05,Valparaíso,Municipalidad,21,2026-01-01,Ordenanza Municipal de PUCHUNCAVÍ — 21,"Aseo, Ornato y Medio Ambiente",https://www.munipuchuncavi.cl/pdf/humedal2024/21.pdf,https://www.munipuchuncavi.cl/respuestashumedal2024.php,3087e63501181911ef1e4bd781950faaf78be86720f52550b2582d13614f6b64,
Puchuncaví,05,Valparaíso,Municipalidad,22,2026-01-01,Ordenanza Municipal de PUCHUNCAVÍ — 22,"Aseo, Ornato y Medio Ambiente",https://www.munipuchuncavi.cl/pdf/humedal2024/22.pdf,https://www.munipuchuncavi.cl/respuestashumedal2024.php,cb08863deda63e5f3f26a7af10374700ffca2bfcf9f4a48686da8c48f958fc40,
Puchuncaví,05,Valparaíso,Municipalidad,24,2026-01-01,Ordenanza Municipal de PUCHUNCAVÍ — 24,"Aseo, Ornato y Medio Ambiente",https://www.munipuchuncavi.cl/pdf/humedal2024/24.pdf,https://www.munipuchuncavi.cl/respuestashumedal2024.php,8a6ba73b9fd5bab209c5eadedaba8bd1ff3139e7cb0e12c08c491a6ae3eaaf5d,
Puchuncaví,05,Valparaíso,Municipalidad,25,2026-01-01,Ordenanza Municipal de PUCHUNCAVÍ — 25,"Aseo, Ornato y Medio Ambiente",https://www.munipuchuncavi.cl/pdf/humedal2024/25.pdf,https://www.munipuchuncavi.cl/respuestashumedal2024.php,ac782ad4cbdf832ab76061577ad3da6e5684d1062499387f1a4911a77bd07c23,
Puchuncaví,05,Valparaíso,Municipalidad,4,2026-01-01,Ordenanza Municipal de PUCHUNCAVÍ — 4,"Aseo, Ornato y Medio Ambiente",https://www.munipuchuncavi.cl/pdf/humedal2024/4.pdf,https://www.munipuchuncavi.cl/respuestashumedal2024.php,7fbcad7d6e109a393304dfa249101ae90626c82523573e875e002662ed73f58c,
Puchuncaví,05,Valparaíso,Municipalidad,5,2026-01-01,Ordenanza Municipal de PUCHUNCAVÍ — 5,"Aseo, Ornato y Medio Ambiente",https://www.munipuchuncavi.cl/pdf/humedal2024/5.pdf,https://www.munipuchuncavi.cl/respuestashumedal2024.php,5c1c99a305de5942c254d1d747faa67840050a45100aec63449ad3392447f305,
Puchuncaví,05,Valparaíso,Municipalidad,6,2026-01-01,Ordenanza Municipal de PUCHUNCAVÍ — 6,"Aseo, Ornato y Medio Ambiente",https://www.munipuchuncavi.cl/pdf/humedal2024/6.pdf,https://www.munipuchuncavi.cl/respuestashumedal2024.php,ab10e49f88628f6717e066e6c528d40ccc08f51b176667b2166e09dd65131063,
Puchuncaví,05,Valparaíso,Municipalidad,7,2026-01-01,Ordenanza Municipal de PUCHUNCAVÍ — 7,"Aseo, Ornato y Medio Ambiente",https://www.munipuchuncavi.cl/pdf/humedal2024/7.pdf,https://www.munipuchuncavi.cl/respuestashumedal2024.php,8c58e734d485e61247b294c5bd3bce8ea80825506ab7c2743c6fe3cb27568ddd,
Puchuncaví,05,Valparaíso,Municipalidad,9,2026-01-01,Ordenanza Municipal de PUCHUNCAVÍ — 9,"Aseo, Ornato y Medio Ambiente",https://www.munipuchuncavi.cl/pdf/humedal2024/9.pdf,https://www.munipuchuncavi.cl/respuestashumedal2024.php,ab494654dd6034894fbe14fb26ce2aeaef9d3afce0987bd489412edb71e25513,
Quintero,05,Valparaíso,BCN,s-n,2007-12-29,ORDENANZA SOBRE EXPLOTACIÓN COMERCIAL DE MÁQUINAS ELECTRÓNICAS DE JUEGOS,"Comercio, Alcoholes y Patentes",https://www.bcn.cl/leychile/navegar?idNorma=268074,,,https://datos.bcn.cl/recurso/cl/orz/municipalidad-de-quintero/2007-12-29/s-n/datos.json
Viña del Mar,05,Valparaíso,Municipalidad,7498,2026-01-01,Ordenanza Retiro de Cables en Desuso y Líneas Aéreas,"Urbanismo, Obras y Edificación",https://www.munivina.cl/wp-content/uploads/2026/07/DA-7498-18062026.pdf,https://www.munivina.cl/ordenanzas-y-reglamentos-municipales/,d4383aa359c1447576e68f5646d954ee2bfa9b492eef2622a240a5ec38af12a5,
Viña del Mar,05,Valparaíso,Municipalidad,01,2026-01-01,Ordenanza Local de Derechos Municipales 2026,Derechos Municipales y Tarifas,https://www.munivina.cl/wp-content/uploads/2026/03/DA-01-12032026-ORDENANZA.pdf,https://www.munivina.cl/ordenanzas-y-reglamentos-municipales/,fb16b833e9281290d634d92b6109dc12fe4c3a3c947f782fdf53ff4108a05458,
Viña del Mar,05,Valparaíso,Municipalidad,S/N,2025-01-01,Ordenanza Local de Derechos Municipales 2025,Derechos Municipales y Tarifas,https://www.munivina.cl/wp-content/uploads/2025/10/Decreto-Alcaldicio-que-aprueba-Ordenanza-Local-de-Derechos-2025_.pdf,https://www.munivina.cl/ordenanzas-y-reglamentos-municipales/,b5b2137fdd39fec0e97aa9e0e39d4bdc3712e49fba84db35f50ed919874b5956,
Viña del Mar,05,Valparaíso,Municipalidad,15008,2025-01-01,Ordenanza de Derechos y Concesiones 2025,Derechos Municipales y Tarifas,https://www.munivina.cl/wp-content/uploads/2024/10/DA-15008-Ordenanza-de-Derechos-2025-vf.pdf,https://www.munivina.cl/ordenanzas-y-reglamentos-municipales/,fa054130d62d2a4f1a1dc0693acb51e287478e7647b1290ae8cce372e31ae207,
Viña del Mar,05,Valparaíso,Municipalidad,13441,2024-01-01,Ordenanza de Derechos Municipales 2024,Derechos Municipales y Tarifas,https://www.munivina.cl/wp-content/uploads/2023/10/DA_13441-ODM.pdf,https://www.munivina.cl/ordenanzas-y-reglamentos-municipales/,a41c69dc7225f9a68d29303e421fcb25cf163d7a625a5faeced62155593a64f6,
Viña del Mar,05,Valparaíso,Municipalidad,2023,2023-01-01,Ordenanza Local de Derechos Municipales 2023,Derechos Municipales y Tarifas,https://www.munivina.cl/wp-content/uploads/2022/11/ORDENANZA-LOCAL-DERECHOS-MUNICIPALES-2023.pdf,https://www.munivina.cl/ordenanzas-y-reglamentos-municipales/,b4e17d9d6e94eb80ee4e56deb03c56a0de833fdea87c8e2780fcb50230bf7029,
Viña del Mar,05,Valparaíso,Municipalidad,S/N,2026-01-01,Ordenanza del Servicio de Aseo Domiciliario y Limpieza,"Aseo, Ornato y Medio Ambiente",https://www.munivina.cl/uploads/2019/05/20190511110223-o05aordserviciodeaseodomiciliario.pdf,https://www.munivina.cl/ordenanzas-y-reglamentos-municipales/,aa66d734ae9ef5e6ba7923beb2b1e282e0d2a09868bc5ba250832b6a68ca3197,
Viña del Mar,05,Valparaíso,Municipalidad,S/N-a7c2,2026-01-01,Ordenanza de Tarifas de Aseo Domiciliario,Derechos Municipales y Tarifas,https://www.munivina.cl/uploads/2019/05/20190511110223-o06ordtarifaseaseodomiciliario.pdf,https://www.munivina.cl/ordenanzas-y-reglamentos-municipales/,a7c2d46f3873336ad395a13be35860b3507383329f95ae1497624ad529f408a3,
Viña del Mar,05,Valparaíso,Municipalidad,S/N-8683,2026-01-01,Ordenanza sobre Comercio en la Vía Pública y Ambulantes,"Patentes, Comercio y Alcoholes",https://www.munivina.cl/uploads/2019/05/20190511110223-o19ordcomercioenviapublica.pdf,https://www.munivina.cl/ordenanzas-y-reglamentos-municipales/,86835afe43bdcbde2fd9f25740bfe39979d4664c273e50482518a4eed1010927,
Viña del Mar,05,Valparaíso,Municipalidad,S/N-7883,2026-01-01,Ordenanza de Propaganda y Publicidad en Sitios Eriazos,"Patentes, Comercio y Alcoholes",https://www.munivina.cl/uploads/2019/05/20190511110223-o20ordpropypubsitioseriazos.pdf,https://www.munivina.cl/ordenanzas-y-reglamentos-municipales/,788339fd8532bdd55684f58cfe198628bb9a3e58406b2fb9b16e8b06f015dd5a,
Viña del Mar,05,Valparaíso,Municipalidad,S/N-7bf0,2026-01-01,Ordenanza sobre Horario de Expendio de Bebidas Alcohólicas,"Patentes, Comercio y Alcoholes",https://www.munivina.cl/uploads/2019/05/20190511110223-o23ordhorarioexpendiobebidasalcoholicas.pdf,https://www.munivina.cl/ordenanzas-y-reglamentos-municipales/,7bf0476bd1ebf9293696a60cfc5a425726b95f8159baac8402fafd420db0176a,
Viña del Mar,05,Valparaíso,Municipalidad,S/N-537b,2026-01-01,Ordenanza sobre Cableado y Tendido Aéreo,"Urbanismo, Obras y Edificación",https://www.munivina.cl/uploads/2019/05/20190511110223-o09ordcableado.pdf,https://www.munivina.cl/ordenanzas-y-reglamentos-municipales/,537bfb4ea6198e93f6762cca11aed2ddab7a5e48a09bc679aadcc2fd4d91ef25,
Viña del Mar,05,Valparaíso,Municipalidad,S/N-a3d7,2026-01-01,Ordenanza sobre Cierre de Sitios Eriazos,Normativa General y Otras Materias,https://www.munivina.cl/uploads/2019/05/20190511110223-o11ordcierresitioseriazos.pdf,https://www.munivina.cl/ordenanzas-y-reglamentos-municipales/,a3d7e7ec3d3457d958d296c9d6a27c590821074bae4c39f7df383a78c94b20d0,
Viña del Mar,05,Valparaíso,Municipalidad,S/N-9273,2026-01-01,Ordenanza sobre Uso Temporal de Bienes Nacionales por Obras,"Urbanismo, Obras y Edificación",https://www.munivina.cl/uploads/2019/05/20190511110223-o12ordusotemporalporobras.pdf,https://www.munivina.cl/ordenanzas-y-reglamentos-municipales/,9273057cec8e00450101796a6bc987a7e9444ba99e0c5247e76530bf819b2630,
Viña del Mar,05,Valparaíso,Municipalidad,S/N-e53d,2026-01-01,Ordenanza sobre Cierre de Pasajes y Calles Ciegas,"Urbanismo, Obras y Edificación",https://www.munivina.cl/uploads/2019/05/20190511110223-o07ordcierresdepasajes.pdf,https://www.munivina.cl/ordenanzas-y-reglamentos-municipales/,e53d3b8a5d6b77e067737b1b24336c611ea32729ed5987de524d05ed380241c8,
Viña del Mar,05,Valparaíso,Municipalidad,S/N-dc95,2026-01-01,Ordenanza que Regula Explotación Comercial de Estacionamientos,"Patentes, Comercio y Alcoholes",https://www.munivina.cl/uploads/2019/05/20190511110223-o48ordregulaestacionamientos.pdf,https://www.munivina.cl/ordenanzas-y-reglamentos-municipales/,dc955c338f78e194305f31d52e3565a9d6204dc42d84e6549a6b956003d45d53,
Viña del Mar,05,Valparaíso,Municipalidad,S/N-6a8d,2026-01-01,"Ordenanza de Parques, Jardines y Ornato Comunal","Aseo, Ornato y Medio Ambiente",https://www.munivina.cl/uploads/2019/05/20190511110223-o01ordparquesjardinyornato.pdf,https://www.munivina.cl/ordenanzas-y-reglamentos-municipales/,6a8da0aa2a0cd498ac1986fa474bafff59d0259e8dfd2f73f1e967de1fb0dd99,
Viña del Mar,05,Valparaíso,Municipalidad,4042,2026-01-01,Ordenanza de Tenencia Responsable de Mascotas y Animales,Tenencia Responsable de Mascotas,https://www.munivina.cl/uploads/2019/05/20190511110223-ordenanza-ten-resp-mascotas-vina-del-mar-da-n-4042-21.pdf,https://www.munivina.cl/ordenanzas-y-reglamentos-municipales/,6fccb077d5e9f55d011b669804e5054b486a2d2308df3a46311f6021c7dfbb5a,
Viña del Mar,05,Valparaíso,Municipalidad,S/N-0340,2026-01-01,Ordenanza de Funcionamiento del Mercado Municipal,"Patentes, Comercio y Alcoholes",https://www.munivina.cl/uploads/2019/05/20190511110223-o21ordmercado.pdf,https://www.munivina.cl/ordenanzas-y-reglamentos-municipales/,03402530c158b6f147ef98b015a36e81b2e67fd24e7e390ae95fbe6e760afe72,
Viña del Mar,05,Valparaíso,Municipalidad,S/N-b4b1,2026-01-01,Ordenanza Reguladora de Ferias Libres Comunales,"Patentes, Comercio y Alcoholes",https://www.munivina.cl/uploads/2019/05/20190511110223-o35ordferiaslibres.pdf,https://www.munivina.cl/ordenanzas-y-reglamentos-municipales/,b4b1b73647fe0a7b706e93ed8548f8d5c4356444129964c54528b67dbda5001e,
Isla de Pascua,05,Valparaíso,BCN,65,1995-12-27,"APRUEBA ORDENANZA PARA DETERMINAR TARIFAS DE ASEO, COBRO Y EXENCIONES",Derechos Municipales y Tarifas,https://www.bcn.cl/leychile/navegar?idNorma=31094,,,https://datos.bcn.cl/recurso/cl/orz/municipalidad-de-isla-de-pascua/1995-12-27/65/datos.json
Los Andes,05,Valparaíso,BCN,21,2006-05-24,APRUEBA ORDENANZA LOCAL DE PUBLICIDAD Y PROPAGANDA,"Comercio, Alcoholes y Patentes",https://www.bcn.cl/leychile/navegar?idNorma=249868,,,https://datos.bcn.cl/recurso/cl/orz/municipalidad-de-los-andes/2006-05-24/21/datos.json
Los Andes,05,Valparaíso,BCN,1,2004-01-19,DICTA ORDENANZA SOBRE REGISTRO MUNICIPAL DE PERSONAS JURIDICAS RECEPTORAS DE TRANSFERENCIAS,Normativa General y Otras Materias,https://www.bcn.cl/leychile/navegar?idNorma=220288,,,https://datos.bcn.cl/recurso/cl/orz/municipalidad-de-los-andes/2004-01-19/1/datos.json
Los Andes,05,Valparaíso,BCN,2,2003-09-22,DICTA ORDENANZA SOBRE 'CONTROL DE ESTACIONAMIENTO DE VEHICULOS EN AREA URBANA DE LA COMUNA DE LOS ANDES',Tránsito y Transporte,https://www.bcn.cl/leychile/navegar?idNorma=214938,,,https://datos.bcn.cl/recurso/cl/orz/municipalidad-de-los-andes/2003-09-22/2/datos.json
Los Andes,05,Valparaíso,BCN,1,1999-08-17,DICTA ORDENANZA SOBRE PATENTES DE ALCOHOLES Y HORARIO DE FUNCIONAMIENTO DE ESTABLECIMIENTOS DE EXPENDIO DE BEBIDAS ALCOHOLICAS,"Comercio, Alcoholes y Patentes",https://www.bcn.cl/leychile/navegar?idNorma=140640,,,https://datos.bcn.cl/recurso/cl/orz/municipalidad-de-los-andes/1999-08-17/1/datos.json
Los Andes,05,Valparaíso,BCN,s-n,1997-11-26,"ORDENANZA SOBRE DISPOSICION DE RESIDUOS SOLIDOS DESDE ESTABLECIMIENTOS INDUSTRIALES, COMERCIALES, OFICINAS, FERIAS LIBRES Y CONJUNTOS HABITACIONALES","Comercio, Alcoholes y Patentes",https://www.bcn.cl/leychile/navegar?idNorma=79181,,,https://datos.bcn.cl/recurso/cl/orz/municipalidad-de-los-andes/1997-11-26/s-n/datos.json
Los Andes,05,Valparaíso,BCN,2,1996-12-19,"MODIFICA ORDENANZA N° 1, DE 1996, QUE FIJA CONDICIONES GENERALES PARA DETERMINAR TARIFAS DE ASEO, EXENCIONES PARCIAL Y TOTAL",Derechos Municipales y Tarifas,https://www.bcn.cl/leychile/navegar?idNorma=30953,,,https://datos.bcn.cl/recurso/cl/orz/municipalidad-de-los-andes/1996-12-19/2/datos.json
Los Andes,05,Valparaíso,BCN,1,1996-02-03,"FIJA CONDICIONES GENERALES PARA DETERMINAR TARIFAS DE ASEO, EXENCIONES PARCIAL Y TOTAL",Derechos Municipales y Tarifas,https://www.bcn.cl/leychile/navegar?idNorma=122938,,,https://datos.bcn.cl/recurso/cl/orz/municipalidad-de-los-andes/1996-02-03/1/datos.json
Los Andes,05,Valparaíso,BCN,1,1992-01-30,APRUEBA ORDENANZA LOCAL NO. 1 PARA EL AÑO 1992,Normativa General y Otras Materias,https://www.bcn.cl/leychile/navegar?idNorma=96925,,,https://datos.bcn.cl/recurso/cl/orz/municipalidad-de-los-andes/1992-01-30/1/datos.json
Los Andes,05,Valparaíso,BCN,2,1990-12-27,DICTA ORDENANZA SOBRE INSTALACION CONSTRUCCION Y FUNCIONAMIENTO DE KIOSCOS,"Comercio, Alcoholes y Patentes",https://www.bcn.cl/leychile/navegar?idNorma=90953,,,https://datos.bcn.cl/recurso/cl/orz/municipalidad-de-los-andes/1990-12-27/2/datos.json
Los Andes,05,Valparaíso,BCN,1,1990-02-07,APRUEBA ORDENANZA DEL TRANSITO PEATONAL Y VEHICULAR,Tránsito y Transporte,https://www.bcn.cl/leychile/navegar?idNorma=90759,,,https://datos.bcn.cl/recurso/cl/orz/municipalidad-de-los-andes/1990-02-07/1/datos.json
Los Andes,05,Valparaíso,BCN,3,1989-09-30,APRUEBA ORDENANZA SOBRE CONTROL DE ESTACIONAMIENTOS AREA URBANA,Tránsito y Transporte,https://www.bcn.cl/leychile/navegar?idNorma=120313,,,https://datos.bcn.cl/recurso/cl/orz/municipalidad-de-los-andes/1989-09-30/3/datos.json
Los Andes,05,Valparaíso,BCN,2,1987-02-04,"MODIFICA ORDENANZA N° 1, DE 1986",Normativa General y Otras Materias,https://www.bcn.cl/leychile/navegar?idNorma=140831,,,https://datos.bcn.cl/recurso/cl/orz/municipalidad-de-los-andes/1987-02-04/2/datos.json
Los Andes,05,Valparaíso,BCN,1,1987-01-21,APRUEBA ORDENANZA SOBRE CONTROL DE ESTACIONAMIENTOS AREA URBANA COMUNA DE LOS ANDES,Tránsito y Transporte,https://www.bcn.cl/leychile/navegar?idNorma=147317,,,https://datos.bcn.cl/recurso/cl/orz/municipalidad-de-los-andes/1987-01-21/1/datos.json
Los Andes,05,Valparaíso,BCN,5,1986-03-04,"MODIFICA Y AMPLIA ORDENANZA NO. 1, SOBRE DERECHOS MUNICIPALES",Derechos Municipales y Tarifas,https://www.bcn.cl/leychile/navegar?idNorma=183069,,,https://datos.bcn.cl/recurso/cl/orz/municipalidad-de-los-andes/1986-03-04/5/datos.json
Los Andes,05,Valparaíso,BCN,4,1986-02-19,"MODIFICA ORDENANZA N° 1, DE 1986, SOBRE DERECHOS MUNICIPALES",Derechos Municipales y Tarifas,https://www.bcn.cl/leychile/navegar?idNorma=156396,,,https://datos.bcn.cl/recurso/cl/orz/municipalidad-de-los-andes/1986-02-19/4/datos.json
Los Andes,05,Valparaíso,BCN,1,1986-01-25,APRUEBA ORDENANZA LOCAL SOBRE DERECHOS MUNICIPALES QUE INDICA,Derechos Municipales y Tarifas,https://www.bcn.cl/leychile/navegar?idNorma=160773,,,https://datos.bcn.cl/recurso/cl/orz/municipalidad-de-los-andes/1986-01-25/1/datos.json
Los Andes,05,Valparaíso,BCN,2,1985-02-05,APRUEBA ORDENANZA DEL TRANSITO PEATONAL Y VEHICULAR,Tránsito y Transporte,https://www.bcn.cl/leychile/navegar?idNorma=163523,,,https://datos.bcn.cl/recurso/cl/orz/municipalidad-de-los-andes/1985-02-05/2/datos.json
Los Andes,05,Valparaíso,BCN,1,1985-01-29,DICTA ORDENANZA LOCAL PARA FINES QUE INDICA,Normativa General y Otras Materias,https://www.bcn.cl/leychile/navegar?idNorma=161274,,,https://datos.bcn.cl/recurso/cl/orz/municipalidad-de-los-andes/1985-01-29/1/datos.json
Calle Larga,05,Valparaíso,BCN,45,1995-01-31,"MODIFICA ORDENANZA LOCAL SOBRE DERECHOS MUNICIPALES POR CONCESIONES, PERMISOS O SERVICIOS",Derechos Municipales y Tarifas,https://www.bcn.cl/leychile/navegar?idNorma=31072,,,https://datos.bcn.cl/recurso/cl/orz/municipalidad-de-calle-larga/1995-01-31/45/datos.json
Calle Larga,05,Valparaíso,BCN,2,1989-04-12,"DICTA ORDENANZA LOCAL SOBRE DERECHOS MUNICIPALES POR CONCESIONES, PERMISOS O SERVICIOS",Derechos Municipales y Tarifas,https://www.bcn.cl/leychile/navegar?idNorma=1041203,,,https://datos.bcn.cl/recurso/cl/orz/municipalidad-de-calle-larga/1989-04-12/2/datos.json
Rinconada,05,Valparaíso,Municipalidad,S/N,2022-01-01,Ordenanza Municipal de RINCONADA — Ordenanza TENENCIA RESPONSABLE DE MASCOTAS ANIMALES DE COMPANIA RINCONADA 2022,Tenencia Responsable de Mascotas,https://munirinconada.cl/wp-content/uploads/2022/03/Ordenanza_TENENCIA_RESPONSABLE_DE_MASCOTAS_ANIMALES_DE_COMPANIA_RINCONADA_2022.pdf,https://munirinconada.cl/wp-content/uploads/2022/03/Ordenanza_TENENCIA_RESPONSABLE_DE_MASCOTAS_ANIMALES_DE_COMPANIA_RINCONADA_2022.pdf,3a679b84ad7a3042f4920d339b01835b086ba6964591759fe19e1eef4289e7f8,
San Esteban,05,Valparaíso,BCN,s-n,2002-12-31,ORDENANZA SOBRE CONDICIONES PARA DETERMINAR TARIFAS DE ASEO Y EXENCIONES TOTALES Y PARCIALES,Derechos Municipales y Tarifas,https://www.bcn.cl/leychile/navegar?idNorma=206536,,,https://datos.bcn.cl/recurso/cl/orz/municipalidad-de-san-esteban/2002-12-31/s-n/datos.json
San Esteban,05,Valparaíso,BCN,1,1987-01-28,DICTA ORDENANZA SOBRE DERECHOS MUNICIPALES POR PERMISOS CONCESIONES Y SERVICIOS,Derechos Municipales y Tarifas,https://www.bcn.cl/leychile/navegar?idNorma=147996,,,https://datos.bcn.cl/recurso/cl/orz/municipalidad-de-san-esteban/1987-01-28/1/datos.json
La Ligua,05,Valparaíso,BCN,s-n,1993-02-04,COMPLEMENTA ORDENANZA DE DERECHOS MUNICIPALES DE LA COMUNA DE LA LIGUA,Derechos Municipales y Tarifas,https://www.bcn.cl/leychile/navegar?idNorma=31154,,,https://datos.bcn.cl/recurso/cl/orz/municipalidad-de-la-ligua/1993-02-04/s-n/datos.json
Cabildo,05,Valparaíso,Municipalidad,01,2026-01-01,Ordenanza Municipal de CABILDO — ORDENANZA 01,Normativa General y Otras Materias,https://municipiocabildo.cl/wp-content/uploads/2015/06/ORDENANZA-01.pdf,https://municipiocabildo.cl/municipalidad/normativa-municipal/ordenanzas/,eb90b2a4eccc45e11339d02b6090a64e9653cf2f0949830a0160220e359a782c,
Cabildo,05,Valparaíso,Municipalidad,1,2026-01-01,Ordenanza Municipal de CABILDO — Ordenanza Municipal de Terminales de locomoción clectiva no urbana de la comuna de Cabildo version no refundida 1,Normativa General y Otras Materias,https://municipiocabildo.cl/wp-content/uploads/2015/06/Ordenanza-Municipal-de-Terminales-de-locomoci%C3%B3n-clectiva-no-urbana-de-la-comuna-de-Cabildo-version-no-refundida-1.pdf,https://municipiocabildo.cl/municipalidad/normativa-municipal/ordenanzas/,0d33bc74f9675ed611d90efd689d9e55d1adcac5034aa815c334846f97acbdf6,
Cabildo,05,Valparaíso,Municipalidad,S/N,2026-01-01,Ordenanza Municipal de CABILDO — Ordenanza local de aseo y ornato de la comuna de Cabildo texto no refundido,"Aseo, Ornato y Medio Ambiente",https://municipiocabildo.cl/wp-content/uploads/2015/06/Ordenanza-local-de-aseo-y-ornato-de-la-comuna-de-Cabildo-texto-no-refundido.pdf,https://municipiocabildo.cl/municipalidad/normativa-municipal/ordenanzas/,2cb307b035996c920676d661d0fcecdb4d5bc0af696ee37978c1400550b7d565,
Cabildo,05,Valparaíso,Municipalidad,S/N-c4cb,2026-01-01,Ordenanza Municipal de CABILDO — ORDENANZA LOCAL PARA FERIAS LIBRES Y DE CHACAREROS DE LA CIUDAD DE CABILDO,"Patentes, Comercio y Alcoholes",https://municipiocabildo.cl/wp-content/uploads/2015/08/ORDENANZA-LOCAL-PARA-FERIAS-LIBRES-Y-DE-CHACAREROS-DE-LA-CIUDAD-DE-CABILDO.pdf,https://municipiocabildo.cl/municipalidad/normativa-municipal/ordenanzas/,c4cbfca1a4c867114b83926f2bd46f59d5b31b26869961e2b1249d7f0d8887ef,
Cabildo,05,Valparaíso,Municipalidad,S/N-bfe0,2026-01-01,Ordenanza Municipal de CABILDO — Ordenanza de Administración de los Recintos deportivos recreativos y culturales de la Municipalidad de Cabildo.,Normativa General y Otras Materias,https://municipiocabildo.cl/wp-content/uploads/2015/08/Ordenanza-de-Administraci%C3%B3n-de-los-Recintos-deportivos-recreativos-y-culturales-de-la-Municipalidad-de-Cabildo..pdf,https://municipiocabildo.cl/municipalidad/normativa-municipal/ordenanzas/,bfe0717b2eefe7bac1618360ec7192c22c09799f58c9784ad58a99240afea988,
Cabildo,05,Valparaíso,Municipalidad,S/N-0bda,2026-01-01,Ordenanza Municipal de CABILDO — Ordenanza local de transito para la comuna de Cabildo,Tránsito y Transporte,https://municipiocabildo.cl/wp-content/uploads/2015/08/Ordenanza-local-de-transito-para-la-comuna-de-Cabildo.pdf,https://municipiocabildo.cl/municipalidad/normativa-municipal/ordenanzas/,0bdac2ecd6a0a15f2bc81a2b44b7dcffaec3d02123813341840ff31905af5af4,
Cabildo,05,Valparaíso,Municipalidad,S/N,2015-08-18,Ordenanza local sobre ruidos molestos Ordenanza local sobre ruidos molestos (Publicado 18/08/2015),Seguridad Ciudadana y Convivencia,https://municipiocabildo.cl/wp-content/uploads/2015/08/Ordenanza-local-sobre-ruidos-molestos.pdf,https://municipiocabildo.cl/municipalidad/normativa-municipal/ordenanzas/,f77483e26893320e600f0ec1745a7a2e1db9950a10f9ac5b523397bc5ac81360,
Cabildo,05,Valparaíso,Municipalidad,S/N-d0e6,2026-01-01,Ordenanza Municipal de CABILDO — Ordenanza municipal de participacion ciudadana de la Ilustre Municipalidad de Cabildo,Normativa General y Otras Materias,https://municipiocabildo.cl/wp-content/uploads/2015/08/Ordenanza-municipal-de-participacion-ciudadana-de-la-Ilustre-Municipalidad-de-Cabildo.pdf,https://municipiocabildo.cl/municipalidad/normativa-municipal/ordenanzas/,d0e65b86da31ed67acfbdb12c3fbf2787ba0627329c4cac91aef20107c9180e6,
Cabildo,05,Valparaíso,Municipalidad,S/N-9d4f,2026-01-01,Ordenanza Municipal de CABILDO — Ordenanza municipal sobre otorgamiento de subvenciones municipales en la comuna de Cabildo,Normativa General y Otras Materias,https://municipiocabildo.cl/wp-content/uploads/2015/08/Ordenanza-municipal-sobre-otorgamiento-de-subvenciones-municipales-en-la-comuna-de-Cabildo.pdf,https://municipiocabildo.cl/municipalidad/normativa-municipal/ordenanzas/,9d4f2d89d6762e05a655630990b91183a9284aabe7d644e7d70ca2b85d41974f,
Cabildo,05,Valparaíso,Municipalidad,S/N-3426,2026-01-01,Ordenanza Municipal de CABILDO — Ordenanza sobre protección control y tenencia responsable de animales domesticos de la comuna de Cabildo,Tenencia Responsable de Mascotas,https://municipiocabildo.cl/wp-content/uploads/2015/08/Ordenanza-sobre-protecci%C3%B3n-control-y-tenencia-responsable-de-animales-domesticos-de-la-comuna-de-Cabildo.pdf,https://municipiocabildo.cl/municipalidad/normativa-municipal/ordenanzas/,34266f7a24ae7e3f701616010dab6012f47b7aaa3964ba573ffd758ba3d0966b,
Cabildo,05,Valparaíso,Municipalidad,S/N-e00c,2026-01-01,Ordenanza Municipal de CABILDO — Ordenanza sobre registro de personas juridicas receptoras de fondos publicos,Normativa General y Otras Materias,https://municipiocabildo.cl/wp-content/uploads/2015/08/Ordenanza-sobre-registro-de-personas-juridicas-receptoras-de-fondos-publicos.pdf,https://municipiocabildo.cl/municipalidad/normativa-municipal/ordenanzas/,e00c0de5310d3a722f93342d480d214cca1167a586f0330c017761a12c81c89f,
Cabildo,05,Valparaíso,Municipalidad,01,2014-01-01,Ordenanza Municipal de CABILDO — ORDENANZA 01 2014 1,Normativa General y Otras Materias,https://municipiocabildo.cl/wp-content/uploads/2017/06/ORDENANZA-01-_2014-1.pdf,https://municipiocabildo.cl/municipalidad/normativa-municipal/ordenanzas/,07a141b74fb89222b477a5886872314973f7cce711301d8307aca888aafbbdf7,
Cabildo,05,Valparaíso,Municipalidad,01,2020-01-01,Ordenanza Municipal de CABILDO — ORDENANZA NRO 01 DE 2020,Normativa General y Otras Materias,https://municipiocabildo.cl/wp-content/uploads/2020/04/ORDENANZA-NRO-01-DE-2020.pdf,https://municipiocabildo.cl/municipalidad/normativa-municipal/ordenanzas/,15c824f281963facaac475e73ff75d1a88a9124e06ad4162faef0d18606c8aa4,
Cabildo,05,Valparaíso,Municipalidad,2100,2020-01-01,Ordenanza Municipal de CABILDO — 2100 AÑO 2020 TEXTO REFUNDIDO ORD TARIFAS DE ASEO,Derechos Municipales y Tarifas,https://municipiocabildo.cl/wp-content/uploads/2020/07/2100-A%C3%91O-2020-TEXTO-REFUNDIDO-ORD-TARIFAS-DE-ASEO.pdf,https://municipiocabildo.cl/municipalidad/normativa-municipal/ordenanzas/,8606f090c8b8fc684408a2f783045155a80288822cdd9d3d713ffe4b02cd8c90,
Cabildo,05,Valparaíso,Municipalidad,2326,2020-01-01,Ordenanza Municipal de CABILDO — 2326 AÑO 2020 APRUEBA TEXTO REFUNDIDO ORDENANZA SOBRE REGULACION DE INSTALACION Y MAQUINAS DE HABILIDAD Y DESTREZA,Normativa General y Otras Materias,https://municipiocabildo.cl/wp-content/uploads/2020/08/2326-A%C3%91O-2020-APRUEBA-TEXTO-REFUNDIDO-ORDENANZA-SOBRE-REGULACION-DE-INSTALACION-Y-MAQUINAS-DE-HABILIDAD-Y-DESTREZA.pdf,https://municipiocabildo.cl/municipalidad/normativa-municipal/ordenanzas/,2deb88c70a2d88c2f43f86c778a8a4f17550e495d5998b11cd936ee1aba7486e,
Cabildo,05,Valparaíso,Municipalidad,03,2020-01-01,Ordenanza Municipal de CABILDO — ORDENANZA N° 03 AÑO 2020 DISPONE MEDIDAS TRIBUTARIAS EN RAZON DEL PAGO SEGUNDO SEMESTRE AÑO 2020 DE ESTACIONAMIENTO RESERVADO DE TAXIS DE LA COMUNA DE CABILDO,Tránsito y Transporte,https://municipiocabildo.cl/wp-content/uploads/2020/08/ORDENANZA-N%C2%B0-03-A%C3%91O-2020-DISPONE-MEDIDAS-TRIBUTARIAS-EN-RAZON-DEL-PAGO-SEGUNDO-SEMESTRE-A%C3%91O-2020-DE-ESTACIONAMIENTO-RESERVADO-DE-TAXIS-DE-LA-COMUNA-DE-CABILDO.pdf,https://municipiocabildo.cl/municipalidad/normativa-municipal/ordenanzas/,3f1c13b1f918ac0f35c8d153339913cc65468d62aa42cf69df1aa019c3679872,
Cabildo,05,Valparaíso,Municipalidad,04,2020-01-01,Ordenanza Municipal de CABILDO — ORDENANZA N° 04 AÑO 2020 DISPONE MEDIDAS TRIBUTARIAS EN RAZON DEL PAGO SEGUNDO SEMESTRE AÑO 2020DE PATENTES DE ALCOHOLES DE LA COMUNA DE CABILDO,"Patentes, Comercio y Alcoholes",https://municipiocabildo.cl/wp-content/uploads/2020/08/ORDENANZA-N%C2%B0-04-A%C3%91O-2020-DISPONE-MEDIDAS-TRIBUTARIAS-EN-RAZON-DEL-PAGO-SEGUNDO-SEMESTRE-A%C3%91O-2020DE-PATENTES-DE-ALCOHOLES-DE-LA-COMUNA-DE-CABILDO.pdf,https://municipiocabildo.cl/municipalidad/normativa-municipal/ordenanzas/,548f26f30c7ae163daf98a4d3580dbc284ed84120e36ebcca65499211f4a94aa,
Cabildo,05,Valparaíso,Municipalidad,S/N-4461,2026-01-01,Ordenanza Municipal de CABILDO — ordenanza de cobros,Derechos Municipales y Tarifas,https://municipiocabildo.cl/wp-content/uploads/2020/08/ordenanza-de-cobros.pdf,https://municipiocabildo.cl/municipalidad/normativa-municipal/ordenanzas/,44612b313f8eca98ed444874fb5c602e67f91e8b3b808ecbce005111aa226df7,
Cabildo,05,Valparaíso,Municipalidad,3900,2020-01-01,Ordenanza Municipal de CABILDO — 3900 AÑO 2020 APRUEBA TEXTO REFUNDIDO ORDENANZA SOBRE OCUPACION DE BIENES NACIONALES DE USO PUBLICO DE LA COMUNA DE CABILDO,Normativa General y Otras Materias,https://municipiocabildo.cl/wp-content/uploads/2021/01/3900-A%C3%91O-2020-APRUEBA-TEXTO-REFUNDIDO-ORDENANZA-SOBRE-OCUPACION-DE-BIENES-NACIONALES-DE-USO-PUBLICO-DE-LA-COMUNA-DE-CABILDO.pdf,https://municipiocabildo.cl/municipalidad/normativa-municipal/ordenanzas/,53f16e7d05158ba41dab54c343548e4fc48d3d438b77f674314279ff3348913b,
Cabildo,05,Valparaíso,Municipalidad,3839,2021-01-01,Ordenanza Municipal de CABILDO — 3839 ANO 2021 TEXTO REFUNDIDO ORDENANZA MUNICIPAL Do MUNICIPALES POR PERMISOS CONSECIONES Y SERVICIOS,Derechos Municipales y Tarifas,https://municipiocabildo.cl/wp-content/uploads/2021/12/3839-ANO-2021-TEXTO-REFUNDIDO-ORDENANZA-MUNICIPAL-Do-MUNICIPALES-POR-PERMISOS-CONSECIONES-Y-SERVICIOS.pdf,https://municipiocabildo.cl/municipalidad/normativa-municipal/ordenanzas/,7349e74c2b47a13ddaf1ad719d298bca045b33e68627d59a833070e0ec06b088,
Cabildo,05,Valparaíso,Municipalidad,156,2021-01-01,Ordenanza Municipal de CABILDO — Copia de 156 ANO 2021 TEXTO REFUNDIDO ORDENANZA ESTACIONAMIENTOS TAXIS BASICOS 1,Tránsito y Transporte,https://municipiocabildo.cl/wp-content/uploads/2021/12/Copia-de-156-ANO-2021-TEXTO-REFUNDIDO-ORDENANZA-ESTACIONAMIENTOS-TAXIS-BASICOS-1.pdf,https://municipiocabildo.cl/municipalidad/normativa-municipal/ordenanzas/,c36719adf1e33fb32c5d51a1aaf6646a9319866638047aa37b508f563175acf6,
Cabildo,05,Valparaíso,Municipalidad,4575,2023-01-01,Ordenanza Municipal de CABILDO — 4575 ANO 2023 MODIFICA ORDENANZA MUNICIPAL SOBRE DERECHOS MUNICIPALES POR PERMISOS CONCESIONES Y SERVICIOS,Derechos Municipales y Tarifas,https://municipiocabildo.cl/wp-content/uploads/2023/10/4575-ANO-2023-MODIFICA-ORDENANZA-MUNICIPAL-SOBRE-DERECHOS-MUNICIPALES-POR-PERMISOS-CONCESIONES-Y-SERVICIOS.pdf,https://municipiocabildo.cl/municipalidad/normativa-municipal/ordenanzas/,97d54c9813cf8c6183e59a9114f946e12da4ad5591050938713d4e46db3f8a62,
Cabildo,05,Valparaíso,Municipalidad,324,2026-01-01,Ordenanza Municipal de CABILDO — DA 324 2026 TEXTO REFUNDIDO ORDENANZA,Normativa General y Otras Materias,https://municipiocabildo.cl/wp-content/uploads/2026/02/DA-324-2026-TEXTO-REFUNDIDO-ORDENANZA.pdf,https://municipiocabildo.cl/municipalidad/normativa-municipal/ordenanzas/,868be39f5fb16b14dfa384bd0212d589fb7bb20715338974c4b17605b68c897d,
Papudo,05,Valparaíso,BCN,179,1989-03-03,DICTA ORDENANZA LOCAL SOBRE DERECHOS MUNICIPALES,Derechos Municipales y Tarifas,https://www.bcn.cl/leychile/navegar?idNorma=201071,,,https://datos.bcn.cl/recurso/cl/orz/municipalidad-de-papudo/1989-03-03/179/datos.json
Zapallar,05,Valparaíso,BCN,s-n,2008-11-12,DICTA ORDENANZA SOBRE ASEO DE LA COMUNA DE ZAPALLAR,"Aseo, Ornato y Medio Ambiente",https://www.bcn.cl/leychile/navegar?idNorma=281259,,,https://datos.bcn.cl/recurso/cl/orz/municipalidad-de-zapallar/2008-11-12/s-n/datos.json
Zapallar,05,Valparaíso,BCN,1386,1999-01-05,"DICTA ORDENANZA SOBRE DERECHOS MUNICIPALES POR CONCE-SIONES, PERMISOS Y SERVICIOS",Derechos Municipales y Tarifas,https://www.bcn.cl/leychile/navegar?idNorma=128960,,,https://datos.bcn.cl/recurso/cl/orz/municipalidad-de-zapallar/1999-01-05/1386/datos.json
Zapallar,05,Valparaíso,BCN,19,1996-01-13,"DICTA NUEVA ORDENANZA LOCAL SOBRE DERECHOS MUNICIPALES POR CONCESIONES, PERMISOS Y SERVICIOS",Derechos Municipales y Tarifas,https://www.bcn.cl/leychile/navegar?idNorma=31049,,,https://datos.bcn.cl/recurso/cl/orz/municipalidad-de-zapallar/1996-01-13/19/datos.json
Zapallar,05,Valparaíso,BCN,34,1993-01-29,"DICTA NUEVA ORDENANZA LOCAL SOBRE DERECHOS MUNICIPALES POR CONCESIONES, PERMISOS Y SERVICIOS",Derechos Municipales y Tarifas,https://www.bcn.cl/leychile/navegar?idNorma=31061,,,https://datos.bcn.cl/recurso/cl/orz/municipalidad-de-zapallar/1993-01-29/34/datos.json
Zapallar,05,Valparaíso,BCN,3,1985-12-17,"DICTA ORDENANZA LOCAL SOBRE DERECHOS MUNICIPALES POR CONCESIONES, PERMISOS Y SERVICIOS",Derechos Municipales y Tarifas,https://www.bcn.cl/leychile/navegar?idNorma=165979,,,https://datos.bcn.cl/recurso/cl/orz/municipalidad-de-zapallar/1985-12-17/3/datos.json
Zapallar,05,Valparaíso,BCN,1,1985-12-16,APRUEBA ORDENANZA LOCAL SOBRE EVACUACION DE AGUAS SERVIDAS,Normativa General y Otras Materias,https://www.bcn.cl/leychile/navegar?idNorma=165967,,,https://datos.bcn.cl/recurso/cl/orz/municipalidad-de-zapallar/1985-12-16/1/datos.json
Quillota,05,Valparaíso,BCN,1,2006-08-24,"ORDENANZA COMUNAL SOBRE INSTALACION DE ANTENAS, TORRES Y PARABOLICAS DE CELULARES Y OTROS MEDIOS DE COMUNICACIÓN","Urbanismo, Obras y Edificación",https://www.bcn.cl/leychile/navegar?idNorma=252539,,,https://datos.bcn.cl/recurso/cl/orz/municipalidad-de-lota/2006-08-24/1/datos.json
Quillota,05,Valparaíso,BCN,3,2002-03-23,MODIFICA ORDENANZA DEL CEMENTERIO MUNICIPAL,"Salud, Deporte y Desarrollo Social",https://www.bcn.cl/leychile/navegar?idNorma=195898,,,https://datos.bcn.cl/recurso/cl/orz/municipalidad-de-lota/2002-03-23/3/datos.json
Quillota,05,Valparaíso,BCN,1,2002-01-30,DICTA ORDENANZA PARA EL USO Y MANTENCION DE PLAZAS,Normativa General y Otras Materias,https://www.bcn.cl/leychile/navegar?idNorma=194165,,,https://datos.bcn.cl/recurso/cl/orz/municipalidad-de-lota/2002-01-30/1/datos.json
Quillota,05,Valparaíso,BCN,2,2002-01-17,ORDENANZA MUNICIPAL SOBRE CONTROL DE PERROS VAGOS,Tenencia Responsable y Mascotas,https://www.bcn.cl/leychile/navegar?idNorma=193863,,,https://datos.bcn.cl/recurso/cl/orz/municipalidad-de-lota/2002-01-17/2/datos.json
Quillota,05,Valparaíso,BCN,1,1999-06-08,"DICTA ORDENANZA PARA CONCESION DE ESPACIOS, LOCALES Y PUESTOS EN FERIA LIBRE DE LOTA",Derechos Municipales y Tarifas,https://www.bcn.cl/leychile/navegar?idNorma=137435,,,https://datos.bcn.cl/recurso/cl/orz/municipalidad-de-lota/1999-06-08/1/datos.json
Quillota,05,Valparaíso,BCN,884,1994-05-09,FIJA ORDENANZA SOBRE TERMINALES NO URBANOS DE PASAJEROS DE LOCOMOCION COLECTIVA,"Urbanismo, Obras y Edificación",https://www.bcn.cl/leychile/navegar?idNorma=31141,,,https://datos.bcn.cl/recurso/cl/orz/municipalidad-de-lota/1994-05-09/884/datos.json
Quillota,05,Valparaíso,BCN,2,1989-04-11,"MODIFICA ORDENANZA SOBRE FLIPPERS, POOL Y SIMILARES","Comercio, Alcoholes y Patentes",https://www.bcn.cl/leychile/navegar?idNorma=231538,,,https://datos.bcn.cl/recurso/cl/orz/municipalidad-de-lota/1989-04-11/2/datos.json
Quillota,05,Valparaíso,BCN,1,1989-02-27,"DICTA ORDENANZA MUNICIPAL SOBRE FLIPPERS, POOL Y SIMILARES","Comercio, Alcoholes y Patentes",https://www.bcn.cl/leychile/navegar?idNorma=200789,,,https://datos.bcn.cl/recurso/cl/orz/municipalidad-de-lota/1989-02-27/1/datos.json
Quillota,05,Valparaíso,BCN,1,1986-10-24,"DICTA ORDENANZA PARA LA CONCESION Y ADMINISTRACION DE LOCALES, PUESTOS, PISOS Y BODEGAS EN LOS MERCADOS MUNICIPALES Y FERIA LIBRE",Derechos Municipales y Tarifas,https://www.bcn.cl/leychile/navegar?idNorma=159466,,,https://datos.bcn.cl/recurso/cl/orz/municipalidad-de-lota/1986-10-24/1/datos.json
Quillota,05,Valparaíso,Municipalidad,8634,2026-01-01,Ordenanza Municipal de QUILLOTA — 8634 APRUEBA ORDENANZA DE PARTICIPACION CIUDADANA DE LA MUNICIPALIDAD DE QUILLOTA,Normativa General y Otras Materias,https://web.quillota.cl/transparencia/wp-content/uploads/2012/08/8634-APRUEBA-ORDENANZA-DE-PARTICIPACION-CIUDADANA-DE-LA-MUNICIPALIDAD-DE-QUILLOTA.pdf,https://web.quillota.cl/transparencia/wp-content/uploads/2012/08/8634-APRUEBA-ORDENANZA-DE-PARTICIPACION-CIUDADANA-DE-LA-MUNICIPALIDAD-DE-QUILLOTA.pdf,a88ca6bafce6206a210bf110d1553df02815ee09c8a4871b7a3a06b21cc4b6c0,
Quillota,05,Valparaíso,Municipalidad,1020,2026-01-01,Ordenanza Municipal de QUILLOTA — 1020 ordenanza de entretencion elect.refundida,Normativa General y Otras Materias,https://web.quillota.cl/transparencia/wp-content/uploads/decretos/2011ok/1020%20ordenanza%20de%20entretencion%20elect.refundida.pdf,https://web.quillota.cl/transparencia/wp-content/uploads/decretos/2011ok/1020%20ordenanza%20de%20entretencion%20elect.refundida.pdf,df333fd0ec69c9f76abde8a2e655721ab0eb55c65e14d3c419a602e2fcac54ef,
Quillota,05,Valparaíso,Municipalidad,2008,2003-01-01,Ordenanza Municipal de QUILLOTA — DEC. MODIFICATORIO 0026 08 DE ENERO DE 2003,Normativa General y Otras Materias,https://web.quillota.cl/transparencia/wp-content/uploads/ordenanzas/DEC.%20MODIFICATORIO%200026%2008%20DE%20ENERO%20DE%202003.pdf,https://web.quillota.cl/transparencia/wp-content/uploads/ordenanzas/DEC.%20MODIFICATORIO%200026%2008%20DE%20ENERO%20DE%202003.pdf,e006a45eb3eed1d277a6edb064ec3b7b22ed86f4baf79c8c645a579d96bfadd5,
Quillota,05,Valparaíso,Municipalidad,5912,2050-01-01,Ordenanza Municipal de QUILLOTA — DECRETO 5912 Ac 50 Ac 398 ORDENANZA MUNICIPAL AREAS VERDES Y ORNATO,Normativa General y Otras Materias,https://web.quillota.cl/transparencia/wp-content/uploads/ordenanzas/DECRETO%205912%20Ac%2050%20Ac%20398%20ORDENANZA%20MUNICIPAL%20AREAS%20VERDES%20Y%20ORNATO.pdf,https://web.quillota.cl/transparencia/wp-content/uploads/ordenanzas/DECRETO%205912%20Ac%2050%20Ac%20398%20ORDENANZA%20MUNICIPAL%20AREAS%20VERDES%20Y%20ORNATO.pdf,88445b9831ec13b3c3f4c4230d110e42eee96aaed59f1c9cced2b9b703186617,
Quillota,05,Valparaíso,Municipalidad,S/N,2026-01-01,Ordenanza Municipal de QUILLOTA — ORD. ASEO Y ORNATO DE LA COMUNA,"Aseo, Ornato y Medio Ambiente",https://web.quillota.cl/transparencia/wp-content/uploads/ordenanzas/ORD.%20ASEO%20Y%20ORNATO%20DE%20LA%20COMUNA.pdf,https://web.quillota.cl/transparencia/wp-content/uploads/ordenanzas/ORD.%20ASEO%20Y%20ORNATO%20DE%20LA%20COMUNA.pdf,d26923d2f2dfc69f0a1e6d9aa399d72ce8b89ee5aeff9a82c7d5b37b808a2995,
Quillota,05,Valparaíso,Municipalidad,S/N-ab08,2026-01-01,Ordenanza Municipal de QUILLOTA — ORD. COMUNAL SOBRE PROTECCION Y CONSERVACION Y CONSERVACION DEL MEDIO AMBIENTE,"Aseo, Ornato y Medio Ambiente",https://web.quillota.cl/transparencia/wp-content/uploads/ordenanzas/ORD.%20COMUNAL%20SOBRE%20PROTECCION%20Y%20CONSERVACION%20Y%20CONSERVACION%20DEL%20MEDIO%20AMBIENTE.pdf,https://web.quillota.cl/transparencia/wp-content/uploads/ordenanzas/ORD.%20COMUNAL%20SOBRE%20PROTECCION%20Y%20CONSERVACION%20Y%20CONSERVACION%20DEL%20MEDIO%20AMBIENTE.pdf,ab0827fece986199eaa0d88a74e242ff97166c558e5cd92ab427c59be2ec6df8,
Quillota,05,Valparaíso,Municipalidad,S/N-657d,2026-01-01,Ordenanza Municipal de QUILLOTA — ORD. DE ENTRETENCIONES ELECTRONICAS,Normativa General y Otras Materias,https://web.quillota.cl/transparencia/wp-content/uploads/ordenanzas/ORD.%20DE%20ENTRETENCIONES%20ELECTRONICAS.pdf,https://web.quillota.cl/transparencia/wp-content/uploads/ordenanzas/ORD.%20DE%20ENTRETENCIONES%20ELECTRONICAS.pdf,657d27ef23bbb9679e5feac253f190eb58ec9b2f2243d6da3c1009356615ed75,
Quillota,05,Valparaíso,Municipalidad,S/N-58dc,2026-01-01,Ordenanza Municipal de QUILLOTA — ORD. DE ESTACIONAMIENTO REGULADOS DE VEHICULOS MOTORIZADOS EN LAS VIAS PUBLICAS,Tránsito y Transporte,https://web.quillota.cl/transparencia/wp-content/uploads/ordenanzas/ORD.%20DE%20ESTACIONAMIENTO%20REGULADOS%20DE%20VEHICULOS%20MOTORIZADOS%20EN%20LAS%20VIAS%20PUBLICAS.pdf,https://web.quillota.cl/transparencia/wp-content/uploads/ordenanzas/ORD.%20DE%20ESTACIONAMIENTO%20REGULADOS%20DE%20VEHICULOS%20MOTORIZADOS%20EN%20LAS%20VIAS%20PUBLICAS.pdf,58dc15e1181411d18a8799112a229b29e99f51d7f7931cd1336afa84ce966d29,
Quillota,05,Valparaíso,Municipalidad,S/N-9818,2026-01-01,Ordenanza Municipal de QUILLOTA — ORD. DE MANTENCION Y CONSERVACION DE CANALES Y ACEQUIAS,Normativa General y Otras Materias,https://web.quillota.cl/transparencia/wp-content/uploads/ordenanzas/ORD.%20DE%20MANTENCION%20Y%20CONSERVACION%20DE%20CANALES%20Y%20ACEQUIAS.pdf,https://web.quillota.cl/transparencia/wp-content/uploads/ordenanzas/ORD.%20DE%20MANTENCION%20Y%20CONSERVACION%20DE%20CANALES%20Y%20ACEQUIAS.pdf,98186b6594a9145314c4d1139c608a25bc1bee18b65b8bc326cb264f9f8ca3d4,
Quillota,05,Valparaíso,Municipalidad,S/N-26b9,2026-01-01,Ordenanza Municipal de QUILLOTA — ORD. EXTRACCION DE ARIDOS RIO ACONCAGUA COMUNA DE QUILLOTA,Normativa General y Otras Materias,https://web.quillota.cl/transparencia/wp-content/uploads/ordenanzas/ORD.%20EXTRACCION%20DE%20ARIDOS%20RIO%20ACONCAGUA%20COMUNA%20DE%20QUILLOTA.pdf,https://web.quillota.cl/transparencia/wp-content/uploads/ordenanzas/ORD.%20EXTRACCION%20DE%20ARIDOS%20RIO%20ACONCAGUA%20COMUNA%20DE%20QUILLOTA.pdf,26b970beec46e725dbc8daa41c14aad4e2d3237cd8fda3be8e0897b03df8526c,
Quillota,05,Valparaíso,Municipalidad,S/N-b266,2026-01-01,Ordenanza Municipal de QUILLOTA — ORD. MUNICIPAL DE ASEO DE LA COMUNA DE QUILLOTA,"Aseo, Ornato y Medio Ambiente",https://web.quillota.cl/transparencia/wp-content/uploads/ordenanzas/ORD.%20MUNICIPAL%20DE%20ASEO%20DE%20LA%20COMUNA%20DE%20QUILLOTA.pdf,https://web.quillota.cl/transparencia/wp-content/uploads/ordenanzas/ORD.%20MUNICIPAL%20DE%20ASEO%20DE%20LA%20COMUNA%20DE%20QUILLOTA.pdf,b266ddf91c573467d509ae27a7ecfc4f5f7d84ae931d58205f0320327fe7209a,
Quillota,05,Valparaíso,Municipalidad,S/N-8275,2026-01-01,"Ordenanza Municipal de QUILLOTA — ORD. MUNICIPAL SOBRE CONDICIONES GENERALES PARA DETERMINAR TARIFAS DE ASEO, EXENCIONES PARCIAL Y TOTAL",Derechos Municipales y Tarifas,https://web.quillota.cl/transparencia/wp-content/uploads/ordenanzas/ORD.%20MUNICIPAL%20SOBRE%20CONDICIONES%20GENERALES%20PARA%20DETERMINAR%20TARIFAS%20DE%20ASEO%2C%20EXENCIONES%20PARCIAL%20Y%20TOTAL.pdf,https://web.quillota.cl/transparencia/wp-content/uploads/ordenanzas/ORD.%20MUNICIPAL%20SOBRE%20CONDICIONES%20GENERALES%20PARA%20DETERMINAR%20TARIFAS%20DE%20ASEO%2C%20EXENCIONES%20PARCIAL%20Y%20TOTAL.pdf,8275f5305cfc39b32b96e670f16394334a3697d070aa6c46bea2d7617131f774,
Quillota,05,Valparaíso,Municipalidad,S/N-9ef8,2026-01-01,"Ordenanza Municipal de QUILLOTA — ORD. PARA INSTALACION DE TORRES, ANTENAS, O ELEMENTOS PARA CUALQUIER TIPO DE TELECOMUNICACIONES","Urbanismo, Obras y Edificación",https://web.quillota.cl/transparencia/wp-content/uploads/ordenanzas/ORD.%20PARA%20INSTALACION%20DE%20TORRES%2C%20ANTENAS%2C%20O%20ELEMENTOS%20PARA%20CUALQUIER%20TIPO%20DE%20TELECOMUNICACIONES.pdf,https://web.quillota.cl/transparencia/wp-content/uploads/ordenanzas/ORD.%20PARA%20INSTALACION%20DE%20TORRES%2C%20ANTENAS%2C%20O%20ELEMENTOS%20PARA%20CUALQUIER%20TIPO%20DE%20TELECOMUNICACIONES.pdf,9ef8865326768db872423814b94b102ffd256c77c2d9416ca1af8b64a60cd5fe,
Quillota,05,Valparaíso,Municipalidad,S/N-6658,2026-01-01,"Ordenanza Municipal de QUILLOTA — ORD. REGULATORIA DEL REGISTRO PUBLICO DE ENTIDADES QUE RECIBEN TRANSFERENCIAS, SUBVEN.",Normativa General y Otras Materias,https://web.quillota.cl/transparencia/wp-content/uploads/ordenanzas/ORD.%20REGULATORIA%20DEL%20REGISTRO%20PUBLICO%20DE%20ENTIDADES%20QUE%20RECIBEN%20TRANSFERENCIAS%2C%20SUBVEN..pdf,https://web.quillota.cl/transparencia/wp-content/uploads/ordenanzas/ORD.%20REGULATORIA%20DEL%20REGISTRO%20PUBLICO%20DE%20ENTIDADES%20QUE%20RECIBEN%20TRANSFERENCIAS%2C%20SUBVEN..pdf,6658422b7508aa683f657b8295293ccef21f3a7457fba553edef82687ca50a1e,
Quillota,05,Valparaíso,Municipalidad,S/N-3525,2026-01-01,"Ordenanza Municipal de QUILLOTA — ORD. SOBRE COBRANZA DE CONTRIBUCIONES, PATENTES, PERMISOS Y DERECHOS MUNICIPALES MOROSOS",Derechos Municipales y Tarifas,https://web.quillota.cl/transparencia/wp-content/uploads/ordenanzas/ORD.%20SOBRE%20COBRANZA%20DE%20CONTRIBUCIONES%2C%20PATENTES%2C%20PERMISOS%20Y%20DERECHOS%20MUNICIPALES%20MOROSOS.pdf,https://web.quillota.cl/transparencia/wp-content/uploads/ordenanzas/ORD.%20SOBRE%20COBRANZA%20DE%20CONTRIBUCIONES%2C%20PATENTES%2C%20PERMISOS%20Y%20DERECHOS%20MUNICIPALES%20MOROSOS.pdf,35255aa020ae7f882f33ad3dac4312f5faefa7e212b79d84d1578cb10fa83297,
Calera,05,Valparaíso,BCN,1,2006-04-21,"ORDENANZA SOBRE INSTALACION DE ANTENAS, TORRES Y PARABOLICAS DE TELEFONOS MOVILES Y OTROS MEDIOS DE COMUNICACIÓN","Urbanismo, Obras y Edificación",https://www.bcn.cl/leychile/navegar?idNorma=249042,,,https://datos.bcn.cl/recurso/cl/orz/municipalidad-de-la-calera/2006-04-21/1/datos.json
Calera,05,Valparaíso,BCN,2,2006-04-21,"ORDENANZA QUE REGULA LA EXPLOTACION COMERCIAL DE JUEGOS ELECTRONICOS, DE HABILIDAD, DESTREZA O SIMILARES","Comercio, Alcoholes y Patentes",https://www.bcn.cl/leychile/navegar?idNorma=249043,,,https://datos.bcn.cl/recurso/cl/orz/municipalidad-de-la-calera/2006-04-21/2/datos.json
Calera,05,Valparaíso,BCN,s-n,1999-12-21,MODIFICA ORDENANZA LOCAL DE DERECHOS MUNICIPALES,Derechos Municipales y Tarifas,https://www.bcn.cl/leychile/navegar?idNorma=149714,,,https://datos.bcn.cl/recurso/cl/orz/municipalidad-de-calera-de-tango/1999-12-21/s-n/datos.json
Calera,05,Valparaíso,BCN,s-n,1998-12-26,ORDENANZA LOCAL SOBRE DERECHOS MUNICIPALES,Derechos Municipales y Tarifas,https://www.bcn.cl/leychile/navegar?idNorma=128735,,,https://datos.bcn.cl/recurso/cl/orz/municipalidad-de-calera-de-tango/1998-12-26/s-n/datos.json
Calera,05,Valparaíso,BCN,s-n,1995-01-20,DICTA ORDENANZA LOCAL SOBRE DERECHOS MUNICIPALES,Derechos Municipales y Tarifas,https://www.bcn.cl/leychile/navegar?idNorma=31165,,,https://datos.bcn.cl/recurso/cl/orz/municipalidad-de-calera-de-tango/1995-01-20/s-n/datos.json
Hijuelas,05,Valparaíso,BCN,613,1998-05-28,"APRUEBA ORDENANZA LOCAL SOBRE DERECHOS MUNICIPALES POR PERMISOS, CONCESIONES Y SERVICIOS",Derechos Municipales y Tarifas,https://www.bcn.cl/leychile/navegar?idNorma=100415,,,https://datos.bcn.cl/recurso/cl/orz/municipalidad-de-hijuelas/1998-05-28/613/datos.json
Hijuelas,05,Valparaíso,BCN,232,1996-03-12,DICTA ORDENANZA MUNICIPAL SOBRE COBRO DE DERECHOS POR SERVICIO DOMICILIARIO DE ASEO,Derechos Municipales y Tarifas,https://www.bcn.cl/leychile/navegar?idNorma=31131,,,https://datos.bcn.cl/recurso/cl/orz/municipalidad-de-hijuelas/1996-03-12/232/datos.json
Hijuelas,05,Valparaíso,BCN,110,1994-01-31,"APRUEBA ORDENANZA LOCAL SOBRE DERECHOS MUNICIPALES POR PERMISOS, CONCESIONES Y SERVICIOS",Derechos Municipales y Tarifas,https://www.bcn.cl/leychile/navegar?idNorma=31119,,,https://datos.bcn.cl/recurso/cl/orz/municipalidad-de-hijuelas/1994-01-31/110/datos.json
Hijuelas,05,Valparaíso,Municipalidad,S/N,2026-01-01,Ordenanza Municipal de HIJUELAS — 216422ordderechmunicip,Normativa General y Otras Materias,https://hijuelas.cl/wp-content/uploads/216422ordderechmunicip.pdf,https://hijuelas.cl/municipalidad/ordenanzas/,b406f81d7da0d08dfe0d1f34a4a5664335ce074e6aadaf1b1f5a9f530188d158,
Hijuelas,05,Valparaíso,Municipalidad,S/N-c114,2026-01-01,Ordenanza sobre Otorgamiento de Subvenciones Municipales Ordenanza sobre Otorgamiento de Subvenciones Municipales,Normativa General y Otras Materias,https://hijuelas.cl/wp-content/uploads/79211ordensubvencmunic.pdf,https://hijuelas.cl/municipalidad/ordenanzas/,c11460ec1e1713c6057a7978eed725d22c0070becbbc866e5db8a2e48b6d7ab0,
Hijuelas,05,Valparaíso,Municipalidad,S/N-788b,2026-01-01,Ordenanza Municipal de HIJUELAS — APRUEBA ORDENANZA MUNICIPAL SOBRE COBROS DE DERECHOS DE ASEO DOMICILIARIO,Derechos Municipales y Tarifas,https://hijuelas.cl/wp-content/uploads/APRUEBA-ORDENANZA-MUNICIPAL-SOBRE-COBROS-DE-DERECHOS-DE-ASEO-DOMICILIARIO.pdf,https://hijuelas.cl/municipalidad/ordenanzas/,788b97e6e3612f32d0e5f8f93eba618b016debc373b0b0016d47b328d9767b3e,
Hijuelas,05,Valparaíso,Municipalidad,1,2026-01-01,Ordenanza Municipal de HIJUELAS — Extraccion de aridos 1,Normativa General y Otras Materias,https://hijuelas.cl/wp-content/uploads/Extraccion-de-aridos-1.pdf,https://hijuelas.cl/municipalidad/ordenanzas/,090357ef41f1c6b41bb2b11848e08fafdd538f6bbeddc1e970fe02fb78cc551f,
Hijuelas,05,Valparaíso,Municipalidad,1-55b2,2026-01-01,Ordenanza Municipal de Ferias Libres y Ferias Persa Ordenanza Municipal de Ferias Libres y Ferias Persa,"Patentes, Comercio y Alcoholes",https://hijuelas.cl/wp-content/uploads/Ferias-libres-1.pdf,https://hijuelas.cl/municipalidad/ordenanzas/,55b225dec8ee61dfcc7a4857de30b9c914d989ee7e8d9222834e34ea73cc51c2,
Hijuelas,05,Valparaíso,Municipalidad,4419,2026-01-01,Ordenanza Local sobre Medioambiente Ordenanza Local sobre Medioambiente,"Aseo, Ornato y Medio Ambiente",https://hijuelas.cl/wp-content/uploads/decreto4419.pdf,https://hijuelas.cl/municipalidad/ordenanzas/,ed979be1cbda24a73816080d3329139e9aa8bbb28e36bd649b5c7013a409d556,
Hijuelas,05,Valparaíso,Municipalidad,S/N-256e,2026-01-01,Ordenanza Municipal de HIJUELAS — gaslicuado,Normativa General y Otras Materias,https://hijuelas.cl/wp-content/uploads/gaslicuado.pdf,https://hijuelas.cl/municipalidad/ordenanzas/,256e2baef6d3a4079266efe09e4ecf73ea25a0dc7b6a849829ecb321beda9666,
Hijuelas,05,Valparaíso,Municipalidad,S/N-2747,2026-01-01,Ordenanza Municipal de HIJUELAS — juezpolicialocal,Normativa General y Otras Materias,https://hijuelas.cl/wp-content/uploads/juezpolicialocal.pdf,https://hijuelas.cl/municipalidad/ordenanzas/,274749733762ef4368a6a5aa21967abd0db01d805f28badf35bef7d1733e6e81,
Hijuelas,05,Valparaíso,Municipalidad,S/N-10ae,2026-01-01,Ordenanzas Municipal de Participación Ciudadana Ordenanzas Municipal de Participación Ciudadana,Normativa General y Otras Materias,https://hijuelas.cl/wp-content/uploads/ordenanzaparticipacionciudadana.pdf,https://hijuelas.cl/municipalidad/ordenanzas/,10ae85b0b734472c7b35f617fea2d393534ae9505d241901389fe66a967c36a2,
Hijuelas,05,Valparaíso,Municipalidad,S/N-d6d3,2026-01-01,Ordenanza Municipal de HIJUELAS — patentesdealcoholes,"Patentes, Comercio y Alcoholes",https://hijuelas.cl/wp-content/uploads/patentesdealcoholes.pdf,https://hijuelas.cl/municipalidad/ordenanzas/,d6d3cc837ae232e9e7c833bf195d1d412b5d41155f1e116839fd6c525c4c3585,
Hijuelas,05,Valparaíso,Municipalidad,S/N-267c,2026-01-01,Ordenanza Municipal de HIJUELAS — registropersonasjuridicas,Normativa General y Otras Materias,https://hijuelas.cl/wp-content/uploads/registropersonasjuridicas.pdf,https://hijuelas.cl/municipalidad/ordenanzas/,267cc17e416301b4301f2d7128ef75350515a0211be0eeef12092c17da9b7797,
La Cruz,05,Valparaíso,Municipalidad,20614,2022-01-01,Ordenanza Municipal de LA CRUZ — D.A 614   09 06 2022 MODIFICACIÓN ORDENANZA PARTICIPACIÓN CIUDADANA,Normativa General y Otras Materias,https://www.lacruz.cl/Municipalidad/assets/docs/D.A%20614%20-%2009-06-2022%20MODIFICACI%C3%93N%20ORDENANZA%20PARTICIPACI%C3%93N%20CIUDADANA.pdf,https://www.lacruz.cl/Municipalidad/assets/docs/D.A%20614%20-%2009-06-2022%20MODIFICACIÓN%20ORDENANZA%20PARTICIPACIÓN%20CIUDADANA.pdf,798c310323c5517d54a9b01b474bf7b7818713a572777d1895ef6b60ccd01ab4,
La Cruz,05,Valparaíso,Municipalidad,2322,2026-01-01,Ordenanza Municipal de LA CRUZ — D.A. N° 2322 Ordenanza Municipal Cobro Aseo,Derechos Municipales y Tarifas,https://www.lacruz.cl/Municipalidad/assets/docs/D.A.%20N%C2%B0%202322%20Ordenanza%20Municipal%20Cobro%20Aseo.pdf,https://www.lacruz.cl/Municipalidad/assets/docs/D.A.%20N°%202322%20Ordenanza%20Municipal%20Cobro%20Aseo.pdf,8a486008cbe9f4aa5cf4101884b3e166d94900eb2a67efa310aa239d49140791,
La Cruz,05,Valparaíso,Municipalidad,24,2066-01-01,Ordenanza Municipal de LA CRUZ — DA 2066 24 10 24 Texto Refundido Ordenanza de Derechos Municipales,Derechos Municipales y Tarifas,https://www.lacruz.cl/Municipalidad/assets/docs/DA%202066-24-10-24-Texto%20Refundido%20Ordenanza%20de%20Derechos%20Municipales.pdf,https://www.lacruz.cl/Municipalidad/assets/docs/DA%202066-24-10-24-Texto%20Refundido%20Ordenanza%20de%20Derechos%20Municipales.pdf,c704459eb501b968af43a1af78a9b22a0b39fadc2c041cb50334a517505c5a70,
La Cruz,05,Valparaíso,Municipalidad,1303,2026-01-01,Ordenanza Municipal de LA CRUZ — DECRETO ALCALDICIO N°1303 ORDENANZA MUNICIPAL,Normativa General y Otras Materias,https://www.lacruz.cl/Municipalidad/assets/docs/DECRETO%20ALCALDICIO%20N%C2%B01303%20ORDENANZA%20MUNICIPAL.pdf,https://www.lacruz.cl/Municipalidad/assets/docs/DECRETO%20ALCALDICIO%20N°1303%20ORDENANZA%20MUNICIPAL.pdf,21a8082862a2c96e9bae2c80166f0261a3a13fb2b8c81f2bc67fb1a1878bd24e,
La Cruz,05,Valparaíso,Municipalidad,S/N,2026-01-01,Ordenanza Municipal de LA CRUZ — Ordenanza aridos 1305,Normativa General y Otras Materias,https://www.lacruz.cl/Municipalidad/assets/docs/Ordenanza%20aridos%201305.pdf,https://www.lacruz.cl/Municipalidad/assets/docs/Ordenanza%20aridos%201305.pdf,51c471d0a6a9190de6f04f785cebe42bbb96d3d4c7d046b5b4bf352a6c543c12,
La Cruz,05,Valparaíso,Municipalidad,2030,2023-01-01,Ver PDF Apruebase Modificación de Ordenanza de Derechos Municipales Publicado: 30 Octubre 2023 Ver PDF,Derechos Municipales y Tarifas,https://www.lacruz.cl/Municipalidad/assets/docs/D.A%20NRO.%202333%20FECHA%2030-10-2023.pdf,https://www.lacruz.cl/Municipalidad/ordenanzas.php,07282437c883b61ef20ea547e8f8490fbb4f62c0dbc038c83ffa836652645301,
La Cruz,05,Valparaíso,Municipalidad,2018,2023-01-01,Ver PDF ORDENANZA MUNICIPAL DE MEDIO AMBIENTE Publicado: 18 Diciembre 2023 Ver PDF,"Aseo, Ornato y Medio Ambiente",https://www.lacruz.cl/Municipalidad/assets/docs/D.A%20NRO.%202676%20FECHA%2018-12-2023.pdf_1702991878643.pdf,https://www.lacruz.cl/Municipalidad/ordenanzas.php,d9e10b9917fd188e79c9faacc4f1a8a969894329dc59fb29822ecd9eb67f2c8e,
La Cruz,05,Valparaíso,Municipalidad,2029,2025-01-01,Ordenanza Municipal de LA CRUZ — DA 1869 FECHA 29 10 2025 RENTAS,Normativa General y Otras Materias,https://www.lacruz.cl/Municipalidad/assets/docs/DA%201869%20FECHA%2029-10-2025%20RENTAS.pdf,https://www.lacruz.cl/Municipalidad/ordenanzas.php,6fc57fad39871a72dbd4f6ca27a7660a1c935540c027f1773c6ad5bea8431ce8,
La Cruz,05,Valparaíso,Municipalidad,2004,2024-01-01,Ordenanza Municipal de LA CRUZ — DA 2180 FECHA 04 11 2024 JURIDICO,Normativa General y Otras Materias,https://www.lacruz.cl/Municipalidad/assets/docs/DA%202180%20FECHA%2004-11-2024%20JURIDICO.pdf,https://www.lacruz.cl/Municipalidad/ordenanzas.php,11796b98984149e5b706c17132ab9606e8053b89915977f0e0b386b33db5b5f0,
La Cruz,05,Valparaíso,Municipalidad,20551,2026-01-01,Ordenanza Municipal de LA CRUZ — DA 551 MASCARILLAS.pdf 1586829919704,Normativa General y Otras Materias,https://www.lacruz.cl/Municipalidad/assets/docs/DA%20551%20MASCARILLAS.pdf_1586829919704.pdf,https://www.lacruz.cl/Municipalidad/ordenanzas.php,7c0abd387629d46f3cba8926232372aeed309524a3c4d0d6ff1b2cebf2c893ca,
La Cruz,05,Valparaíso,Municipalidad,S/N-36bd,2026-01-01,Ordenanza Municipal de LA CRUZ — Decreto de OTORGAMIENTO DE PATENTES PROVISORIAS,"Patentes, Comercio y Alcoholes",https://www.lacruz.cl/Municipalidad/assets/docs/Decreto%20de%20OTORGAMIENTO%20DE%20PATENTES%20PROVISORIAS.pdf,https://www.lacruz.cl/Municipalidad/ordenanzas.php,36bd7d4ce0fd6803c57cd6708f7e6d045dc59eedd4758fc3f0009ddedb78b458,
La Cruz,05,Valparaíso,Municipalidad,359,2021-01-01,Ordenanza Municipal de LA CRUZ — Decreto 359 EXENTO 19 ABR 2021,Normativa General y Otras Materias,https://www.lacruz.cl/Municipalidad/assets/docs/Decreto-359-EXENTO_19-ABR-2021.pdf,https://www.lacruz.cl/Municipalidad/ordenanzas.php,90867b7bf749ade97d825977db92ebc9d42c268251bf61e37c56ee5476e1179d,
La Cruz,05,Valparaíso,Municipalidad,S/N-5d2e,2026-01-01,Ordenanza Municipal de LA CRUZ — Tenencia Responsable,Tenencia Responsable de Mascotas,https://www.lacruz.cl/Municipalidad/assets/docs/Tenencia%20Responsable.pdf,https://www.lacruz.cl/Municipalidad/ordenanzas.php,5d2ec6245c1e5979c9c1244c5ee2294876cdfce79f6344beac2fa231d0e25296,
Nogales,05,Valparaíso,BCN,93,1996-03-05,DICTA ORDENANZA SOBRE COBRO DE DERECHOS DEL SERVICIO DE ASEO DOMICILIARIO,Derechos Municipales y Tarifas,https://www.bcn.cl/leychile/navegar?idNorma=31111,,,https://datos.bcn.cl/recurso/cl/orz/municipalidad-de-nogales/1996-03-05/93/datos.json
Nogales,05,Valparaíso,BCN,25,1989-02-22,"DICTA ORDENANZA LOCAL SOBRE DERECHOS MUNICIPALES POR CONCESIONES, PERMISOS Y SERVICIOS",Derechos Municipales y Tarifas,https://www.bcn.cl/leychile/navegar?idNorma=200693,,,https://datos.bcn.cl/recurso/cl/orz/municipalidad-de-nogales/1989-02-22/25/datos.json
Nogales,05,Valparaíso,BCN,18,1987-01-17,DICTA ORDENANZA LOCAL SOBRE DERECHOS MUNICIPALES,Derechos Municipales y Tarifas,https://www.bcn.cl/leychile/navegar?idNorma=147186,,,https://datos.bcn.cl/recurso/cl/orz/municipalidad-de-nogales/1987-01-17/18/datos.json
San Antonio,05,Valparaíso,BCN,1,2021-11-22,ORDENA TRÁNSITO Y ESTACIONAMIENTO DE VEHÍCULOS DE CARGA EN LA ZONA URBANA DE LA COMUNA DE SAN ANTONIO,Tránsito y Transporte,https://www.bcn.cl/leychile/navegar?idNorma=1168563,,,https://datos.bcn.cl/recurso/cl/orz/municipalidad-de-san-antonio/2021-11-22/1/datos.json
San Antonio,05,Valparaíso,BCN,1,1995-01-31,MODIFICA ORDENANZA LOCAL DE COBROS DE DERECHOS MUNICIPALES,Derechos Municipales y Tarifas,https://www.bcn.cl/leychile/navegar?idNorma=30904,,,https://datos.bcn.cl/recurso/cl/orz/municipalidad-de-san-antonio/1995-01-31/1/datos.json
San Antonio,05,Valparaíso,BCN,7,1994-12-31,APRUEBA ORDENANZA SOBRE USO DE PARQUIMETROS,Tránsito y Transporte,https://www.bcn.cl/leychile/navegar?idNorma=31016,,,https://datos.bcn.cl/recurso/cl/orz/municipalidad-de-san-antonio/1994-12-31/7/datos.json
San Antonio,05,Valparaíso,BCN,8,1994-12-31,DICTA ORDENANZA DE USO DE GRUA MUNICIPAL EN VIA PUBLICA,Normativa General y Otras Materias,https://www.bcn.cl/leychile/navegar?idNorma=31023,,,https://datos.bcn.cl/recurso/cl/orz/municipalidad-de-san-antonio/1994-12-31/8/datos.json
San Antonio,05,Valparaíso,BCN,6,1994-12-16,"DICTA ORDENANZA DE ASEO Y SANEAMIENTO DE VIAS PUBLICAS, AREAS VERDES Y SITIOS ERIAZOS","Aseo, Ornato y Medio Ambiente",https://www.bcn.cl/leychile/navegar?idNorma=31004,,,https://datos.bcn.cl/recurso/cl/orz/municipalidad-de-san-antonio/1994-12-16/6/datos.json
San Antonio,05,Valparaíso,BCN,5,1994-09-28,DICTA ORDENANZA PARA EL TRANSPORTE DE PRODUCTOS A GRANEL,Tránsito y Transporte,https://www.bcn.cl/leychile/navegar?idNorma=30993,,,https://datos.bcn.cl/recurso/cl/orz/municipalidad-de-san-antonio/1994-09-28/5/datos.json
San Antonio,05,Valparaíso,BCN,4,1994-07-18,REGLAMENTA FUNCIONAMIENTO DE FERIAS LIBRES DE LA COMUNA,"Comercio, Alcoholes y Patentes",https://www.bcn.cl/leychile/navegar?idNorma=30980,,,https://datos.bcn.cl/recurso/cl/orz/municipalidad-de-san-antonio/1994-07-18/4/datos.json
San Antonio,05,Valparaíso,BCN,2,1994-07-07,DICTA ORDENANZA COMUNAL SOBRE NORMAS AMBIENTALES Y SANITARIAS BASICAS,Normativa General y Otras Materias,https://www.bcn.cl/leychile/navegar?idNorma=30937,,,https://datos.bcn.cl/recurso/cl/orz/municipalidad-de-san-antonio/1994-07-07/2/datos.json
San Antonio,05,Valparaíso,BCN,3,1994-07-07,APRUEBA TEXTO REFUNDIDO DE ORDENANZA DE LOCALES DE ENTRETENCION EN GENERAL,Normativa General y Otras Materias,https://www.bcn.cl/leychile/navegar?idNorma=30963,,,https://datos.bcn.cl/recurso/cl/orz/municipalidad-de-san-antonio/1994-07-07/3/datos.json
San Antonio,05,Valparaíso,BCN,s-n,1990-12-27,ORDENANZA LOCAL DEL PLAN SECCIONAL LLO-LLEO ALTO,Normativa General y Otras Materias,https://www.bcn.cl/leychile/navegar?idNorma=90947,,,https://datos.bcn.cl/recurso/cl/orz/municipalidad-de-san-antonio/1990-12-27/s-n/datos.json
San Antonio,05,Valparaíso,BCN,3,1988-06-27,"COMPLEMENTA ORDENANZA DE DERECHOS VARIOS NO. 2, DE 1987",Derechos Municipales y Tarifas,https://www.bcn.cl/leychile/navegar?idNorma=133051,,,https://datos.bcn.cl/recurso/cl/orz/municipalidad-de-san-antonio/1988-06-27/3/datos.json
San Antonio,05,Valparaíso,BCN,2,1987-07-07,DICTA TEXTO REFUNDIDO ORDENANZA DE DERECHOS VARIOS MUNICIPALES,Derechos Municipales y Tarifas,https://www.bcn.cl/leychile/navegar?idNorma=182837,,,https://datos.bcn.cl/recurso/cl/orz/municipalidad-de-san-antonio/1987-07-07/2/datos.json
San Antonio,05,Valparaíso,Municipalidad,1,2025-01-01,Ordenanza Municipal de SAN ANTONIO — 2025 N°1 DEJA SIN EFECTO LOS DECRETOS ALCALDICIOS Y DICTA ORDENANZA DE DERECHOS MUNICIPALES,Derechos Municipales y Tarifas,https://www.sanantonio.cl/images/2025/pdf/2025_N%C2%B01_DEJA%20SIN%20EFECTO%20LOS%20DECRETOS%20ALCALDICIOS%20Y%20DICTA%20ORDENANZA%20DE%20DERECHOS%20MUNICIPALES.pdf,https://www.sanantonio.cl/images/2025/pdf/2025_N°1_DEJA SIN EFECTO LOS DECRETOS ALCALDICIOS Y DICTA ORDENANZA DE DERECHOS MUNICIPALES.pdf,51a901c7c9af233eb332f569d1526c5c060874194a356555868674a56e2f8663,
Cartagena,05,Valparaíso,BCN,1,1993-05-20,DICTA ORDENANZA MUNICIPAL DE TERMINALES DE LOCOMOCION COLECTIVA NO URBANA,"Urbanismo, Obras y Edificación",https://www.bcn.cl/leychile/navegar?idNorma=30878,,,https://datos.bcn.cl/recurso/cl/orz/municipalidad-de-cartagena/1993-05-20/1/datos.json
El Quisco,05,Valparaíso,Municipalidad,1712,2019-01-01,Ordenanza Municipal de EL QUISCO — 001 ORDENANZA MUNICIPAL DE FECHA 20.06.2019 SOBRE PARTICIPACION CIUDADANA MUNICIPALIDAD DE EL QUISCO APROBADA POR D.A. N° 1712 DE FECHA 16.08.2011,Normativa General y Otras Materias,https://www.elquisco.cl/wp-content/uploads/2024/05/001-ORDENANZA-MUNICIPAL-DE-FECHA-20.06.2019-SOBRE-PARTICIPACION-CIUDADANA-MUNICIPALIDAD-DE-EL-QUISCO-APROBADA-POR-D.A.-N%C2%B0-1712-DE-FECHA-16.08.2011.pdf,https://www.elquisco.cl/wp-content/uploads/2024/05/001-ORDENANZA-MUNICIPAL-DE-FECHA-20.06.2019-SOBRE-PARTICIPACION-CIUDADANA-MUNICIPALIDAD-DE-EL-QUISCO-APROBADA-POR-D.A.-N°-1712-DE-FECHA-16.08.2011.pdf,2cd5177c3dca2c6f4301e22f2cffd97b51e7048c46b9ef797825b7008afd0032,
El Quisco,05,Valparaíso,Municipalidad,2329,2019-01-01,Ordenanza Municipal de EL QUISCO — 002 ORDENANZA MUNICIPAL DE FECHA 11.10.2019 SOBRE FUNCIONAMIENTO DE FERIA HORTOFRUTICOLA EL QUISCO D.A. N° 2329 2011,"Patentes, Comercio y Alcoholes",https://www.elquisco.cl/wp-content/uploads/2024/05/002-ORDENANZA-MUNICIPAL-DE-FECHA-11.10.2019-SOBRE-FUNCIONAMIENTO-DE-FERIA-HORTOFRUTICOLA-EL-QUISCO-D.A.-N%C2%B0-2329-2011.pdf,https://www.elquisco.cl/wp-content/uploads/2024/05/002-ORDENANZA-MUNICIPAL-DE-FECHA-11.10.2019-SOBRE-FUNCIONAMIENTO-DE-FERIA-HORTOFRUTICOLA-EL-QUISCO-D.A.-N°-2329-2011.pdf,26527ff5021d47e5d73050d388acd2767640b666700aaa00cd0c56f8ce7213f5,
El Quisco,05,Valparaíso,Municipalidad,3636,2019-01-01,Ordenanza Municipal de EL QUISCO — 003 ORDENANZA MUNICIPAL DE FECHA 17.10.2019 TENENCIA RESPONSABLE DE MASCOTAS APROBADA POR D.A. 3293 2016 ACTUALIZADA POR D.A. N° 3636 DE FECHA 17.10.2019,Tenencia Responsable de Mascotas,https://www.elquisco.cl/wp-content/uploads/2024/05/003-ORDENANZA-MUNICIPAL-DE-FECHA-17.10.2019-TENENCIA-RESPONSABLE-DE-MASCOTAS-APROBADA-POR-D.A.-3293-2016-ACTUALIZADA-POR-D.A.-N%C2%B0-3636-DE-FECHA-17.10.2019.pdf,https://www.elquisco.cl/wp-content/uploads/2024/05/003-ORDENANZA-MUNICIPAL-DE-FECHA-17.10.2019-TENENCIA-RESPONSABLE-DE-MASCOTAS-APROBADA-POR-D.A.-3293-2016-ACTUALIZADA-POR-D.A.-N°-3636-DE-FECHA-17.10.2019.pdf,9f72867b12f3be3bab3d47e5adfa1c8a4ecd40b8e2cf046720d99b4f968598ca,
El Quisco,05,Valparaíso,Municipalidad,2359,2019-01-01,Ordenanza Municipal de EL QUISCO — 004 ORDENANZA MUNICIPAL DE FECHA 17.10.2019 CONTRA LA DISCRIMINACION EN LA COMUNA DE EL QUISCO APROBADA POR D.A. N° 2359 DE FECHA 14.11.2011,Normativa General y Otras Materias,https://www.elquisco.cl/wp-content/uploads/2024/05/004-ORDENANZA-MUNICIPAL-DE-FECHA-17.10.2019-CONTRA-LA-DISCRIMINACION-EN-LA-COMUNA-DE-EL-QUISCO-APROBADA-POR-D.A.-N%C2%B0-2359-DE-FECHA-14.11.2011.pdf,https://www.elquisco.cl/wp-content/uploads/2024/05/004-ORDENANZA-MUNICIPAL-DE-FECHA-17.10.2019-CONTRA-LA-DISCRIMINACION-EN-LA-COMUNA-DE-EL-QUISCO-APROBADA-POR-D.A.-N°-2359-DE-FECHA-14.11.2011.pdf,22d30e03a635707b8e5975b9d87d3eb26195e37f8cda4ca6d95bf4d8ec125ca6,
El Quisco,05,Valparaíso,Municipalidad,4611,2019-01-01,Ordenanza Municipal de EL QUISCO — 005 ORDENANZA MUNICIPAL DE FECHA 17.10.2019 PARA LA FISCALIZACION DE INCIVILIDADES COMETIDAS EN LA VIA PUBLICA APROBADA POR D.A. N° 4611 DE FECHA 31.12.2018,Normativa General y Otras Materias,https://www.elquisco.cl/wp-content/uploads/2024/05/005-ORDENANZA-MUNICIPAL-DE-FECHA-17.10.2019-PARA-LA-FISCALIZACION-DE-INCIVILIDADES-COMETIDAS-EN-LA-VIA-PUBLICA-APROBADA-POR-D.A.-N%C2%B0-4611-DE-FECHA-31.12.2018.pdf,https://www.elquisco.cl/wp-content/uploads/2024/05/005-ORDENANZA-MUNICIPAL-DE-FECHA-17.10.2019-PARA-LA-FISCALIZACION-DE-INCIVILIDADES-COMETIDAS-EN-LA-VIA-PUBLICA-APROBADA-POR-D.A.-N°-4611-DE-FECHA-31.12.2018.pdf,a845f2d8e33027201a2c6aed90c17ea2b62566a95f7f55c39ac818922e9352a8,
El Quisco,05,Valparaíso,Municipalidad,006,2019-01-01,Ordenanza Municipal de EL QUISCO — 006 ORDENANZA MUNICIPAL N° 006 DE FECHA 17.10.2019 PROMOCION DE ESTILOS DE VIDA SALUDABLE EN LA COMUNA DE EL QUISCO APROBADA POR D.A. 3776 2018,Normativa General y Otras Materias,https://www.elquisco.cl/wp-content/uploads/2024/05/006-ORDENANZA-MUNICIPAL-N%C2%B0-006-DE-FECHA-17.10.2019-PROMOCION-DE-ESTILOS-DE-VIDA-SALUDABLE-EN-LA-COMUNA-DE-EL-QUISCO-APROBADA-POR-D.A.-3776-2018.pdf,https://www.elquisco.cl/wp-content/uploads/2024/05/006-ORDENANZA-MUNICIPAL-N°-006-DE-FECHA-17.10.2019-PROMOCION-DE-ESTILOS-DE-VIDA-SALUDABLE-EN-LA-COMUNA-DE-EL-QUISCO-APROBADA-POR-D.A.-3776-2018.pdf,7ae47aaaa5c72f8dc1405a729b0c468bdeba481cfcfc769f60902b2cfe5bc22f,
El Quisco,05,Valparaíso,Municipalidad,007,2019-01-01,Ordenanza Municipal de EL QUISCO — 007 ORDENANZA MUNICIPAL N° 007 DE FECHA 29.10.2019 LOCAL DE FARMACIA MUNICIPAL DE EL QUISCO APROBADA POR D.A. N° 2167 DE FECHA 15.07.2016,Normativa General y Otras Materias,https://www.elquisco.cl/wp-content/uploads/2024/05/007-ORDENANZA-MUNICIPAL-N%C2%B0-007-DE-FECHA-29.10.2019-LOCAL-DE-FARMACIA-MUNICIPAL-DE-EL-QUISCO-APROBADA-POR-D.A.-N%C2%B0-2167-DE-FECHA-15.07.2016.pdf,https://www.elquisco.cl/wp-content/uploads/2024/05/007-ORDENANZA-MUNICIPAL-N°-007-DE-FECHA-29.10.2019-LOCAL-DE-FARMACIA-MUNICIPAL-DE-EL-QUISCO-APROBADA-POR-D.A.-N°-2167-DE-FECHA-15.07.2016.pdf,511decc9d6ffaa584bfb4ae0eb6c34c49f2697baf8f7ae53e71a77fb1ef16365,
El Quisco,05,Valparaíso,Municipalidad,008,2019-01-01,Ordenanza Municipal de EL QUISCO — 008 ORDENANZA MUNICIPAL N° 008 DE FECHA 29.10.2019 ACTIVIDAD COMERCIAL E INDUSTRIAL Y DE SERVICIOS APROBADA POR D.A. N° 211 DE FECHA 06.10.1987,"Patentes, Comercio y Alcoholes",https://www.elquisco.cl/wp-content/uploads/2024/05/008-ORDENANZA-MUNICIPAL-N%C2%B0-008-DE-FECHA-29.10.2019-ACTIVIDAD-COMERCIAL-E-INDUSTRIAL-Y-DE-SERVICIOS-APROBADA-POR-D.A.-N%C2%B0-211-DE-FECHA-06.10.1987.pdf,https://www.elquisco.cl/wp-content/uploads/2024/05/008-ORDENANZA-MUNICIPAL-N°-008-DE-FECHA-29.10.2019-ACTIVIDAD-COMERCIAL-E-INDUSTRIAL-Y-DE-SERVICIOS-APROBADA-POR-D.A.-N°-211-DE-FECHA-06.10.1987.pdf,94b4e1cfb5f52d66fc95aec6be18121b575bc24d06a6249d9c7a29b7a626ba0d,
El Quisco,05,Valparaíso,Municipalidad,009,2019-01-01,Ordenanza Municipal de EL QUISCO — 009 ORDENANZA MUNICIPAL N° 009 DE FECHA 12.11.2019 OTORGAMIENTO DE PATENTE MUNICIPALES PROVISORIAS APROBADA POR D.A. N° 1792 2014 MODIFICADA POR D.A. 3780 2018,"Patentes, Comercio y Alcoholes",https://www.elquisco.cl/wp-content/uploads/2024/05/009-ORDENANZA-MUNICIPAL-N%C2%B0-009-DE-FECHA-12.11.2019-OTORGAMIENTO-DE-PATENTE-MUNICIPALES-PROVISORIAS-APROBADA-POR-D.A.-N%C2%B0-1792-2014-MODIFICADA-POR-D.A.-3780-2018.pdf,https://www.elquisco.cl/wp-content/uploads/2024/05/009-ORDENANZA-MUNICIPAL-N°-009-DE-FECHA-12.11.2019-OTORGAMIENTO-DE-PATENTE-MUNICIPALES-PROVISORIAS-APROBADA-POR-D.A.-N°-1792-2014-MODIFICADA-POR-D.A.-3780-2018.pdf,354068051967e9f794c2f1266b65cce8a74782ecbbd03b99de874e720c49ada3,
El Quisco,05,Valparaíso,Municipalidad,010,2019-01-01,Ordenanza Municipal de EL QUISCO — 010 ORDENANZA MUNICIPAL N° 010 DE FECHA 12.11.2019 PARA LA REGULACION DE LOS ESPECTACULOS CIRCENSES Y O ESPECTACULOS ARTISTICOS BAJO CARPA APROBADA POR D.A. N° 3036 DE FECHA 14.12.2012,Normativa General y Otras Materias,https://www.elquisco.cl/wp-content/uploads/2024/05/010-ORDENANZA-MUNICIPAL-N%C2%B0-010-DE-FECHA-12.11.2019-PARA-LA-REGULACION-DE-LOS-ESPECTACULOS-CIRCENSES-Y-O-ESPECTACULOS-ARTISTICOS-BAJO-CARPA-APROBADA-POR-D.A.-N%C2%B0-3036-DE-FECHA-14.12.2012.pdf,https://www.elquisco.cl/wp-content/uploads/2024/05/010-ORDENANZA-MUNICIPAL-N°-010-DE-FECHA-12.11.2019-PARA-LA-REGULACION-DE-LOS-ESPECTACULOS-CIRCENSES-Y-O-ESPECTACULOS-ARTISTICOS-BAJO-CARPA-APROBADA-POR-D.A.-N°-3036-DE-FECHA-14.12.2012.pdf,220034ca1c9af227a9e8433a36ec9b129ad8bee89fd20744b75ccd74eb5d9050,
El Quisco,05,Valparaíso,Municipalidad,011,2019-01-01,Ordenanza Municipal de EL QUISCO — 011 ORDENANZA MUNICIPAL N° 011 DE FECHA 12.11.2019 DE MEDIO AMBIENTE APROBADA POR D.A. N° 3529 DE FECHA 11.10.2018 compressed,"Aseo, Ornato y Medio Ambiente",https://www.elquisco.cl/wp-content/uploads/2024/05/011-ORDENANZA-MUNICIPAL-N%C2%B0-011-DE-FECHA-12.11.2019-DE-MEDIO-AMBIENTE-APROBADA-POR-D.A.-N%C2%B0-3529-DE-FECHA-11.10.2018_compressed.pdf,https://www.elquisco.cl/wp-content/uploads/2024/05/011-ORDENANZA-MUNICIPAL-N°-011-DE-FECHA-12.11.2019-DE-MEDIO-AMBIENTE-APROBADA-POR-D.A.-N°-3529-DE-FECHA-11.10.2018_compressed.pdf,ac65b4a2fb16ae32a6eaccd4d1899f2eda3ca1767c65e36190e37173acb4b14f,
El Quisco,05,Valparaíso,Municipalidad,012,2019-01-01,Ordenanza Municipal de EL QUISCO — 012 ORDENANZA MUNICIPAL N° 012 DE FECHA 13.11.2019 FERIA DE PRODUCTORES COMUNA DE EL QUISCO APROBADA POR D.A. N° 0563 DE FECHA 23.02.2017 2,"Patentes, Comercio y Alcoholes",https://www.elquisco.cl/wp-content/uploads/2024/05/012-ORDENANZA-MUNICIPAL-N%C2%B0-012-DE-FECHA-13.11.2019-FERIA-DE-PRODUCTORES-COMUNA-DE-EL-QUISCO-APROBADA-POR-D.A.-N%C2%B0-0563-DE-FECHA-23.02.2017-2.pdf,https://www.elquisco.cl/wp-content/uploads/2024/05/012-ORDENANZA-MUNICIPAL-N°-012-DE-FECHA-13.11.2019-FERIA-DE-PRODUCTORES-COMUNA-DE-EL-QUISCO-APROBADA-POR-D.A.-N°-0563-DE-FECHA-23.02.2017-2.pdf,c6eeb3ef45f69b3a3f6fe20cc2fb05b378753d4a995054245097e8a5b9ecac4d,
El Quisco,05,Valparaíso,Municipalidad,013,2007-01-01,Ordenanza Municipal de EL QUISCO — 013 ORDENANZA MUNICIPAL N° 013 REGULA PERMISO PAGADO PARA ESTACIONARSE EN VIAS CONCESIONADAS DE LA COMUNA DE EL QUISCO APROBADA POR D.A. N° 1707 DE FECHA 28.12.2007 2,Derechos Municipales y Tarifas,https://www.elquisco.cl/wp-content/uploads/2024/05/013-ORDENANZA-MUNICIPAL-N%C2%B0-013-REGULA-PERMISO-PAGADO-PARA-ESTACIONARSE-EN-VIAS-CONCESIONADAS-DE-LA-COMUNA-DE-EL-QUISCO-APROBADA-POR-D.A.-N%C2%B0-1707-DE-FECHA-28.12.2007-2.pdf,https://www.elquisco.cl/wp-content/uploads/2024/05/013-ORDENANZA-MUNICIPAL-N°-013-REGULA-PERMISO-PAGADO-PARA-ESTACIONARSE-EN-VIAS-CONCESIONADAS-DE-LA-COMUNA-DE-EL-QUISCO-APROBADA-POR-D.A.-N°-1707-DE-FECHA-28.12.2007-2.pdf,193267e32dae9b9bf0aef8c2560dee5b7bde029306ff42534a5d1a7d43bfb3a8,
El Quisco,05,Valparaíso,Municipalidad,1436,2006-01-01,Ordenanza Municipal de EL QUISCO — 014 ORDENANZA MUNICPAL EXPLOTACION Y FUNC DE MAQUINAS ELECTRONICAS DE DESTREZA HUMANA DE LA COMUNA DE EL QUISCO APROB POR D.A. N° 1436 2006 MODIFIC POR D.A. N° 1593 DE FECHA 27.12.2006,Normativa General y Otras Materias,https://www.elquisco.cl/wp-content/uploads/2024/05/014-ORDENANZA-MUNICPAL-EXPLOTACION-Y-FUNC-DE-MAQUINAS-ELECTRONICAS-DE-DESTREZA-HUMANA-DE-LA-COMUNA-DE-EL-QUISCO-APROB-POR-D.A.-N%C2%B0-1436-2006-MODIFIC-POR-D.A.-N%C2%B0-1593-DE-FECHA-27.12.2006.pdf,https://www.elquisco.cl/wp-content/uploads/2024/05/014-ORDENANZA-MUNICPAL-EXPLOTACION-Y-FUNC-DE-MAQUINAS-ELECTRONICAS-DE-DESTREZA-HUMANA-DE-LA-COMUNA-DE-EL-QUISCO-APROB-POR-D.A.-N°-1436-2006-MODIFIC-POR-D.A.-N°-1593-DE-FECHA-27.12.2006.pdf,51f2d0f85ca9b48f099aa1ca36f2578bf94c297b125195b8e195828f6642abe1,
El Quisco,05,Valparaíso,Municipalidad,015,2004-01-01,Ordenanza Municipal de EL QUISCO — 015 ORDENANZA MUNICPAL N° 015 REGISTRO DE PERSONAS JURIDICAS RECEPTORAS DE FONDOS PUBLICOS MUNICIPALIDAD DE EL QUISCO APROBADA POR D.A. N° 314 DE FECHA 16.04.2004,Normativa General y Otras Materias,https://www.elquisco.cl/wp-content/uploads/2024/05/015-ORDENANZA-MUNICPAL-N%C2%B0-015-REGISTRO-DE-PERSONAS-JURIDICAS-RECEPTORAS-DE-FONDOS-PUBLICOS-MUNICIPALIDAD-DE-EL-QUISCO-APROBADA-POR-D.A.-N%C2%B0-314-DE-FECHA-16.04.2004.pdf,https://www.elquisco.cl/wp-content/uploads/2024/05/015-ORDENANZA-MUNICPAL-N°-015-REGISTRO-DE-PERSONAS-JURIDICAS-RECEPTORAS-DE-FONDOS-PUBLICOS-MUNICIPALIDAD-DE-EL-QUISCO-APROBADA-POR-D.A.-N°-314-DE-FECHA-16.04.2004.pdf,1ad67573f41d27873e67aead5d99362380721ae6566cf8729f6f81b933ac925f,
El Tabo,05,Valparaíso,BCN,466,1994-07-22,DICTA ORDENANZA LOCAL SOBRE DERECHOS MUNICIPALES,Derechos Municipales y Tarifas,https://www.bcn.cl/leychile/navegar?idNorma=31138,,,https://datos.bcn.cl/recurso/cl/orz/municipalidad-de-el-tabo/1994-07-22/466/datos.json
Santo Domingo,05,Valparaíso,Municipalidad,12,2026-01-01,Plan Regulador Comunal Plan Regulador Comunal,"Urbanismo, Obras y Edificación",https://santodomingo.cl/wp-content/uploads/2023/09/descarga-12-ordenanza-PRC-Sto.-Dgo.ACTUALIZADA.pdf,https://santodomingo.cl/municipio/,0195268f3d3f48ac605fd043630cb24efc7078d9fd76b040ff79b3512544a843,
Santo Domingo,05,Valparaíso,Municipalidad,S/N,2026-01-01,Ordenanza Municipal de SANTO DOMINGO — PRCSD c Ordenanza Preliminar ET6 IA,Normativa General y Otras Materias,https://santodomingo.cl/wp-content/uploads/2023/11/PRCSD_c-Ordenanza-Preliminar_ET6_IA.pdf,https://santodomingo.cl/municipio/,445e5978f5d8abb01b694c61b7812e566100df109d825073a7eb942312b01621,
Santo Domingo,05,Valparaíso,Municipalidad,S/N-ff01,2026-01-01,Ordenanza Municipal de SANTO DOMINGO — PRCSD dEstudio de Riesgo y Proteccion Ambiental ET6 IA,"Aseo, Ornato y Medio Ambiente",https://santodomingo.cl/wp-content/uploads/2023/11/PRCSD_dEstudio-de-Riesgo-y-Proteccion-Ambiental_ET6_IA.pdf,https://santodomingo.cl/municipio/,ff014c6dbd72ef881f3cf312d8a2d86e27572b87110d866924139b4dc506ab02,
Santo Domingo,05,Valparaíso,Municipalidad,S/N-4e6a,2026-01-01,Ordenanza Municipal de SANTO DOMINGO — PRCSD e Estudio de Capacidad Vial ET6 IA,Tránsito y Transporte,https://santodomingo.cl/wp-content/uploads/2023/11/PRCSD_e-Estudio-de-Capacidad-Vial_ET6_IA.pdf,https://santodomingo.cl/municipio/,4e6a4f187b872fd9202aea257a03f032ccfdfa04dfa8e8f13f882708a469d49d,
Santo Domingo,05,Valparaíso,Municipalidad,S/N-bdd8,2026-01-01,Ordenanza Municipal de SANTO DOMINGO — PRCSD f Estudio de Factibilidad Sanitaria ET6 IA,Normativa General y Otras Materias,https://santodomingo.cl/wp-content/uploads/2023/11/PRCSD_f-Estudio-de-Factibilidad-Sanitaria_ET6_IA.pdf,https://santodomingo.cl/municipio/,bdd8a26c65015d02f17e442326e499168d020dac0ce5ed9d01f43fb0f33c9088,
Santo Domingo,05,Valparaíso,Municipalidad,S/N-c9c7,2026-01-01,Ordenanza Municipal de SANTO DOMINGO — PRCSD g Estudio de Equipamiento ET6 IA,Normativa General y Otras Materias,https://santodomingo.cl/wp-content/uploads/2023/11/PRCSD_g-Estudio-de-Equipamiento_ET6_IA.pdf,https://santodomingo.cl/municipio/,c9c759d7d1fbe1a34874299c0e5191f145719ab8a28db720a79318b81a651bb6,
Santo Domingo,05,Valparaíso,Municipalidad,S/N-2839,2026-01-01,Ordenanza Municipal de SANTO DOMINGO — PRCSD h Estudio de Patrimonio ET6 IA,Normativa General y Otras Materias,https://santodomingo.cl/wp-content/uploads/2023/11/PRCSD_h-Estudio-de-Patrimonio_ET6_IA.pdf,https://santodomingo.cl/municipio/,2839cf50c66f4f46c7230bc4508bdb097eb69c2405126fe847c937376d143594,
Santo Domingo,05,Valparaíso,Municipalidad,S/N-3ea2,2026-01-01,Ordenanza de aseo y ornato Ordenanza de aseo y ornato,"Aseo, Ornato y Medio Ambiente",https://santodomingo.cl/wp-content/uploads/2023/12/Nueva-Ordenanza-Municipal-Aseo-y-Ornato-Decreto-Alcaldicio-N%C2%B01802_1.pdf,https://santodomingo.cl/municipio/,3ea2ce9e0007774c39c370d56ebc55667b24db050ab15f829f6485cfbcf6f27b,
Santo Domingo,05,Valparaíso,Municipalidad,S/N-f4a5,2026-01-01,Ordenanza Municipal de Soterramiento Ordenanza Municipal de Soterramiento,Normativa General y Otras Materias,https://santodomingo.cl/wp-content/uploads/2023/12/Ordenanza-Municipal-de-Soterramiento.pdf,https://santodomingo.cl/municipio/,f4a5a056d0047e6819555e922ae93804d27f46e6116771d6c94b677af43a0c09,
Santo Domingo,05,Valparaíso,Municipalidad,2435,2026-01-01,Ordenanza Municipal de SANTO DOMINGO — Ordenanza Municipal de Medio Ambiente y Proteccion de la Biodiversidad Decreto Alcaldicio 2435,"Aseo, Ornato y Medio Ambiente",https://santodomingo.cl/wp-content/uploads/2024/11/Ordenanza-Municipal-de-Medio-Ambiente-y-Proteccion-de-la-Biodiversidad_-Decreto-Alcaldicio-2435.pdf,https://santodomingo.cl/municipio/,1dc2d0a07e1868ecd2d738b6cd0b1b343a5e985260368def402914e9472b5a64,
Santo Domingo,05,Valparaíso,Municipalidad,2304,2026-01-01,Ordenanza Tenencia Responsable. Ordenanza Tenencia Responsable.,Tenencia Responsable de Mascotas,https://santodomingo.cl/wp-content/uploads/2024/11/Ordenanza-Tenencia-Responsable-_Decreto-Alcaldicio-N%C2%B0-2304.pdf,https://santodomingo.cl/municipio/,b1d98c4721e92f37e00a6eda08a2fdffd6a0bfac56ef88446813b107f2a258c7,
Santo Domingo,05,Valparaíso,Municipalidad,003,2025-01-06,Ordenanza de Derechos Varios (actualizada 06-01-2025) Ordenanza de Derechos Varios (actualizada 06-01-2025),Derechos Municipales y Tarifas,https://santodomingo.cl/wp-content/uploads/2025/03/D-N%C2%B0-003-06-01-2025-1.pdf,https://santodomingo.cl/municipio/,8668c96f886d5c84ef0f972a05e184dc4a1378e9ede6a03f05dfe8114e32c701,
Santo Domingo,05,Valparaíso,Municipalidad,S/N-a7f2,2026-01-01,Ordenanza de Uso y Aprovechamiento de Playas Ordenanza de Uso y Aprovechamiento de Playas,Normativa General y Otras Materias,https://santodomingo.cl/wp-content/uploads/2025/07/ORDENANZA-DE-PLAYAS.pdf,https://santodomingo.cl/municipio/,a7f26ad1154ee36d7ce2ad8e3bfbd4cf16fc0afc2e33a59b9108240eb0c7892a,
Santo Domingo,05,Valparaíso,Municipalidad,11,2003-01-01,Publicación en el Diario Oficial con Ordenanza Publicación en el Diario Oficial con Ordenanza (Instrumento de Origen),Normativa General y Otras Materias,https://santodomingo.cl/wp-content/uploads/2025/11/D.O.-odenanza-prc-Santo-Domingo_11.11.2003.pdf,https://santodomingo.cl/municipio/,ba29425451ef359c6f5b8ea0f089994449d997ae493cd3a67c0a4141134848dd,
Santo Domingo,05,Valparaíso,Municipalidad,2025,2025-01-01,Ordenanza sobre Propaganda y Publicidad Ordenanza sobre Propaganda y Publicidad,"Patentes, Comercio y Alcoholes",https://santodomingo.cl/wp-content/uploads/2026/02/2025-03797-DECRETO-PLAN-VISUAL.pdf,https://santodomingo.cl/municipio/,ab76bf399f9267b061c25ae258248339892b0d9b58e4e4f15c625c0c9413cb49,
San Felipe,05,Valparaíso,BCN,s-n,2003-01-23,MODIFICA ORDENANZA MUNICIPAL SOBRE CONDICIONES GENERALES PARA DETERMINAR TARIFAS DE ASEO; EXENCIONES PARCIAL Y TOTAL,Derechos Municipales y Tarifas,https://www.bcn.cl/leychile/navegar?idNorma=206996,,,https://datos.bcn.cl/recurso/cl/orz/municipalidad-de-san-felipe/2003-01-23/s-n/datos.json
San Felipe,05,Valparaíso,BCN,s-n,1999-12-27,"MODIFICA ORDENANZA Nº 5 SOBRE DERECHOS MUNICIPALES POR PERMISOS, CONCESIONES Y SERVICIOS",Derechos Municipales y Tarifas,https://www.bcn.cl/leychile/navegar?idNorma=149882,,,https://datos.bcn.cl/recurso/cl/orz/municipalidad-de-san-felipe/1999-12-27/s-n/datos.json
San Felipe,05,Valparaíso,BCN,33,1999-05-06,REGLAMENTA HORARIO DE FUNCIONAMIENTO DE NEGOCIOS DE EXPENDIO DE BEBIDAS ALCOHOLICAS,"Comercio, Alcoholes y Patentes",https://www.bcn.cl/leychile/navegar?idNorma=135917,,,https://datos.bcn.cl/recurso/cl/orz/municipalidad-de-san-felipe/1999-05-06/33/datos.json
San Felipe,05,Valparaíso,BCN,s-n,1999-01-16,"MODIFICA Y/O AGREGA A ORDENANZA Nº 5 QUE FIJA ARANCEL SOBRE DERECHOS MUNICIPALES, PERMISOS, CONCESIONES Y SERVICIOS",Derechos Municipales y Tarifas,https://www.bcn.cl/leychile/navegar?idNorma=129946,,,https://datos.bcn.cl/recurso/cl/orz/municipalidad-de-san-felipe/1999-01-16/s-n/datos.json
San Felipe,05,Valparaíso,BCN,32,1998-08-07,ORDENANZA SOBRE PROHIBICION AL TRANSITO DE BICICLETAS EN LA PLAZA DE ARMAS DE SAN FELIPE,Tránsito y Transporte,https://www.bcn.cl/leychile/navegar?idNorma=122812,,,https://datos.bcn.cl/recurso/cl/orz/municipalidad-de-san-felipe/1998-08-07/32/datos.json
San Felipe,05,Valparaíso,BCN,30,1998-04-20,ORDENANZA SOBRE SISTEMA CONTROL DE TIEMPO DE ESTACIONAMIENTO DE VEHICULOS EN LAS VIAS PUBLICAS,Tránsito y Transporte,https://www.bcn.cl/leychile/navegar?idNorma=98590,,,https://datos.bcn.cl/recurso/cl/orz/municipalidad-de-san-felipe/1998-04-20/30/datos.json
San Felipe,05,Valparaíso,BCN,s-n,1998-01-07,"DICTA ORDENANZA COMUNAL SOBRE DERECHOS MUNICIPALES, PERMISOS, CONCESIONES Y SERVICIOS",Derechos Municipales y Tarifas,https://www.bcn.cl/leychile/navegar?idNorma=86162,,,https://datos.bcn.cl/recurso/cl/orz/municipalidad-de-san-felipe/1998-01-07/s-n/datos.json
San Felipe,05,Valparaíso,BCN,5,1996-01-23,"DICTA ORDENANZA COMUNAL SOBRE DERECHOS MUNICIPALES, PERMISOS, CONCESIONES Y SERVICIOS",Derechos Municipales y Tarifas,https://www.bcn.cl/leychile/navegar?idNorma=31000,,,https://datos.bcn.cl/recurso/cl/orz/municipalidad-de-san-felipe/1996-01-23/5/datos.json
San Felipe,05,Valparaíso,BCN,s-n,1995-02-22,DICTA ORDENANZA LOCAL QUE FIJA LAS CONDICIONES PARA LA ROTURA Y REPOSICION DE PAVIMENTOS,"Aseo, Ornato y Medio Ambiente",https://www.bcn.cl/leychile/navegar?idNorma=31170,,,https://datos.bcn.cl/recurso/cl/orz/municipalidad-de-san-felipe/1995-02-22/s-n/datos.json
San Felipe,05,Valparaíso,BCN,5,1995-01-27,"DICTA ORDENANZA COMUNAL SOBRE DERECHOS MUNICIPALES, PERMISOS, CONCESIONES Y SERVICIOS",Derechos Municipales y Tarifas,https://www.bcn.cl/leychile/navegar?idNorma=30995,,,https://datos.bcn.cl/recurso/cl/orz/municipalidad-de-san-felipe/1995-01-27/5/datos.json
San Felipe,05,Valparaíso,BCN,74,1995-01-27,"MODIFICA ORDENANZA MUNICIPAL N° 27 QUE FIJA NORMAS SOBRE CONSTRUCCIONES, OBLIGACIONES DE CONTRATISTAS, RESPONSABILIDAD EN LAS OBRAS Y OTRAS RELACIONADAS CON EL CEMENTERIO MUNICIPAL DE SAN FELIPE","Urbanismo, Obras y Edificación",https://www.bcn.cl/leychile/navegar?idNorma=31102,,,https://datos.bcn.cl/recurso/cl/orz/municipalidad-de-san-felipe/1995-01-27/74/datos.json
San Felipe,05,Valparaíso,BCN,27,1994-07-04,"FIJA NORMAS SOBRE CONSTRUCCIONES, OBLIGACIONES DE CONTRATISTAS, RESPONSABILIDAD EN LAS OBRAS Y OTRAS RELACIONADAS CON EL CEMENTERIO MUNICIPAL DE SAN FELIPE","Urbanismo, Obras y Edificación",https://www.bcn.cl/leychile/navegar?idNorma=31058,,,https://datos.bcn.cl/recurso/cl/orz/municipalidad-de-san-felipe/1994-07-04/27/datos.json
San Felipe,05,Valparaíso,BCN,5,1994-01-29,"DICTA ORDENANZA COMUNAL SOBRE DERECHOS MUNICIPALES, PERMISOS, CONCESIONES Y SERVICIOS",Derechos Municipales y Tarifas,https://www.bcn.cl/leychile/navegar?idNorma=30990,,,https://datos.bcn.cl/recurso/cl/orz/municipalidad-de-san-felipe/1994-01-29/5/datos.json
San Felipe,05,Valparaíso,BCN,5,1993-01-30,"DICTA ORDENANZA COMUNAL SOBRE DERECHOS MUNICIPALES, PERMISOS, CONCESIONES Y SERVICIOS",Derechos Municipales y Tarifas,https://www.bcn.cl/leychile/navegar?idNorma=30988,,,https://datos.bcn.cl/recurso/cl/orz/municipalidad-de-san-felipe/1993-01-30/5/datos.json
San Felipe,05,Valparaíso,BCN,5,1992-01-24,"DICTA ORDENANZA COMUNAL SOBRE DERECHOS MUNICIPALES, PERMISOS, CONCESIONES Y SERVICIOS.",Derechos Municipales y Tarifas,https://www.bcn.cl/leychile/navegar?idNorma=96545,,,https://datos.bcn.cl/recurso/cl/orz/municipalidad-de-san-felipe/1992-01-24/5/datos.json
San Felipe,05,Valparaíso,BCN,5,1991-02-15,"DICTA ORDENANZA COMUNAL SOBRE DERECHOS MUNICIPALES, PERMISOS, CONCESIONES Y SERVICIOS",Derechos Municipales y Tarifas,https://www.bcn.cl/leychile/navegar?idNorma=87969,,,https://datos.bcn.cl/recurso/cl/orz/municipalidad-de-san-felipe/1991-02-15/5/datos.json
San Felipe,05,Valparaíso,BCN,5,1990-01-25,"DICTA ORDENANZA COMUNAL SOBRE DERECHOS MUNICIPALES, PERMISOS, CONCESIONES Y SERVICIOS",Derechos Municipales y Tarifas,https://www.bcn.cl/leychile/navegar?idNorma=95124,,,https://datos.bcn.cl/recurso/cl/orz/municipalidad-de-san-felipe/1990-01-25/5/datos.json
San Felipe,05,Valparaíso,BCN,5,1989-02-07,"DICTA ORDENANZA COMUNAL SOBRE DERECHOS MUNICIPALES, PERMISOS, CONCESIONES Y SERVICIOS",Derechos Municipales y Tarifas,https://www.bcn.cl/leychile/navegar?idNorma=192954,,,https://datos.bcn.cl/recurso/cl/orz/municipalidad-de-san-felipe/1989-02-07/5/datos.json
San Felipe,05,Valparaíso,BCN,25,1987-05-15,DICTA ORDENANZA LOCAL DE LOS EDIFICIOS CON PILAR - ESQUINA,"Urbanismo, Obras y Edificación",https://www.bcn.cl/leychile/navegar?idNorma=142766,,,https://datos.bcn.cl/recurso/cl/orz/municipalidad-de-san-felipe/1987-05-15/25/datos.json
San Felipe,05,Valparaíso,BCN,24,1987-02-06,DICTA ORDENANZA LOCAL SOBRE TALLERES Y REPARACION DE VEHICULOS Y BODEGAS,"Aseo, Ornato y Medio Ambiente",https://www.bcn.cl/leychile/navegar?idNorma=140961,,,https://datos.bcn.cl/recurso/cl/orz/municipalidad-de-san-felipe/1987-02-06/24/datos.json
San Felipe,05,Valparaíso,BCN,23,1985-11-23,ORDENANZA NO. 23 SOBRE TALLERES DE REPARACION DE VEHICULOS,"Aseo, Ornato y Medio Ambiente",https://www.bcn.cl/leychile/navegar?idNorma=166459,,,https://datos.bcn.cl/recurso/cl/orz/municipalidad-de-san-felipe/1985-11-23/23/datos.json
San Felipe,05,Valparaíso,BCN,5,1980-06-21,"ORDENANZA LOCAL SOBRE DERECHOS MUNICIPALES POR CONCESIONES, PERMISOS Y SERVICIOS",Derechos Municipales y Tarifas,https://www.bcn.cl/leychile/navegar?idNorma=181509,,,https://datos.bcn.cl/recurso/cl/orz/municipalidad-de-san-felipe/1980-06-21/5/datos.json
San Felipe,05,Valparaíso,Municipalidad,5,2026-01-01,Ordenanza Municipal de SAN FELIPE — Ordenanza N 5 2026 Rectificada 12ene WEB,Normativa General y Otras Materias,https://munisanfelipe.cl/wp-content/uploads/2026/01/Ordenanza-N-5-2026-_-Rectificada-12ene-WEB.pdf,https://munisanfelipe.cl/wp-content/uploads/2026/01/Ordenanza-N-5-2026-_-Rectificada-12ene-WEB.pdf,5d7bc20c5328f083ea6fec0fd6bdc5b1b16f50b7305b2c08eaaa20ac3c3111a6,
Llaillay,05,Valparaíso,Municipalidad,01,2025-01-01,Ordenanza Municipal de LLAILLAY — Ordenanza N°01 Derechos Dec 2232 de 29 Oct 2025,Derechos Municipales y Tarifas,https://www.munllayllay.cl/wp-content/uploads/2025/10/Ordenanza-N%C2%B001-Derechos-Dec-2232-de-29-Oct-2025.pdf,https://www.munllayllay.cl/wp-content/uploads/2025/10/Ordenanza-N°01-Derechos-Dec-2232-de-29-Oct-2025.pdf,f145975f79903d46b3a3aa99f652bd436750541396e58a96be722efa9125418e,
Panquehue,05,Valparaíso,BCN,2,1984-05-12,DICTA ORDENANZA SOBRE PREVENCION Y CONTROL DE RUIDOS MOLESTOS,"Aseo, Ornato y Medio Ambiente",https://www.bcn.cl/leychile/navegar?idNorma=124602,,,https://datos.bcn.cl/recurso/cl/orz/municipalidad-de-panquehue/1984-05-12/2/datos.json
Putaendo,05,Valparaíso,BCN,s-n,2011-02-07,ORDENANZA SOBRE SUBVENCIONES MUNICIPALES,"Salud, Deporte y Desarrollo Social",https://www.bcn.cl/leychile/navegar?idNorma=1022812,,,https://datos.bcn.cl/recurso/cl/orz/municipalidad-de-putaendo/2011-02-07/s-n/datos.json
Putaendo,05,Valparaíso,BCN,2923,2010-01-07,MODIFICA ORDENANZA LOCAL SOBRE PATENTES MUNICIPALES,"Comercio, Alcoholes y Patentes",https://www.bcn.cl/leychile/navegar?idNorma=1009951,,,https://datos.bcn.cl/recurso/cl/orz/municipalidad-de-putaendo/2010-01-07/2923/datos.json
Putaendo,05,Valparaíso,BCN,55,1995-02-09,DICTA ORDENANZA LOCAL SOBRE DERECHOS MUNICIPALES,Derechos Municipales y Tarifas,https://www.bcn.cl/leychile/navegar?idNorma=192311,,,https://datos.bcn.cl/recurso/cl/orz/municipalidad-de-putaendo/1995-02-09/55/datos.json
Putaendo,05,Valparaíso,Municipalidad,S/N,2026-01-01,Ordenanza Municipal de PUTAENDO — ORDENANZA ACOSO CALLEJERO PUTAENDO,Normativa General y Otras Materias,https://www.putaendo.cl/wp-content/uploads/2024/05/ORDENANZA-ACOSO-CALLEJERO-PUTAENDO.pdf,https://www.putaendo.cl/wp-content/uploads/2024/05/ORDENANZA-ACOSO-CALLEJERO-PUTAENDO.pdf,368a66ba70ec391a0bf82cc245b27400292622808c87880aacc399b977e2f39c,
Putaendo,05,Valparaíso,Municipalidad,2944,2026-01-01,Ordenanza Municipal de PUTAENDO — DA 2944 modifica ordenanza rentas,Normativa General y Otras Materias,https://www.putaendo.cl/wp-content/uploads/2026/08/DA-2944-modifica-ordenanza-rentas.pdf,https://www.putaendo.cl/modificacion-ordenanza-sobre-derechos-municipales-por-concesiones-permisos-y-derechos-municipales/,af3f58c6f46e46f18e0ca454cd0f5d428adb92e32f0112d4cde857e1f2b76a90,
Putaendo,05,Valparaíso,Municipalidad,12,2026-01-01,Ordenanza Municipal de PUTAENDO — Ordenanza Disensiones Vecinales 12 12 25,Seguridad Ciudadana y Convivencia,https://www.putaendo.cl/wp-content/uploads/2025/12/Ordenanza-Disensiones-Vecinales-12-12-25.pdf,https://www.putaendo.cl/propuesta-de-ordenanza-sobre-disenciones-vecinales/,56fa6f9cdf9709e6a2f532e68d40d3a4604404ce2c6e0d09b9cc7f825d0214d7,
Santa María,05,Valparaíso,BCN,1,1999-10-08,ORDENANZA MUNICIPAL QUE REGLAMENTA HORARIO DE FUNCIONAMIENTO DE NEGOCIOS DE EXPENDIO DE BEBIDAS ALCOHOLICAS,"Comercio, Alcoholes y Patentes",https://www.bcn.cl/leychile/navegar?idNorma=144927,,,https://datos.bcn.cl/recurso/cl/orz/municipalidad-de-santa-maria/1999-10-08/1/datos.json
Santa María,05,Valparaíso,BCN,2,1990-11-19,"MODIFICA ORDENANZA MUNICIPAL NO. 1, DE 1980",Normativa General y Otras Materias,https://www.bcn.cl/leychile/navegar?idNorma=89693,,,https://datos.bcn.cl/recurso/cl/orz/municipalidad-de-santa-maria/1990-11-19/2/datos.json
Santa María,05,Valparaíso,BCN,1,1990-04-17,"MUNICIPALIDAD DE SANTA MARIA DICTA ORDENANZA DE COBRO DERECHOS MUNICIPALES POR SERVICIOS, CONCESIONES Y PERMISOS",Derechos Municipales y Tarifas,https://www.bcn.cl/leychile/navegar?idNorma=89814,,,https://datos.bcn.cl/recurso/cl/orz/municipalidad-de-santa-maria/1990-04-17/1/datos.json
Santa María,05,Valparaíso,BCN,117,1989-05-22,"MODIFICA ORDENANZA MUNICIPAL NO. 1, DE 1989",Normativa General y Otras Materias,https://www.bcn.cl/leychile/navegar?idNorma=100222,,,https://datos.bcn.cl/recurso/cl/orz/municipalidad-de-santa-maria/1989-05-22/117/datos.json
Santa María,05,Valparaíso,BCN,1,1988-09-20,"INCORPORA A ORDENANZA MUNICIPAL NO. 1, DE 1986 DERECHOS QUE INDICA",Derechos Municipales y Tarifas,https://www.bcn.cl/leychile/navegar?idNorma=130604,,,https://datos.bcn.cl/recurso/cl/orz/municipalidad-de-santa-maria/1988-09-20/1/datos.json
Santa María,05,Valparaíso,BCN,2,1987-09-17,DICTA ORDENANZA LOCAL SOBRE ASEO Y ORDEN DE LA COMUNA,"Aseo, Ornato y Medio Ambiente",https://www.bcn.cl/leychile/navegar?idNorma=145187,,,https://datos.bcn.cl/recurso/cl/orz/municipalidad-de-santa-maria/1987-09-17/2/datos.json
Santa María,05,Valparaíso,BCN,1,1987-06-24,"DICTA OBDENANZA SOBRE RETIRO DE VEHICULOS ABANDONADOS, O MAL ESTACIONADOS, ESPECIES ENCONTRDAS O ANIMALES APARECIDOS EN LA VIA PUBLICA",Tránsito y Transporte,https://www.bcn.cl/leychile/navegar?idNorma=148525,,,https://datos.bcn.cl/recurso/cl/orz/municipalidad-de-santa-maria/1987-06-24/1/datos.json
Santa María,05,Valparaíso,BCN,1,1986-02-13,"DICTA ORDENANZA DE COBRO DE DERECHOS MUNICIPALES POR SERVICIOS, CONCESIONES Y PERMISOS",Derechos Municipales y Tarifas,https://www.bcn.cl/leychile/navegar?idNorma=156533,,,https://datos.bcn.cl/recurso/cl/orz/municipalidad-de-santa-maria/1986-02-13/1/datos.json
Quilpué,05,Valparaíso,BCN,5,2021-08-11,"MODIFICA ORDENANZA Nº 4, DE 2013, SOBRE INSTALACIÓN DE ALUMBRADO PÚBLICO EN CALLES, PASAJES Y ÁREAS VERDES DE NUEVAS URBANIZACIONES","Aseo, Ornato y Medio Ambiente",https://www.bcn.cl/leychile/navegar?idNorma=1163535,,,https://datos.bcn.cl/recurso/cl/orz/municipalidad-de-quilpue/2021-08-11/5/datos.json
Quilpué,05,Valparaíso,BCN,1,1997-08-26,"COMPLEMENTA ORDENANZA Nº 9, DE 1996",Normativa General y Otras Materias,https://www.bcn.cl/leychile/navegar?idNorma=75290,,,https://datos.bcn.cl/recurso/cl/orz/municipalidad-de-quilpue/1997-08-26/1/datos.json
Quilpué,05,Valparaíso,BCN,7,1996-07-24,"MODIFICA ORDENANZA N° 1, DE 1994, SOBRE DERECHOS MUNICIPALES",Derechos Municipales y Tarifas,https://www.bcn.cl/leychile/navegar?idNorma=31020,,,https://datos.bcn.cl/recurso/cl/orz/municipalidad-de-quilpue/1996-07-24/7/datos.json
Quilpué,05,Valparaíso,BCN,3,1996-04-24,"RECTIFICA ORDENANZA SOBRE PERMISOS, CONCESIONES O SERVICIOS",Derechos Municipales y Tarifas,https://www.bcn.cl/leychile/navegar?idNorma=30973,,,https://datos.bcn.cl/recurso/cl/orz/municipalidad-de-quilpue/1996-04-24/3/datos.json
Quilpué,05,Valparaíso,BCN,1,1996-03-18,ELIMINA Y ESTABLECE PARADA DE TAXIS Y TAXIS COLECTIVOS EN LUGARES QUE INDICA,Normativa General y Otras Materias,https://www.bcn.cl/leychile/navegar?idNorma=30917,,,https://datos.bcn.cl/recurso/cl/orz/municipalidad-de-quilpue/1996-03-18/1/datos.json
Quilpué,05,Valparaíso,BCN,7,1995-12-29,RECTIFICACION,Normativa General y Otras Materias,https://www.bcn.cl/leychile/navegar?idNorma=31018,,,https://datos.bcn.cl/recurso/cl/orz/municipalidad-de-quilpue/1995-12-29/7/datos.json
Quilpué,05,Valparaíso,BCN,8,1995-12-29,"MODIFICA ORDENANZA LOCAL DE DERECHOS MUNICIPALES N° 1, DE 1994",Derechos Municipales y Tarifas,https://www.bcn.cl/leychile/navegar?idNorma=31025,,,https://datos.bcn.cl/recurso/cl/orz/municipalidad-de-quilpue/1995-12-29/8/datos.json
Quilpué,05,Valparaíso,BCN,6,1995-12-19,CREA PARADAS DE TAXIS EN CALLES QUE SEÑALA,Normativa General y Otras Materias,https://www.bcn.cl/leychile/navegar?idNorma=31005,,,https://datos.bcn.cl/recurso/cl/orz/municipalidad-de-quilpue/1995-12-19/6/datos.json
Quilpué,05,Valparaíso,BCN,4,1995-10-10,"COMPLEMENTA ORDENANZA N° 1, DE 1994",Normativa General y Otras Materias,https://www.bcn.cl/leychile/navegar?idNorma=30981,,,https://datos.bcn.cl/recurso/cl/orz/municipalidad-de-quilpue/1995-10-10/4/datos.json
Quilpué,05,Valparaíso,BCN,5,1995-10-10,"MODIFICA ORDENANZA N° 3, DE 1995",Normativa General y Otras Materias,https://www.bcn.cl/leychile/navegar?idNorma=30996,,,https://datos.bcn.cl/recurso/cl/orz/municipalidad-de-quilpue/1995-10-10/5/datos.json
Quilpué,05,Valparaíso,BCN,3,1995-07-26,"MODIFICA ORDENANZA N° 4, DE 1990, Y ESTABLECE PARADA DE TAXIS COLECTIVOS EN CALLES QUE INDICA",Normativa General y Otras Materias,https://www.bcn.cl/leychile/navegar?idNorma=30968,,,https://datos.bcn.cl/recurso/cl/orz/municipalidad-de-quilpue/1995-07-26/3/datos.json
Quilpué,05,Valparaíso,BCN,2,1995-04-24,AUTORIZA PARADA LIBRE PARA TAXIS COLECTIVOS EN LUGAR QUE INDICA,Normativa General y Otras Materias,https://www.bcn.cl/leychile/navegar?idNorma=30942,,,https://datos.bcn.cl/recurso/cl/orz/municipalidad-de-quilpue/1995-04-24/2/datos.json
Quilpué,05,Valparaíso,BCN,1,1995-03-21,"RECTIFICA ORDENANZA N° 1, DE 1994, SOBRE PERMISOS, CONCESIONES O SERVICIOS",Derechos Municipales y Tarifas,https://www.bcn.cl/leychile/navegar?idNorma=30910,,,https://datos.bcn.cl/recurso/cl/orz/municipalidad-de-quilpue/1995-03-21/1/datos.json
Quilpué,05,Valparaíso,BCN,1,1995-01-19,"DEROGA ORDENANZAS N° 3 Y N° 4, DE 1992, N° 1, N° 2, N° 3 Y N° 5, DE 1993, Y APRUEBA ORDENANZA LOCAL DE DERECHOS MUNICIPALES QUE REGIRA A CONTAR DE 1995",Derechos Municipales y Tarifas,https://www.bcn.cl/leychile/navegar?idNorma=30905,,,https://datos.bcn.cl/recurso/cl/orz/municipalidad-de-quilpue/1995-01-19/1/datos.json
Quilpué,05,Valparaíso,BCN,5,1994-01-27,"MODIFICA ORDENANZA SOBRE DERECHOS MUNICIPALES POR PERMISOS, CONCESIONES O SERVICIOS",Derechos Municipales y Tarifas,https://www.bcn.cl/leychile/navegar?idNorma=30989,,,https://datos.bcn.cl/recurso/cl/orz/municipalidad-de-quilpue/1994-01-27/5/datos.json
Quilpué,05,Valparaíso,BCN,4,1993-11-05,"MODIFICA ORDENANZA N° 2, DE 1992",Normativa General y Otras Materias,https://www.bcn.cl/leychile/navegar?idNorma=30977,,,https://datos.bcn.cl/recurso/cl/orz/municipalidad-de-quilpue/1993-11-05/4/datos.json
Quilpué,05,Valparaíso,BCN,s-n,1993-11-03,MODIFICA PLAN REGULADOR COMUNAL,"Urbanismo, Obras y Edificación",https://www.bcn.cl/leychile/navegar?idNorma=31160,,,https://datos.bcn.cl/recurso/cl/orz/municipalidad-de-quilpue/1993-11-03/s-n/datos.json
Quilpué,05,Valparaíso,BCN,1,1993-05-11,"COMPLEMENTA ORDENANZA N° 4, DE 1992",Normativa General y Otras Materias,https://www.bcn.cl/leychile/navegar?idNorma=30877,,,https://datos.bcn.cl/recurso/cl/orz/municipalidad-de-quilpue/1993-05-11/1/datos.json
Quilpué,05,Valparaíso,BCN,2,1993-05-11,"MODIFICA ORDENANZA N° 4, DE 1992",Normativa General y Otras Materias,https://www.bcn.cl/leychile/navegar?idNorma=30931,,,https://datos.bcn.cl/recurso/cl/orz/municipalidad-de-quilpue/1993-05-11/2/datos.json
Quilpué,05,Valparaíso,BCN,3,1993-05-11,"COMPLEMENTA ORDENANZA N° 4, DE 1992",Normativa General y Otras Materias,https://www.bcn.cl/leychile/navegar?idNorma=30957,,,https://datos.bcn.cl/recurso/cl/orz/municipalidad-de-quilpue/1993-05-11/3/datos.json
Quilpué,05,Valparaíso,BCN,4,1993-01-22,APRUEBA ORDENANZA LOCAL DE DERECHOS MUNICIPALES,Derechos Municipales y Tarifas,https://www.bcn.cl/leychile/navegar?idNorma=30975,,,https://datos.bcn.cl/recurso/cl/orz/municipalidad-de-quilpue/1993-01-22/4/datos.json
Quilpué,05,Valparaíso,BCN,3,1992-09-08,"COMPLEMENTA ORDENANZA NO. 7, DE 1990",Normativa General y Otras Materias,https://www.bcn.cl/leychile/navegar?idNorma=84854,,,https://datos.bcn.cl/recurso/cl/orz/municipalidad-de-quilpue/1992-09-08/3/datos.json
Quilpué,05,Valparaíso,BCN,2,1992-07-04,APRUEBA ORDENANZA SOBRE FUNCIONAMIENTO DE FERIAS LIBRES,"Comercio, Alcoholes y Patentes",https://www.bcn.cl/leychile/navegar?idNorma=85736,,,https://datos.bcn.cl/recurso/cl/orz/municipalidad-de-quilpue/1992-07-04/2/datos.json
Quilpué,05,Valparaíso,BCN,2,1992-01-30,"MODIFICA ORDENANZA NO. 7, DE 1990",Normativa General y Otras Materias,https://www.bcn.cl/leychile/navegar?idNorma=96923,,,https://datos.bcn.cl/recurso/cl/orz/municipalidad-de-quilpue/1992-01-30/2/datos.json
Quilpué,05,Valparaíso,BCN,7,1991-01-25,"APRUEBA ORDENANZA LOCAL DE DERECHOS MUNICIPALES SOBRE PERMISOS, CONCESIONES O SERVICIOS",Derechos Municipales y Tarifas,https://www.bcn.cl/leychile/navegar?idNorma=89043,,,https://datos.bcn.cl/recurso/cl/orz/municipalidad-de-quilpue/1991-01-25/7/datos.json
Quilpué,05,Valparaíso,BCN,6,1990-06-26,"MODIFICA ORDENANZA NO. 1, DE 1990",Normativa General y Otras Materias,https://www.bcn.cl/leychile/navegar?idNorma=234021,,,https://datos.bcn.cl/recurso/cl/orz/municipalidad-de-quilpue/1990-06-26/6/datos.json
Quilpué,05,Valparaíso,BCN,5,1990-05-18,"MODIFICA ORDENANZA Nº 4, DE 1989, SOBRE FERIAS LIBRES","Comercio, Alcoholes y Patentes",https://www.bcn.cl/leychile/navegar?idNorma=89602,,,https://datos.bcn.cl/recurso/cl/orz/municipalidad-de-quilpue/1990-05-18/5/datos.json
Quilpué,05,Valparaíso,BCN,3,1990-04-05,"AGREGA ARTICULO A ORDENANZA N° 4, DE 1989",Normativa General y Otras Materias,https://www.bcn.cl/leychile/navegar?idNorma=90020,,,https://datos.bcn.cl/recurso/cl/orz/municipalidad-de-quilpue/1990-04-05/3/datos.json
Quilpué,05,Valparaíso,BCN,4,1990-04-04,AUTORIZA ESTACIONAMIENTOS PARA TAXIS BASICOS Y COLECTIVOS,Tránsito y Transporte,https://www.bcn.cl/leychile/navegar?idNorma=89987,,,https://datos.bcn.cl/recurso/cl/orz/municipalidad-de-quilpue/1990-04-04/4/datos.json
Quilpué,05,Valparaíso,BCN,2,1990-03-06,"MODIFICA ORDENANZA NO. 1, DE 1990",Normativa General y Otras Materias,https://www.bcn.cl/leychile/navegar?idNorma=90192,,,https://datos.bcn.cl/recurso/cl/orz/municipalidad-de-quilpue/1990-03-06/2/datos.json
Quilpué,05,Valparaíso,BCN,1,1990-01-30,"DEROGA ORDENANZA NO. 3, DE 1988, Y APRUEBA ORDENANZA LOCAL DE DERECHOS MUNICIPALES",Derechos Municipales y Tarifas,https://www.bcn.cl/leychile/navegar?idNorma=95720,,,https://datos.bcn.cl/recurso/cl/orz/municipalidad-de-quilpue/1990-01-30/1/datos.json
Quilpué,05,Valparaíso,BCN,5,1989-08-03,"MODIFICA ORDENANZA NO. 3, DE 1989",Normativa General y Otras Materias,https://www.bcn.cl/leychile/navegar?idNorma=202948,,,https://datos.bcn.cl/recurso/cl/orz/municipalidad-de-quilpue/1989-08-03/5/datos.json
Quilpué,05,Valparaíso,BCN,3,1989-07-03,FIJA ORDENANZA SOBRE FUNCIONAMIENTO DE ENTRETENIMIENTOS ELECTRONICOS,Normativa General y Otras Materias,https://www.bcn.cl/leychile/navegar?idNorma=99874,,,https://datos.bcn.cl/recurso/cl/orz/municipalidad-de-quilpue/1989-07-03/3/datos.json
Quilpué,05,Valparaíso,BCN,3,1989-01-28,"DEROGA ORDENANZA NO. 8, DE 1987, Y APRUEBA ORDENANZA LOCAL DE DERECHOS MUNICIPALES PARA 1989",Derechos Municipales y Tarifas,https://www.bcn.cl/leychile/navegar?idNorma=182392,,,https://datos.bcn.cl/recurso/cl/orz/municipalidad-de-quilpue/1989-01-28/3/datos.json
Quilpué,05,Valparaíso,BCN,8,1988-01-27,"APRUEBA ORDENANZA LOCAL DE DERECHOS MUNICIPALES POR PERMISOS, CONCESIONES O SERVICIOS",Derechos Municipales y Tarifas,https://www.bcn.cl/leychile/navegar?idNorma=173355,,,https://datos.bcn.cl/recurso/cl/orz/municipalidad-de-quilpue/1988-01-27/8/datos.json
Quilpué,05,Valparaíso,BCN,7,1987-01-16,APRUEBA ORDENANZA LOCAL DE DERECHOS MUNICIPALES,Derechos Municipales y Tarifas,https://www.bcn.cl/leychile/navegar?idNorma=147178,,,https://datos.bcn.cl/recurso/cl/orz/municipalidad-de-quilpue/1987-01-16/7/datos.json
Quilpué,05,Valparaíso,BCN,6,1986-01-24,"APRUEBA ORDENANZA LOCAL DE DERECHOS MUNICIPALES POR PERMISOS, CONCESIONES, O SERVICIOS",Derechos Municipales y Tarifas,https://www.bcn.cl/leychile/navegar?idNorma=160224,,,https://datos.bcn.cl/recurso/cl/orz/municipalidad-de-quilpue/1986-01-24/6/datos.json
Quilpué,05,Valparaíso,BCN,29,1985-01-17,"DEROGA ORDENANZA N° 33, DE 1983, Y APRUEBA ORDENANZA LOCAL DE DERECHOS MUNICIPALES QUE REGIRA A CONTAR DEL L° DE ENERO DE 1985",Derechos Municipales y Tarifas,https://www.bcn.cl/leychile/navegar?idNorma=157389,,,https://datos.bcn.cl/recurso/cl/orz/municipalidad-de-quilpue/1985-01-17/29/datos.json
Villa Alemana,05,Valparaíso,BCN,s-n,1995-01-12,"ORDENANZA SOBRE DERECHOS MUNICIPALES POR PERMISOS, CONCESIONES Y SERVICIOS",Derechos Municipales y Tarifas,https://www.bcn.cl/leychile/navegar?idNorma=31164,,,https://datos.bcn.cl/recurso/cl/orz/municipalidad-de-villa-alemana/1995-01-12/s-n/datos.json
Santiago,13,Metropolitana de Santiago,BCN,100,2010-07-05,ORDENANZA DE ZONIFICACIÓN DE LOS NEGOCIOS DE EXPENDIO DE BEBIDAS ALCOHÓLICAS DEL BARRIO AILLAVILÚ,"Comercio, Alcoholes y Patentes",https://www.bcn.cl/leychile/navegar?idNorma=1015020,,,https://datos.bcn.cl/recurso/cl/orz/municipalidad-de-santiago/2010-07-05/100/datos.json
Santiago,13,Metropolitana de Santiago,BCN,101,2010-07-05,ORDENANZA DE ZONIFICACIÓN DE LOS NEGOCIOS DE EXPENDIO DE BEBIDAS ALCOHÓLICAS DEL BARRIO BRASIL,"Comercio, Alcoholes y Patentes",https://www.bcn.cl/leychile/navegar?idNorma=1015021,,,https://datos.bcn.cl/recurso/cl/orz/municipalidad-de-santiago/2010-07-05/101/datos.json
Santiago,13,Metropolitana de Santiago,BCN,98,2010-07-05,ORDENANZA DE ZONIFICACIÓN Y HORARIOS DE FUNCIONAMIENTO DE LOS NEGOCIOS EXPENDIO Y CONSUMO DE BEBIDAS ALCOHÓLICAS DEL BARRIO UNIVERSITARIO DE SANTIAGO,"Comercio, Alcoholes y Patentes",https://www.bcn.cl/leychile/navegar?idNorma=1015019,,,https://datos.bcn.cl/recurso/cl/orz/municipalidad-de-santiago/2010-07-05/98/datos.json
Santiago,13,Metropolitana de Santiago,BCN,2080,2010-01-16,ORDENANZA PARA LA EJECUCIÓN DE CIERROS DE SITIOS DE LA COMUNA DE SANTIAGO,"Urbanismo, Obras y Edificación",https://www.bcn.cl/leychile/navegar?idNorma=1010221,,,https://datos.bcn.cl/recurso/cl/orz/municipalidad-de-santiago/2010-01-16/2080/datos.json
Santiago,13,Metropolitana de Santiago,BCN,105,2009-06-25,ORDENANZA Nº105 'DE LOCALES CON CABINAS DE LOCUTORIOS TELEFÓNICOS Y CABINAS O MÓDULOS DE INTERNET',Normativa General y Otras Materias,https://www.bcn.cl/leychile/navegar?idNorma=1003704,,,https://datos.bcn.cl/recurso/cl/orz/municipalidad-de-santiago/2009-06-25/105/datos.json
Santiago,13,Metropolitana de Santiago,BCN,104,2009-06-03,ORDENANZA CONTRA LA DISCRIMINACIÓN,Normativa General y Otras Materias,https://www.bcn.cl/leychile/navegar?idNorma=1003035,,,https://datos.bcn.cl/recurso/cl/orz/municipalidad-de-santiago/2009-06-03/104/datos.json
Santiago,13,Metropolitana de Santiago,BCN,103,2007-08-06,ORDENANZA DE ZONIFICACION Y HORARIOS DE FUNCIONAMIENTO DE LOS NEGOCIOS DE EXPENDIO Y CONSUMO DE BEBIDAS ALCOHOLICAS CLASIFICACION C RESTAURANTES DIURNO O NOCTURNO,"Comercio, Alcoholes y Patentes",https://www.bcn.cl/leychile/navegar?idNorma=263341,,,https://datos.bcn.cl/recurso/cl/orz/municipalidad-de-santiago/2007-08-06/103/datos.json
Santiago,13,Metropolitana de Santiago,BCN,102,2005-10-29,ORDENANZA PARA ESTABLECIMIENTOS DE ESPECTACULOS PUBLICOS DE ENTRETENIMIENTO Y GASTRONOMICOS,"Comercio, Alcoholes y Patentes",https://www.bcn.cl/leychile/navegar?idNorma=243397,,,https://datos.bcn.cl/recurso/cl/orz/municipalidad-de-santiago/2005-10-29/102/datos.json
Santiago,13,Metropolitana de Santiago,BCN,100,2005-07-16,FIJA ORDENANZA DE ZONIFICACION DE LOS NEGOCIOS DE EXPENDIO DE BEBIDAS ALCOHOLICAS DEL BARRIO AILLAVILU,"Comercio, Alcoholes y Patentes",https://www.bcn.cl/leychile/navegar?idNorma=240201,,,https://datos.bcn.cl/recurso/cl/orz/municipalidad-de-santiago/2005-07-16/100/datos.json
Santiago,13,Metropolitana de Santiago,BCN,101,2005-07-16,FIJA ORDENANZA DE ZONIFICACION DE LOS NEGOCIOS DE EXPENDIO DE BEBIDAS ALCOHOLICAS DEL BARRIO BRASIL,"Comercio, Alcoholes y Patentes",https://www.bcn.cl/leychile/navegar?idNorma=240202,,,https://datos.bcn.cl/recurso/cl/orz/municipalidad-de-santiago/2005-07-16/101/datos.json
Santiago,13,Metropolitana de Santiago,BCN,99,2005-06-18,ORDENANZA PARA PLANES DE EVACUACION EN LUGARES DONDE SE REALIZAN ESPECTACULOS PUBLICOS,"Comercio, Alcoholes y Patentes",https://www.bcn.cl/leychile/navegar?idNorma=239293,,,https://datos.bcn.cl/recurso/cl/orz/municipalidad-de-santiago/2005-06-18/99/datos.json
Santiago,13,Metropolitana de Santiago,BCN,98,2004-11-16,ORDENANZA DE ZONIFICACION Y HORARIOS DE FUNCIONAMIENTO DE LOS NEGOCIOS DE EXPENDIO Y CONSUMO DE BEBIDAS ALCOHOLICAS DEL BARRIO UNIVERSITARIO DE SANTIAGO,"Comercio, Alcoholes y Patentes",https://www.bcn.cl/leychile/navegar?idNorma=232641,,,https://datos.bcn.cl/recurso/cl/orz/municipalidad-de-santiago/2004-11-16/98/datos.json
Santiago,13,Metropolitana de Santiago,BCN,47,2003-07-21,DICTA ORDENANZA PARA EL USO DE SITIOS NO EDIFICADOS Y RECINTOS COMO PLAYAS DE ESTACIONAMIENTOS,Tránsito y Transporte,https://www.bcn.cl/leychile/navegar?idNorma=212726,,,https://datos.bcn.cl/recurso/cl/orz/municipalidad-de-santiago/2003-07-21/47/datos.json
Santiago,13,Metropolitana de Santiago,BCN,87,2001-10-03,"ORDENANZA PARA LA INSTALACION DE MESAS, SILLAS Y QUITASOLES EN EL ESPACIO PUBLICO DE LA COMUNA DE SANTIAGO, TODOS LOS SECTORES",Normativa General y Otras Materias,https://www.bcn.cl/leychile/navegar?idNorma=190127,,,https://datos.bcn.cl/recurso/cl/orz/municipalidad-de-santiago/2001-10-03/87/datos.json
Santiago,13,Metropolitana de Santiago,BCN,85,2000-12-02,ORDENANZA SOBRE REGIMEN INTERNO DE ''EL PUEBLITO DEL PARQUE O'HIGGINS'',Organización y Régimen Interno,https://www.bcn.cl/leychile/navegar?idNorma=178495,,,https://datos.bcn.cl/recurso/cl/orz/municipalidad-de-santiago/2000-12-02/85/datos.json
Santiago,13,Metropolitana de Santiago,BCN,82,1999-04-07,FIJA HORARIO DE FUNCIONAMIENTO DE NEGOCIOS DE EXPENDIO DE BEBIDAS ALCOHOLICAS,"Comercio, Alcoholes y Patentes",https://www.bcn.cl/leychile/navegar?idNorma=134513,,,https://datos.bcn.cl/recurso/cl/orz/municipalidad-de-santiago/1999-04-07/82/datos.json
Santiago,13,Metropolitana de Santiago,BCN,80,1998-11-14,DICTA ORDENANZA SOBRE RUIDOS Y SONIDOS MOLESTOS PARA LA COMUNA DE SANTIAGO,"Aseo, Ornato y Medio Ambiente",https://www.bcn.cl/leychile/navegar?idNorma=127143,,,https://datos.bcn.cl/recurso/cl/orz/municipalidad-de-santiago/1998-11-14/80/datos.json
Santiago,13,Metropolitana de Santiago,BCN,79,1998-09-28,ORDENANZA MUNICIPAL SOBRE CARGA Y DESCARGA EN EL AREA CENTRICA DE SANTIAGO,Tránsito y Transporte,https://www.bcn.cl/leychile/navegar?idNorma=124973,,,https://datos.bcn.cl/recurso/cl/orz/municipalidad-de-santiago/1998-09-28/79/datos.json
Santiago,13,Metropolitana de Santiago,BCN,77,1998-08-04,DICTA NORMAS SOBRE ASEO EN LA COMUNA,"Aseo, Ornato y Medio Ambiente",https://www.bcn.cl/leychile/navegar?idNorma=122640,,,https://datos.bcn.cl/recurso/cl/orz/municipalidad-de-santiago/1998-08-04/77/datos.json
Santiago,13,Metropolitana de Santiago,BCN,78,1998-08-03,"REGLAMENTA CONSERVACION DE ESPECIES VEGETALES DE ORNATO, MOBILIARIO URBANO Y AREAS VERDES DE LA COMUNA","Aseo, Ornato y Medio Ambiente",https://www.bcn.cl/leychile/navegar?idNorma=122597,,,https://datos.bcn.cl/recurso/cl/orz/municipalidad-de-santiago/1998-08-03/78/datos.json
Santiago,13,Metropolitana de Santiago,BCN,76,1998-05-07,DICTA ORDENANZA SOBRE SERVICIO DE PARQUIMETROS,Tránsito y Transporte,https://www.bcn.cl/leychile/navegar?idNorma=98700,,,https://datos.bcn.cl/recurso/cl/orz/municipalidad-de-santiago/1998-05-07/76/datos.json
Santiago,13,Metropolitana de Santiago,BCN,74,1997-12-31,ORDENANZA SOBRE CARGA Y DESCARGA EN EL AREA CENTRICA DE SANTIAGO,Tránsito y Transporte,https://www.bcn.cl/leychile/navegar?idNorma=85199,,,https://datos.bcn.cl/recurso/cl/orz/municipalidad-de-santiago/1997-12-31/74/datos.json
Santiago,13,Metropolitana de Santiago,BCN,75,1997-12-31,ORDENANZA SOBRE INGRESO DE VEHICULOS A PASEOS PEATONALES EN LA COMUNA DE SANTIAGO,"Aseo, Ornato y Medio Ambiente",https://www.bcn.cl/leychile/navegar?idNorma=85200,,,https://datos.bcn.cl/recurso/cl/orz/municipalidad-de-santiago/1997-12-31/75/datos.json
Santiago,13,Metropolitana de Santiago,BCN,72,1997-08-04,ORDENANZA LOCAL PARA LA MEDICION DE DISTANCIAS DE NEGOCIOS DE ALCOHOLES,"Comercio, Alcoholes y Patentes",https://www.bcn.cl/leychile/navegar?idNorma=74655,,,https://datos.bcn.cl/recurso/cl/orz/municipalidad-de-santiago/1997-08-04/72/datos.json
Santiago,13,Metropolitana de Santiago,BCN,71,1997-04-12,DICTA ORDENANZA SOBRE ESTACIONAMIENTOS RESERVADOS PARA DISCAPACITADOS,Tránsito y Transporte,https://www.bcn.cl/leychile/navegar?idNorma=70593,,,https://datos.bcn.cl/recurso/cl/orz/municipalidad-de-santiago/1997-04-12/71/datos.json
Santiago,13,Metropolitana de Santiago,BCN,68,1996-01-06,"DICTA ORDENANZA SOBRE DERECHOS POR PERMISOS, CONCESIONES Y SERVICIOS MUNICIPALES",Derechos Municipales y Tarifas,https://www.bcn.cl/leychile/navegar?idNorma=31098,,,https://datos.bcn.cl/recurso/cl/orz/municipalidad-de-santiago/1996-01-06/68/datos.json
Santiago,13,Metropolitana de Santiago,BCN,69,1996-01-03,DICTA ORDENANZA MUNICIPAL SOBRE TARIFAS DEL SERVICIO DE ASEO DOMICILIARIO,Derechos Municipales y Tarifas,https://www.bcn.cl/leychile/navegar?idNorma=31099,,,https://datos.bcn.cl/recurso/cl/orz/municipalidad-de-santiago/1996-01-03/69/datos.json
Santiago,13,Metropolitana de Santiago,BCN,67,1995-12-27,ORDENANZA SOBRE LOCALES DE ENTRETENIMIENTOS ELECTRONICOS Y SIMILARES,Normativa General y Otras Materias,https://www.bcn.cl/leychile/navegar?idNorma=31097,,,https://datos.bcn.cl/recurso/cl/orz/municipalidad-de-santiago/1995-12-27/67/datos.json
Santiago,13,Metropolitana de Santiago,BCN,66,1995-10-31,ORDENANZA SOBRE EXENCIONES PARCIALES Y TOTALES PARA DETERMINAR LAS TARIFAS DE ASEO DOMICILIARIO,Derechos Municipales y Tarifas,https://www.bcn.cl/leychile/navegar?idNorma=31095,,,https://datos.bcn.cl/recurso/cl/orz/municipalidad-de-santiago/1995-10-31/66/datos.json
Santiago,13,Metropolitana de Santiago,BCN,65,1995-08-02,DICTA ORDENANZA SOBRE RUIDOS Y SONIDOS MOLESTOS,"Aseo, Ornato y Medio Ambiente",https://www.bcn.cl/leychile/navegar?idNorma=31093,,,https://datos.bcn.cl/recurso/cl/orz/municipalidad-de-santiago/1995-08-02/65/datos.json
Santiago,13,Metropolitana de Santiago,BCN,64,1995-07-05,"ORDENANZA LOCAL SOBRE OCUPACION DE BIENES NACIONALES DE USO PUBLICO QUE CORRESPONDAN A CALLES O PASAJES SIN SALIDA, Y QUE PERMITE SU CIERRE","Urbanismo, Obras y Edificación",https://www.bcn.cl/leychile/navegar?idNorma=31092,,,https://datos.bcn.cl/recurso/cl/orz/municipalidad-de-santiago/1995-07-05/64/datos.json
Santiago,13,Metropolitana de Santiago,BCN,63,1995-04-24,ORDENANZA MUNICIPAL SOBRE ACOMODADORES DE VEHICULOS ESTACIONADOS EN LA VIA PUBLICA,Tránsito y Transporte,https://www.bcn.cl/leychile/navegar?idNorma=31091,,,https://datos.bcn.cl/recurso/cl/orz/municipalidad-de-santiago/1995-04-24/63/datos.json
Santiago,13,Metropolitana de Santiago,BCN,62,1995-04-21,DICTA ORDENANZA PARA LA REALIZACION DE PROPAGANDA COMERCIAL QUE SEA VISTA DESDE LA VIA PUBLICA,"Comercio, Alcoholes y Patentes",https://www.bcn.cl/leychile/navegar?idNorma=31089,,,https://datos.bcn.cl/recurso/cl/orz/municipalidad-de-santiago/1995-04-21/62/datos.json
Santiago,13,Metropolitana de Santiago,BCN,61,1995-01-20,MUNICIPALIDAD DE SANTIAGO DICTA ORDENANZA SOBRE CENTRO COMERCIAL PARQUE DE LOS REYES,"Comercio, Alcoholes y Patentes",https://www.bcn.cl/leychile/navegar?idNorma=31087,,,https://datos.bcn.cl/recurso/cl/orz/municipalidad-de-santiago/1995-01-20/61/datos.json
Santiago,13,Metropolitana de Santiago,BCN,59,1994-10-26,"ORDENANZA MUNICIPAL PARA EL COMERCIO ESTACIONADO Y
AMBULANTE EN BIENES NACIONALES DE USO PUBLICO","Comercio, Alcoholes y Patentes",https://www.bcn.cl/leychile/navegar?idNorma=241792,,,https://datos.bcn.cl/recurso/cl/orz/municipalidad-de-santiago/1994-10-26/59/datos.json
Santiago,13,Metropolitana de Santiago,BCN,58,1994-01-31,"ORDENANZA SOBRE DERECHOS MUNICIPALES POR PERMISOS, CONCESIONES Y SERVICIOS MUNICIPALES",Derechos Municipales y Tarifas,https://www.bcn.cl/leychile/navegar?idNorma=31084,,,https://datos.bcn.cl/recurso/cl/orz/municipalidad-de-santiago/1994-01-31/58/datos.json
Santiago,13,Metropolitana de Santiago,BCN,57,1993-09-17,"MODIFICA ORDENANZA N° 50, DE 1991, SOBRE NORMAS SANITARIAS BASICAS",Normativa General y Otras Materias,https://www.bcn.cl/leychile/navegar?idNorma=31083,,,https://datos.bcn.cl/recurso/cl/orz/municipalidad-de-santiago/1993-09-17/57/datos.json
Santiago,13,Metropolitana de Santiago,BCN,5,1993-01-30,MODIFICA ORDENANZA N° 55 DE 1992,Normativa General y Otras Materias,https://www.bcn.cl/leychile/navegar?idNorma=30987,,,https://datos.bcn.cl/recurso/cl/orz/municipalidad-de-santiago/1993-01-30/5/datos.json
Santiago,13,Metropolitana de Santiago,BCN,56,1993-01-08,"DICTA ORDENANZA SOBRE DERECHOS MUNICIPALES POR PERMISOS, CONCESIONES Y SERVICIOS MUNICIPALES",Derechos Municipales y Tarifas,https://www.bcn.cl/leychile/navegar?idNorma=31082,,,https://datos.bcn.cl/recurso/cl/orz/municipalidad-de-santiago/1993-01-08/56/datos.json
Santiago,13,Metropolitana de Santiago,BCN,55,1992-11-23,DICTA ORDENANZA SOBRE FERIA PERSA INTERNACIONAL,"Comercio, Alcoholes y Patentes",https://www.bcn.cl/leychile/navegar?idNorma=31081,,,https://datos.bcn.cl/recurso/cl/orz/municipalidad-de-santiago/1992-11-23/55/datos.json
Santiago,13,Metropolitana de Santiago,BCN,54,1992-10-16,DICTA ORDENANZA PARA LA REALIZACION DE PROPAGANDA QUE SEA VISTA U OIDA DESDE LA VIA PUBLICA,"Comercio, Alcoholes y Patentes",https://www.bcn.cl/leychile/navegar?idNorma=85140,,,https://datos.bcn.cl/recurso/cl/orz/municipalidad-de-santiago/1992-10-16/54/datos.json
Santiago,13,Metropolitana de Santiago,BCN,53,1992-09-26,"DICTA ORDENANZA SOBRE HOTELES, APART HOTELES, MOTELES, RESIDENCIALES Y HOSPEDERIAS",Normativa General y Otras Materias,https://www.bcn.cl/leychile/navegar?idNorma=84717,,,https://datos.bcn.cl/recurso/cl/orz/municipalidad-de-santiago/1992-09-26/53/datos.json
Santiago,13,Metropolitana de Santiago,BCN,51,1992-06-19,"MODIFICA ORDENANZA NO. 51, SOBRE DERECHOS POR PERMISOS, CONCESIONES Y SERVICIOS",Derechos Municipales y Tarifas,https://www.bcn.cl/leychile/navegar?idNorma=87503,,,https://datos.bcn.cl/recurso/cl/orz/municipalidad-de-santiago/1992-06-19/51/datos.json
Santiago,13,Metropolitana de Santiago,BCN,52,1992-03-31,"MODIFICA ORDENANZA NO. 50, DE 1991",Normativa General y Otras Materias,https://www.bcn.cl/leychile/navegar?idNorma=85668,,,https://datos.bcn.cl/recurso/cl/orz/municipalidad-de-santiago/1992-03-31/52/datos.json
Santiago,13,Metropolitana de Santiago,BCN,51,1992-01-13,"DICTA ORDENANZA SOBRE DERECHOS MUNICIPALES POR PERMISOS, CONCESIONES Y SERVICIOS MUNICIPALES",Derechos Municipales y Tarifas,https://www.bcn.cl/leychile/navegar?idNorma=31078,,,https://datos.bcn.cl/recurso/cl/orz/municipalidad-de-santiago/1992-01-13/51/datos.json
Santiago,13,Metropolitana de Santiago,BCN,50,1992-01-03,DICTA ORDENANZA SOBRE NORMAS SANITARIAS BASICAS,Normativa General y Otras Materias,https://www.bcn.cl/leychile/navegar?idNorma=96221,,,https://datos.bcn.cl/recurso/cl/orz/municipalidad-de-santiago/1992-01-03/50/datos.json
Santiago,13,Metropolitana de Santiago,BCN,49,1991-06-21,"MODIFICA ORDENANZA N° 48, DE 1990",Normativa General y Otras Materias,https://www.bcn.cl/leychile/navegar?idNorma=31077,,,https://datos.bcn.cl/recurso/cl/orz/municipalidad-de-santiago/1991-06-21/49/datos.json
Santiago,13,Metropolitana de Santiago,BCN,36,1991-05-11,DICTA ORDENANZA PARA LA EJECUCION DE CIERROS DE SITIOS,"Urbanismo, Obras y Edificación",https://www.bcn.cl/leychile/navegar?idNorma=31063,,,https://datos.bcn.cl/recurso/cl/orz/municipalidad-de-santiago/1991-05-11/36/datos.json
Santiago,13,Metropolitana de Santiago,BCN,48,1991-01-22,"DICTA ORDENANZA SOBRE DERECHOS MUNICIPALES POR PERMISOS, CONCESIONES Y SERVICIOS MUNICIPALES",Derechos Municipales y Tarifas,https://www.bcn.cl/leychile/navegar?idNorma=88786,,,https://datos.bcn.cl/recurso/cl/orz/municipalidad-de-santiago/1991-01-22/48/datos.json
Santiago,13,Metropolitana de Santiago,BCN,47,1990-12-27,DICTA ORDENANZA PARA EL USO DE SITIOS NO EDIFICADOS Y RECINTOS COMO PLAYAS DE ESTACIONAMIENTOS,Tránsito y Transporte,https://www.bcn.cl/leychile/navegar?idNorma=90926,,,https://datos.bcn.cl/recurso/cl/orz/municipalidad-de-santiago/1990-12-27/47/datos.json
Santiago,13,Metropolitana de Santiago,BCN,28,1990-08-23,MODIFICA ORDENANZA MUNICIPAL DE TERMINALES DE LOCOMOCION COLECTIVA,Normativa General y Otras Materias,https://www.bcn.cl/leychile/navegar?idNorma=89292,,,https://datos.bcn.cl/recurso/cl/orz/municipalidad-de-santiago/1990-08-23/28/datos.json
Santiago,13,Metropolitana de Santiago,BCN,46,1990-05-31,ORDENANZA MUNICIPAL DE VEHICULOS A TRACCION HUMANA Y ANIMAL,Tránsito y Transporte,https://www.bcn.cl/leychile/navegar?idNorma=89485,,,https://datos.bcn.cl/recurso/cl/orz/municipalidad-de-santiago/1990-05-31/46/datos.json
Santiago,13,Metropolitana de Santiago,BCN,44,1990-01-17,MODIFICA ORDENANZA QUE INDICA,Normativa General y Otras Materias,https://www.bcn.cl/leychile/navegar?idNorma=92827,,,https://datos.bcn.cl/recurso/cl/orz/municipalidad-de-santiago/1990-01-17/44/datos.json
Santiago,13,Metropolitana de Santiago,BCN,44,1989-12-13,"MODIFICA ORDENANZA MUNICIPAL Nº. 4, DE 1978",Normativa General y Otras Materias,https://www.bcn.cl/leychile/navegar?idNorma=95888,,,https://datos.bcn.cl/recurso/cl/orz/municipalidad-de-santiago/1989-12-13/44/datos.json
Santiago,13,Metropolitana de Santiago,BCN,42,1989-01-18,CUIDADO ESPECIES VEGETALES DE ORNATO EN BIENES NACIONALES DE USO PUBLICO DE LA COMUNA,"Aseo, Ornato y Medio Ambiente",https://www.bcn.cl/leychile/navegar?idNorma=181761,,,https://datos.bcn.cl/recurso/cl/orz/municipalidad-de-santiago/1989-01-18/42/datos.json
Santiago,13,Metropolitana de Santiago,BCN,800,1988-07-27,"MODIFICA ORDENANZA NO. 40, DE 1987, SOBRE DERECHOS MUNICIPALES",Derechos Municipales y Tarifas,https://www.bcn.cl/leychile/navegar?idNorma=133535,,,https://datos.bcn.cl/recurso/cl/orz/municipalidad-de-santiago/1988-07-27/800/datos.json
Santiago,13,Metropolitana de Santiago,BCN,110,1988-01-30,COMPLEMENTA ORDENANZA SOBRE PROPAGANDA EN LA VIA PUBLICA Y OTROS LUGARES,"Comercio, Alcoholes y Patentes",https://www.bcn.cl/leychile/navegar?idNorma=174084,,,https://datos.bcn.cl/recurso/cl/orz/municipalidad-de-santiago/1988-01-30/110/datos.json
Santiago,13,Metropolitana de Santiago,BCN,40,1988-01-08,"DICTA ORDENANZA SOBRE DERECHOS MUNICIPALES POR PERMISOS, CONCESIONES Y SERVICIOS MUNICIPALES",Derechos Municipales y Tarifas,https://www.bcn.cl/leychile/navegar?idNorma=206466,,,https://datos.bcn.cl/recurso/cl/orz/municipalidad-de-santiago/1988-01-08/40/datos.json
Santiago,13,Metropolitana de Santiago,BCN,s-n,1987-12-07,MODIFICA ORDENANZA SOBRE PROPAGANDA EN LA VIA PUBLICA Y OTROS LUGARES DE ACCESO PUBLICO EN LA COMUNA DE SANTIAGO,"Comercio, Alcoholes y Patentes",https://www.bcn.cl/leychile/navegar?idNorma=142493,,,https://datos.bcn.cl/recurso/cl/orz/municipalidad-de-santiago/1987-12-07/s-n/datos.json
Santiago,13,Metropolitana de Santiago,BCN,39,1987-01-07,"DICTA ORDENANZA SOBRE DERECHOS MUNICIPALES POR PERMISOS, CONCESIONES Y SERVICIOS",Derechos Municipales y Tarifas,https://www.bcn.cl/leychile/navegar?idNorma=146034,,,https://datos.bcn.cl/recurso/cl/orz/municipalidad-de-santiago/1987-01-07/39/datos.json
Santiago,13,Metropolitana de Santiago,BCN,38,1985-08-17,FIJA ORDENANZA DE LA FERIA PERSA DE SANTIAGO,"Comercio, Alcoholes y Patentes",https://www.bcn.cl/leychile/navegar?idNorma=200260,,,https://datos.bcn.cl/recurso/cl/orz/municipalidad-de-santiago/1985-08-17/38/datos.json
Santiago,13,Metropolitana de Santiago,BCN,s-n,1985-06-22,MODIFICA ORDENANZA MUNICIPAL Nº 5 PARA EL COMERCIO ESTACIONADO Y AMBULANTE EN LA VIA PUBLICA,"Comercio, Alcoholes y Patentes",https://www.bcn.cl/leychile/navegar?idNorma=164216,,,https://datos.bcn.cl/recurso/cl/orz/municipalidad-de-santiago/1985-06-22/s-n/datos.json
Santiago,13,Metropolitana de Santiago,BCN,35,1984-01-14,"DICTA ORDENANZA SOBRE CONSERVACION DE LAS VIAS PUBLICAS, PARQUES Y JARDINES DE LA COMUNA DE SANTIAGO","Aseo, Ornato y Medio Ambiente",https://www.bcn.cl/leychile/navegar?idNorma=123758,,,https://datos.bcn.cl/recurso/cl/orz/municipalidad-de-santiago/1984-01-14/35/datos.json
Santiago,13,Metropolitana de Santiago,BCN,16,1982-03-27,DICTA ORDENANZA SOBRE TENDIDO DE CABLES EN EL ESPACIO AEREO DE LA COMUNA,Normativa General y Otras Materias,https://www.bcn.cl/leychile/navegar?idNorma=269704,,,https://datos.bcn.cl/recurso/cl/orz/municipalidad-de-santiago/1982-03-27/16/datos.json
Santiago,13,Metropolitana de Santiago,Municipalidad,94,2025-10-29,"Ordenanza N°94 sobre derechos por permisos y servicios municipales, año 2026",Derechos Municipales y Tarifas,https://documentos.munistgo.cl/wp-content/uploads/2025/12/Ordenanza-No-94-2026-V2.pdf,https://documentos.munistgo.cl/category/decretos-y-ordenanzas/,a2c18846791ff3435781a024bb23b33eca02bfc646a4b537032994a9120de706,
Santiago,13,Metropolitana de Santiago,Municipalidad,130,2026-05-13,Ordenanza N°130 de 2026 sobre ordenamiento y retiro de tendidos aéreos y subterráneos en desuso,"Urbanismo, Obras y Edificación",https://documentos.munistgo.cl/wp-content/uploads/2026/05/1.-Ordenanza-N%C2%B0130-26-Ordenamiento-Tendido-Electrico_Orig.pdf,https://documentos.munistgo.cl/category/decretos-y-ordenanzas/,086f83102419829b0638b9f1260f53f9de02d7c115d22544fea97d1fcbdac188,
Cerrillos,13,Metropolitana de Santiago,BCN,2,1992-11-19,DICTA ORDENANZA SOBRE DERECHOS MUNICIPALES,Derechos Municipales y Tarifas,https://www.bcn.cl/leychile/navegar?idNorma=30928,,,https://datos.bcn.cl/recurso/cl/orz/municipalidad-de-cerrillos/1992-11-19/2/datos.json
Cerrillos,13,Metropolitana de Santiago,Municipalidad,6,2025-01-01,Ordenanza Municipal de CERRILLOS — Modifica Ordenanza  N°6 Decreto 1912 2025 Sobre Normas Sanitarias  Basicas,Normativa General y Otras Materias,https://mcerrillos.cl/secciones/ordenanzas/Modifica%20Ordenanza%20%20N%C2%B06%20Decreto%201912-2025%20Sobre%20Normas%20Sanitarias%20%20Basicas.pdf,https://mcerrillos.cl/secciones/ordenanzas.html,7c2995ba51db7ef735e18915daf531906b713ed29f09cd541e416daaac4d9e27,
Cerrillos,13,Metropolitana de Santiago,Municipalidad,21,2026-01-01,Ordenanza Municipal de CERRILLOS — Modifica Ordenanza Municipal N°21 Sobre la Entrega de Becas Municipales Para Talentos Deportivos y Culturales de Escasos Recursos de la Comuna de Cerrillos,Normativa General y Otras Materias,https://mcerrillos.cl/secciones/ordenanzas/Modifica%20Ordenanza%20Municipal%20N%C2%B021%20Sobre%20la%20Entrega%20de%20Becas%20Municipales%20Para%20Talentos%20Deportivos%20y%20Culturales%20de%20Escasos%20Recursos%20de%20la%20Comuna%20de%20Cerrillos.pdf,https://mcerrillos.cl/secciones/ordenanzas.html,462d13b3d91837144dbd9c3a2a42090294180e61bf1a702e3719bb940cf1342b,
Cerrillos,13,Metropolitana de Santiago,Municipalidad,2,2025-01-01,Ordenanza Municipal de CERRILLOS — Modificación  Ordenanza N°2 Decreto 1916 2025 Sobre Derechos Municipales,Derechos Municipales y Tarifas,https://mcerrillos.cl/secciones/ordenanzas/Modificaci%C3%B3n%20%20Ordenanza%20N%C2%B02%20Decreto%201916-2025%20Sobre%20Derechos%20Municipales.pdf,https://mcerrillos.cl/secciones/ordenanzas.html,4f38426010f1e7c35dc98ad3983c08a99826c6cb87d02e06c0332ca7a5becfca,
Cerrillos,13,Metropolitana de Santiago,Municipalidad,14,2025-01-01,"Ordenanza Municipal de CERRILLOS — Modificación Ordenanza N°14 Decreto 1913 2025 Sobre Condiciones Generales para Determinar las Tarifas de Ase, Exenciones Parcial y Total",Derechos Municipales y Tarifas,"https://mcerrillos.cl/secciones/ordenanzas/Modificaci%C3%B3n%20Ordenanza%20N%C2%B014%20Decreto%201913-2025%20Sobre%20Condiciones%20Generales%20para%20Determinar%20las%20Tarifas%20de%20Ase,%20Exenciones%20Parcial%20y%20Total.pdf",https://mcerrillos.cl/secciones/ordenanzas.html,e35a7d684179e56c83b22c201b7d9a4867668ec7cc20bfec926fd6a3a7cf91af,
Cerrillos,13,Metropolitana de Santiago,Municipalidad,29,2026-01-01,Ordenanza Municipal de CERRILLOS — Ordenanza N°29 Sobre Escombros Aéreos en Bien Nacional de Uso Público de la Comuna de Cerrillos,"Aseo, Ornato y Medio Ambiente",https://mcerrillos.cl/secciones/ordenanzas/Ordenanza%20N%C2%B029%20Sobre%20Escombros%20A%C3%A9reos%20en%20Bien%20Nacional%20de%20Uso%20P%C3%BAblico%20de%20la%20Comuna%20de%20Cerrillos.pdf,https://mcerrillos.cl/secciones/ordenanzas.html,44a6f86d0c59793c1a92a6800ee4ba28f3e6e58b410d01e250faae0fab1406d9,
Cerrillos,13,Metropolitana de Santiago,Municipalidad,8,2026-01-01,Ordenanza Municipal de CERRILLOS — Ordenanza N°8 Sobre  Mantención de Áreas Verdes y Especies Vegetales en la via pública,Normativa General y Otras Materias,https://mcerrillos.cl/secciones/ordenanzas/Ordenanza%20N%C2%B08%20Sobre%20%20Mantenci%C3%B3n%20de%20%C3%81reas%20Verdes%20y%20Especies%20Vegetales%20en%20la%20via%20p%C3%BAblica.pdf,https://mcerrillos.cl/secciones/ordenanzas.html,c45fb6499f82ddbd5dc77b876131de07fdd622c3dcc027f1745f6830a7fe25c2,
Cerro Navia,13,Metropolitana de Santiago,BCN,19,2010-01-29,APRUEBA TEXTO REFUNDIDO DE ORDENANZA SOBRE 'PATENTES DE ALCOHOLES Y HORARIO DE FUNCIONAMIENTO DE ESTABLECIMIENTOS DE EXPENDIO DE BEBIDAS ALCOHÓLICAS',"Comercio, Alcoholes y Patentes",https://www.bcn.cl/leychile/navegar?idNorma=1010513,,,https://datos.bcn.cl/recurso/cl/orz/municipalidad-de-cerro-navia/2010-01-29/19/datos.json
Cerro Navia,13,Metropolitana de Santiago,BCN,16,2007-06-05,"APRUEBA ORDENANZA QUE REGULA AUTORIZACION Y EXPLOTACION COMERCIAL DE MAQUINAS DE HABILIDAD, DESTREZA O JUEGOS SIMILARES","Comercio, Alcoholes y Patentes",https://www.bcn.cl/leychile/navegar?idNorma=261430,,,https://datos.bcn.cl/recurso/cl/orz/municipalidad-de-cerro-navia/2007-06-05/16/datos.json
Cerro Navia,13,Metropolitana de Santiago,BCN,s-n,2001-05-30,EXTRACTO DE ORDENANZA QUE MODIFICA PLAN REGULADOR COMUNAL,"Urbanismo, Obras y Edificación",https://www.bcn.cl/leychile/navegar?idNorma=185720,,,https://datos.bcn.cl/recurso/cl/orz/municipalidad-de-cerro-navia/2001-05-30/s-n/datos.json
Cerro Navia,13,Metropolitana de Santiago,BCN,1,1993-09-08,ORDENANZA SOBRE OCUPACION DE BIENES NACIONALES DE USO PUBLICO PARA EL CIERRE DE CALLES CIEGAS Y PASAJES SIN SALIDA,"Urbanismo, Obras y Edificación",https://www.bcn.cl/leychile/navegar?idNorma=30880,,,https://datos.bcn.cl/recurso/cl/orz/municipalidad-de-cerro-navia/1993-09-08/1/datos.json
Cerro Navia,13,Metropolitana de Santiago,Municipalidad,2,2026-01-01,ORDENANZAS MUNICIPALES ORDENANZAS MUNICIPALES,Normativa General y Otras Materias,https://www.cerronavia.cl/wp-content/uploads/2025/01/Compilado-Ordenanzas-2.pdf,https://www.cerronavia.cl/ordenanzas-municipales/,c3b075122bce52249b843a5dba29414c4353295d0ffa3b7f966a7ecbc354b8c3,
Cerro Navia,13,Metropolitana de Santiago,Municipalidad,S/N,2026-01-01,Ordenanza Municipal de CERRO NAVIA — Untitled 10302025 195636,Normativa General y Otras Materias,https://www.cerronavia.cl/wp-content/uploads/2025/10/Untitled_10302025_195636.pdf,https://www.cerronavia.cl/ordenanzas-municipales/,967dd16bfce788f83cfd38248c3af854a2f144f685b09de9541fd38921a3546d,
Conchalí,13,Metropolitana de Santiago,BCN,600-exenta,1987-12-29,"DICTA ORDENANZA COMUNAL SOBRE DERECHOS MUNICIPALES POR PERMISOS, CONCESIONES Y SERVICIOS",Derechos Municipales y Tarifas,https://www.bcn.cl/leychile/navegar?idNorma=145845,,,https://datos.bcn.cl/recurso/cl/orz/municipalidad-de-conchali/1987-12-29/600-exenta/datos.json
El Bosque,13,Metropolitana de Santiago,BCN,14,2005-05-27,"ORDENANZA MUNICIPAL Nº 14, SOBRE INSTALACION DE ANTENAS, TORRES O ELEMENTOS DE TELEFONIA MOVIL, EN LA COMUNA DE EL BOSQUE","Urbanismo, Obras y Edificación",https://www.bcn.cl/leychile/navegar?idNorma=238287,,,https://datos.bcn.cl/recurso/cl/orz/municipalidad-de-el-bosque/2005-05-27/14/datos.json
El Bosque,13,Metropolitana de Santiago,BCN,13,2004-12-30,"ORDENANZA MUNICIPAL Nº 13, SOBRE DERECHOS MUNICIPALES POR USO DE LAS INSTALACIONES DEPORTIVAS DEL ESTADIO MUNICIPAL LO BLANCO",Derechos Municipales y Tarifas,https://www.bcn.cl/leychile/navegar?idNorma=234118,,,https://datos.bcn.cl/recurso/cl/orz/municipalidad-de-el-bosque/2004-12-30/13/datos.json
El Bosque,13,Metropolitana de Santiago,BCN,6,2004-12-30,"TEXTO REFUNDIDO Y SISTEMATIZADO DE LA ORDENANZA MUNICIPAL Nº 6, SOBRE DERECHOS MUNICIPALES",Derechos Municipales y Tarifas,https://www.bcn.cl/leychile/navegar?idNorma=234116,,,https://datos.bcn.cl/recurso/cl/orz/municipalidad-de-el-bosque/2004-12-30/6/datos.json
El Bosque,13,Metropolitana de Santiago,BCN,12,2003-12-30,"ORDENANZA MUNICIPAL Nº 12, SOBRE APERTURA, CONFORMACION E INSCRIPCION EN LOS REGISTROS DE PERSONAS JURIDICAS RECEPTORAS DE FONDOS PUBLICOS Y DE DONANTES PARA EFECTOS DE OTORGAR FRANQUICIAS TRIBUTARIAS",Normativa General y Otras Materias,https://www.bcn.cl/leychile/navegar?idNorma=219521,,,https://datos.bcn.cl/recurso/cl/orz/municipalidad-de-el-bosque/2003-12-30/12/datos.json
El Bosque,13,Metropolitana de Santiago,BCN,s-n,2003-12-30,"MODIFICA ORDENANZA MUNICIPAL Nº 6, SOBRE DERECHOS MUNICIPALES",Derechos Municipales y Tarifas,https://www.bcn.cl/leychile/navegar?idNorma=219520,,,https://datos.bcn.cl/recurso/cl/orz/municipalidad-de-el-bosque/2003-12-30/s-n/datos.json
El Bosque,13,Metropolitana de Santiago,BCN,s-n,2000-03-03,MODIFICA ORDENANZA Nº9 SOBRE SERVICIO DOMICILIARIO DE ASEO,"Aseo, Ornato y Medio Ambiente",https://www.bcn.cl/leychile/navegar?idNorma=159478,,,https://datos.bcn.cl/recurso/cl/orz/municipalidad-de-el-bosque/2000-03-03/s-n/datos.json
El Bosque,13,Metropolitana de Santiago,BCN,10,1999-12-29,APRUEBA ORDENANZA DE PARTICIPACION CIUDADANA,Organización y Régimen Interno,https://www.bcn.cl/leychile/navegar?idNorma=150037,,,https://datos.bcn.cl/recurso/cl/orz/municipalidad-de-el-bosque/1999-12-29/10/datos.json
El Bosque,13,Metropolitana de Santiago,BCN,s-n,1998-12-30,"MODIFICA ORDENANZA Nº 6, DE 1992, SOBRE DERECHOS MUNICIPALES",Derechos Municipales y Tarifas,https://www.bcn.cl/leychile/navegar?idNorma=128778,,,https://datos.bcn.cl/recurso/cl/orz/municipalidad-de-el-bosque/1998-12-30/s-n/datos.json
El Bosque,13,Metropolitana de Santiago,BCN,s-n,1996-12-31,MODIFICA ORDENANZA N° 9 DE 1996 SOBRE SERVICIO DOMICILIARIO DE ASEO DE LA COMUNA DE EL BOSQUE,"Aseo, Ornato y Medio Ambiente",https://www.bcn.cl/leychile/navegar?idNorma=31185,,,https://datos.bcn.cl/recurso/cl/orz/municipalidad-de-el-bosque/1996-12-31/s-n/datos.json
El Bosque,13,Metropolitana de Santiago,BCN,s-n,1995-11-27,MODIFICACIONES INTRODUCIDAS A LA ORDENANZA SOBRE FERIAS PERSAS,"Comercio, Alcoholes y Patentes",https://www.bcn.cl/leychile/navegar?idNorma=31175,,,https://datos.bcn.cl/recurso/cl/orz/municipalidad-de-el-bosque/1995-11-27/s-n/datos.json
El Bosque,13,Metropolitana de Santiago,BCN,6,1992-01-21,DICTA ORDENANZA SOBRE DERECHOS MUNICIPALES,Derechos Municipales y Tarifas,https://www.bcn.cl/leychile/navegar?idNorma=96288,,,https://datos.bcn.cl/recurso/cl/orz/municipalidad-de-el-bosque/1992-01-21/6/datos.json
Estación Central,13,Metropolitana de Santiago,BCN,32,2009-07-13,APRUEBA NUEVA ORDENANZA SOBRE LA ACTIVIDAD COMERCIAL EN LA VÍA PÚBLICA,"Comercio, Alcoholes y Patentes",https://www.bcn.cl/leychile/navegar?idNorma=1004138,,,https://datos.bcn.cl/recurso/cl/orz/municipalidad-de-estacion-central/2009-07-13/32/datos.json
Estación Central,13,Metropolitana de Santiago,BCN,28,2003-12-29,APRUEBA ORDENANZA DE DERECHOS MUNICIPALES PARA REGULAR EL MONTO Y COBRO QUE DEBEN PAGAR LAS PERSONAS NATURALES O JURIDICAS,Derechos Municipales y Tarifas,https://www.bcn.cl/leychile/navegar?idNorma=219414,,,https://datos.bcn.cl/recurso/cl/orz/municipalidad-de-estacion-central/2003-12-29/28/datos.json
Estación Central,13,Metropolitana de Santiago,BCN,24,2002-02-16,ESTABLECE NORMAS PARA OTORGAMIENTO DE PERMISOS PARA INSTALACION DE PROPAGANDA O PUBLICIDAD,"Comercio, Alcoholes y Patentes",https://www.bcn.cl/leychile/navegar?idNorma=194648,,,https://datos.bcn.cl/recurso/cl/orz/municipalidad-de-estacion-central/2002-02-16/24/datos.json
Estación Central,13,Metropolitana de Santiago,BCN,18,2001-12-31,FIJA ORDENANZA SOBRE DERECHOS MUNICIPALES,Derechos Municipales y Tarifas,https://www.bcn.cl/leychile/navegar?idNorma=193231,,,https://datos.bcn.cl/recurso/cl/orz/municipalidad-de-estacion-central/2001-12-31/18/datos.json
Estación Central,13,Metropolitana de Santiago,BCN,18,1993-01-30,ORDENANZA SOBRE DERECHOS MUNICIPALES DE LA I. MUNICIPALIDAD DE ESTACION CENTRAL,Derechos Municipales y Tarifas,https://www.bcn.cl/leychile/navegar?idNorma=31048,,,https://datos.bcn.cl/recurso/cl/orz/municipalidad-de-estacion-central/1993-01-30/18/datos.json
Estación Central,13,Metropolitana de Santiago,BCN,1,1986-01-30,MODIFICA ORDENANZA N° 2 SOBRE DERECHOS MUNICIPALES,Derechos Municipales y Tarifas,https://www.bcn.cl/leychile/navegar?idNorma=160944,,,https://datos.bcn.cl/recurso/cl/orz/municipalidad-de-estacion-central/1986-01-30/1/datos.json
Estación Central,13,Metropolitana de Santiago,BCN,4,1985-07-16,"DICTA ORDENANZA PARA LA COBRANZA DE CONTRIBUCIONES, PATENTES, PERMISOS Y DERECHOS MUNICIPALES MOROSOS",Derechos Municipales y Tarifas,https://www.bcn.cl/leychile/navegar?idNorma=161696,,,https://datos.bcn.cl/recurso/cl/orz/municipalidad-de-estacion-central/1985-07-16/4/datos.json
Estación Central,13,Metropolitana de Santiago,BCN,2,1985-05-18,DICTA ORDENANZA SOBRE DERECHOS MUNICIPALES QUE INDICA,Derechos Municipales y Tarifas,https://www.bcn.cl/leychile/navegar?idNorma=158000,,,https://datos.bcn.cl/recurso/cl/orz/municipalidad-de-estacion-central/1985-05-18/2/datos.json
Estación Central,13,Metropolitana de Santiago,BCN,1,1985-05-04,APRUEBA ORDENANZA SOBRE NOTIFICACIONES Y PUBLICACIONES DE RESOLUCIONES ALCALDICIAS,Normativa General y Otras Materias,https://www.bcn.cl/leychile/navegar?idNorma=168420,,,https://datos.bcn.cl/recurso/cl/orz/municipalidad-de-estacion-central/1985-05-04/1/datos.json
Huechuraba,13,Metropolitana de Santiago,BCN,21,2011-03-31,APRUEBA ORDENANZA SOBRE EL DEBER DE LOS APODERADOS DE CUMPLIR CON LA ASISTENCIA A CLASES DE SUS PUPILOS,Normativa General y Otras Materias,https://www.bcn.cl/leychile/navegar?idNorma=1024100,,,https://datos.bcn.cl/recurso/cl/orz/municipalidad-de-huechuraba/2011-03-31/21/datos.json
Huechuraba,13,Metropolitana de Santiago,BCN,13,2005-04-30,APRUEBA ORDENANZA SOBRE PATENTES DE ALCOHOLES,"Comercio, Alcoholes y Patentes",https://www.bcn.cl/leychile/navegar?idNorma=237484,,,https://datos.bcn.cl/recurso/cl/orz/municipalidad-de-huechuraba/2005-04-30/13/datos.json
Huechuraba,13,Metropolitana de Santiago,BCN,1,1995-01-30,APRUEBA MODIFICACIONES A ORDENANZA SOBRE DERECHOS MUNICIPALES,Derechos Municipales y Tarifas,https://www.bcn.cl/leychile/navegar?idNorma=30898,,,https://datos.bcn.cl/recurso/cl/orz/municipalidad-de-huechuraba/1995-01-30/1/datos.json
Huechuraba,13,Metropolitana de Santiago,BCN,1,1994-01-28,APRUEBA MODIFICACIONES A ORDENANZA SOBRE DERECHOS MUNICIPALES,Derechos Municipales y Tarifas,https://www.bcn.cl/leychile/navegar?idNorma=30882,,,https://datos.bcn.cl/recurso/cl/orz/municipalidad-de-huechuraba/1994-01-28/1/datos.json
Huechuraba,13,Metropolitana de Santiago,BCN,1,1993-01-29,PRORROGA Y MODIFICA ORDENANZA SOBRE DERECHOS MUNICIPALES,Derechos Municipales y Tarifas,https://www.bcn.cl/leychile/navegar?idNorma=30925,,,https://datos.bcn.cl/recurso/cl/orz/municipalidad-de-huechuraba/1993-01-29/1/datos.json
Huechuraba,13,Metropolitana de Santiago,BCN,s-n,1992-01-29,APRUEBA ORDENANZA SOBRE DERECHOS MUNICIPALES,Derechos Municipales y Tarifas,https://www.bcn.cl/leychile/navegar?idNorma=161963,,,https://datos.bcn.cl/recurso/cl/orz/municipalidad-de-huechuraba/1992-01-29/s-n/datos.json
Independencia,13,Metropolitana de Santiago,BCN,1,1997-12-29,ORDENANZA SOBRE ESTACIONAMIENTOS CONTROLADOS POR PARQUIMETROS,Tránsito y Transporte,https://www.bcn.cl/leychile/navegar?idNorma=87190,,,https://datos.bcn.cl/recurso/cl/orz/municipalidad-de-independencia/1997-12-29/1/datos.json
Independencia,13,Metropolitana de Santiago,BCN,3,1995-12-27,DICTA ORDENANZA DE SERVICIO DOMICILIARIO DE ASEO,"Aseo, Ornato y Medio Ambiente",https://www.bcn.cl/leychile/navegar?idNorma=30970,,,https://datos.bcn.cl/recurso/cl/orz/municipalidad-de-independencia/1995-12-27/3/datos.json
Independencia,13,Metropolitana de Santiago,BCN,s-n,1992-07-18,ORDENANZA PARA EL FUNCIONAMIENTO DE LOS LOCALES DE ENTRETENIMIENTOS ELECTRONICOS,Normativa General y Otras Materias,https://www.bcn.cl/leychile/navegar?idNorma=85834,,,https://datos.bcn.cl/recurso/cl/orz/municipalidad-de-independencia/1992-07-18/s-n/datos.json
Independencia,13,Metropolitana de Santiago,BCN,1,1992-03-06,"DICTA ORDENANZA SOBRE DERECHOS MUNICIPALES POR PERMISOS, CONCESIONES Y SERVICIOS",Derechos Municipales y Tarifas,https://www.bcn.cl/leychile/navegar?idNorma=96136,,,https://datos.bcn.cl/recurso/cl/orz/municipalidad-de-independencia/1992-03-06/1/datos.json
Independencia,13,Metropolitana de Santiago,Municipalidad,S/N,2026-01-01,Ordenanza Municipal de INDEPENDENCIA — ordenanzasderogadas,Normativa General y Otras Materias,https://transparenciaindependencia.independencia.cl/wp-content/uploads/images/AAO/ordenanzasderogadas.pdf,https://www.independencia.cl/municipalidad/ordenanzas-municipales/,d00c524161dacec19b28af3d6cbbb39e35fe7bfccfdbdf18110288a98cddf37d,
La Cisterna,13,Metropolitana de Santiago,BCN,14,1987-01-09,DICTA ORDENANZA LOCAL SOBRE DERECHOS MUNICIPALES,Derechos Municipales y Tarifas,https://www.bcn.cl/leychile/navegar?idNorma=146118,,,https://datos.bcn.cl/recurso/cl/orz/municipalidad-de-la-cisterna/1987-01-09/14/datos.json
La Cisterna,13,Metropolitana de Santiago,BCN,12,1985-10-17,"MODIFICA ORDENANZA NO. 1, DE 1983, SOBRE NORMAS DE NOTIFICACION DE RESOLUCIONES MUNICIPALES",Normativa General y Otras Materias,https://www.bcn.cl/leychile/navegar?idNorma=229090,,,https://datos.bcn.cl/recurso/cl/orz/municipalidad-de-la-cisterna/1985-10-17/12/datos.json
La Florida,13,Metropolitana de Santiago,BCN,104,2016-03-18,ORDENANZA DE FERIAS LIBRES DE LA COMUNA DE LA FLORIDA,"Comercio, Alcoholes y Patentes",https://www.bcn.cl/leychile/navegar?idNorma=1088513,,,https://datos.bcn.cl/recurso/cl/orz/municipalidad-de-la-florida/2016-03-18/104/datos.json
La Florida,13,Metropolitana de Santiago,BCN,72,2011-09-10,DICTA ORDENANZA SOBRE REGULACIÓN DE ESTABLECIMIENTOS DE JUEGOS Y ENTRETENIMIENTOS ELECTRÓNICOS DE DESTREZA,"Comercio, Alcoholes y Patentes",https://www.bcn.cl/leychile/navegar?idNorma=1029527,,,https://datos.bcn.cl/recurso/cl/orz/municipalidad-de-la-florida/2011-09-10/72/datos.json
La Florida,13,Metropolitana de Santiago,BCN,73,2011-09-10,"MODIFICA ORDENANZA Nº 7 BIS PARA LA COBRANZA DE CONTRIBUCIONES, PATENTES, PERMISOS Y DERECHOS MUNICIPALES MOROSOS",Derechos Municipales y Tarifas,https://www.bcn.cl/leychile/navegar?idNorma=1029528,,,https://datos.bcn.cl/recurso/cl/orz/municipalidad-de-la-florida/2011-09-10/73/datos.json
La Florida,13,Metropolitana de Santiago,BCN,74,2011-09-10,MODIFICA ORDENANZA Nº 8 SOBRE PREVENCIÓN Y CONTROL DE RUIDOS MOLESTOS EN LA COMUNA DE LA FLORIDA,"Aseo, Ornato y Medio Ambiente",https://www.bcn.cl/leychile/navegar?idNorma=1029529,,,https://datos.bcn.cl/recurso/cl/orz/municipalidad-de-la-florida/2011-09-10/74/datos.json
La Florida,13,Metropolitana de Santiago,BCN,67,2010-12-03,DICTA ORDENANZA QUE REGULA LA TENENCIA RESPONSABLE DE ANIMALES Y CONTROL DE PERROS VAGOS,Tenencia Responsable y Mascotas,https://www.bcn.cl/leychile/navegar?idNorma=1020515,,,https://datos.bcn.cl/recurso/cl/orz/municipalidad-de-la-florida/2010-12-03/67/datos.json
La Florida,13,Metropolitana de Santiago,BCN,68,2010-12-03,DICTA ORDENANZA QUE MODIFICA LA ORDENANZA MUNICIPAL N° 1 SOBRE DERECHOS MUNICIPALES,Derechos Municipales y Tarifas,https://www.bcn.cl/leychile/navegar?idNorma=1020570,,,https://datos.bcn.cl/recurso/cl/orz/municipalidad-de-la-florida/2010-12-03/68/datos.json
La Florida,13,Metropolitana de Santiago,BCN,69,2010-12-03,"DICTA ORDENANZA DE ADMINISTRACIÓN, USO Y EXPLOTACIÓN DE ESTACIONAMIENTOS EN LA VÍA PÚBLICA",Tránsito y Transporte,https://www.bcn.cl/leychile/navegar?idNorma=1020516,,,https://datos.bcn.cl/recurso/cl/orz/municipalidad-de-la-florida/2010-12-03/69/datos.json
La Florida,13,Metropolitana de Santiago,BCN,70,2010-12-03,"MODIFICA LA ORDENANZA MUNICIPAL Nº56 SOBRE ZONAS, EMPLAZAMIENTOS PERMITIDOS Y RESTRINGIDOS PARA EL OTORGAMIENTO DE PATENTES DE ALCOHOLES","Comercio, Alcoholes y Patentes",https://www.bcn.cl/leychile/navegar?idNorma=1020517,,,https://datos.bcn.cl/recurso/cl/orz/municipalidad-de-la-florida/2010-12-03/70/datos.json
La Florida,13,Metropolitana de Santiago,BCN,s-n,2010-02-18,EXTRACTO DE REGLAMENTO MUNICIPAL DEL FONDO DEPORTIVO CONCURSABLE,Organización y Régimen Interno,https://www.bcn.cl/leychile/navegar?idNorma=1011140,,,https://datos.bcn.cl/recurso/cl/orz/municipalidad-de-florida/2010-02-18/s-n/datos.json
La Florida,13,Metropolitana de Santiago,BCN,65,2009-08-27,MODIFICA ORDENANZA Nº 46 SOBRE PUBLICIDAD Y PROPAGANDA,"Comercio, Alcoholes y Patentes",https://www.bcn.cl/leychile/navegar?idNorma=1005468,,,https://datos.bcn.cl/recurso/cl/orz/municipalidad-de-la-florida/2009-08-27/65/datos.json
La Florida,13,Metropolitana de Santiago,BCN,66,2009-07-17,"MODIFICA ORDENANZA Nº7 BIS PARA COBRANZA DE CONTRIBUCIONES, PATENTES, PERMISOS Y DERECHOS MUNICIPALES MOROSOS",Derechos Municipales y Tarifas,https://www.bcn.cl/leychile/navegar?idNorma=1004282,,,https://datos.bcn.cl/recurso/cl/orz/municipalidad-de-la-florida/2009-07-17/66/datos.json
La Florida,13,Metropolitana de Santiago,BCN,63,2008-06-25,"MODIFICA ORDENANZA MUNICIPAL Nº15, PARA LA APLICACIÓN DEL DL. 3063 DE 1979, SOBRE RENTAS MUNICIPALES, EN LO RELATIVO AL COBRO DEL SERVICIO DOMICILIARIO POR EXTRACCIÓN DE BASURA",Derechos Municipales y Tarifas,https://www.bcn.cl/leychile/navegar?idNorma=272842,,,https://datos.bcn.cl/recurso/cl/orz/municipalidad-de-la-florida/2008-06-25/63/datos.json
La Florida,13,Metropolitana de Santiago,BCN,59,2007-11-10,"MODIFICA ORDENANZA Nº 30, DE 2000, SOBRE CIERRE DE CALLES, PASAJES Y ESPACIOS PÚBLICOS DE LA COMUNA",Seguridad y Convivencia,https://www.bcn.cl/leychile/navegar?idNorma=266355,,,https://datos.bcn.cl/recurso/cl/orz/municipalidad-de-la-florida/2007-11-10/59/datos.json
La Florida,13,Metropolitana de Santiago,BCN,57,2006-08-07,"DICTA ORDENANZA Nº 57 QUE MODIFICA LA ORDENANZA 55, DE 2005, MODIFICATORIA DE LA ORDENANZA Nº 15 LOCAL PARA LA APLICACION DEL D.L. Nº 3.063, DE 1979, SOBRE RENTAS MUNICIPALES, EN LO RELATIVO AL COBRO DEL SERVICIO DOMICILIARIO POR EXTRACCION DE BASURA",Derechos Municipales y Tarifas,https://www.bcn.cl/leychile/navegar?idNorma=251995,,,https://datos.bcn.cl/recurso/cl/orz/municipalidad-de-la-florida/2006-08-07/57/datos.json
La Florida,13,Metropolitana de Santiago,BCN,56,2006-07-05,"APRUEBA ORDENANZA MUNICIPAL SOBRE ZONAS, EMPLAZAMIENTOS PERMITIDOS Y RESTRINGIDOS PARA EL OTORGAMIENTO DE PATENTES DE ALCOHOLES","Comercio, Alcoholes y Patentes",https://www.bcn.cl/leychile/navegar?idNorma=251006,,,https://datos.bcn.cl/recurso/cl/orz/municipalidad-de-la-florida/2006-07-05/56/datos.json
La Florida,13,Metropolitana de Santiago,BCN,54,2006-06-01,APRUEBA ORDENANZA DE FERIAS LIBRES,"Comercio, Alcoholes y Patentes",https://www.bcn.cl/leychile/navegar?idNorma=250025,,,https://datos.bcn.cl/recurso/cl/orz/municipalidad-de-la-florida/2006-06-01/54/datos.json
La Florida,13,Metropolitana de Santiago,BCN,55,2006-06-01,"APRUEBA ORDENANZA Nº 55 QUE MODIFICA ORDENANZA Nº 48, DE;2005, MODIFICATORIA DE LA ORDENANZA N° 15 ' LOCAL PARA;LA APLICACIÓN DEL D.L. N° 3.063, DE 1979, SOBRE RENTAS;MUNICIPALES, EN LO RELATIVO AL COBRO DEL  SERVICIO;DOMICILIARIO POR EXTRACCION DE BASURA",Derechos Municipales y Tarifas,https://www.bcn.cl/leychile/navegar?idNorma=250055,,,https://datos.bcn.cl/recurso/cl/orz/municipalidad-de-la-florida/2006-06-01/55/datos.json
La Florida,13,Metropolitana de Santiago,BCN,120,2006-03-24,REGLAMENTA OTORGAMIENTO DE BECAS PARA ENSEÑANZA SUPERIOR,"Salud, Deporte y Desarrollo Social",https://www.bcn.cl/leychile/navegar?idNorma=248359,,,https://datos.bcn.cl/recurso/cl/orz/municipalidad-de-florida/2006-03-24/120/datos.json
La Florida,13,Metropolitana de Santiago,BCN,48,2005-11-18,"MODIFICA ORDENANZA Nº 15 'LOCAL PARA LA APLICACION DEL DL 3.063, DE 1979, SOBRE RENTAS MUNICIPALES, EN LO RELATIVO AL COBRO DEL SERVICIO DOMICILIARIO POR EXTRACCION DE BASURA'",Derechos Municipales y Tarifas,https://www.bcn.cl/leychile/navegar?idNorma=244175,,,https://datos.bcn.cl/recurso/cl/orz/municipalidad-de-la-florida/2005-11-18/48/datos.json
La Florida,13,Metropolitana de Santiago,BCN,52,2005-11-18,APRUEBA ORDENANZA Nº 52 PARA APLICACION DEL ARTICULO TERCERO TRANSITORIO DE LA LEY Nº 20.033,Tránsito y Transporte,https://www.bcn.cl/leychile/navegar?idNorma=244176,,,https://datos.bcn.cl/recurso/cl/orz/municipalidad-de-la-florida/2005-11-18/52/datos.json
La Florida,13,Metropolitana de Santiago,BCN,47,2005-07-05,MODIFICA ORDENANZA Nº 46 DE PUBLICIDAD Y PROPAGANDA,"Comercio, Alcoholes y Patentes",https://www.bcn.cl/leychile/navegar?idNorma=239839,,,https://datos.bcn.cl/recurso/cl/orz/municipalidad-de-la-florida/2005-07-05/47/datos.json
La Florida,13,Metropolitana de Santiago,BCN,46,2004-04-27,APRUEBA ORDENANZA SOBRE PUBLICIDAD Y PROPAGANDA,"Comercio, Alcoholes y Patentes",https://www.bcn.cl/leychile/navegar?idNorma=224277,,,https://datos.bcn.cl/recurso/cl/orz/municipalidad-de-la-florida/2004-04-27/46/datos.json
La Florida,13,Metropolitana de Santiago,BCN,45,2004-02-26,"MODIFICA ORDENANZA Nº 14, SOBRE FERIAS LIBRES","Comercio, Alcoholes y Patentes",https://www.bcn.cl/leychile/navegar?idNorma=221715,,,https://datos.bcn.cl/recurso/cl/orz/municipalidad-de-la-florida/2004-02-26/45/datos.json
La Florida,13,Metropolitana de Santiago,BCN,41,2002-05-25,MODIFICA ORDENANZA Nº 1 SOBRE DERECHOS MUNICIPALES,Derechos Municipales y Tarifas,https://www.bcn.cl/leychile/navegar?idNorma=198523,,,https://datos.bcn.cl/recurso/cl/orz/municipalidad-de-la-florida/2002-05-25/41/datos.json
La Florida,13,Metropolitana de Santiago,BCN,40,2001-12-10,"MODIFICA ORDENANZA Nº 1, SOBRE DERECHOS MUNICIPALES",Derechos Municipales y Tarifas,https://www.bcn.cl/leychile/navegar?idNorma=192400,,,https://datos.bcn.cl/recurso/cl/orz/municipalidad-de-la-florida/2001-12-10/40/datos.json
La Florida,13,Metropolitana de Santiago,BCN,38,2001-08-02,MODIFICA ORDENANZA Nº 37,Normativa General y Otras Materias,https://www.bcn.cl/leychile/navegar?idNorma=188214,,,https://datos.bcn.cl/recurso/cl/orz/municipalidad-de-la-florida/2001-08-02/38/datos.json
La Florida,13,Metropolitana de Santiago,BCN,37,2001-06-29,"MODIFICA ORDENANZA Nº 15, SOBRE COBRO DE DERECHOS DE ASEO DOMICILIARIOS",Derechos Municipales y Tarifas,https://www.bcn.cl/leychile/navegar?idNorma=187108,,,https://datos.bcn.cl/recurso/cl/orz/municipalidad-de-la-florida/2001-06-29/37/datos.json
La Florida,13,Metropolitana de Santiago,BCN,36,2001-02-19,"INCORPORA DISPOSICION TRANSITORIA A ORDENANZA Nº 16, DE 1999, QUE FIJA HORARIO PARA EL FUNCIONAMIENTO DE LOS ESTABLECIMIENTOS DE EXPENDIO DE BEBIDAS ALCOHOLICAS","Comercio, Alcoholes y Patentes",https://www.bcn.cl/leychile/navegar?idNorma=181992,,,https://datos.bcn.cl/recurso/cl/orz/municipalidad-de-la-florida/2001-02-19/36/datos.json
La Florida,13,Metropolitana de Santiago,BCN,35,2000-11-30,MODIFICA ORDENANZA Nº 1 SOBRE DERECHOS MUNICIPALES,Derechos Municipales y Tarifas,https://www.bcn.cl/leychile/navegar?idNorma=178341,,,https://datos.bcn.cl/recurso/cl/orz/municipalidad-de-la-florida/2000-11-30/35/datos.json
La Florida,13,Metropolitana de Santiago,BCN,34,2000-11-16,MODIFICA ORDENANZA SOBRE OCUPACION DE BIEN NACIONAL DE USO PUBLICO,"Urbanismo, Obras y Edificación",https://www.bcn.cl/leychile/navegar?idNorma=177746,,,https://datos.bcn.cl/recurso/cl/orz/municipalidad-de-la-florida/2000-11-16/34/datos.json
La Florida,13,Metropolitana de Santiago,BCN,33,2000-10-25,MODIFICA HORARIO DE FUNCIONAMIENTO DE ESTABLECIMIENTOS DE EXPENDIO DE BEBIDAS ALCOHOLICAS,"Comercio, Alcoholes y Patentes",https://www.bcn.cl/leychile/navegar?idNorma=176916,,,https://datos.bcn.cl/recurso/cl/orz/municipalidad-de-la-florida/2000-10-25/33/datos.json
La Florida,13,Metropolitana de Santiago,BCN,32,2000-08-16,"MODIFICA ORDENANZA Nº 11, SOBRE ACTIVIDAD COMERCIAL, INDUSTRIAL Y DE SERVICIOS","Comercio, Alcoholes y Patentes",https://www.bcn.cl/leychile/navegar?idNorma=174262,,,https://datos.bcn.cl/recurso/cl/orz/municipalidad-de-la-florida/2000-08-16/32/datos.json
La Florida,13,Metropolitana de Santiago,BCN,31,2000-07-03,"MODIFICA ORDENANZA Nº 13, SOBRE CIERROS","Urbanismo, Obras y Edificación",https://www.bcn.cl/leychile/navegar?idNorma=171709,,,https://datos.bcn.cl/recurso/cl/orz/municipalidad-de-la-florida/2000-07-03/31/datos.json
La Florida,13,Metropolitana de Santiago,BCN,30,2000-06-28,"DICTA ORDENANZA SOBRE CIERRE DE CALLES, PASAJES Y/O ESPACIOS PUBLICOS",Seguridad y Convivencia,https://www.bcn.cl/leychile/navegar?idNorma=171507,,,https://datos.bcn.cl/recurso/cl/orz/municipalidad-de-la-florida/2000-06-28/30/datos.json
La Florida,13,Metropolitana de Santiago,BCN,29,2000-06-24,"MODIFICA ORDENANZA Nº 4, SOBRE PROPAGANDA Y PUBLICIDAD","Comercio, Alcoholes y Patentes",https://www.bcn.cl/leychile/navegar?idNorma=171442,,,https://datos.bcn.cl/recurso/cl/orz/municipalidad-de-la-florida/2000-06-24/29/datos.json
La Florida,13,Metropolitana de Santiago,BCN,27,2000-01-26,MODIFICA ORDENANZA SOBRE PROPAGANDA Y PUBLICIDAD,"Comercio, Alcoholes y Patentes",https://www.bcn.cl/leychile/navegar?idNorma=152277,,,https://datos.bcn.cl/recurso/cl/orz/municipalidad-de-la-florida/2000-01-26/27/datos.json
La Florida,13,Metropolitana de Santiago,BCN,26,2000-01-05,MODIFICA ORDENANZA LOCAL Nº 1 SOBRE DERECHOS MUNICIPALES,Derechos Municipales y Tarifas,https://www.bcn.cl/leychile/navegar?idNorma=150348,,,https://datos.bcn.cl/recurso/cl/orz/municipalidad-de-la-florida/2000-01-05/26/datos.json
La Florida,13,Metropolitana de Santiago,BCN,25,1999-12-02,MODIFICA ORDENANZA SOBRE PROPAGANDA Y PUBLICIDAD,"Comercio, Alcoholes y Patentes",https://www.bcn.cl/leychile/navegar?idNorma=148657,,,https://datos.bcn.cl/recurso/cl/orz/municipalidad-de-la-florida/1999-12-02/25/datos.json
La Florida,13,Metropolitana de Santiago,BCN,22,1999-11-22,MODIFICA ORDENANZA LOCAL Nº 1 SOBRE DERECHOS MUNICIPALES,Derechos Municipales y Tarifas,https://www.bcn.cl/leychile/navegar?idNorma=148010,,,https://datos.bcn.cl/recurso/cl/orz/municipalidad-de-la-florida/1999-11-22/22/datos.json
La Florida,13,Metropolitana de Santiago,BCN,23,1999-11-22,MODIFICA ORDENANZA LOCAL Nº 4 SOBRE PROPAGANDA Y PUBLICIDAD,"Comercio, Alcoholes y Patentes",https://www.bcn.cl/leychile/navegar?idNorma=148018,,,https://datos.bcn.cl/recurso/cl/orz/municipalidad-de-la-florida/1999-11-22/23/datos.json
La Florida,13,Metropolitana de Santiago,BCN,24,1999-11-22,"RECTIFICA ORDENANZA Nº 20, DE 1999, SOBRE PARTICIPACION CIUDADANA",Organización y Régimen Interno,https://www.bcn.cl/leychile/navegar?idNorma=148024,,,https://datos.bcn.cl/recurso/cl/orz/municipalidad-de-la-florida/1999-11-22/24/datos.json
La Florida,13,Metropolitana de Santiago,BCN,20,1999-11-04,APRUEBA ORDENANZA DE PARTICIPACION CIUDADANA,Organización y Régimen Interno,https://www.bcn.cl/leychile/navegar?idNorma=146490,,,https://datos.bcn.cl/recurso/cl/orz/municipalidad-de-la-florida/1999-11-04/20/datos.json
La Florida,13,Metropolitana de Santiago,BCN,21,1999-10-04,MODIFICA ORDENANZA LOCAL Nº 1 SOBRE TRANSITO Y TRANSPORTE PUBLICO,Tránsito y Transporte,https://www.bcn.cl/leychile/navegar?idNorma=144670,,,https://datos.bcn.cl/recurso/cl/orz/municipalidad-de-la-florida/1999-10-04/21/datos.json
La Florida,13,Metropolitana de Santiago,BCN,19,1999-05-10,"MODIFICA ORDENANZA Nº 16, DE 1999",Normativa General y Otras Materias,https://www.bcn.cl/leychile/navegar?idNorma=136134,,,https://datos.bcn.cl/recurso/cl/orz/municipalidad-de-la-florida/1999-05-10/19/datos.json
La Florida,13,Metropolitana de Santiago,BCN,16,1999-04-16,FIJA HORARIO PARA EL FUNCIONAMIENTO DE LOS ESTABLECIMIENTOS DE EXPENDIO DE BEBIDAS ALCOHOLICAS,"Comercio, Alcoholes y Patentes",https://www.bcn.cl/leychile/navegar?idNorma=135027,,,https://datos.bcn.cl/recurso/cl/orz/municipalidad-de-la-florida/1999-04-16/16/datos.json
La Florida,13,Metropolitana de Santiago,BCN,17,1998-12-31,"MODIFICA ORDENANZA Nº 1, LOCAL SOBRE DERECHOS MUNICIPALES",Derechos Municipales y Tarifas,https://www.bcn.cl/leychile/navegar?idNorma=128904,,,https://datos.bcn.cl/recurso/cl/orz/municipalidad-de-la-florida/1998-12-31/17/datos.json
La Florida,13,Metropolitana de Santiago,BCN,15,1997-08-18,DICTA ORDENANZA LOCAL SOBRE OCUPACION DE BIENES NACIONALES DE USO PUBLICO QUE CORRESPONDAN A CALLES CIEGAS O PASAJES EN FONDO DE SACO Y QUE PERMITE SU CIERRO,"Urbanismo, Obras y Edificación",https://www.bcn.cl/leychile/navegar?idNorma=75000,,,https://datos.bcn.cl/recurso/cl/orz/municipalidad-de-la-florida/1997-08-18/15/datos.json
La Florida,13,Metropolitana de Santiago,BCN,1,1996-12-31,ORDENANZA LOCAL SOBRE DERECHOS MUNICIPALES,Derechos Municipales y Tarifas,https://www.bcn.cl/leychile/navegar?idNorma=30924,,,https://datos.bcn.cl/recurso/cl/orz/municipalidad-de-la-florida/1996-12-31/1/datos.json
La Florida,13,Metropolitana de Santiago,BCN,14,1994-12-09,DICTA ORDENANZA DE FERIAS LIBRES,"Comercio, Alcoholes y Patentes",https://www.bcn.cl/leychile/navegar?idNorma=31041,,,https://datos.bcn.cl/recurso/cl/orz/municipalidad-de-la-florida/1994-12-09/14/datos.json
La Florida,13,Metropolitana de Santiago,BCN,1,1988-01-26,DICTA ORDENANZA LOCAL SOBRE DERECHOS MUNICIPALES,Derechos Municipales y Tarifas,https://www.bcn.cl/leychile/navegar?idNorma=123496,,,https://datos.bcn.cl/recurso/cl/orz/municipalidad-de-la-florida/1988-01-26/1/datos.json
La Florida,13,Metropolitana de Santiago,Municipalidad,149,2026-01-01,Ordenanza Municipal de LA FLORIDA — Ordenanza 149,Normativa General y Otras Materias,https://www.laflorida.cl/sitio/wp-content/uploads/2022/11/Ordenanza-149.pdf,https://www.laflorida.cl/sitio/wp-content/uploads/2022/11/Ordenanza-149.pdf,be24e573ef1df3aab0687a5836fc05764980128fb11ca0c8af05357de5d85a6e,
La Florida,13,Metropolitana de Santiago,Municipalidad,150,2026-01-01,Ordenanza Municipal de LA FLORIDA — Ordenanza 150,Normativa General y Otras Materias,https://www.laflorida.cl/sitio/wp-content/uploads/2022/12/Ordenanza-150.pdf,https://www.laflorida.cl/sitio/wp-content/uploads/2022/12/Ordenanza-150.pdf,cff00e76cc8b7e34a7d1e98f14b27fc9e7b88d290c7c446cd1efc51de11f25f8,
La Florida,13,Metropolitana de Santiago,Municipalidad,151,2026-01-01,Ordenanza Municipal de LA FLORIDA — Ordenanza 151,Normativa General y Otras Materias,https://www.laflorida.cl/sitio/wp-content/uploads/2022/12/Ordenanza-151.pdf,https://www.laflorida.cl/sitio/wp-content/uploads/2022/12/Ordenanza-151.pdf,bcae924fb87451802f1c03cc583f731d49e287f007bb705d3ac783b1ed99e1dc,
La Florida,13,Metropolitana de Santiago,Municipalidad,153,2026-01-01,Ordenanza Municipal de LA FLORIDA — Ordenanza 153 A 708,Normativa General y Otras Materias,https://www.laflorida.cl/sitio/wp-content/uploads/2023/10/Ordenanza-153-A-708.pdf,https://www.laflorida.cl/sitio/wp-content/uploads/2023/10/Ordenanza-153-A-708.pdf,b1150a0a8a879f74ecbcf6146f91292357a204beb8b88eb6ace8c7e2fb8aaa00,
La Florida,13,Metropolitana de Santiago,Municipalidad,153-3299,2026-01-01,Ordenanza Municipal de LA FLORIDA — Ordenanza 153,Normativa General y Otras Materias,https://www.laflorida.cl/sitio/wp-content/uploads/2023/10/Ordenanza-153.pdf,https://www.laflorida.cl/sitio/wp-content/uploads/2023/10/Ordenanza-153.pdf,3299daa91131c58268e6d6d333b6cb3747d567c540029cf6747a3515b9f8affd,
La Florida,13,Metropolitana de Santiago,Municipalidad,152,2026-01-01,Ordenanza Municipal de LA FLORIDA — ordenanza 152,Normativa General y Otras Materias,https://www.laflorida.cl/sitio/wp-content/uploads/2023/10/ordenanza-152.pdf,https://www.laflorida.cl/sitio/wp-content/uploads/2023/10/ordenanza-152.pdf,6f4984cc777ee0fe4f03edae26d34bceb3b3ef3c9e69c8ef09d2299af592e627,
La Florida,13,Metropolitana de Santiago,Municipalidad,154,2026-01-01,Ordenanza Municipal de LA FLORIDA — Ordenanza 154,Normativa General y Otras Materias,https://www.laflorida.cl/sitio/wp-content/uploads/2024/02/Ordenanza-154.pdf,https://www.laflorida.cl/sitio/wp-content/uploads/2024/02/Ordenanza-154.pdf,b665dedb76121e3f8dae20afecca007b8374625d012a112733a8a96030c2141d,
La Florida,13,Metropolitana de Santiago,Municipalidad,155,2026-01-01,Ordenanza Municipal de LA FLORIDA — Ordenanza 155,Normativa General y Otras Materias,https://www.laflorida.cl/sitio/wp-content/uploads/2024/03/Ordenanza-155.pdf,https://www.laflorida.cl/sitio/wp-content/uploads/2024/03/Ordenanza-155.pdf,6cd4824c441de6e554509722fefb2c9295440d2ebb91554c1ee87b7b7b81a063,
La Florida,13,Metropolitana de Santiago,Municipalidad,156,2026-01-01,Ordenanza Municipal de LA FLORIDA — Ordenanza 156,Normativa General y Otras Materias,https://www.laflorida.cl/sitio/wp-content/uploads/2024/10/Ordenanza-156.pdf,https://www.laflorida.cl/sitio/wp-content/uploads/2024/10/Ordenanza-156.pdf,d2072de42ea5fdef280e4e81f293c9c716b5a0f5dc8e550a04898b2f01f18068,
La Florida,13,Metropolitana de Santiago,Municipalidad,157,2026-01-01,Ordenanza Municipal de LA FLORIDA — Ordenanza 157,Normativa General y Otras Materias,https://www.laflorida.cl/sitio/wp-content/uploads/2025/01/Ordenanza-157.pdf,https://www.laflorida.cl/sitio/wp-content/uploads/2025/01/Ordenanza-157.pdf,c4b61c4849075dd652030a5928d82872b88a37f54b07e27a913b2f81930e61a6,
La Florida,13,Metropolitana de Santiago,Municipalidad,158,2026-01-01,Ordenanza Municipal de LA FLORIDA — Ordenanza 158,Normativa General y Otras Materias,https://www.laflorida.cl/sitio/wp-content/uploads/2025/04/Ordenanza-158.pdf,https://www.laflorida.cl/sitio/wp-content/uploads/2025/04/Ordenanza-158.pdf,11d8690397f6c3c1199150942c1f2fff54a8e92b2002d5bed34bc2f029df2d86,
La Florida,13,Metropolitana de Santiago,Municipalidad,159,2026-01-01,Ordenanza Municipal de LA FLORIDA — Ordenanza 159,Normativa General y Otras Materias,https://www.laflorida.cl/sitio/wp-content/uploads/2025/10/Ordenanza-159.pdf,https://www.laflorida.cl/sitio/wp-content/uploads/2025/10/Ordenanza-159.pdf,d1ea2c9ad737b058a45a9866c2c7eed067de196942c26cedd6564d34f4fba65c,
La Florida,13,Metropolitana de Santiago,Municipalidad,160,2026-01-01,Ordenanza Municipal de LA FLORIDA — Ordenanza 160,Normativa General y Otras Materias,https://www.laflorida.cl/sitio/wp-content/uploads/2025/10/Ordenanza-160.pdf,https://www.laflorida.cl/sitio/wp-content/uploads/2025/10/Ordenanza-160.pdf,7a1bf5f7c7aac0438432111fec53b88e05c6cb50dc1b866a89804d389c63bf20,
La Florida,13,Metropolitana de Santiago,Municipalidad,161,2026-01-01,Ordenanza Municipal de LA FLORIDA — Ordenanza 161,Normativa General y Otras Materias,https://www.laflorida.cl/sitio/wp-content/uploads/2026/04/Ordenanza-161.pdf,https://www.laflorida.cl/sitio/wp-content/uploads/2026/04/Ordenanza-161.pdf,ef6ffc6a92959b9e2585ad762a4ac2dc3bd9a9afe906bff7e5c516322c4df3cb,
La Granja,13,Metropolitana de Santiago,BCN,2323,1996-01-31,APRUEBA ORDENANZA DE COBRO DE DERECHOS POR SERVICIO DOMICILIARIO DE RETIRO DE BASURAS,Derechos Municipales y Tarifas,https://www.bcn.cl/leychile/navegar?idNorma=152495,,,https://datos.bcn.cl/recurso/cl/orz/municipalidad-de-la-granja/1996-01-31/2323/datos.json
La Granja,13,Metropolitana de Santiago,BCN,1078,1988-02-04,DICTA ORDENANZA LOCAL SOBRE DERECHOS USO DEL PARQUE INTERCOMUNAL REPUBLICA DEL BRASIL,Derechos Municipales y Tarifas,https://www.bcn.cl/leychile/navegar?idNorma=140315,,,https://datos.bcn.cl/recurso/cl/orz/municipalidad-de-la-granja/1988-02-04/1078/datos.json
La Granja,13,Metropolitana de Santiago,Municipalidad,S/N,2026-01-01,Ordenanza Municipal de LA GRANJA — ORDENANZA TENENCIA RESPONSABLE 20211201,Tenencia Responsable de Mascotas,https://municipalidadlagranja.cl/wp-content/uploads/2022/05/ORDENANZA_TENENCIA_RESPONSABLE_20211201.pdf,https://municipalidadlagranja.cl/wp-content/uploads/2022/05/ORDENANZA_TENENCIA_RESPONSABLE_20211201.pdf,8d5140b2b02a24ffee4b5d02c45255d2cdfcc3dc625790f7c484f8f95bde5778,
La Granja,13,Metropolitana de Santiago,Municipalidad,1164,2021-01-01,"Link Decreto Alcaldicio N°1164, del 23 de junio de 2021, Aprueba Ordenanza de Ferias Libres comuna de La Granja Link","Patentes, Comercio y Alcoholes",https://municipalidadlagranja.cl/wp-content/uploads/2022/05/DA_1164_FERIAS_LIBRES_20210623.pdf,https://www.municipalidadlagranja.cl/mi-municipio/ordenanzas-municipales/,9c7da45f426ca556447ae3be090a5be079f7ddaf709ec92f8756ca1064a75581,
La Granja,13,Metropolitana de Santiago,Municipalidad,572,2022-01-01,Link Ordenanza Hídrica Local de la comuna de La Granja Link,Normativa General y Otras Materias,https://www.municipalidadlagranja.cl/wp-content/uploads/2022/06/Decreto-572-2022-ORDENANZA-HIDRICA-LOCAL-1.pdf,https://www.municipalidadlagranja.cl/mi-municipio/ordenanzas-municipales/,f3183a67ba9a09de136af947666f1f717247c2c5e12fd76b69946618585d1e2f,
La Granja,13,Metropolitana de Santiago,Municipalidad,2137,2022-01-01,Ordenanza Municipal de LA GRANJA — Decreto 2137 2022 Diario Oficial Ordenanza cierre y medidas de control de calles pasajes o conjuntos habitacionales 1,Normativa General y Otras Materias,https://www.municipalidadlagranja.cl/wp-content/uploads/2022/11/Decreto-2137-2022-Diario-Oficial-Ordenanza-cierre-y-medidas-de-control-de-calles-pasajes-o-conjuntos-habitacionales-1.pdf,https://www.municipalidadlagranja.cl/mi-municipio/ordenanzas-municipales/,ac49879280f89dcdb5e58821304ec39206fdb5c0549c0323ca46568342f229e8,
La Granja,13,Metropolitana de Santiago,Municipalidad,S/N-a4d1,2026-01-01,Link Modifica Ordenanza de Ferias Libres Link,"Patentes, Comercio y Alcoholes",https://www.municipalidadlagranja.cl/wp-content/uploads/2023/01/DA_2613_28122022.pdf,https://www.municipalidadlagranja.cl/mi-municipio/ordenanzas-municipales/,a4d18596c20ccbc1e3b9f09884fdb140421992871e38d954f8808877273a18b5,
La Granja,13,Metropolitana de Santiago,Municipalidad,1,2026-01-01,Ordenanza Municipal de LA GRANJA — DA 1039 19042023 1,Normativa General y Otras Materias,https://www.municipalidadlagranja.cl/wp-content/uploads/2023/04/DA_1039_19042023-1.pdf,https://www.municipalidadlagranja.cl/mi-municipio/ordenanzas-municipales/,55b6d832d05117dd1335456df8fb229d6ae4d53a96646adc7fafe7e3a4d55c34,
La Granja,13,Metropolitana de Santiago,Municipalidad,1037,2023-01-01,"Link Diario Oficial, del 26 de abril de 2023, que Modifica Ordenanza de Ferias Libres comuna de La Granja Link","Patentes, Comercio y Alcoholes",https://www.municipalidadlagranja.cl/wp-content/uploads/2023/04/Decreto-Alcaldicio-N%C2%B0-1037-2023-Modifica-Ordenanza-de-Ferias-Libres-de-l....pdf,https://www.municipalidadlagranja.cl/mi-municipio/ordenanzas-municipales/,452a92030bcf8f4874b13cc3fe11551ccad0ed62f505dc69f527fbe944113680,
La Granja,13,Metropolitana de Santiago,Municipalidad,S/N-105c,2026-01-01,Ordenanza Municipal de LA GRANJA — DA 1734 14062023,Normativa General y Otras Materias,https://www.municipalidadlagranja.cl/wp-content/uploads/2023/06/DA_1734_14062023.pdf,https://www.municipalidadlagranja.cl/mi-municipio/ordenanzas-municipales/,105c38d5daed6407b355c7f51d4d4e6520201736998c62127dc912e4b63d27b4,
La Granja,13,Metropolitana de Santiago,Municipalidad,S/N-f7b0,2026-01-01,Ordenanza Municipal de LA GRANJA — DA 3192 25102023 compressed,Normativa General y Otras Materias,https://www.municipalidadlagranja.cl/wp-content/uploads/2023/10/DA_3192_25102023_compressed.pdf,https://www.municipalidadlagranja.cl/mi-municipio/ordenanzas-municipales/,f7b0ac440f5ba0cf384bde9e7a164599a6f8075f5390a31648184573f2ef4df8,
La Granja,13,Metropolitana de Santiago,Municipalidad,S/N-27da,2026-01-01,Ordenanza Municipal de LA GRANJA — DA 1046 10042024 compressed,Normativa General y Otras Materias,https://www.municipalidadlagranja.cl/wp-content/uploads/2024/04/DA_1046_10042024_compressed.pdf,https://www.municipalidadlagranja.cl/mi-municipio/ordenanzas-municipales/,27da8d7fe074ad285d48da6bb48948c6877b94a9504640ab6a208b4f7bcb0ed4,
La Granja,13,Metropolitana de Santiago,Municipalidad,24,2026-01-01,Ordenanza Municipal de LA GRANJA — ORDENANZA MA abril 24,Normativa General y Otras Materias,https://www.municipalidadlagranja.cl/wp-content/uploads/2024/05/ORDENANZA-MA_abril-24.pdf,https://www.municipalidadlagranja.cl/mi-municipio/ordenanzas-municipales/,9e87cae41579478b3f06f228e4c068a5aeb883e42d44aa7190b45331199db554,
La Granja,13,Metropolitana de Santiago,Municipalidad,S/N-618f,2026-01-01,Ordenanza Municipal de LA GRANJA — Decreto Alcaldicio Ordenanza Derechos municipales,Derechos Municipales y Tarifas,https://www.municipalidadlagranja.cl/wp-content/uploads/2024/10/Decreto-Alcaldicio-Ordenanza-Derechos-municipales.pdf,https://www.municipalidadlagranja.cl/mi-municipio/ordenanzas-municipales/,618fdbb0747f640ab5f002876638c4f43d7c65f06144016883400fbcb0e70f53,
La Granja,13,Metropolitana de Santiago,Municipalidad,1578,2026-01-01,Ordenanza Municipal de LA GRANJA — DA 1578 03062025 1,Normativa General y Otras Materias,https://www.municipalidadlagranja.cl/wp-content/uploads/2026/01/DA-1578-03062025-1.pdf,https://www.municipalidadlagranja.cl/mi-municipio/ordenanzas-municipales/,ba968109551f5b208f61db2eff1e95fdae70aa474394e068c131d1a1b58a35a7,
La Granja,13,Metropolitana de Santiago,Municipalidad,S/N-ab68,2026-01-01,Ordenanza Municipal de LA GRANJA — ORD. MAQUINAS DE HABILIDAD Y DESTREZAS,Normativa General y Otras Materias,https://www.municipalidadlagranja.cl/wp-content/uploads/2026/01/ORD.-MAQUINAS-DE-HABILIDAD-Y-DESTREZAS.pdf,https://www.municipalidadlagranja.cl/mi-municipio/ordenanzas-municipales/,ab6877205cbeb76e83f1801e06c7b01bea2c20c6ac05bed8a0c72268f0ab3113,
La Granja,13,Metropolitana de Santiago,Municipalidad,S/N-0565,2026-01-01,Ordenanza Municipal de LA GRANJA — ORDENANZA CIERRE DE CALLES Y PASAJES,Normativa General y Otras Materias,https://www.municipalidadlagranja.cl/wp-content/uploads/2026/01/ORDENANZA-CIERRE-DE-CALLES-Y-PASAJES.pdf,https://www.municipalidadlagranja.cl/mi-municipio/ordenanzas-municipales/,05652eefe0fa2ebbaed3d1e2c26c978fc0cfd68a76ac206e24ab8ddc466aaa33,
La Granja,13,Metropolitana de Santiago,Municipalidad,S/N-666e,2026-01-01,Ordenanza Municipal de LA GRANJA — ORDENANZA DE CABLEADO AEREO,"Urbanismo, Obras y Edificación",https://www.municipalidadlagranja.cl/wp-content/uploads/2026/01/ORDENANZA-DE-CABLEADO-AEREO.pdf,https://www.municipalidadlagranja.cl/mi-municipio/ordenanzas-municipales/,666e48806ac5737d0a89804580f7bf984bfb43cb4fe08ab3600197d0ccd38771,
La Granja,13,Metropolitana de Santiago,Municipalidad,S/N-e9e0,2026-01-01,Ordenanza Municipal de LA GRANJA — ORDENANZA TALLERES MECANICOS,Normativa General y Otras Materias,https://www.municipalidadlagranja.cl/wp-content/uploads/2026/01/ORDENANZA-TALLERES-MECANICOS.pdf,https://www.municipalidadlagranja.cl/mi-municipio/ordenanzas-municipales/,e9e00a0ae4ab123a6bbc697ead86e9352e9c3a0457b8d22bcefd2957e0d0c269,
La Granja,13,Metropolitana de Santiago,Municipalidad,S/N-70de,2026-01-01,Ordenanza Municipal de LA GRANJA — Ordenanza Medioambiente La Granja,"Aseo, Ornato y Medio Ambiente",https://www.municipalidadlagranja.cl/wp-content/uploads/2026/02/Ordenanza-Medioambiente-La-Granja.pdf,https://www.municipalidadlagranja.cl/mi-municipio/ordenanzas-municipales/,70de54d9392fc6b50649cd791c455a8032f5449ebf7bf842197d493a36f80590,
La Granja,13,Metropolitana de Santiago,Municipalidad,1-6ba6,2026-01-01,Ordenanza Municipal de LA GRANJA — ORD. DE FERIAS LIBRES 1,"Patentes, Comercio y Alcoholes",https://www.municipalidadlagranja.cl/wp-content/uploads/2026/03/ORD.-DE-FERIAS-LIBRES-1.pdf,https://www.municipalidadlagranja.cl/mi-municipio/ordenanzas-municipales/,6ba6d2209d77de1e9934edd9100829483156a629adcbb452c1aa8a53bc0ffc7a,
La Pintana,13,Metropolitana de Santiago,BCN,1,2009-01-03,INFORMA DICTACIÓN DE ORDENANZA,Normativa General y Otras Materias,https://www.bcn.cl/leychile/navegar?idNorma=284655,,,https://datos.bcn.cl/recurso/cl/orz/municipalidad-de-la-pintana/2009-01-03/1/datos.json
La Pintana,13,Metropolitana de Santiago,BCN,4,2006-01-09,INFORMA DICTACION DE ORDENANZA PARA EL COBRO DE LOS DERECHOS DE ASEO DOMICILIARIO Y SUS EXENCIONES,Derechos Municipales y Tarifas,https://www.bcn.cl/leychile/navegar?idNorma=246048,,,https://datos.bcn.cl/recurso/cl/orz/municipalidad-de-la-pintana/2006-01-09/4/datos.json
La Pintana,13,Metropolitana de Santiago,BCN,3,2005-10-29,INFORMA DICTACION DE ORDENANZA DE DERECHOS MUNICIPALES,Derechos Municipales y Tarifas,https://www.bcn.cl/leychile/navegar?idNorma=243409,,,https://datos.bcn.cl/recurso/cl/orz/municipalidad-de-la-pintana/2005-10-29/3/datos.json
La Pintana,13,Metropolitana de Santiago,BCN,4,2004-03-27,"INFORMA DICTACION DE ORDENANZA Nº 4, DE 2004",Normativa General y Otras Materias,https://www.bcn.cl/leychile/navegar?idNorma=223053,,,https://datos.bcn.cl/recurso/cl/orz/municipalidad-de-la-pintana/2004-03-27/4/datos.json
La Pintana,13,Metropolitana de Santiago,BCN,1,2003-12-31,INFORMA MODIFICACION DE ORDENANZAS,Normativa General y Otras Materias,https://www.bcn.cl/leychile/navegar?idNorma=219638,,,https://datos.bcn.cl/recurso/cl/orz/municipalidad-de-la-pintana/2003-12-31/1/datos.json
La Pintana,13,Metropolitana de Santiago,BCN,2,2003-12-31,INFORMA MODIFICACION DE ORDENANZAS,Normativa General y Otras Materias,https://www.bcn.cl/leychile/navegar?idNorma=219649,,,https://datos.bcn.cl/recurso/cl/orz/municipalidad-de-la-pintana/2003-12-31/2/datos.json
La Pintana,13,Metropolitana de Santiago,BCN,1,2001-01-12,INFORMA DICTACION DE ORDENANZA Y REGLAMENTO,Organización y Régimen Interno,https://www.bcn.cl/leychile/navegar?idNorma=180059,,,https://datos.bcn.cl/recurso/cl/orz/municipalidad-de-la-pintana/2001-01-12/1/datos.json
La Pintana,13,Metropolitana de Santiago,BCN,1,1996-12-30,INFORMA DICTACION DE ORDENANZAS,Normativa General y Otras Materias,https://www.bcn.cl/leychile/navegar?idNorma=30923,,,https://datos.bcn.cl/recurso/cl/orz/municipalidad-de-la-pintana/1996-12-30/1/datos.json
La Pintana,13,Metropolitana de Santiago,BCN,2,1996-12-30,INFORMA DICTACION DE ORDENANZAS,Normativa General y Otras Materias,https://www.bcn.cl/leychile/navegar?idNorma=30954,,,https://datos.bcn.cl/recurso/cl/orz/municipalidad-de-la-pintana/1996-12-30/2/datos.json
La Pintana,13,Metropolitana de Santiago,BCN,3,1995-12-30,DICTACION DE IRDENANZAS,Normativa General y Otras Materias,https://www.bcn.cl/leychile/navegar?idNorma=30971,,,https://datos.bcn.cl/recurso/cl/orz/municipalidad-de-la-pintana/1995-12-30/3/datos.json
La Pintana,13,Metropolitana de Santiago,BCN,4,1995-12-30,DICTACION DE ORDENANZAS,Normativa General y Otras Materias,https://www.bcn.cl/leychile/navegar?idNorma=30983,,,https://datos.bcn.cl/recurso/cl/orz/municipalidad-de-la-pintana/1995-12-30/4/datos.json
La Pintana,13,Metropolitana de Santiago,BCN,2,1995-11-30,DICTA ORDENANZA SOBRE VENTA DE SEGUROS AUTOMOTRIZ OBLIGATORIO,Tenencia Responsable y Mascotas,https://www.bcn.cl/leychile/navegar?idNorma=30946,,,https://datos.bcn.cl/recurso/cl/orz/municipalidad-de-la-pintana/1995-11-30/2/datos.json
La Pintana,13,Metropolitana de Santiago,BCN,472,1985-10-23,NOTIFICACIONES DE RESOLUCIONES MUNICIPALES,Normativa General y Otras Materias,https://www.bcn.cl/leychile/navegar?idNorma=228942,,,https://datos.bcn.cl/recurso/cl/orz/municipalidad-de-la-pintana/1985-10-23/472/datos.json
La Pintana,13,Metropolitana de Santiago,Municipalidad,1,2026-01-01,Ordenanza Municipal de LA PINTANA — ORDENANZA DE TRM FIRMADA POR JURIDICO 1,Normativa General y Otras Materias,https://pintana.cl/wp-content/uploads/2025/12/ORDENANZA-DE-TRM-FIRMADA-POR-JURIDICO-1.pdf,https://pintana.cl/wp-content/uploads/2025/12/ORDENANZA-DE-TRM-FIRMADA-POR-JURIDICO-1.pdf,7224f58f7249b07a323ac305b6e0e5002ba494a7173b50a6ffdbb308dd4c2789,
Las Condes,13,Metropolitana de Santiago,Municipalidad,1699,2022-05-05,"APRUÉBASE LA PRORROGA DEL PLAZO DE LA EXENCIÓN INCORPORADA MEDIANTE DECRETO ALCALDICIO SECC. 1 N°5103 DEL 30 DICIEMBRE 2021, COMO INCISO FINAL EN EL ARTÍCULO 12 NUMERAL 6 DE LA ""ORDENANZA LOCAL SOBRE DERECHOS MUNICIPALES DE LA MUNICIPALIDAD DE LAS CONDES"", POR EL TEXTO QUE SE INDICA",Derechos Municipales y Tarifas,https://archivos.lascondes.cl/descargas/transparencia/ordenanzas/decreto.1699.05may2022.pdf,https://www.lascondes.cl/ordenanzas-municipales/,f7d939c08fa56bad5b4d0924cd1856280d87ef0529330169c5f36cff0de3b2ce,
Las Condes,13,Metropolitana de Santiago,Municipalidad,3409,2022-09-29,"INCORPÓRASE A LA ORDENZA LOCAL SOBRE DERECHOS MUNICIPALES DE LA MUNICIPALIDAD DE LAS CONDES, CONTENIDA EN EL TEXTO REFUNDIDO QUE SE FIJO MEDIANTE DECRETO ALCALDICIO SECC. 1°N°1749 DEL 12 ABRIL 2022 Y EN EL DECRETO ALCALDICIO SECC. 1° N°6855 DEL26 NOVIEMBRE 2022, UN NÚMERO 29, NUEVO, AL ARTÍCULO 22",Derechos Municipales y Tarifas,https://archivos.lascondes.cl/descargas/transparencia/presupuesto/2022/decreto.3409.29sep2022.pdf,https://www.lascondes.cl/ordenanzas-municipales/,1505cca02d29ee468f1d1a89569e7c65625faacb6a46c716118650439bf9d2a7,
Las Condes,13,Metropolitana de Santiago,Municipalidad,3727,2023-10-26,"MODIFÍCASE LA ORDENANZA LOCAL SOBRE DERECHOS MUNICIPALES DE LA MUNICIPALIDAD DE LAS CONDES, CONTENIDA EN EL TEXTO REFUNDIDO QUE SE FIJÓ MEDIANTE DECRETO ALCALDICIO SECC. 1a. N°2462 DEL 10 JULIO 2023",Derechos Municipales y Tarifas,https://archivos.lascondes.cl/descargas/transparencia/ordenanzas/2023/decreto.3727.26oct2023.pdf,https://www.lascondes.cl/ordenanzas-municipales/,330ce3f9e616a52d0811708f9da76e98328a5671bd62cba7632f629a0b6e2d23,
Las Condes,13,Metropolitana de Santiago,Municipalidad,1338,2024-04-05,Fíjase el texto refundido de la Ordenanza Local sobre Derechos Municipales de la Municipalidad de Las Condes,Derechos Municipales y Tarifas,https://archivos.lascondes.cl/descargas/transparencia/ordenanzas/2024/decreto.1338.05abr2024.pdf,https://www.lascondes.cl/ordenanzas-municipales/,0d9281e74acc37bbbcc9a599ff1a99b992803c50367bb6f7810b8264951df3f3,
Las Condes,13,Metropolitana de Santiago,Municipalidad,1620,2024-04-16,Apruébase texto refundido de la Ordenanza de Participación Ciudadana,Normativa General y Otras Materias,https://archivos.lascondes.cl/descargas/transparencia/ordenanzas/2024/decreto.1620.16abr2024.pdf,https://www.lascondes.cl/ordenanzas-municipales/,51447e6e03f848db2cc5e0b77a3fee88dfa7b8235196073e5593b621e113fb0b,
Las Condes,13,Metropolitana de Santiago,Municipalidad,2271,2024-06-10,Incorpórase a la Ordenanza Local sobre Derechos Municipales de Las Condes,Derechos Municipales y Tarifas,https://archivos.lascondes.cl/descargas/transparencia/ordenanzas/2024/decreto.2271.10jun2024.pdf,https://www.lascondes.cl/ordenanzas-municipales/,01631b8db315d422e37aed1607a89c5562c8dc717deb84ca6b9351a5a79fa238,
Las Condes,13,Metropolitana de Santiago,Municipalidad,3535,2024-09-14,Modifícase la Ordenanza para la Ocupación del Espacio Público y de Antejardines en Áreas Comerciales,Normativa General y Otras Materias,https://archivos.lascondes.cl/descargas/transparencia/ordenanzas/2024/decreto.3535.14sep2024.pdf,https://www.lascondes.cl/ordenanzas-municipales/,583e06100141a8f803be5f9360b720cf6b7833f1c5b74debca29d5a5247bcba5,
Las Condes,13,Metropolitana de Santiago,Municipalidad,4102,2024-10-30,"MODIFÍCASE LA ""ORDENANZA LOCAL SOBRE DERECHOS MUNICIPALES DE LA MUNICIPALIDAD DE LAS CONDES"", CONTENIDA EN EL TEXTO REFUNDIDO QUE SE FIJÓ POR DECRETO ALCALDICIO SECC. 1A. N°1338 DEL 5 ABRIL 2024, EN EL SENTIDO DE REEMPLÁZASE LOS NUMERALES 3, 4 Y 5 DEL ARTÍCULO 23°",Derechos Municipales y Tarifas,https://archivos.lascondes.cl/descargas/transparencia/ordenanzas/2024/decreto.4102.30oct2024.pdf,https://www.lascondes.cl/ordenanzas-municipales/,a2db11f621a5dd2a193bbb864535eb3d5ba05db15ac25eebb613c16f25c50fa5,
Las Condes,13,Metropolitana de Santiago,Municipalidad,3875,2026-01-01,Ordenanza Municipal de LAS CONDES — decreto.3875.08sep2009.ordenanza.regulacion.circulacion.camiones.transporte.cilindros.de.gas,Tránsito y Transporte,https://archivos.lascondes.cl/descargas/transparencia/actos_resoluciones/decretos/2009/09.septiembre/decreto.3875.08sep2009.ordenanza.regulacion.circulacion.camiones.transporte.cilindros.de.gas.pdf,https://archivos.lascondes.cl/descargas/transparencia/actos_resoluciones/decretos/2009/09.septiembre/decreto.3875.08sep2009.ordenanza.regulacion.circulacion.camiones.transporte.cilindros.de.gas.pdf,04d6c76b37908dae984edf3ce982c686cf1ff2de59edcdc81b16799316259452,
Las Condes,13,Metropolitana de Santiago,Municipalidad,1948,2026-01-01,Ordenanza Municipal de LAS CONDES — decreto.1948.24may2023,Normativa General y Otras Materias,https://archivos.lascondes.cl/descargas/transparencia/ordenanzas/2023/decreto.1948.24may2023.pdf,https://archivos.lascondes.cl/descargas/transparencia/ordenanzas/2023/decreto.1948.24may2023.pdf,65efc9a99feb3fc32fcd5fe27bd17ecfcd10616564315e8f86bfb1963cb6b3bb,
Las Condes,13,Metropolitana de Santiago,Municipalidad,2023,2026-01-01,Ordenanza Municipal de LAS CONDES — decreto.2363.28jun2023,Normativa General y Otras Materias,https://archivos.lascondes.cl/descargas/transparencia/ordenanzas/2023/decreto.2363.28jun2023.pdf,https://archivos.lascondes.cl/descargas/transparencia/ordenanzas/2023/decreto.2363.28jun2023.pdf,c5bcc19b8595a5df7bbb595ff9bc4c0ef1195b06a4657f23c3bdebed8925e790,
Las Condes,13,Metropolitana de Santiago,Municipalidad,2463,2026-01-01,Ordenanza Municipal de LAS CONDES — decreto.2463.10jul2023,Normativa General y Otras Materias,https://archivos.lascondes.cl/descargas/transparencia/ordenanzas/2023/decreto.2463.10jul2023.pdf,https://archivos.lascondes.cl/descargas/transparencia/ordenanzas/2023/decreto.2463.10jul2023.pdf,decf2a160b98468a506766a6740cd38ed26dd9a4d5a1dfa2a370e36e7bb11dc5,
Las Condes,13,Metropolitana de Santiago,Municipalidad,3200,2026-01-01,Ordenanza Municipal de LAS CONDES — decreto.3200.06sep2023,Normativa General y Otras Materias,https://archivos.lascondes.cl/descargas/transparencia/ordenanzas/2023/decreto.3200.06sep2023.pdf,https://archivos.lascondes.cl/descargas/transparencia/ordenanzas/2023/decreto.3200.06sep2023.pdf,d7a69fff33744fb9bf3d52946b0d7ccfb287977bec7284598ae8fe769320be34,
Las Condes,13,Metropolitana de Santiago,Municipalidad,3412,2026-01-01,Ordenanza Municipal de LAS CONDES — decreto.3412.26sep2023,Normativa General y Otras Materias,https://archivos.lascondes.cl/descargas/transparencia/ordenanzas/2023/decreto.3412.26sep2023.pdf,https://archivos.lascondes.cl/descargas/transparencia/ordenanzas/2023/decreto.3412.26sep2023.pdf,2bce2d866eb31463fb429e421f779310dcad88a6de1b45fcb0c17a339b697907,
Las Condes,13,Metropolitana de Santiago,Municipalidad,2787,2026-01-01,Ordenanza Municipal de LAS CONDES — decreto.2787.24jul2024,Normativa General y Otras Materias,https://archivos.lascondes.cl/descargas/transparencia/ordenanzas/2024/decreto.2787.24jul2024.pdf,https://archivos.lascondes.cl/descargas/transparencia/ordenanzas/2024/decreto.2787.24jul2024.pdf,6dc97e86b0df2a1ae829ca7ef1e6b392f6ddfc3e369cbd5983c5684440263df9,
Las Condes,13,Metropolitana de Santiago,Municipalidad,2879,2026-01-01,Ordenanza Municipal de LAS CONDES — decreto.2879.31jul2024,Normativa General y Otras Materias,https://archivos.lascondes.cl/descargas/transparencia/ordenanzas/2024/decreto.2879.31jul2024.pdf,https://archivos.lascondes.cl/descargas/transparencia/ordenanzas/2024/decreto.2879.31jul2024.pdf,2cd9bcb3d06d002d65571edb5cb43cafe56256cbc3deafedfd4045134ca9fefa,
Las Condes,13,Metropolitana de Santiago,Municipalidad,928,2026-01-01,Ordenanza Municipal de LAS CONDES — decreto.928.12mar2024,Normativa General y Otras Materias,https://archivos.lascondes.cl/descargas/transparencia/ordenanzas/2024/decreto.928.12mar2024.pdf,https://archivos.lascondes.cl/descargas/transparencia/ordenanzas/2024/decreto.928.12mar2024.pdf,e1a0ad4d792fde8ade3d50a8ae1ba0db6041e11452a3babafbb9e1760dc26fb3,
Lo Barnechea,13,Metropolitana de Santiago,BCN,s-n,1996-05-22,"ORDENANZA MUNICIPAL SOBRE CONDICIONES GENERALES PARA DETERMINAR TARIFAS DE ASEO, EXENCIONES PARCIAL Y TOTAL",Derechos Municipales y Tarifas,https://www.bcn.cl/leychile/navegar?idNorma=31184,,,https://datos.bcn.cl/recurso/cl/orz/municipalidad-de-lo-barnechea/1996-05-22/s-n/datos.json
Lo Barnechea,13,Metropolitana de Santiago,BCN,1,1995-01-30,MODIFICA ORDENANZA SOBRE DERECHOS MUNICIPALES,Derechos Municipales y Tarifas,https://www.bcn.cl/leychile/navegar?idNorma=30900,,,https://datos.bcn.cl/recurso/cl/orz/municipalidad-de-lo-barnechea/1995-01-30/1/datos.json
Lo Barnechea,13,Metropolitana de Santiago,BCN,1,1993-01-21,MODIFICA ORDENANZA SOBRE DERECHOS MUNICIPALES,Derechos Municipales y Tarifas,https://www.bcn.cl/leychile/navegar?idNorma=30865,,,https://datos.bcn.cl/recurso/cl/orz/municipalidad-de-lo-barnechea/1993-01-21/1/datos.json
Lo Barnechea,13,Metropolitana de Santiago,BCN,1,1992-01-28,APRUEBA ORDENANZA SOBRE DERECHOS MUNICIPALES,Derechos Municipales y Tarifas,https://www.bcn.cl/leychile/navegar?idNorma=160267,,,https://datos.bcn.cl/recurso/cl/orz/municipalidad-de-lo-barnechea/1992-01-28/1/datos.json
Lo Espejo,13,Metropolitana de Santiago,BCN,11,2002-09-11,ORDENANZA DE FERIAS LIBRES,"Comercio, Alcoholes y Patentes",https://www.bcn.cl/leychile/navegar?idNorma=202454,,,https://datos.bcn.cl/recurso/cl/orz/municipalidad-de-lo-espejo/2002-09-11/11/datos.json
Lo Espejo,13,Metropolitana de Santiago,BCN,10,2000-10-26,SIN TITULO,Normativa General y Otras Materias,https://www.bcn.cl/leychile/navegar?idNorma=176953,,,https://datos.bcn.cl/recurso/cl/orz/municipalidad-de-lo-espejo/2000-10-26/10/datos.json
Lo Espejo,13,Metropolitana de Santiago,BCN,9,2000-09-11,"INFORMA SOBRE ORDENANZA Nº 9, DE 1999",Normativa General y Otras Materias,https://www.bcn.cl/leychile/navegar?idNorma=175237,,,https://datos.bcn.cl/recurso/cl/orz/municipalidad-de-lo-espejo/2000-09-11/9/datos.json
Lo Espejo,13,Metropolitana de Santiago,BCN,8,1999-08-18,SIN TITULO,Normativa General y Otras Materias,https://www.bcn.cl/leychile/navegar?idNorma=140707,,,https://datos.bcn.cl/recurso/cl/orz/municipalidad-de-lo-espejo/1999-08-18/8/datos.json
Lo Espejo,13,Metropolitana de Santiago,BCN,8,1999-08-14,"ORDENANZA Nº 8, DE 1999, SOBRE ''PROTECCION Y CONSERVACION DEL MEDIO AMBIENTE''","Aseo, Ornato y Medio Ambiente",https://www.bcn.cl/leychile/navegar?idNorma=140472,,,https://datos.bcn.cl/recurso/cl/orz/municipalidad-de-lo-espejo/1999-08-14/8/datos.json
Lo Espejo,13,Metropolitana de Santiago,BCN,7,1995-12-30,DICTA ORDENANZA MUNICIPAL SOBRE COBRO DE DERECHOS POR EL SERVICIO DOMICILIARIO DE ASEO,Derechos Municipales y Tarifas,https://www.bcn.cl/leychile/navegar?idNorma=31019,,,https://datos.bcn.cl/recurso/cl/orz/municipalidad-de-lo-espejo/1995-12-30/7/datos.json
Lo Espejo,13,Metropolitana de Santiago,BCN,5,1994-06-03,"APRUEBA ORDENANZA PARA COBRANZA DE CONTRIBUCIONES, PATENTES, PERMISOS Y DERECHOS MUNICIPALES MOROSOS",Derechos Municipales y Tarifas,https://www.bcn.cl/leychile/navegar?idNorma=30991,,,https://datos.bcn.cl/recurso/cl/orz/municipalidad-de-lo-espejo/1994-06-03/5/datos.json
Lo Espejo,13,Metropolitana de Santiago,BCN,1,1991-12-28,ORDENANZA LOCAL SOBRE DERECHOS MUNICIPALES DE LO ESPEJO,Derechos Municipales y Tarifas,https://www.bcn.cl/leychile/navegar?idNorma=86796,,,https://datos.bcn.cl/recurso/cl/orz/municipalidad-de-lo-espejo/1991-12-28/1/datos.json
Lo Prado,13,Metropolitana de Santiago,BCN,2,1987-01-29,"MODIFICA ORDENANZA COMUNAL SOBRE DERECHOS MUNICIPALES NO. 7, DE 1985",Derechos Municipales y Tarifas,https://www.bcn.cl/leychile/navegar?idNorma=148274,,,https://datos.bcn.cl/recurso/cl/orz/municipalidad-de-lo-prado/1987-01-29/2/datos.json
Macul,13,Metropolitana de Santiago,BCN,1529,2005-12-29,ORDENAZA SOBRE RENTAS MUNICIPALES RELATIVAS AL COBRO DEL SERVICIO DOMICILIARIO POR EXTRACCION DE RESIDUOS SOLIDOS,Derechos Municipales y Tarifas,https://www.bcn.cl/leychile/navegar?idNorma=245606,,,https://datos.bcn.cl/recurso/cl/orz/municipalidad-de-macul/2005-12-29/1529/datos.json
Macul,13,Metropolitana de Santiago,BCN,32,1989-01-27,DICTA ORDENANZA SOBRE DERECHOS MUNICIPALES POR CONCESIONES PERMISOS Y SERVICIOS,Derechos Municipales y Tarifas,https://www.bcn.cl/leychile/navegar?idNorma=182391,,,https://datos.bcn.cl/recurso/cl/orz/municipalidad-de-macul/1989-01-27/32/datos.json
Macul,13,Metropolitana de Santiago,BCN,1,1985-01-31,"DICTA ORDENANZA SOBRE DERECHOS MUNICIPALES POR CONCESIONES, PERMISOS Y SERVICIOS",Derechos Municipales y Tarifas,https://www.bcn.cl/leychile/navegar?idNorma=161867,,,https://datos.bcn.cl/recurso/cl/orz/municipalidad-de-macul/1985-01-31/1/datos.json
Macul,13,Metropolitana de Santiago,Municipalidad,S/N,2026-01-01,Ordenanza Municipal de MACUL — AO 1006,Normativa General y Otras Materias,https://www.munimacul.cl/transparencia/documentos/actos_y_resoluciones/Ordenanzas_Municipales/AO_1006.pdf,https://www.munimacul.cl/transparencia/documentos/actos_y_resoluciones/Ordenanzas_Municipales/AO_1006.pdf,2b5f9398cb53144d9e6a5a5525629e0b12419cc0909cf50609b5551a9995e124,
Macul,13,Metropolitana de Santiago,Municipalidad,S/N-45e3,2026-01-01,Ordenanza Municipal de MACUL — AO 1046,Normativa General y Otras Materias,https://www.munimacul.cl/transparencia/documentos/actos_y_resoluciones/Ordenanzas_Municipales/AO_1046.pdf,https://www.munimacul.cl/transparencia/documentos/actos_y_resoluciones/Ordenanzas_Municipales/AO_1046.pdf,45e3bdc08214f92c2f2f0cde3a2151873fc7bd7c4f77bd786e527ee758c9f713,
Macul,13,Metropolitana de Santiago,Municipalidad,S/N-7919,2026-01-01,Ordenanza Municipal de MACUL — AO 1085,Normativa General y Otras Materias,https://www.munimacul.cl/transparencia/documentos/actos_y_resoluciones/Ordenanzas_Municipales/AO_1085.pdf,https://www.munimacul.cl/transparencia/documentos/actos_y_resoluciones/Ordenanzas_Municipales/AO_1085.pdf,7919a76ad02d2ff649ccee1de2c2cdb917bcadcefb81af5761b9833c7b05e4c4,
Macul,13,Metropolitana de Santiago,Municipalidad,S/N-8c91,2026-01-01,Ordenanza Municipal de MACUL — AO 1410,Normativa General y Otras Materias,https://www.munimacul.cl/transparencia/documentos/actos_y_resoluciones/Ordenanzas_Municipales/AO_1410.pdf,https://www.munimacul.cl/transparencia/documentos/actos_y_resoluciones/Ordenanzas_Municipales/AO_1410.pdf,8c91174c7806835b7c33abc58544aa91ce9cefec1ed07ebd93d7869b667625db,
Macul,13,Metropolitana de Santiago,Municipalidad,S/N-0573,2026-01-01,Ordenanza Municipal de MACUL — AO 1510,Normativa General y Otras Materias,https://www.munimacul.cl/transparencia/documentos/actos_y_resoluciones/Ordenanzas_Municipales/AO_1510.pdf,https://www.munimacul.cl/transparencia/documentos/actos_y_resoluciones/Ordenanzas_Municipales/AO_1510.pdf,0573d5cbb74b3b2a5df2ff190a1f4609b15a7ee6c3cee8027d8b7a4c5e0b1555,
Macul,13,Metropolitana de Santiago,Municipalidad,S/N-8afb,2026-01-01,Ordenanza Municipal de MACUL — AO 1537,Normativa General y Otras Materias,https://www.munimacul.cl/transparencia/documentos/actos_y_resoluciones/Ordenanzas_Municipales/AO_1537.pdf,https://www.munimacul.cl/transparencia/documentos/actos_y_resoluciones/Ordenanzas_Municipales/AO_1537.pdf,8afb4f48813df10ba2643b0521b2effbfd5f52a51e6a7fa1554b123266f6e86f,
Macul,13,Metropolitana de Santiago,Municipalidad,S/N-b314,2026-01-01,Ordenanza Municipal de MACUL — AO 1697,Normativa General y Otras Materias,https://www.munimacul.cl/transparencia/documentos/actos_y_resoluciones/Ordenanzas_Municipales/AO_1697.pdf,https://www.munimacul.cl/transparencia/documentos/actos_y_resoluciones/Ordenanzas_Municipales/AO_1697.pdf,b3146f33d932df20ce4c7c1993498cf079eb08f9c8110906e07c02f2b0800971,
Macul,13,Metropolitana de Santiago,Municipalidad,S/N-7662,2026-01-01,Ordenanza Municipal de MACUL — AO 1706,Normativa General y Otras Materias,https://www.munimacul.cl/transparencia/documentos/actos_y_resoluciones/Ordenanzas_Municipales/AO_1706.pdf,https://www.munimacul.cl/transparencia/documentos/actos_y_resoluciones/Ordenanzas_Municipales/AO_1706.pdf,76621f4259390e610c2534f812e4d0aad13dd3a898b3f86e0afae8cb1d89cebf,
Macul,13,Metropolitana de Santiago,Municipalidad,S/N-3e27,2026-01-01,Ordenanza Municipal de MACUL — AO 1826,Normativa General y Otras Materias,https://www.munimacul.cl/transparencia/documentos/actos_y_resoluciones/Ordenanzas_Municipales/AO_1826.pdf,https://www.munimacul.cl/transparencia/documentos/actos_y_resoluciones/Ordenanzas_Municipales/AO_1826.pdf,3e27c63e4961a097b992f895a86ed4e635c3e69f0da1869e3b8a1d1a11d052e6,
Macul,13,Metropolitana de Santiago,Municipalidad,S/N,2007-01-01,Ordenanza Municipal de MACUL — AO 2007,Normativa General y Otras Materias,https://www.munimacul.cl/transparencia/documentos/actos_y_resoluciones/Ordenanzas_Municipales/AO_2007.pdf,https://www.munimacul.cl/transparencia/documentos/actos_y_resoluciones/Ordenanzas_Municipales/AO_2007.pdf,61c6d9e2d6223d59acc3d8e2715c28288c3eb6e9c8b2aa72a2b5d1ebd99cb9ab,
Macul,13,Metropolitana de Santiago,Municipalidad,S/N,2063-01-01,Ordenanza Municipal de MACUL — AO 2063,Normativa General y Otras Materias,https://www.munimacul.cl/transparencia/documentos/actos_y_resoluciones/Ordenanzas_Municipales/AO_2063.pdf,https://www.munimacul.cl/transparencia/documentos/actos_y_resoluciones/Ordenanzas_Municipales/AO_2063.pdf,37e46f11afb06ae59a76d9b1b3e39780605f185a7a07c290413a73606f20209d,
Macul,13,Metropolitana de Santiago,Municipalidad,S/N-9879,2026-01-01,Ordenanza Municipal de MACUL — AO 2231,Normativa General y Otras Materias,https://www.munimacul.cl/transparencia/documentos/actos_y_resoluciones/Ordenanzas_Municipales/AO_2231.pdf,https://www.munimacul.cl/transparencia/documentos/actos_y_resoluciones/Ordenanzas_Municipales/AO_2231.pdf,9879baa3d20f814fdb6d1e63c4409caf0150e6f27e3d35093529e8865dab0126,
Macul,13,Metropolitana de Santiago,Municipalidad,S/N-d689,2026-01-01,Ordenanza Municipal de MACUL — AO 225,Normativa General y Otras Materias,https://www.munimacul.cl/transparencia/documentos/actos_y_resoluciones/Ordenanzas_Municipales/AO_225.pdf,https://www.munimacul.cl/transparencia/documentos/actos_y_resoluciones/Ordenanzas_Municipales/AO_225.pdf,d6898076696238ecbbf57f60c21d4423639ba2225729030caad21c9776747e4b,
Macul,13,Metropolitana de Santiago,Municipalidad,S/N-f86c,2026-01-01,Ordenanza Municipal de MACUL — AO 2288,Normativa General y Otras Materias,https://www.munimacul.cl/transparencia/documentos/actos_y_resoluciones/Ordenanzas_Municipales/AO_2288.pdf,https://www.munimacul.cl/transparencia/documentos/actos_y_resoluciones/Ordenanzas_Municipales/AO_2288.pdf,f86c80d19951d35e8e2d56cb04aa75cd8a48cb068b22a5b94d6563f96fbb8081,
Macul,13,Metropolitana de Santiago,Municipalidad,S/N-ccc2,2026-01-01,Ordenanza Municipal de MACUL — AO 2543,Normativa General y Otras Materias,https://www.munimacul.cl/transparencia/documentos/actos_y_resoluciones/Ordenanzas_Municipales/AO_2543.pdf,https://www.munimacul.cl/transparencia/documentos/actos_y_resoluciones/Ordenanzas_Municipales/AO_2543.pdf,ccc27a2cd8bf3bab524a5f80758c322ec1ac5afe6fe9eb035c2707548c10ce84,
Maipú,13,Metropolitana de Santiago,BCN,1453,1994-07-19,DECLARA VIAS DE TRANSITO RESTRINGIDO LAS QUE INDICA EN DIAS Y HORAS QUE SEÑALA,Tránsito y Transporte,https://www.bcn.cl/leychile/navegar?idNorma=31144,,,https://datos.bcn.cl/recurso/cl/orz/municipalidad-de-maipu/1994-07-19/1453/datos.json
Maipú,13,Metropolitana de Santiago,BCN,74,1988-01-29,DICTA ORDENANZA LOCAL SOBRE DERECHOS MUNICIPALES,Derechos Municipales y Tarifas,https://www.bcn.cl/leychile/navegar?idNorma=207075,,,https://datos.bcn.cl/recurso/cl/orz/municipalidad-de-maipu/1988-01-29/74/datos.json
Maipú,13,Metropolitana de Santiago,BCN,37,1987-01-30,DICTA ORDENANZA LOCAL SOBRE DERECHOS MUNICIPALES,Derechos Municipales y Tarifas,https://www.bcn.cl/leychile/navegar?idNorma=148072,,,https://datos.bcn.cl/recurso/cl/orz/municipalidad-de-maipu/1987-01-30/37/datos.json
Maipú,13,Metropolitana de Santiago,BCN,47,1986-01-30,DICTA ORDENANZA LOCAL SOBRE DERECHOS MUNICIPALES,Derechos Municipales y Tarifas,https://www.bcn.cl/leychile/navegar?idNorma=160955,,,https://datos.bcn.cl/recurso/cl/orz/municipalidad-de-maipu/1986-01-30/47/datos.json
Maipú,13,Metropolitana de Santiago,BCN,105,1985-01-31,DICTA ORDENANZA LOCAL SOBRE DERECHOS MUNICIPALES,Derechos Municipales y Tarifas,https://www.bcn.cl/leychile/navegar?idNorma=162321,,,https://datos.bcn.cl/recurso/cl/orz/municipalidad-de-maipu/1985-01-31/105/datos.json
Ñuñoa,13,Metropolitana de Santiago,BCN,33,2011-12-21,OTORGA BECAS PARA EDUCACIÓN SUPERIOR,"Salud, Deporte y Desarrollo Social",https://www.bcn.cl/leychile/navegar?idNorma=1035243,,,https://datos.bcn.cl/recurso/cl/orz/municipalidad-de-nunoa/2011-12-21/33/datos.json
Ñuñoa,13,Metropolitana de Santiago,BCN,34,2011-08-30,DICTA ORDENANZA MUNICIPAL SOBRE PARTICIPACIÓN CIUDADANA,Organización y Régimen Interno,https://www.bcn.cl/leychile/navegar?idNorma=1028982,,,https://datos.bcn.cl/recurso/cl/orz/municipalidad-de-nunoa/2011-08-30/34/datos.json
Ñuñoa,13,Metropolitana de Santiago,BCN,32,2008-07-02,DICTA ORDENANZA MUNICIPAL Nº 32 SOBRE 'PROTECCIÓN Y TENENCIA RESPONSABLE DE ANIMALES',Tenencia Responsable y Mascotas,https://www.bcn.cl/leychile/navegar?idNorma=273294,,,https://datos.bcn.cl/recurso/cl/orz/municipalidad-de-nunoa/2008-07-02/32/datos.json
Ñuñoa,13,Metropolitana de Santiago,BCN,31,2003-12-31,DICTA ORDENANZA SOBRE REGISTRO MUNICIPAL DE PERSONAS JURIDICAS RECEPTORAS DE TRANSFERENCIAS,Normativa General y Otras Materias,https://www.bcn.cl/leychile/navegar?idNorma=219616,,,https://datos.bcn.cl/recurso/cl/orz/municipalidad-de-nunoa/2003-12-31/31/datos.json
Ñuñoa,13,Metropolitana de Santiago,BCN,30,2001-09-07,DICTA ORDENANZA SOBRE TRABAJOS EN BENEFICIO DE LA COMUNIDAD PARA CUMPLIR SENTENCIAS DICTADAS POR EL JUEZ DE POLICIA LOCAL,Normativa General y Otras Materias,https://www.bcn.cl/leychile/navegar?idNorma=189177,,,https://datos.bcn.cl/recurso/cl/orz/municipalidad-de-nunoa/2001-09-07/30/datos.json
Ñuñoa,13,Metropolitana de Santiago,BCN,s-n,2000-01-17,ORDENANZA SOBRE ESTACIONAMIENTOS RESERVADOS PARA DISCAPACITADOS,Tránsito y Transporte,https://www.bcn.cl/leychile/navegar?idNorma=151368,,,https://datos.bcn.cl/recurso/cl/orz/municipalidad-de-nunoa/2000-01-17/s-n/datos.json
Ñuñoa,13,Metropolitana de Santiago,BCN,27,1999-04-07,DICTA ORDENANZA MUNICIPAL SOBRE PATENTES DE ALCOHOLES Y HORARIO DE FUNCIONAMIENTO DE ESTABLECIMIENTOS DE EXPENDIO DE BEBIDAS ALCOHOLICAS,"Comercio, Alcoholes y Patentes",https://www.bcn.cl/leychile/navegar?idNorma=134511,,,https://datos.bcn.cl/recurso/cl/orz/municipalidad-de-nunoa/1999-04-07/27/datos.json
Ñuñoa,13,Metropolitana de Santiago,BCN,25,1996-04-13,DICTA ORDENANZA SOBRE COMERCIO EN LA VIA PUBLICA,"Comercio, Alcoholes y Patentes",https://www.bcn.cl/leychile/navegar?idNorma=31056,,,https://datos.bcn.cl/recurso/cl/orz/municipalidad-de-nunoa/1996-04-13/25/datos.json
Ñuñoa,13,Metropolitana de Santiago,BCN,23,1995-12-28,DICTA ORDENANZA MUNICIPAL SOBRE COBRO DERECHOS DE ASEO SEGUNDO SEMESTRE DE 1995,Derechos Municipales y Tarifas,https://www.bcn.cl/leychile/navegar?idNorma=31053,,,https://datos.bcn.cl/recurso/cl/orz/municipalidad-de-nunoa/1995-12-28/23/datos.json
Ñuñoa,13,Metropolitana de Santiago,BCN,24,1995-12-28,DETERMINA TARIFA POR SERVICIO DOMICILIARIO DE ASEO,Derechos Municipales y Tarifas,https://www.bcn.cl/leychile/navegar?idNorma=31054,,,https://datos.bcn.cl/recurso/cl/orz/municipalidad-de-nunoa/1995-12-28/24/datos.json
Ñuñoa,13,Metropolitana de Santiago,BCN,22,1995-02-16,ORDENANZA DE FERIAS LIBRES,"Comercio, Alcoholes y Patentes",https://www.bcn.cl/leychile/navegar?idNorma=31052,,,https://datos.bcn.cl/recurso/cl/orz/municipalidad-de-nunoa/1995-02-16/22/datos.json
Ñuñoa,13,Metropolitana de Santiago,BCN,21,1994-12-09,DICTA ORDENANZA MUNICIPAL SOBRE ESTACIONAMIENTO;CONTROLADO POR PARQUIMETROS,Tránsito y Transporte,https://www.bcn.cl/leychile/navegar?idNorma=222011,,,https://datos.bcn.cl/recurso/cl/orz/municipalidad-de-nunoa/1994-12-09/21/datos.json
Ñuñoa,13,Metropolitana de Santiago,BCN,19,1988-08-05,DICTA ORDENANZA MUNICIPAL SOBRE FUNCIONAMIENTO DE FERIAS ARTESANALES,"Comercio, Alcoholes y Patentes",https://www.bcn.cl/leychile/navegar?idNorma=129783,,,https://datos.bcn.cl/recurso/cl/orz/municipalidad-de-nunoa/1988-08-05/19/datos.json
Ñuñoa,13,Metropolitana de Santiago,BCN,12,1985-09-07,"ORDENANZA PARA LA CONCESION Y ADMINISTRACION DE LOCALES,;PILASTRAS Y BODEGAS EN LOS MERCADOS MUNICIPALES",Derechos Municipales y Tarifas,https://www.bcn.cl/leychile/navegar?idNorma=180504,,,https://datos.bcn.cl/recurso/cl/orz/municipalidad-de-nunoa/1985-09-07/12/datos.json
Ñuñoa,13,Metropolitana de Santiago,Municipalidad,51,2026-05-04,Ordenanza N°51 para la promoción de la inclusión y la no discriminación en la comuna de Ñuñoa,Normativa General y Otras Materias,https://www.nunoa.cl/app/uploads/2026/05/Ordenanza-N%C2%B051-PARA-LA-PROMOCION-DE-LA-INCLUSION-Y-LA-NO-DISCRIMINACION-EN-LA-COMUNA-DE-NUNOA.pdf,https://www.nunoa.cl/repositorio-digital/,b289dc6a8b3e4580d2eeb460a6e1519774050b3e6d1a97c78165963ba91b033d,
Ñuñoa,13,Metropolitana de Santiago,Municipalidad,42,2026-06-04,Ordenanza N°42 sobre Retiro de Vehículos en Condiciones de Abandono en la Vía Pública de la Comuna de Ñuñoa,Tránsito y Transporte,https://www.nunoa.cl/app/uploads/2026/06/Ordenanza-N%C2%B042-sobre-Retiro-de-Vehiculos-en-Condiciones-de-Abandono-en-la-Via-Publica-de-la-Comuna-de-Nunoa.pdf,https://www.nunoa.cl/repositorio-digital/,3a49f9a6bd1f101c6dec2feada371daa4c4e3b77b6572fbe9dd6d6553182c75e,
Ñuñoa,13,Metropolitana de Santiago,Municipalidad,45,2026-06-08,Ordenanza N°45 de Medio Ambiente y de Desarrollo Sustentable,"Aseo, Ornato y Medio Ambiente",https://www.nunoa.cl/app/uploads/2026/06/ORDENANZA-N%C2%B045-DE-MEDIO-AMBIENTE-Y-DE-DESARROLLO-SUSTENTABLE.pdf,https://www.nunoa.cl/repositorio-digital/,718c7eed4ee45f1fbf153ae2abab104b90e165a3c1e4820303a6f4e30e0a1001,
Pedro Aguirre Cerda,13,Metropolitana de Santiago,BCN,2,1992-03-06,DICTA ORDENANZA DE ASEO,"Aseo, Ornato y Medio Ambiente",https://www.bcn.cl/leychile/navegar?idNorma=86592,,,https://datos.bcn.cl/recurso/cl/orz/municipalidad-de-pedro-aguirre-cerda/1992-03-06/2/datos.json
Pedro Aguirre Cerda,13,Metropolitana de Santiago,BCN,1,1992-01-17,DICTA ORDENANZA MUNICIPAL POR PERMISOS CONCESIONES Y;SERVICIOS,Derechos Municipales y Tarifas,https://www.bcn.cl/leychile/navegar?idNorma=86354,,,https://datos.bcn.cl/recurso/cl/orz/municipalidad-de-pedro-aguirre-cerda/1992-01-17/1/datos.json
Peñalolén,13,Metropolitana de Santiago,BCN,26,2021-02-02,ORDENANZA DE JUEGOS DE ENTRETENCIÓN ELECTRÓNICA,"Comercio, Alcoholes y Patentes",https://www.bcn.cl/leychile/navegar?idNorma=1155377,,,https://datos.bcn.cl/recurso/cl/orz/municipalidad-de-penalolen/2021-02-02/26/datos.json
Peñalolén,13,Metropolitana de Santiago,BCN,27,2021-02-02,ORDENANZA SOBRE NOTIFICACIONES Y PUBLICACIONES DE RESOLUCIONES MUNICIPALES,Normativa General y Otras Materias,https://www.bcn.cl/leychile/navegar?idNorma=1155378,,,https://datos.bcn.cl/recurso/cl/orz/municipalidad-de-penalolen/2021-02-02/27/datos.json
Peñalolén,13,Metropolitana de Santiago,BCN,28,2021-02-02,"MODIFICA ORDENANZA PARA LA COBRANZA DE CONTRIBUCIONES DE PATENTES, PERMISOS Y DERECHOS MUNICIPALES MOROSOS",Derechos Municipales y Tarifas,https://www.bcn.cl/leychile/navegar?idNorma=1155379,,,https://datos.bcn.cl/recurso/cl/orz/municipalidad-de-penalolen/2021-02-02/28/datos.json
Peñalolén,13,Metropolitana de Santiago,BCN,15,2019-02-20,ORDENANZA LOCAL SOBRE ESPECIES ABANDONADAS EN LAS VÍAS Y ESPACIOS PÚBLICOS DE LA COMUNA DE PEÑALOLÉN,Normativa General y Otras Materias,https://www.bcn.cl/leychile/navegar?idNorma=1129133,,,https://datos.bcn.cl/recurso/cl/orz/municipalidad-de-penalolen/2019-02-20/15/datos.json
Peñalolén,13,Metropolitana de Santiago,BCN,16,2019-02-20,ORDENANZA LOCAL SOBRE PERMISOS EN BIENES NACIONALES DE USO PÚBLICO DE LA COMUNA DE PEÑALOLÉN,Normativa General y Otras Materias,https://www.bcn.cl/leychile/navegar?idNorma=1129134,,,https://datos.bcn.cl/recurso/cl/orz/municipalidad-de-penalolen/2019-02-20/16/datos.json
Peñalolén,13,Metropolitana de Santiago,BCN,14,2018-01-10,"INCORPORA ARTÍCULO 28 BIS A LA ORDENANZA N° 6, DE 29 DE OCTUBRE DE 2015, ORDENANZA DE DERECHOS MUNICIPALES",Derechos Municipales y Tarifas,https://www.bcn.cl/leychile/navegar?idNorma=1113445,,,https://datos.bcn.cl/recurso/cl/orz/municipalidad-de-penalolen/2018-01-10/14/datos.json
Peñalolén,13,Metropolitana de Santiago,BCN,6,2015-11-12,DEROGA ORDENANZA LOCAL SOBRE DERECHOS MUNICIPALES DE LA COMUNA DE PEÑALOLÉN Y APRUEBA NUEVO TEXTO,Derechos Municipales y Tarifas,https://www.bcn.cl/leychile/navegar?idNorma=1083780,,,https://datos.bcn.cl/recurso/cl/orz/municipalidad-de-penalolen/2015-11-12/6/datos.json
Peñalolén,13,Metropolitana de Santiago,BCN,5,2015-03-06,APRUEBA ORDENANZA MEDIO AMBIENTAL DE LA COMUNA DE PEÑALOLÉN,Normativa General y Otras Materias,https://www.bcn.cl/leychile/navegar?idNorma=1075286,,,https://datos.bcn.cl/recurso/cl/orz/municipalidad-de-penalolen/2015-03-06/5/datos.json
Peñalolén,13,Metropolitana de Santiago,BCN,4,2014-07-18,INTRODUCE ARTÍCULOS TRANSITORIOS A LA ORDENANZA MUNICIPAL SOBRE TARIFAS DE ASEO DOMICILIARIO,Derechos Municipales y Tarifas,https://www.bcn.cl/leychile/navegar?idNorma=1064540,,,https://datos.bcn.cl/recurso/cl/orz/municipalidad-de-penalolen/2014-07-18/4/datos.json
Peñalolén,13,Metropolitana de Santiago,BCN,2,2014-02-14,"MODIFICA ORDENANZA MUNICIPAL SOBRE CONDICIONES GENERALES PARA LA FIJACIÓN DE TARIFAS DE ASEO, EXENCIONES TOTALES Y PARCIALES DEL SERVICIO DOMICILIARIO POR EXTRACCIÓN DE BASURAS",Derechos Municipales y Tarifas,https://www.bcn.cl/leychile/navegar?idNorma=1059452,,,https://datos.bcn.cl/recurso/cl/orz/municipalidad-de-penalolen/2014-02-14/2/datos.json
Peñalolén,13,Metropolitana de Santiago,BCN,3,2014-02-14,DEROGA ORDENANZA LOCAL PARA EL OTORGAMIENTO DE PATENTES PROVISORIAS Y APRUEBA NUEVO TEXTO,"Comercio, Alcoholes y Patentes",https://www.bcn.cl/leychile/navegar?idNorma=1059451,,,https://datos.bcn.cl/recurso/cl/orz/municipalidad-de-penalolen/2014-02-14/3/datos.json
Peñalolén,13,Metropolitana de Santiago,BCN,20,1999-09-02,MODIFICA ORDENANZA QUE FIJA HORARIO DE FUNCIONAMIENTO DE LOS ESTABLECIMIENTOS DE EXPENDIO DE BEBIDAS ALCOHOLICAS,"Comercio, Alcoholes y Patentes",https://www.bcn.cl/leychile/navegar?idNorma=142152,,,https://datos.bcn.cl/recurso/cl/orz/municipalidad-de-penalolen/1999-09-02/20/datos.json
Peñalolén,13,Metropolitana de Santiago,BCN,18,1999-07-27,FIJA HORARIO DE FUNCIONAMIENTO DE LOS ESTABLECIMIENTOS DE EXPENDIO DE BEBIDAS ALCOHOLICAS,"Comercio, Alcoholes y Patentes",https://www.bcn.cl/leychile/navegar?idNorma=139660,,,https://datos.bcn.cl/recurso/cl/orz/municipalidad-de-penalolen/1999-07-27/18/datos.json
Peñalolén,13,Metropolitana de Santiago,BCN,12,1998-02-14,MODIFICA ORDENANZA LOCAL SOBRE CIERRO DE CALLES Y PASAJES,"Urbanismo, Obras y Edificación",https://www.bcn.cl/leychile/navegar?idNorma=96378,,,https://datos.bcn.cl/recurso/cl/orz/municipalidad-de-penalolen/1998-02-14/12/datos.json
Peñalolén,13,Metropolitana de Santiago,BCN,10,1997-12-22,"ORDENANZA LOCAL SOBRE SOLICITUDES DE CAMBIO DE NOMBRE DE CALLES, PASAJES, AREAS VERDES, POBLACIONES, BARRIOS Y CONJUNTOS HABITACIONALES DE LA COMUNA DE PEÑALOLEN","Aseo, Ornato y Medio Ambiente",https://www.bcn.cl/leychile/navegar?idNorma=83134,,,https://datos.bcn.cl/recurso/cl/orz/municipalidad-de-penalolen/1997-12-22/10/datos.json
Peñalolén,13,Metropolitana de Santiago,BCN,7,1997-03-10,MODIFICA ORDENANZA LOCAL SOBRE CIERRO DE CALLES Y PASAJES,"Urbanismo, Obras y Edificación",https://www.bcn.cl/leychile/navegar?idNorma=61515,,,https://datos.bcn.cl/recurso/cl/orz/municipalidad-de-penalolen/1997-03-10/7/datos.json
Peñalolén,13,Metropolitana de Santiago,BCN,6,1997-01-03,"MODIFICA ORDENANZA SOBRE TARIFAS DE ASEO, COBRO Y EXENCIONES DE PAGO",Derechos Municipales y Tarifas,https://www.bcn.cl/leychile/navegar?idNorma=50113,,,https://datos.bcn.cl/recurso/cl/orz/municipalidad-de-penalolen/1997-01-03/6/datos.json
Peñalolén,13,Metropolitana de Santiago,BCN,4,1996-11-18,"ORDENANZA LOCAL PARA LA ELABORACION DE PROYECTOS Y CONSTRUCCION DE AREAS VERDES Y ARBORIZACION DIRIGIDA A INMOBILIARIAS, EMPRESAS CONSTRUCTORAS, DE PAISAJISMO Y AFINES","Aseo, Ornato y Medio Ambiente",https://www.bcn.cl/leychile/navegar?idNorma=30984,,,https://datos.bcn.cl/recurso/cl/orz/municipalidad-de-penalolen/1996-11-18/4/datos.json
Peñalolén,13,Metropolitana de Santiago,BCN,1,1995-12-29,FIJA CONDICIONES GENERALES PARA DETERMINAR TARIFAS DE ASEO Y COBRO Y EXENCIONES DE PAGO,Derechos Municipales y Tarifas,https://www.bcn.cl/leychile/navegar?idNorma=30912,,,https://datos.bcn.cl/recurso/cl/orz/municipalidad-de-penalolen/1995-12-29/1/datos.json
Peñalolén,13,Metropolitana de Santiago,BCN,1800,1990-01-19,MODIFICA ORDENANZA LOCAL SOBRE DERECHOS MUNICIPALES,Derechos Municipales y Tarifas,https://www.bcn.cl/leychile/navegar?idNorma=92848,,,https://datos.bcn.cl/recurso/cl/orz/municipalidad-de-penalolen/1990-01-19/1800/datos.json
Peñalolén,13,Metropolitana de Santiago,BCN,1100,1988-01-30,MODIFICA ORDENANZA LOCAL SOBRE DERECHOS MUNICIPALES,Derechos Municipales y Tarifas,https://www.bcn.cl/leychile/navegar?idNorma=174101,,,https://datos.bcn.cl/recurso/cl/orz/municipalidad-de-penalolen/1988-01-30/1100/datos.json
Peñalolén,13,Metropolitana de Santiago,BCN,63,1987-01-30,DICTA ORDENANZA LOCAL SOBRE DICHOS MUNICIPALES,Normativa General y Otras Materias,https://www.bcn.cl/leychile/navegar?idNorma=148112,,,https://datos.bcn.cl/recurso/cl/orz/municipalidad-de-penalolen/1987-01-30/63/datos.json
Peñalolén,13,Metropolitana de Santiago,BCN,650,1986-12-09,DICTA ORDENANZA SOBRE OTORGAMIENTO DE PATENTES DE ESTABLECIMIENTOS DE EXPENDIO DE BEBIDAS ALCOHOLICAS,"Comercio, Alcoholes y Patentes",https://www.bcn.cl/leychile/navegar?idNorma=149729,,,https://datos.bcn.cl/recurso/cl/orz/municipalidad-de-penalolen/1986-12-09/650/datos.json
Peñalolén,13,Metropolitana de Santiago,BCN,44,1986-01-31,DICTA ORDENANZA LOCAL SOBRE DERECHOS MUNICIPALES,Derechos Municipales y Tarifas,https://www.bcn.cl/leychile/navegar?idNorma=161264,,,https://datos.bcn.cl/recurso/cl/orz/municipalidad-de-penalolen/1986-01-31/44/datos.json
Peñalolén,13,Metropolitana de Santiago,BCN,11,1985-01-29,DICTA ORDENANZA LOCAL SOBRE DERECHOS MUNICIPALES,Derechos Municipales y Tarifas,https://www.bcn.cl/leychile/navegar?idNorma=161279,,,https://datos.bcn.cl/recurso/cl/orz/municipalidad-de-penalolen/1985-01-29/11/datos.json
Peñalolén,13,Metropolitana de Santiago,Municipalidad,41,2025-10-28,Ordenanza N°41 sobre derechos municipales de la comuna de Peñalolén,Derechos Municipales y Tarifas,https://www.penalolen.cl/wp-content/uploads/2025/10/ordenanza_41.pdf,https://www.penalolen.cl/transparencia/decretos.html,a9bd46a46f51f82e4ade2d92d99ca8d63708dcddf0fc9ce0a4df7472fc3b096e,
Providencia,13,Metropolitana de Santiago,BCN,160,2017-11-21,EXTRACTO,Normativa General y Otras Materias,https://www.bcn.cl/leychile/navegar?idNorma=1111091,,,https://datos.bcn.cl/recurso/cl/orz/municipalidad-de-providencia/2017-11-21/160/datos.json
Providencia,13,Metropolitana de Santiago,BCN,158,2017-11-07,EXTRACTO,Normativa General y Otras Materias,https://www.bcn.cl/leychile/navegar?idNorma=1110231,,,https://datos.bcn.cl/recurso/cl/orz/municipalidad-de-providencia/2017-11-07/158/datos.json
Providencia,13,Metropolitana de Santiago,BCN,159,2017-11-07,EXTRACTO,Normativa General y Otras Materias,https://www.bcn.cl/leychile/navegar?idNorma=1110232,,,https://datos.bcn.cl/recurso/cl/orz/municipalidad-de-providencia/2017-11-07/159/datos.json
Providencia,13,Metropolitana de Santiago,BCN,157,2017-10-19,FIJA MONTO ANUAL POR DERECHO PARA EL SERVICIO DOMICILIARIO DE ASEO,Derechos Municipales y Tarifas,https://www.bcn.cl/leychile/navegar?idNorma=1109525,,,https://datos.bcn.cl/recurso/cl/orz/municipalidad-de-providencia/2017-10-19/157/datos.json
Providencia,13,Metropolitana de Santiago,BCN,151,2016-08-27,MODIFICA ORDENANZA LOCAL SOBRE DERECHOS MUNICIPALES,Derechos Municipales y Tarifas,https://www.bcn.cl/leychile/navegar?idNorma=1094081,,,https://datos.bcn.cl/recurso/cl/orz/municipalidad-de-providencia/2016-08-27/151/datos.json
Providencia,13,Metropolitana de Santiago,BCN,150,2016-07-19,EXTRACTO,Normativa General y Otras Materias,https://www.bcn.cl/leychile/navegar?idNorma=1092681,,,https://datos.bcn.cl/recurso/cl/orz/municipalidad-de-providencia/2016-07-19/150/datos.json
Providencia,13,Metropolitana de Santiago,BCN,149,2016-07-06,EXTRACTO,Normativa General y Otras Materias,https://www.bcn.cl/leychile/navegar?idNorma=1092284,,,https://datos.bcn.cl/recurso/cl/orz/municipalidad-de-providencia/2016-07-06/149/datos.json
Providencia,13,Metropolitana de Santiago,BCN,148,2016-05-20,MODIFICA ORDENANZA LOCAL SOBRE DERECHOS MUNICIPALES,Derechos Municipales y Tarifas,https://www.bcn.cl/leychile/navegar?idNorma=1090634,,,https://datos.bcn.cl/recurso/cl/orz/municipalidad-de-providencia/2016-05-20/148/datos.json
Providencia,13,Metropolitana de Santiago,BCN,147,2016-04-09,"NORMAS PARA LA COBRANZA DE CONTRIBUCIONES, IMPUESTOS Y DERECHOS MUNICIPALES QUE SE ENCUENTRAN MOROSOS",Derechos Municipales y Tarifas,https://www.bcn.cl/leychile/navegar?idNorma=1089229,,,https://datos.bcn.cl/recurso/cl/orz/municipalidad-de-providencia/2016-04-09/147/datos.json
Providencia,13,Metropolitana de Santiago,BCN,145,2016-02-27,"MODIFICA ORDENANZA Nº1.020, DE 1982, SOBRE ""ESTACIONAMIENTOS RESERVADOS PARA VEHÍCULOS""",Tránsito y Transporte,https://www.bcn.cl/leychile/navegar?idNorma=1087953,,,https://datos.bcn.cl/recurso/cl/orz/municipalidad-de-providencia/2016-02-27/145/datos.json
Providencia,13,Metropolitana de Santiago,BCN,146,2016-02-27,"MODIFICA ORDENANZA Nº22, DE 2001 ""ORDENANZA LOCAL SOBRE DERECHOS MUNICIPALES"" QUE RIGE PARA EL AÑO 2016",Derechos Municipales y Tarifas,https://www.bcn.cl/leychile/navegar?idNorma=1087954,,,https://datos.bcn.cl/recurso/cl/orz/municipalidad-de-providencia/2016-02-27/146/datos.json
Providencia,13,Metropolitana de Santiago,BCN,142,2015-11-05,"EXTRACTO DE ORDENANZA Nº 142, DE 2015",Normativa General y Otras Materias,https://www.bcn.cl/leychile/navegar?idNorma=1083604,,,https://datos.bcn.cl/recurso/cl/orz/municipalidad-de-providencia/2015-11-05/142/datos.json
Providencia,13,Metropolitana de Santiago,BCN,143,2015-11-05,"MODIFICA ORDENANZA Nº 65, DE 2007",Normativa General y Otras Materias,https://www.bcn.cl/leychile/navegar?idNorma=1083602,,,https://datos.bcn.cl/recurso/cl/orz/municipalidad-de-providencia/2015-11-05/143/datos.json
Providencia,13,Metropolitana de Santiago,BCN,144,2015-11-05,APRUÉBASE ORDENANZA DE COBRO DE DERECHO DE ASEO DOMICILIARIO PARA EL AÑO 2016,Derechos Municipales y Tarifas,https://www.bcn.cl/leychile/navegar?idNorma=1083603,,,https://datos.bcn.cl/recurso/cl/orz/municipalidad-de-providencia/2015-11-05/144/datos.json
Providencia,13,Metropolitana de Santiago,BCN,140,2015-10-13,"MODIFICA ORDENANZA Nº 112, DE 2011, SOBRE ""CIERRE DE CALLES O PASAJES PÚBLICOS CIEGOS DE LA COMUNA DE PROVIDENCIA""",Seguridad y Convivencia,https://www.bcn.cl/leychile/navegar?idNorma=1082617,,,https://datos.bcn.cl/recurso/cl/orz/municipalidad-de-providencia/2015-10-13/140/datos.json
Providencia,13,Metropolitana de Santiago,BCN,139,2015-08-14,"MODIFICA ORDENANZA Nº 22, DE 2001, ""ORDENANZA LOCAL SOBRE DERECHOS MUNICIPALES""",Derechos Municipales y Tarifas,https://www.bcn.cl/leychile/navegar?idNorma=1080417,,,https://datos.bcn.cl/recurso/cl/orz/municipalidad-de-providencia/2015-08-14/139/datos.json
Providencia,13,Metropolitana de Santiago,BCN,138,2015-04-28,APRUEBA ORDENANZA DEL ÁREA DE EXCLUSIÓN DE ESTACIONAMIENTOS PEDRO DE VALDIVIA Nº 963,Tránsito y Transporte,https://www.bcn.cl/leychile/navegar?idNorma=1076634,,,https://datos.bcn.cl/recurso/cl/orz/municipalidad-de-providencia/2015-04-28/138/datos.json
Providencia,13,Metropolitana de Santiago,BCN,137,2014-12-20,APRUEBA ORDENANZA DE ZONIFICACIÓN Y HORARIOS DE FUNCIONAMIENTO DE LOS ESTABLECIMIENTOS DE EXPENDIO Y CONSUMO DE BEBIDAS ALCOHÓLICAS PARA LA CONVIVENCIA JUSTA EN LOS BARRIOS,"Comercio, Alcoholes y Patentes",https://www.bcn.cl/leychile/navegar?idNorma=1072827,,,https://datos.bcn.cl/recurso/cl/orz/municipalidad-de-providencia/2014-12-20/137/datos.json
Providencia,13,Metropolitana de Santiago,BCN,133,2014-11-07,APRUEBA ORDENANZA DE COBRO DE DERECHO DE ASEO DOMICILIARIO PARA EL AÑO 2015,Derechos Municipales y Tarifas,https://www.bcn.cl/leychile/navegar?idNorma=1069176,,,https://datos.bcn.cl/recurso/cl/orz/municipalidad-de-providencia/2014-11-07/133/datos.json
Providencia,13,Metropolitana de Santiago,BCN,134,2014-11-07,"MODIFICA ORDENANZA Nº 22, DE 2001, SOBRE DERECHOS MUNICIPALES",Derechos Municipales y Tarifas,https://www.bcn.cl/leychile/navegar?idNorma=1069179,,,https://datos.bcn.cl/recurso/cl/orz/municipalidad-de-providencia/2014-11-07/134/datos.json
Providencia,13,Metropolitana de Santiago,BCN,135,2014-11-07,"MODIFICA ORDENANZA Nº 129, DE 2014, ""ORDENANZA COMUNAL SOBRE OCUPACIÓN TRANSITORIA DEL ESPACIO PÚBLICO POR LA EJECUCIÓN DE FAENAS Y OTRAS ACTIVIDADES",Tránsito y Transporte,https://www.bcn.cl/leychile/navegar?idNorma=1069177,,,https://datos.bcn.cl/recurso/cl/orz/municipalidad-de-providencia/2014-11-07/135/datos.json
Providencia,13,Metropolitana de Santiago,BCN,136,2014-11-07,DICTA ORDENANZA PARA EL OTORGAMIENTO DE PATENTES MUNICIPALES PROVISORIAS EN LA COMUNA DE PROVIDENCIA,"Comercio, Alcoholes y Patentes",https://www.bcn.cl/leychile/navegar?idNorma=1069178,,,https://datos.bcn.cl/recurso/cl/orz/municipalidad-de-providencia/2014-11-07/136/datos.json
Providencia,13,Metropolitana de Santiago,BCN,132,2014-10-17,APRUEBA ORDENANZA DE ZONIFICACIÓN Y HORARIOS DE FUNCIONAMIENTO DE LOS NEGOCIOS DE EXPENDIO Y CONSUMO DE BEBIDAS ALCOHÓLICAS,"Comercio, Alcoholes y Patentes",https://www.bcn.cl/leychile/navegar?idNorma=1068542,,,https://datos.bcn.cl/recurso/cl/orz/municipalidad-de-providencia/2014-10-17/132/datos.json
Providencia,13,Metropolitana de Santiago,BCN,131,2014-06-24,"MODIFICA ORDENANZA Nº 4, DE 2002, SOBRE PUBLICIDAD Y PROPAGANDA EN LA COMUNA","Comercio, Alcoholes y Patentes",https://www.bcn.cl/leychile/navegar?idNorma=1063591,,,https://datos.bcn.cl/recurso/cl/orz/municipalidad-de-providencia/2014-06-24/131/datos.json
Providencia,13,Metropolitana de Santiago,BCN,130,2014-05-22,MODIFICA ORDENANZA DE PARTICIPACIÓN CIUDADANA DE LA COMUNA DE PROVIDENCIA,Organización y Régimen Interno,https://www.bcn.cl/leychile/navegar?idNorma=1062446,,,https://datos.bcn.cl/recurso/cl/orz/municipalidad-de-providencia/2014-05-22/130/datos.json
Providencia,13,Metropolitana de Santiago,BCN,129,2014-04-21,"APRUEBA ""ORDENANZA COMUNAL SOBRE OCUPACIÓN TRANSITORIA DEL ESPACIO PÚBLICO POR LA EJECUCIÓN DE FAENAS Y OTRAS ACTIVIDADES""",Tránsito y Transporte,https://www.bcn.cl/leychile/navegar?idNorma=1061338,,,https://datos.bcn.cl/recurso/cl/orz/municipalidad-de-providencia/2014-04-21/129/datos.json
Providencia,13,Metropolitana de Santiago,BCN,128,2014-03-17,"MODIFICA ORDENANZA N° 1, DE 2002, ""ORDENANZA DE ORNATO""","Aseo, Ornato y Medio Ambiente",https://www.bcn.cl/leychile/navegar?idNorma=1060355,,,https://datos.bcn.cl/recurso/cl/orz/municipalidad-de-providencia/2014-03-17/128/datos.json
Providencia,13,Metropolitana de Santiago,BCN,126,2013-12-21,"MODIFICA ARTÍCULO 15º DE LA ORDENANZA Nº 6, DE 2003, SOBRE ""NOTIFICACIONES Y PUBLICACIONES DE RESOLUCIONES MUNICIPALES""",Normativa General y Otras Materias,https://www.bcn.cl/leychile/navegar?idNorma=1057514,,,https://datos.bcn.cl/recurso/cl/orz/municipalidad-de-providencia/2013-12-21/126/datos.json
Providencia,13,Metropolitana de Santiago,BCN,127,2013-12-21,DEJA ESTABLECIDO MONTO PARA COBRO DE DERECHOS DE ASEO DOMICILIARIO PARA EL AÑO 2014,Derechos Municipales y Tarifas,https://www.bcn.cl/leychile/navegar?idNorma=1057515,,,https://datos.bcn.cl/recurso/cl/orz/municipalidad-de-providencia/2013-12-21/127/datos.json
Providencia,13,Metropolitana de Santiago,BCN,125,2013-12-20,"MODIFICA ORDENANZA Nº 2, DE 2000, SOBRE LA ACTIVIDAD COMERCIAL, DE ALCOHOLES, INDUSTRIAL, PROFESIONAL Y DE SERVICIOS","Comercio, Alcoholes y Patentes",https://www.bcn.cl/leychile/navegar?idNorma=1057494,,,https://datos.bcn.cl/recurso/cl/orz/municipalidad-de-providencia/2013-12-20/125/datos.json
Providencia,13,Metropolitana de Santiago,BCN,124,2013-11-06,"MODIFICA ORDENANZA LOCAL Nº 22, DE 2001, SOBRE DERECHOS MUNICIPALES",Derechos Municipales y Tarifas,https://www.bcn.cl/leychile/navegar?idNorma=1055884,,,https://datos.bcn.cl/recurso/cl/orz/municipalidad-de-providencia/2013-11-06/124/datos.json
Providencia,13,Metropolitana de Santiago,BCN,122,2013-08-20,"MODIFICA ORDENANZA Nº 2, DE 2003, SOBRE SUBVENCIONES MUNICIPALES","Salud, Deporte y Desarrollo Social",https://www.bcn.cl/leychile/navegar?idNorma=1053677,,,https://datos.bcn.cl/recurso/cl/orz/municipalidad-de-providencia/2013-08-20/122/datos.json
Providencia,13,Metropolitana de Santiago,BCN,123,2013-08-20,"MODIFICA ORDENANZA Nº 1.020, DE 1982, SOBRE ESTACIONAMIENTOS RESERVADOS PARA VEHÍCULOS",Tránsito y Transporte,https://www.bcn.cl/leychile/navegar?idNorma=1053678,,,https://datos.bcn.cl/recurso/cl/orz/municipalidad-de-providencia/2013-08-20/123/datos.json
Providencia,13,Metropolitana de Santiago,BCN,121,2012-11-21,"MODIFICA ORDENANZA Nº 118, DE 2012, QUE ESTABLECE MONTO PARA EL COBRO DE DERECHOS DE ASEO DOMICILIARO PARA EL AÑO 2013",Derechos Municipales y Tarifas,https://www.bcn.cl/leychile/navegar?idNorma=1045942,,,https://datos.bcn.cl/recurso/cl/orz/municipalidad-de-providencia/2012-11-21/121/datos.json
Providencia,13,Metropolitana de Santiago,BCN,120,2012-10-30,"EXTRACTO DE ORDENANZA Nº 120, DE 2012",Normativa General y Otras Materias,https://www.bcn.cl/leychile/navegar?idNorma=1045169,,,https://datos.bcn.cl/recurso/cl/orz/municipalidad-de-providencia/2012-10-30/120/datos.json
Providencia,13,Metropolitana de Santiago,BCN,118,2012-10-26,ESTABLECE MONTO PARA EL COBRO DE DERECHOS DE ASEO DOMICILIARIO PARA EL AÑO 2013,Derechos Municipales y Tarifas,https://www.bcn.cl/leychile/navegar?idNorma=1045116,,,https://datos.bcn.cl/recurso/cl/orz/municipalidad-de-providencia/2012-10-26/118/datos.json
Providencia,13,Metropolitana de Santiago,BCN,119,2012-10-25,"MODIFICA ORDENANZA Nº22, DE 2001",Normativa General y Otras Materias,https://www.bcn.cl/leychile/navegar?idNorma=1045095,,,https://datos.bcn.cl/recurso/cl/orz/municipalidad-de-providencia/2012-10-25/119/datos.json
Providencia,13,Metropolitana de Santiago,BCN,117,2012-07-13,"MODIFICA ORDENANZA Nº 22, DE 2001, SOBRE DERECHOS MUNICIPALES",Derechos Municipales y Tarifas,https://www.bcn.cl/leychile/navegar?idNorma=1041762,,,https://datos.bcn.cl/recurso/cl/orz/municipalidad-de-providencia/2012-07-13/117/datos.json
Providencia,13,Metropolitana de Santiago,BCN,116,2012-04-19,"MODIFICA ORDENANZA Nº 9, DE 2003, SOBRE ESTACIONAMIENTOS CONTROLADOS EN LAS VÍAS PÚBLICAS DE LA COMUNA",Tránsito y Transporte,https://www.bcn.cl/leychile/navegar?idNorma=1039269,,,https://datos.bcn.cl/recurso/cl/orz/municipalidad-de-providencia/2012-04-19/116/datos.json
Providencia,13,Metropolitana de Santiago,BCN,115,2012-03-26,MODIFICA ORDENANZA LOCAL SOBRE DERECHOS MUNICIPALES,Derechos Municipales y Tarifas,https://www.bcn.cl/leychile/navegar?idNorma=1038330,,,https://datos.bcn.cl/recurso/cl/orz/municipalidad-de-providencia/2012-03-26/115/datos.json
Providencia,13,Metropolitana de Santiago,BCN,114,2011-10-25,MODIFICA CONSIDERANDO DE ORDENANZAS QUE INDICA,Normativa General y Otras Materias,https://www.bcn.cl/leychile/navegar?idNorma=1031580,,,https://datos.bcn.cl/recurso/cl/orz/municipalidad-de-providencia/2011-10-25/114/datos.json
Providencia,13,Metropolitana de Santiago,BCN,113,2011-10-18,MODIFICA LA ORDENANZA DE PARTICIPACIÓN CIUDADANA,Organización y Régimen Interno,https://www.bcn.cl/leychile/navegar?idNorma=1031421,,,https://datos.bcn.cl/recurso/cl/orz/municipalidad-de-providencia/2011-10-18/113/datos.json
Providencia,13,Metropolitana de Santiago,BCN,109,2011-10-14,"MODIFICA ORDENANZA Nº 22, DE 2001, SOBRE DERECHOS MUNICIPALES",Derechos Municipales y Tarifas,https://www.bcn.cl/leychile/navegar?idNorma=1030914,,,https://datos.bcn.cl/recurso/cl/orz/municipalidad-de-providencia/2011-10-14/109/datos.json
Providencia,13,Metropolitana de Santiago,BCN,110,2011-10-14,APRUEBA 'ORDENANZA DE COBRO DE DERECHO DE ASEO DOMICILIARIO PARA EL AÑO 2012',Derechos Municipales y Tarifas,https://www.bcn.cl/leychile/navegar?idNorma=1030915,,,https://datos.bcn.cl/recurso/cl/orz/municipalidad-de-providencia/2011-10-14/110/datos.json
Providencia,13,Metropolitana de Santiago,BCN,111,2011-10-14,DEJA ESTABLECIDO MONTO PARA EL COBRO DE DERECHO DE ASEO DOMICILIARIO PARA EL AÑO 2012,Derechos Municipales y Tarifas,https://www.bcn.cl/leychile/navegar?idNorma=1030916,,,https://datos.bcn.cl/recurso/cl/orz/municipalidad-de-providencia/2011-10-14/111/datos.json
Providencia,13,Metropolitana de Santiago,BCN,112,2011-10-14,"MODIFICA ORDENANZA Nº 5, DE 1999, SOBRE 'CIERRE DE CALLES O PASAJES PÚBLICOS CIEGOS DE LA COMUNA DE PROVIDENCIA'",Seguridad y Convivencia,https://www.bcn.cl/leychile/navegar?idNorma=1030917,,,https://datos.bcn.cl/recurso/cl/orz/municipalidad-de-providencia/2011-10-14/112/datos.json
Providencia,13,Metropolitana de Santiago,BCN,108,2011-10-13,"MODIFICA ORDENANZA COMUNAL Nº 2, DE 2000, SOBRE 'ACTIVIDAD COMERCIAL DE ALCOHOLES, INDUSTRIAL, PROFESIONAL Y DE SERVICIOS'","Comercio, Alcoholes y Patentes",https://www.bcn.cl/leychile/navegar?idNorma=1030897,,,https://datos.bcn.cl/recurso/cl/orz/municipalidad-de-providencia/2011-10-13/108/datos.json
Providencia,13,Metropolitana de Santiago,BCN,107,2011-09-27,"MODIFICA ORDENANZA NÚMERO 4, DE 2002, SOBRE PUBLICIDAD Y PROPAGANDA EN LA COMUNA DE PROVIDENCIA","Comercio, Alcoholes y Patentes",https://www.bcn.cl/leychile/navegar?idNorma=1030235,,,https://datos.bcn.cl/recurso/cl/orz/municipalidad-de-providencia/2011-09-27/107/datos.json
Providencia,13,Metropolitana de Santiago,BCN,106,2011-09-24,"MODIFICA ORDENANZA Nº 22, DE 2001, SOBRE DERECHOS MUNICIPALES QUE RIGE PARA EL AÑO 2011",Derechos Municipales y Tarifas,https://www.bcn.cl/leychile/navegar?idNorma=1030195,,,https://datos.bcn.cl/recurso/cl/orz/municipalidad-de-providencia/2011-09-24/106/datos.json
Providencia,13,Metropolitana de Santiago,BCN,105,2011-09-10,MODIFICA 'ORDENANZA SOBRE NORMAS SANITARIAS BÁSICAS',Normativa General y Otras Materias,https://www.bcn.cl/leychile/navegar?idNorma=1029530,,,https://datos.bcn.cl/recurso/cl/orz/municipalidad-de-providencia/2011-09-10/105/datos.json
Providencia,13,Metropolitana de Santiago,BCN,104,2011-08-20,MODIFICA ORDENANZA Nº 1 DE 2002 'ORDENANZA DE ORNATO',"Aseo, Ornato y Medio Ambiente",https://www.bcn.cl/leychile/navegar?idNorma=1028832,,,https://datos.bcn.cl/recurso/cl/orz/municipalidad-de-providencia/2011-08-20/104/datos.json
Providencia,13,Metropolitana de Santiago,BCN,103,2011-08-09,MODIFICA ORDENANZA LOCAL SOBRE DERECHOS MUNICIPALES QUE RIGE PARA EL AÑO 2011,Derechos Municipales y Tarifas,https://www.bcn.cl/leychile/navegar?idNorma=1028500,,,https://datos.bcn.cl/recurso/cl/orz/municipalidad-de-providencia/2011-08-09/103/datos.json
Providencia,13,Metropolitana de Santiago,BCN,102,2011-06-02,"MODIFICA ORDENANZA Nº 22 DE 2001, SOBRE DERECHOS MUNICIPALES",Derechos Municipales y Tarifas,https://www.bcn.cl/leychile/navegar?idNorma=1026141,,,https://datos.bcn.cl/recurso/cl/orz/municipalidad-de-providencia/2011-06-02/102/datos.json
Providencia,13,Metropolitana de Santiago,BCN,101,2011-04-27,MODIFICA ORDENANZA Nº 22 DE 2001 'ORDENANZA LOCAL SOBRE DERECHOS MUNICIPALES',Derechos Municipales y Tarifas,https://www.bcn.cl/leychile/navegar?idNorma=1024838,,,https://datos.bcn.cl/recurso/cl/orz/municipalidad-de-providencia/2011-04-27/101/datos.json
Providencia,13,Metropolitana de Santiago,BCN,100,2011-01-31,MODIFICA 'ORDENANZA SOBRE NORMAS SANITARIAS BÁSICAS',Normativa General y Otras Materias,https://www.bcn.cl/leychile/navegar?idNorma=1022451,,,https://datos.bcn.cl/recurso/cl/orz/municipalidad-de-providencia/2011-01-31/100/datos.json
Providencia,13,Metropolitana de Santiago,BCN,99,2010-12-24,ESTABLECE EL MONTO PARA EL 'COBRO DERECHO DE ASEO DOMICILIARIO PARA EL AÑO 2011',Derechos Municipales y Tarifas,https://www.bcn.cl/leychile/navegar?idNorma=1021502,,,https://datos.bcn.cl/recurso/cl/orz/municipalidad-de-providencia/2010-12-24/99/datos.json
Providencia,13,Metropolitana de Santiago,BCN,98,2010-11-18,DICTA ORDENANZA SOBRE SERVICIOS DEL SISTEMA DE BIBLIOTECAS,Normativa General y Otras Materias,https://www.bcn.cl/leychile/navegar?idNorma=1019668,,,https://datos.bcn.cl/recurso/cl/orz/municipalidad-de-providencia/2010-11-18/98/datos.json
Providencia,13,Metropolitana de Santiago,BCN,94,2010-10-18,"MODIFICA ORDENANZA SOBRE OBRAS DE CONSTRUCCIÓN, RECONSTRUCCIÓN, REPARACIÓN, ALTERACIÓN, AMPLIACIÓN Y DEMOLICIÓN DE EDIFICIOS Y OBRAS DE URBANIZACIÓN","Aseo, Ornato y Medio Ambiente",https://www.bcn.cl/leychile/navegar?idNorma=1018280,,,https://datos.bcn.cl/recurso/cl/orz/municipalidad-de-providencia/2010-10-18/94/datos.json
Providencia,13,Metropolitana de Santiago,BCN,95,2010-10-18,MODIFICA ORDENANZA SOBRE FUNCIONAMIENTO DEL DEPÓSITO MUNICIPAL DE VEHÍCULOS,Tránsito y Transporte,https://www.bcn.cl/leychile/navegar?idNorma=1018281,,,https://datos.bcn.cl/recurso/cl/orz/municipalidad-de-providencia/2010-10-18/95/datos.json
Providencia,13,Metropolitana de Santiago,BCN,96,2010-10-18,MODIFICA ORDENANZA SOBRE PERMISOS Y CONCESIONES DE BIENES MUNICIPALES Y NACIONALES DE USO PÚBLICO Y CONCESIONES DE SERVICIOS MUNICIPALES,Derechos Municipales y Tarifas,https://www.bcn.cl/leychile/navegar?idNorma=1018282,,,https://datos.bcn.cl/recurso/cl/orz/municipalidad-de-providencia/2010-10-18/96/datos.json
Providencia,13,Metropolitana de Santiago,BCN,97,2010-10-18,MODIFICA ORDENANZA LOCAL SOBRE DERECHOS MUNICIPALES QUE RIGE PARA EL AÑO 2010,Derechos Municipales y Tarifas,https://www.bcn.cl/leychile/navegar?idNorma=1018295,,,https://datos.bcn.cl/recurso/cl/orz/municipalidad-de-providencia/2010-10-18/97/datos.json
Providencia,13,Metropolitana de Santiago,BCN,93,2010-10-16,APRUEBA ORDENANZA DE COBRO DE DERECHO DE ASEO DOMICILIARIO PARA EL AÑO 2011,Derechos Municipales y Tarifas,https://www.bcn.cl/leychile/navegar?idNorma=1018243,,,https://datos.bcn.cl/recurso/cl/orz/municipalidad-de-providencia/2010-10-16/93/datos.json
Providencia,13,Metropolitana de Santiago,BCN,92,2010-09-23,"MODIFICA ORDENANZA Nº 22, DE 2001",Normativa General y Otras Materias,https://www.bcn.cl/leychile/navegar?idNorma=1017286,,,https://datos.bcn.cl/recurso/cl/orz/municipalidad-de-providencia/2010-09-23/92/datos.json
Providencia,13,Metropolitana de Santiago,BCN,91,2010-08-10,"MODIFICA ORDENANZA Nº 87, DE 2010, SOBRE 'OCUPACIÓN DE BIEN NACIONAL DE USO PÚBLICO EN CALLE PÍO NONO'","Urbanismo, Obras y Edificación",https://www.bcn.cl/leychile/navegar?idNorma=1016089,,,https://datos.bcn.cl/recurso/cl/orz/municipalidad-de-providencia/2010-08-10/91/datos.json
Providencia,13,Metropolitana de Santiago,BCN,90,2010-07-03,"MODIFICA ORDENANZA Nº 65, DE 2007, EN EL SENTIDO QUE INDICA",Normativa General y Otras Materias,https://www.bcn.cl/leychile/navegar?idNorma=1014999,,,https://datos.bcn.cl/recurso/cl/orz/municipalidad-de-providencia/2010-07-03/90/datos.json
Providencia,13,Metropolitana de Santiago,BCN,88,2010-06-04,"MODIFICA ORDENANZA N°66, DE 1994, QUE APROBÓ LA 'ORDENANZA SOBRE HOTELES, APART-HOTELES, MOTELES, RESIDENCIALES Y HOSPEDERÍAS",Normativa General y Otras Materias,https://www.bcn.cl/leychile/navegar?idNorma=1014240,,,https://datos.bcn.cl/recurso/cl/orz/municipalidad-de-providencia/2010-06-04/88/datos.json
Providencia,13,Metropolitana de Santiago,BCN,89,2010-06-04,"MODIFICA ORDENANZA N°22, DE 2001 'ORDENANZA LOCAL SOBRE DERECHOS MUNICIPALES QUE RIGE PARA EL AÑO 2010'",Derechos Municipales y Tarifas,https://www.bcn.cl/leychile/navegar?idNorma=1014241,,,https://datos.bcn.cl/recurso/cl/orz/municipalidad-de-providencia/2010-06-04/89/datos.json
Providencia,13,Metropolitana de Santiago,BCN,87,2010-05-04,APRUEBA ORDENANZA SOBRE OCUPACIÓN DE BIEN NACIONAL DE USO PUBLICO CALLE PÍO NONO,"Urbanismo, Obras y Edificación",https://www.bcn.cl/leychile/navegar?idNorma=1013011,,,https://datos.bcn.cl/recurso/cl/orz/municipalidad-de-providencia/2010-05-04/87/datos.json
Providencia,13,Metropolitana de Santiago,BCN,86,2009-12-28,FIJA MONTO POR COBRO DERECHO DE ASEO DOMICILIARIO PARA EL AÑO 2010,Derechos Municipales y Tarifas,https://www.bcn.cl/leychile/navegar?idNorma=1009638,,,https://datos.bcn.cl/recurso/cl/orz/municipalidad-de-providencia/2009-12-28/86/datos.json
Providencia,13,Metropolitana de Santiago,BCN,84,2009-10-21,"MODIFICA ORDENANZA Nº 22, DE 2001",Normativa General y Otras Materias,https://www.bcn.cl/leychile/navegar?idNorma=1007327,,,https://datos.bcn.cl/recurso/cl/orz/municipalidad-de-providencia/2009-10-21/84/datos.json
Providencia,13,Metropolitana de Santiago,BCN,85,2009-10-21,"RENUEVA PARA EL AÑO 2010 ORDENANZA Nº 76, DE 2008, QUE APROBÓ 'COBRO DE DERECHO DE ASEO DOMICILIARIO PARA EL AÑO 2009'",Derechos Municipales y Tarifas,https://www.bcn.cl/leychile/navegar?idNorma=1007328,,,https://datos.bcn.cl/recurso/cl/orz/municipalidad-de-providencia/2009-10-21/85/datos.json
Providencia,13,Metropolitana de Santiago,BCN,82,2009-08-05,"MODIFICA ORDENANZA N°65, DE 2007",Normativa General y Otras Materias,https://www.bcn.cl/leychile/navegar?idNorma=1004816,,,https://datos.bcn.cl/recurso/cl/orz/municipalidad-de-providencia/2009-08-05/82/datos.json
Providencia,13,Metropolitana de Santiago,BCN,83,2009-08-05,"MODIFICA ORDENANZA Nº 9, DE 2001",Normativa General y Otras Materias,https://www.bcn.cl/leychile/navegar?idNorma=1004817,,,https://datos.bcn.cl/recurso/cl/orz/municipalidad-de-providencia/2009-08-05/83/datos.json
Providencia,13,Metropolitana de Santiago,BCN,81,2009-07-09,MODIFICA ORDENANZA LOCAL SOBRE DERECHOS MUNICIPALES,Derechos Municipales y Tarifas,https://www.bcn.cl/leychile/navegar?idNorma=1004073,,,https://datos.bcn.cl/recurso/cl/orz/municipalidad-de-providencia/2009-07-09/81/datos.json
Providencia,13,Metropolitana de Santiago,BCN,79,2009-06-08,"MODIFICA ORDENANZA Nº2 DE 2000, 'SOBRE LA ACTIVIDAD COMERCIAL DE ALCOHOLES, INDUSTRIAL, PROFESIONAL Y DE SERVICIOS'","Comercio, Alcoholes y Patentes",https://www.bcn.cl/leychile/navegar?idNorma=1003148,,,https://datos.bcn.cl/recurso/cl/orz/municipalidad-de-providencia/2009-06-08/79/datos.json
Providencia,13,Metropolitana de Santiago,BCN,80,2009-06-08,"MODIFICA ORDENANZA Nº65 DE 2007, SOBRE 'CONDICIONES NECESARIAS PARA LA FIJACIÓN DE TARIFAS DEL SERVICIO DOMICILIARIO POR EXTRACCIÓN DE BASURAS Y EXENCIONES TOTAL Y PARCIAL'",Derechos Municipales y Tarifas,https://www.bcn.cl/leychile/navegar?idNorma=1003149,,,https://datos.bcn.cl/recurso/cl/orz/municipalidad-de-providencia/2009-06-08/80/datos.json
Providencia,13,Metropolitana de Santiago,BCN,78,2009-05-20,"MODIFICA ORDENANZA Nº 16, DE 2001, EN EL SENTIDO QUE INDICA",Normativa General y Otras Materias,https://www.bcn.cl/leychile/navegar?idNorma=1002449,,,https://datos.bcn.cl/recurso/cl/orz/municipalidad-de-providencia/2009-05-20/78/datos.json
Providencia,13,Metropolitana de Santiago,BCN,77,2009-02-07,MODIFICA ORDENANZA SOBRE ESTACIONAMIENTOS RESERVADOS PARA VEHÍCULOS,Tránsito y Transporte,https://www.bcn.cl/leychile/navegar?idNorma=287083,,,https://datos.bcn.cl/recurso/cl/orz/municipalidad-de-providencia/2009-02-07/77/datos.json
Providencia,13,Metropolitana de Santiago,BCN,75,2008-11-05,CONDICIONES NECESARIAS PARA LA FIJACIÓN DE TARIFAS DEL SERVICIO DOMICILIARIO POR EXTRACCIÓN DE BASURAS Y EXENCIÓN TOTAL Y PARCIAL,Derechos Municipales y Tarifas,https://www.bcn.cl/leychile/navegar?idNorma=280941,,,https://datos.bcn.cl/recurso/cl/orz/municipalidad-de-providencia/2008-11-05/75/datos.json
Providencia,13,Metropolitana de Santiago,BCN,76,2008-10-30,APRUEBA ORDENANZA DE COBRO DE DERECHO DE ASEO DOMICILIARIO PARA EL AÑO 2009,Derechos Municipales y Tarifas,https://www.bcn.cl/leychile/navegar?idNorma=280597,,,https://datos.bcn.cl/recurso/cl/orz/municipalidad-de-providencia/2008-10-30/76/datos.json
Providencia,13,Metropolitana de Santiago,BCN,73,2008-10-10,"MODIFICA ARTÍCULO 2° DE LA ORDENANZA Nº 13, DE 2003",Normativa General y Otras Materias,https://www.bcn.cl/leychile/navegar?idNorma=279283,,,https://datos.bcn.cl/recurso/cl/orz/municipalidad-de-providencia/2008-10-10/73/datos.json
Providencia,13,Metropolitana de Santiago,BCN,74,2008-10-10,"MODIFICA ORDENANZA Nº 22, DE 2001, 'ORDENANZA LOCAL SOBRE DERECHOS MUNICIPALES'",Derechos Municipales y Tarifas,https://www.bcn.cl/leychile/navegar?idNorma=279293,,,https://datos.bcn.cl/recurso/cl/orz/municipalidad-de-providencia/2008-10-10/74/datos.json
Providencia,13,Metropolitana de Santiago,BCN,71,2008-08-29,MODIFICA EL ARTÍCULO 2º DE LA ORDENANZA Nº10 QUE REGLAMENTA LA NUMERACIÓN DE LOS INMUEBLES DE LA COMUNA,"Urbanismo, Obras y Edificación",https://www.bcn.cl/leychile/navegar?idNorma=277243,,,https://datos.bcn.cl/recurso/cl/orz/municipalidad-de-providencia/2008-08-29/71/datos.json
Providencia,13,Metropolitana de Santiago,BCN,72,2008-08-29,"MODIFICA LA ORDENANZA Nº22 DE 2001, ORDENANZA LOCAL SOBRE DERECHOS MUNICIPALES",Derechos Municipales y Tarifas,https://www.bcn.cl/leychile/navegar?idNorma=277244,,,https://datos.bcn.cl/recurso/cl/orz/municipalidad-de-providencia/2008-08-29/72/datos.json
Providencia,13,Metropolitana de Santiago,BCN,69,2008-06-21,"DEROGA ORDENANZA Nº67, DE 1994",Normativa General y Otras Materias,https://www.bcn.cl/leychile/navegar?idNorma=272686,,,https://datos.bcn.cl/recurso/cl/orz/municipalidad-de-providencia/2008-06-21/69/datos.json
Providencia,13,Metropolitana de Santiago,BCN,68,2008-06-04,"SUSTITUYE EL ARTÍCULO 3º DE ORDENANZA Nº 11, DE 2002",Normativa General y Otras Materias,https://www.bcn.cl/leychile/navegar?idNorma=271958,,,https://datos.bcn.cl/recurso/cl/orz/municipalidad-de-providencia/2008-06-04/68/datos.json
Providencia,13,Metropolitana de Santiago,BCN,67,2008-02-22,MODIFICA ORDENANZA SOBRE PUBLICIDAD Y PROPAGANDA,"Comercio, Alcoholes y Patentes",https://www.bcn.cl/leychile/navegar?idNorma=269391,,,https://datos.bcn.cl/recurso/cl/orz/municipalidad-de-providencia/2008-02-22/67/datos.json
Providencia,13,Metropolitana de Santiago,BCN,66,2007-12-01,FIJA TEXTO DE ORDENANZA SOBRE 'USUARIOS DE AGUAS DE REGADÍO',Normativa General y Otras Materias,https://www.bcn.cl/leychile/navegar?idNorma=267016,,,https://datos.bcn.cl/recurso/cl/orz/municipalidad-de-providencia/2007-12-01/66/datos.json
Providencia,13,Metropolitana de Santiago,BCN,64,2007-10-31,APRUEBA 'ORDENANZA DE COBRO DE DERECHO DE ASEO DOMICILIARIO PARA EL AÑO 2008',Derechos Municipales y Tarifas,https://www.bcn.cl/leychile/navegar?idNorma=266084,,,https://datos.bcn.cl/recurso/cl/orz/municipalidad-de-providencia/2007-10-31/64/datos.json
Providencia,13,Metropolitana de Santiago,BCN,63,2007-10-17,MODIFICA ORDENANZA LOCAL SOBRE DERECHOS MUNICIPALES,Derechos Municipales y Tarifas,https://www.bcn.cl/leychile/navegar?idNorma=265657,,,https://datos.bcn.cl/recurso/cl/orz/municipalidad-de-providencia/2007-10-17/63/datos.json
Providencia,13,Metropolitana de Santiago,BCN,61,2007-10-05,"DEROGA ORDENANZA N 1, DE 1997",Normativa General y Otras Materias,https://www.bcn.cl/leychile/navegar?idNorma=265274,,,https://datos.bcn.cl/recurso/cl/orz/municipalidad-de-providencia/2007-10-05/61/datos.json
Providencia,13,Metropolitana de Santiago,BCN,62,2007-10-05,"MODIFICA ORDENANZA Nº 8, DE 1999",Normativa General y Otras Materias,https://www.bcn.cl/leychile/navegar?idNorma=265275,,,https://datos.bcn.cl/recurso/cl/orz/municipalidad-de-providencia/2007-10-05/62/datos.json
Providencia,13,Metropolitana de Santiago,BCN,60,2007-09-10,"MODIFICA ORDENANZA Nº5, DE 1999, SOBRE CIERRE DE CALLES O PASAJES PÚBLICOS CIEGOS DE LA COMUNA",Seguridad y Convivencia,https://www.bcn.cl/leychile/navegar?idNorma=264566,,,https://datos.bcn.cl/recurso/cl/orz/municipalidad-de-providencia/2007-09-10/60/datos.json
Providencia,13,Metropolitana de Santiago,BCN,58,2007-08-27,"MODIFICA ORDENANZA Nº2, DE 2000, SOBRE ACTIVIDAD COMERCIAL, DE ALCOHOLES, INDUSTRIAL, PROFESIONAL Y DE SERVICIOS","Comercio, Alcoholes y Patentes",https://www.bcn.cl/leychile/navegar?idNorma=264107,,,https://datos.bcn.cl/recurso/cl/orz/municipalidad-de-providencia/2007-08-27/58/datos.json
Providencia,13,Metropolitana de Santiago,BCN,59,2007-08-27,"MODIFICA ORDENANZA Nº 122, DE 1996, SOBRE NORMAS SANITARIAS BASICAS",Normativa General y Otras Materias,https://www.bcn.cl/leychile/navegar?idNorma=264108,,,https://datos.bcn.cl/recurso/cl/orz/municipalidad-de-providencia/2007-08-27/59/datos.json
Providencia,13,Metropolitana de Santiago,BCN,57,2007-07-20,"DEROGA ORDENANZA N 6, DE 1993",Normativa General y Otras Materias,https://www.bcn.cl/leychile/navegar?idNorma=262844,,,https://datos.bcn.cl/recurso/cl/orz/municipalidad-de-providencia/2007-07-20/57/datos.json
Providencia,13,Metropolitana de Santiago,BCN,56,2007-07-06,"MODIFICA ORDENANZA Nº 22, DE 2001, ORDENANZA LOCAL SOBRE DERECHOS MUNICIPALES",Derechos Municipales y Tarifas,https://www.bcn.cl/leychile/navegar?idNorma=262454,,,https://datos.bcn.cl/recurso/cl/orz/municipalidad-de-providencia/2007-07-06/56/datos.json
Providencia,13,Metropolitana de Santiago,BCN,55,2007-05-28,"MODIFICA ORDENANZA Nº2, DE 2000, SOBRE ACTIVIDAD COMERCIAL, DE ALCOHOLES, INDUSTRIAL, PROFESIONAL Y DE SERVICIOS","Comercio, Alcoholes y Patentes",https://www.bcn.cl/leychile/navegar?idNorma=261192,,,https://datos.bcn.cl/recurso/cl/orz/municipalidad-de-providencia/2007-05-28/55/datos.json
Providencia,13,Metropolitana de Santiago,BCN,54,2007-05-07,"MODIFICA ORDENANZA Nº 22, DE 2001",Normativa General y Otras Materias,https://www.bcn.cl/leychile/navegar?idNorma=260598,,,https://datos.bcn.cl/recurso/cl/orz/municipalidad-de-providencia/2007-05-07/54/datos.json
Providencia,13,Metropolitana de Santiago,BCN,53,2007-01-30,"MODIFICA ORDENANZA Nº 8, DE 1999",Normativa General y Otras Materias,https://www.bcn.cl/leychile/navegar?idNorma=257947,,,https://datos.bcn.cl/recurso/cl/orz/municipalidad-de-providencia/2007-01-30/53/datos.json
Providencia,13,Metropolitana de Santiago,BCN,52,2006-11-16,"RECTIFICA ORDENANZA Nº 50, DE 2006",Normativa General y Otras Materias,https://www.bcn.cl/leychile/navegar?idNorma=255287,,,https://datos.bcn.cl/recurso/cl/orz/municipalidad-de-providencia/2006-11-16/52/datos.json
Providencia,13,Metropolitana de Santiago,BCN,51,2006-10-28,APRUEBA ORDENANZA DE COBRO DE DERECHO DE ASEO DOMICILIARIO PARA EL AÑO 2007,Derechos Municipales y Tarifas,https://www.bcn.cl/leychile/navegar?idNorma=254675,,,https://datos.bcn.cl/recurso/cl/orz/municipalidad-de-providencia/2006-10-28/51/datos.json
Providencia,13,Metropolitana de Santiago,BCN,50,2006-10-27,"MODIFICA ORDENANZA Nº 22, DE 2001",Normativa General y Otras Materias,https://www.bcn.cl/leychile/navegar?idNorma=254629,,,https://datos.bcn.cl/recurso/cl/orz/municipalidad-de-providencia/2006-10-27/50/datos.json
Providencia,13,Metropolitana de Santiago,BCN,49,2006-10-10,"MODIFICA ORDENANZA Nº 8, DE 1999",Normativa General y Otras Materias,https://www.bcn.cl/leychile/navegar?idNorma=253913,,,https://datos.bcn.cl/recurso/cl/orz/municipalidad-de-providencia/2006-10-10/49/datos.json
Providencia,13,Metropolitana de Santiago,BCN,48,2006-08-31,"MODIFICA ORDENANZA Nº 22, DE 2001, ORDENANZA LOCAL SOBRE DERECHOS MUNICIPALES",Derechos Municipales y Tarifas,https://www.bcn.cl/leychile/navegar?idNorma=252732,,,https://datos.bcn.cl/recurso/cl/orz/municipalidad-de-providencia/2006-08-31/48/datos.json
Providencia,13,Metropolitana de Santiago,BCN,47,2006-07-05,MODIFICA ORDENANZA LOCAL SOBRE DERECHOS MUNICIPALES,Derechos Municipales y Tarifas,https://www.bcn.cl/leychile/navegar?idNorma=251007,,,https://datos.bcn.cl/recurso/cl/orz/municipalidad-de-providencia/2006-07-05/47/datos.json
Providencia,13,Metropolitana de Santiago,BCN,46,2006-06-03,MODIFICA ORDENANZA LOCAL SOBRE DERECHOS MUNICIPALES,Derechos Municipales y Tarifas,https://www.bcn.cl/leychile/navegar?idNorma=250169,,,https://datos.bcn.cl/recurso/cl/orz/municipalidad-de-providencia/2006-06-03/46/datos.json
Providencia,13,Metropolitana de Santiago,BCN,44,2006-05-19,"MODIFICA ORDENANZA SOBRE NORMAS PARA LA COBRANZA DE PATENTES, DERECHOS Y CONTRIBUCIONES QUE SE ENCUENTRAN MOROSOS",Derechos Municipales y Tarifas,https://www.bcn.cl/leychile/navegar?idNorma=249776,,,https://datos.bcn.cl/recurso/cl/orz/municipalidad-de-providencia/2006-05-19/44/datos.json
Providencia,13,Metropolitana de Santiago,BCN,45,2006-05-19,ORDENANZA COMUNAL SOBRE HORARIO DE CARGA Y DESCARGA,Tránsito y Transporte,https://www.bcn.cl/leychile/navegar?idNorma=249780,,,https://datos.bcn.cl/recurso/cl/orz/municipalidad-de-providencia/2006-05-19/45/datos.json
Providencia,13,Metropolitana de Santiago,BCN,43,2006-05-17,MODIFICA ORDENANZA Nº 22 SOBRE DERECHOS MUNICIPALES,Derechos Municipales y Tarifas,https://www.bcn.cl/leychile/navegar?idNorma=249725,,,https://datos.bcn.cl/recurso/cl/orz/municipalidad-de-providencia/2006-05-17/43/datos.json
Providencia,13,Metropolitana de Santiago,BCN,42,2006-04-07,"MODIFICA ORDENANZA Nº 3, DE 2002",Normativa General y Otras Materias,https://www.bcn.cl/leychile/navegar?idNorma=248747,,,https://datos.bcn.cl/recurso/cl/orz/municipalidad-de-providencia/2006-04-07/42/datos.json
Providencia,13,Metropolitana de Santiago,BCN,41,2006-02-14,"MODIFICA ORDENANZA Nº 22, DE 2001",Normativa General y Otras Materias,https://www.bcn.cl/leychile/navegar?idNorma=247277,,,https://datos.bcn.cl/recurso/cl/orz/municipalidad-de-providencia/2006-02-14/41/datos.json
Providencia,13,Metropolitana de Santiago,BCN,39,2005-12-05,MODIFICA ORDENANZA SOBRE NOTIFICACIONES Y PUBLICACIONES DE RESOLUCIONES MUNICIPALES,Normativa General y Otras Materias,https://www.bcn.cl/leychile/navegar?idNorma=244719,,,https://datos.bcn.cl/recurso/cl/orz/municipalidad-de-providencia/2005-12-05/39/datos.json
Providencia,13,Metropolitana de Santiago,BCN,40-exenta,2005-12-05,"MODIFICA ORDENANZA Nº 8, DE 1999",Normativa General y Otras Materias,https://www.bcn.cl/leychile/navegar?idNorma=244720,,,https://datos.bcn.cl/recurso/cl/orz/municipalidad-de-providencia/2005-12-05/40-exenta/datos.json
Providencia,13,Metropolitana de Santiago,BCN,38,2005-11-09,APRUEBA ORDENANZA DE COBRO DE DERECHO DE ASEO DOMICILIARIO PARA EL AÑO 2006,Derechos Municipales y Tarifas,https://www.bcn.cl/leychile/navegar?idNorma=243792,,,https://datos.bcn.cl/recurso/cl/orz/municipalidad-de-providencia/2005-11-09/38/datos.json
Providencia,13,Metropolitana de Santiago,BCN,37,2005-10-31,"RECTIFICA ORDENANZA Nº 36, DE 2005",Normativa General y Otras Materias,https://www.bcn.cl/leychile/navegar?idNorma=243393,,,https://datos.bcn.cl/recurso/cl/orz/municipalidad-de-providencia/2005-10-31/37/datos.json
Providencia,13,Metropolitana de Santiago,BCN,36,2005-10-21,MODIFICA ORDENANZA LOCAL SOBRE DERECHOS MUNICIPALES,Derechos Municipales y Tarifas,https://www.bcn.cl/leychile/navegar?idNorma=243164,,,https://datos.bcn.cl/recurso/cl/orz/municipalidad-de-providencia/2005-10-21/36/datos.json
Providencia,13,Metropolitana de Santiago,BCN,35,2005-09-26,"MODIFICA ORDENANZA Nº22, DE 2001",Normativa General y Otras Materias,https://www.bcn.cl/leychile/navegar?idNorma=242354,,,https://datos.bcn.cl/recurso/cl/orz/municipalidad-de-providencia/2005-09-26/35/datos.json
Providencia,13,Metropolitana de Santiago,BCN,33,2005-09-09,"MODIFICA EL ARTICULO 11 DE ORDENANZA Nº 22, DE 2001",Normativa General y Otras Materias,https://www.bcn.cl/leychile/navegar?idNorma=241771,,,https://datos.bcn.cl/recurso/cl/orz/municipalidad-de-providencia/2005-09-09/33/datos.json
Providencia,13,Metropolitana de Santiago,BCN,34,2005-09-09,"RECTIFICA EL PUNTO 1 DE LA ORDENANZA Nº 32, DE 2005",Normativa General y Otras Materias,https://www.bcn.cl/leychile/navegar?idNorma=241772,,,https://datos.bcn.cl/recurso/cl/orz/municipalidad-de-providencia/2005-09-09/34/datos.json
Providencia,13,Metropolitana de Santiago,BCN,31,2005-08-20,"MODIFICA ORDENANZA Nº 4, DE 2002, SOBRE PROPAGANDA Y PUBLICIDAD","Comercio, Alcoholes y Patentes",https://www.bcn.cl/leychile/navegar?idNorma=241226,,,https://datos.bcn.cl/recurso/cl/orz/municipalidad-de-providencia/2005-08-20/31/datos.json
Providencia,13,Metropolitana de Santiago,BCN,32,2005-08-20,"MODIFICA ORDENANZA Nº 22, DE 2001",Normativa General y Otras Materias,https://www.bcn.cl/leychile/navegar?idNorma=241227,,,https://datos.bcn.cl/recurso/cl/orz/municipalidad-de-providencia/2005-08-20/32/datos.json
Providencia,13,Metropolitana de Santiago,BCN,29,2005-05-04,MODIFICA ARTICULO 19 DE LA ORDENANZA LOCAL SOBRE DERECHOS MUNICIPALES,Derechos Municipales y Tarifas,https://www.bcn.cl/leychile/navegar?idNorma=237636,,,https://datos.bcn.cl/recurso/cl/orz/municipalidad-de-providencia/2005-05-04/29/datos.json
Providencia,13,Metropolitana de Santiago,BCN,28,2005-04-02,MODIFICA ORDENANZA LOCAL SOBRE DERECHOS MUNICIPALES,Derechos Municipales y Tarifas,https://www.bcn.cl/leychile/navegar?idNorma=236766,,,https://datos.bcn.cl/recurso/cl/orz/municipalidad-de-providencia/2005-04-02/28/datos.json
Providencia,13,Metropolitana de Santiago,BCN,26,2004-12-13,"MODIFICA ORDENANZA Nº 22, DE 2001, SOBRE DERECHOS MUNICIPALES",Derechos Municipales y Tarifas,https://www.bcn.cl/leychile/navegar?idNorma=233346,,,https://datos.bcn.cl/recurso/cl/orz/municipalidad-de-providencia/2004-12-13/26/datos.json
Providencia,13,Metropolitana de Santiago,BCN,25,2004-10-29,APRUEBA ORDENANZA DE COBRO DE DERECHO DE ASEO DOMICILIARIO PARA EL AÑO 2005,Derechos Municipales y Tarifas,https://www.bcn.cl/leychile/navegar?idNorma=231902,,,https://datos.bcn.cl/recurso/cl/orz/municipalidad-de-providencia/2004-10-29/25/datos.json
Providencia,13,Metropolitana de Santiago,BCN,24,2004-10-26,"MODIFICA ORDENANZA Nº 22 DE 2001, SOBRE DERECHOS MUNICIPALES",Derechos Municipales y Tarifas,https://www.bcn.cl/leychile/navegar?idNorma=231782,,,https://datos.bcn.cl/recurso/cl/orz/municipalidad-de-providencia/2004-10-26/24/datos.json
Providencia,13,Metropolitana de Santiago,BCN,21-exenta,2004-10-18,"DEROGA ORDENANZA Nº 13, DE 1985",Normativa General y Otras Materias,https://www.bcn.cl/leychile/navegar?idNorma=231452,,,https://datos.bcn.cl/recurso/cl/orz/municipalidad-de-providencia/2004-10-18/21-exenta/datos.json
Providencia,13,Metropolitana de Santiago,BCN,22,2004-10-18,"MODIFICA ORDENANZA Nº 121, DE 1996",Normativa General y Otras Materias,https://www.bcn.cl/leychile/navegar?idNorma=231453,,,https://datos.bcn.cl/recurso/cl/orz/municipalidad-de-providencia/2004-10-18/22/datos.json
Providencia,13,Metropolitana de Santiago,BCN,23,2004-10-18,"MODIFICA ORDENANZA Nº 22, DE 2001",Normativa General y Otras Materias,https://www.bcn.cl/leychile/navegar?idNorma=231454,,,https://datos.bcn.cl/recurso/cl/orz/municipalidad-de-providencia/2004-10-18/23/datos.json
Providencia,13,Metropolitana de Santiago,BCN,20,2004-08-16,MODIFICA ORDENANZA LOCAL SOBRE DERECHOS MUNICIPALES,Derechos Municipales y Tarifas,https://www.bcn.cl/leychile/navegar?idNorma=229047,,,https://datos.bcn.cl/recurso/cl/orz/municipalidad-de-providencia/2004-08-16/20/datos.json
Providencia,13,Metropolitana de Santiago,BCN,19,2004-07-05,APRUEBA ORDENANZA PARA LA APLICACION DEL ARTICULO 8 DE LA LEY 19.925 SOBRE EXPENDIO Y CONSUMO DE BEBIDAS ALCOHOLICAS,"Comercio, Alcoholes y Patentes",https://www.bcn.cl/leychile/navegar?idNorma=227174,,,https://datos.bcn.cl/recurso/cl/orz/municipalidad-de-providencia/2004-07-05/19/datos.json
Providencia,13,Metropolitana de Santiago,BCN,18,2004-05-19,"MODIFICA ORDENANZA Nº 4, DE 2002, QUE FIJO EL TEXTO REFUNDIDO Y SISTEMATIZADO DE LA ORDENANZA SOBRE 'PUBLICIDAD Y PROPAGANDA'","Comercio, Alcoholes y Patentes",https://www.bcn.cl/leychile/navegar?idNorma=225420,,,https://datos.bcn.cl/recurso/cl/orz/municipalidad-de-providencia/2004-05-19/18/datos.json
Providencia,13,Metropolitana de Santiago,BCN,17,2004-04-07,"MODIFICA ORDENANZA Nº 22, DE 2001",Normativa General y Otras Materias,https://www.bcn.cl/leychile/navegar?idNorma=223439,,,https://datos.bcn.cl/recurso/cl/orz/municipalidad-de-providencia/2004-04-07/17/datos.json
Providencia,13,Metropolitana de Santiago,BCN,16,2004-02-17,FIJA ORDENANZA SOBRE FUNCIONAMIENTO DEL DEPOSITO MUNICIPAL DE VEHICULOS,Tránsito y Transporte,https://www.bcn.cl/leychile/navegar?idNorma=221295,,,https://datos.bcn.cl/recurso/cl/orz/municipalidad-de-providencia/2004-02-17/16/datos.json
Providencia,13,Metropolitana de Santiago,BCN,14,2004-02-09,"APRUEBA ORDENANZA COMUNAL SOBRE OCUPACION TRANSITORIA
DEL ESPACIO PUBLICO POR LA EJECUCION DE FAENAS",Tránsito y Transporte,https://www.bcn.cl/leychile/navegar?idNorma=221014,,,https://datos.bcn.cl/recurso/cl/orz/municipalidad-de-providencia/2004-02-09/14/datos.json
Providencia,13,Metropolitana de Santiago,BCN,15,2004-02-09,APRUEBA ORDENANZA DE REGISTROS DE PERSONAS JURIDICAS RECEPTORAS DE FONDOS PUBLICOS,Normativa General y Otras Materias,https://www.bcn.cl/leychile/navegar?idNorma=221015,,,https://datos.bcn.cl/recurso/cl/orz/municipalidad-de-providencia/2004-02-09/15/datos.json
Providencia,13,Metropolitana de Santiago,BCN,12,2003-12-31,MODIFICA ORDENANZA LOCAL SOBRE DERECHOS MUNICIPALES,Derechos Municipales y Tarifas,https://www.bcn.cl/leychile/navegar?idNorma=219621,,,https://datos.bcn.cl/recurso/cl/orz/municipalidad-de-providencia/2003-12-31/12/datos.json
Providencia,13,Metropolitana de Santiago,BCN,13,2003-12-31,"FIJA ORDENANZA SOBRE OBRAS DE CONSTRUCCION, RECONSTRUCCION, REPARACION, ALTERACION, AMPLIACION Y DEMOLICION DE EDIFICIOS Y OBRAS DE URBANIZACION","Aseo, Ornato y Medio Ambiente",https://www.bcn.cl/leychile/navegar?idNorma=219624,,,https://datos.bcn.cl/recurso/cl/orz/municipalidad-de-providencia/2003-12-31/13/datos.json
Providencia,13,Metropolitana de Santiago,BCN,11,2003-11-17,APRUEBA ORDENANZA DE COBRO DE DERECHO DE ASEO DOMICILIARIO PARA EL AÑO 2004,Derechos Municipales y Tarifas,https://www.bcn.cl/leychile/navegar?idNorma=217143,,,https://datos.bcn.cl/recurso/cl/orz/municipalidad-de-providencia/2003-11-17/11/datos.json
Providencia,13,Metropolitana de Santiago,BCN,10,2003-10-31,APRUEBA ORDENANZA QUE REGLAMENTA LA NUMERACION DE LOS INMUEBLES DE LA COMUNA,"Urbanismo, Obras y Edificación",https://www.bcn.cl/leychile/navegar?idNorma=216493,,,https://datos.bcn.cl/recurso/cl/orz/municipalidad-de-providencia/2003-10-31/10/datos.json
Providencia,13,Metropolitana de Santiago,BCN,9,2003-10-31,APRUEBA ORDENANZA SOBRE ESTACIONAMIENTOS CONTROLADOS EN LAS VIAS PUBLICAS DE LA COMUNA,Tránsito y Transporte,https://www.bcn.cl/leychile/navegar?idNorma=216492,,,https://datos.bcn.cl/recurso/cl/orz/municipalidad-de-providencia/2003-10-31/9/datos.json
Providencia,13,Metropolitana de Santiago,BCN,8,2003-10-17,APRUEBA ORDENANZA SOBRE PERMISOS Y CONCESIONES DE BIENES MUNICIPALES Y NACIONALES DE USO PUBLICO Y CONCESIONES DE SERVICIOS MUNICIPALES,Derechos Municipales y Tarifas,https://www.bcn.cl/leychile/navegar?idNorma=216023,,,https://datos.bcn.cl/recurso/cl/orz/municipalidad-de-providencia/2003-10-17/8/datos.json
Providencia,13,Metropolitana de Santiago,BCN,6,2003-10-02,"APRUEBA ORDENANZA SOBRE NOTIFICACIONES Y PUBLICACIONES DE RESOLUCIONES
MUNICIPALES",Normativa General y Otras Materias,https://www.bcn.cl/leychile/navegar?idNorma=215324,,,https://datos.bcn.cl/recurso/cl/orz/municipalidad-de-providencia/2003-10-02/6/datos.json
Providencia,13,Metropolitana de Santiago,BCN,5,2003-08-07,MODIFICA ORDENANZA SOBRE ESTACIONAMIENTO DE TAXIS,Tránsito y Transporte,https://www.bcn.cl/leychile/navegar?idNorma=213330,,,https://datos.bcn.cl/recurso/cl/orz/municipalidad-de-providencia/2003-08-07/5/datos.json
Providencia,13,Metropolitana de Santiago,BCN,2,2003-06-28,APRUEBA ORDENANZA SOBRE SUBVENCIONES MUNICIPALES,"Salud, Deporte y Desarrollo Social",https://www.bcn.cl/leychile/navegar?idNorma=211818,,,https://datos.bcn.cl/recurso/cl/orz/municipalidad-de-providencia/2003-06-28/2/datos.json
Providencia,13,Metropolitana de Santiago,BCN,3,2003-06-28,"MODIFICA ORDENANZA DE ORNATO Nº 1, DE 2002","Aseo, Ornato y Medio Ambiente",https://www.bcn.cl/leychile/navegar?idNorma=211822,,,https://datos.bcn.cl/recurso/cl/orz/municipalidad-de-providencia/2003-06-28/3/datos.json
Providencia,13,Metropolitana de Santiago,BCN,1,2003-05-12,"MODIFICA ORDENANZA DE ASEO Nº 18, DE 2001","Aseo, Ornato y Medio Ambiente",https://www.bcn.cl/leychile/navegar?idNorma=210174,,,https://datos.bcn.cl/recurso/cl/orz/municipalidad-de-providencia/2003-05-12/1/datos.json
Providencia,13,Metropolitana de Santiago,BCN,12,2002-12-14,"MODIFICA ORDENANZA Nº 22 DE 2001, QUE FIJA EL TEXTO REFUNDIDO Y SISTEMATIZADO DE LA ORDENANZA LOCAL SOBRE DERECHOS MUNICIPALES QUE RIGE PARA EL AÑO 2002",Derechos Municipales y Tarifas,https://www.bcn.cl/leychile/navegar?idNorma=205659,,,https://datos.bcn.cl/recurso/cl/orz/municipalidad-de-providencia/2002-12-14/12/datos.json
Providencia,13,Metropolitana de Santiago,BCN,10,2002-11-19,APRUEBA ORDENANZA DE COBRO DE DERECHO DE ASEO DOMICILIARIO PARA EL AÑO 2003,Derechos Municipales y Tarifas,https://www.bcn.cl/leychile/navegar?idNorma=204828,,,https://datos.bcn.cl/recurso/cl/orz/municipalidad-de-providencia/2002-11-19/10/datos.json
Providencia,13,Metropolitana de Santiago,BCN,11,2002-11-19,DICTA ORDENANZA PARA LA ADMINISTRACION DEL GIMNASIO SANTA ISABEL,Normativa General y Otras Materias,https://www.bcn.cl/leychile/navegar?idNorma=204829,,,https://datos.bcn.cl/recurso/cl/orz/municipalidad-de-providencia/2002-11-19/11/datos.json
Providencia,13,Metropolitana de Santiago,BCN,9,2002-10-04,"MODIFICA ORDENANZA Nº 22, DE 2001, SOBRE DERECHOS MUNICIPALES",Derechos Municipales y Tarifas,https://www.bcn.cl/leychile/navegar?idNorma=203160,,,https://datos.bcn.cl/recurso/cl/orz/municipalidad-de-providencia/2002-10-04/9/datos.json
Providencia,13,Metropolitana de Santiago,BCN,8,2002-07-22,"MODIFICA ORDENANZA Nº 2, DE 2000",Normativa General y Otras Materias,https://www.bcn.cl/leychile/navegar?idNorma=200636,,,https://datos.bcn.cl/recurso/cl/orz/municipalidad-de-providencia/2002-07-22/8/datos.json
Providencia,13,Metropolitana de Santiago,BCN,5,2002-05-16,DICTA ORDENANZA SOBRE SERVICIOS DE LA BIBLIOTECA MUNICIPAL,Normativa General y Otras Materias,https://www.bcn.cl/leychile/navegar?idNorma=198323,,,https://datos.bcn.cl/recurso/cl/orz/municipalidad-de-providencia/2002-05-16/5/datos.json
Providencia,13,Metropolitana de Santiago,BCN,6,2002-05-04,"MODIFICA ORDENANZA Nº 22, DE 2001, SOBRE DERECHOS MUNICIPALES",Derechos Municipales y Tarifas,https://www.bcn.cl/leychile/navegar?idNorma=197716,,,https://datos.bcn.cl/recurso/cl/orz/municipalidad-de-providencia/2002-05-04/6/datos.json
Providencia,13,Metropolitana de Santiago,BCN,3,2002-02-15,APRUEBA ORDENANZA PARA LA ADMINISTRACION Y ARRENDAMIENTO DE LOCALES Y PILASTRAS DEL MERCADO FUNCIONAL DE PROVIDENCIA,"Comercio, Alcoholes y Patentes",https://www.bcn.cl/leychile/navegar?idNorma=194632,,,https://datos.bcn.cl/recurso/cl/orz/municipalidad-de-providencia/2002-02-15/3/datos.json
Providencia,13,Metropolitana de Santiago,BCN,1,2002-02-05,"FIJA TEXTO REFUNDIDO Y MODIFICADO DE ""ORDENANZA DE
ORNATO""","Aseo, Ornato y Medio Ambiente",https://www.bcn.cl/leychile/navegar?idNorma=194385,,,https://datos.bcn.cl/recurso/cl/orz/municipalidad-de-providencia/2002-02-05/1/datos.json
Providencia,13,Metropolitana de Santiago,BCN,2,2002-02-02,"MODIFICA ORDENANZA Nº 4, DE 2000, SOBRE PUBLICIDAD Y PROPAGANDA","Comercio, Alcoholes y Patentes",https://www.bcn.cl/leychile/navegar?idNorma=194336,,,https://datos.bcn.cl/recurso/cl/orz/municipalidad-de-providencia/2002-02-02/2/datos.json
Providencia,13,Metropolitana de Santiago,BCN,23,2002-02-02,"RECTIFICA ORDENANZA Nº 21, DE 2001",Normativa General y Otras Materias,https://www.bcn.cl/leychile/navegar?idNorma=194337,,,https://datos.bcn.cl/recurso/cl/orz/municipalidad-de-providencia/2002-02-02/23/datos.json
Providencia,13,Metropolitana de Santiago,BCN,21,2001-12-29,"MODIFICA ORDENANZA Nº 17, DE 2001",Normativa General y Otras Materias,https://www.bcn.cl/leychile/navegar?idNorma=193338,,,https://datos.bcn.cl/recurso/cl/orz/municipalidad-de-providencia/2001-12-29/21/datos.json
Providencia,13,Metropolitana de Santiago,BCN,19,2001-12-03,MODIFICA ORDENANZA SOBRE INSTALACION DE MESAS EN BIEN NACIONAL DE USO PUBLICO,"Urbanismo, Obras y Edificación",https://www.bcn.cl/leychile/navegar?idNorma=192148,,,https://datos.bcn.cl/recurso/cl/orz/municipalidad-de-providencia/2001-12-03/19/datos.json
Providencia,13,Metropolitana de Santiago,BCN,15,2001-11-03,APRUEBA ORDENANZA DE COBRO DE DERECHO DE ASEO DOMICILIARIO PARA EL AÑO 2002,Derechos Municipales y Tarifas,https://www.bcn.cl/leychile/navegar?idNorma=191264,,,https://datos.bcn.cl/recurso/cl/orz/municipalidad-de-providencia/2001-11-03/15/datos.json
Providencia,13,Metropolitana de Santiago,BCN,16,2001-11-03,APRUEBA ORDENANZA SOBRE INSTALACION DE MESAS EN BIEN NACIONAL DE USO PUBLICO,"Urbanismo, Obras y Edificación",https://www.bcn.cl/leychile/navegar?idNorma=191265,,,https://datos.bcn.cl/recurso/cl/orz/municipalidad-de-providencia/2001-11-03/16/datos.json
Providencia,13,Metropolitana de Santiago,BCN,14,2001-10-29,"MODIFICA ORDENANZA Nº 14, DE 2000",Normativa General y Otras Materias,https://www.bcn.cl/leychile/navegar?idNorma=190992,,,https://datos.bcn.cl/recurso/cl/orz/municipalidad-de-providencia/2001-10-29/14/datos.json
Providencia,13,Metropolitana de Santiago,BCN,11,2001-10-26,FIJA ORDENANZA SOBRE CONDICIONES NECESARIAS PARA LA FIJACION DE TARIFAS DEL SERVICIO DOMICILIARIO POR EXTRACCION DE BASURAS Y EXENCIONES TOTAL Y PARCIAL,Derechos Municipales y Tarifas,https://www.bcn.cl/leychile/navegar?idNorma=190930,,,https://datos.bcn.cl/recurso/cl/orz/municipalidad-de-providencia/2001-10-26/11/datos.json
Providencia,13,Metropolitana de Santiago,BCN,13,2001-10-26,"MODIFICA ORDENANZA Nº 4, DE 1997",Normativa General y Otras Materias,https://www.bcn.cl/leychile/navegar?idNorma=190931,,,https://datos.bcn.cl/recurso/cl/orz/municipalidad-de-providencia/2001-10-26/13/datos.json
Providencia,13,Metropolitana de Santiago,BCN,12,2001-10-19,APRUEBA ORDENANZA SOBRE PROHIBICION DE ESTACIONAMIENTO EN AREA PROTEGIDA,Tránsito y Transporte,https://www.bcn.cl/leychile/navegar?idNorma=190794,,,https://datos.bcn.cl/recurso/cl/orz/municipalidad-de-providencia/2001-10-19/12/datos.json
Providencia,13,Metropolitana de Santiago,BCN,10,2001-09-08,"MODIFICA ORDENANZA Nº 6, DE 2001",Normativa General y Otras Materias,https://www.bcn.cl/leychile/navegar?idNorma=189208,,,https://datos.bcn.cl/recurso/cl/orz/municipalidad-de-providencia/2001-09-08/10/datos.json
Providencia,13,Metropolitana de Santiago,BCN,9,2001-09-08,APRUEBA ORDENANZA SOBRE INSTALACION DE MESAS Y TOLDOS EN PASEO PEATONAL GENERAL HOLLEY,"Aseo, Ornato y Medio Ambiente",https://www.bcn.cl/leychile/navegar?idNorma=189207,,,https://datos.bcn.cl/recurso/cl/orz/municipalidad-de-providencia/2001-09-08/9/datos.json
Providencia,13,Metropolitana de Santiago,BCN,7,2001-06-28,"MODIFICA ORDENANZA Nº 14, DE 2000",Normativa General y Otras Materias,https://www.bcn.cl/leychile/navegar?idNorma=187016,,,https://datos.bcn.cl/recurso/cl/orz/municipalidad-de-providencia/2001-06-28/7/datos.json
Providencia,13,Metropolitana de Santiago,BCN,6,2001-05-31,DICTA ORDENANZA SOBRE CONDICIONES NECESARIAS PARA LA FIJACION DE TARIFAS DEL SERVICIO DOMICILIARIO POR EXTRACCION DE BASURAS Y EXENCIONES TOTAL Y PARCIAL,Derechos Municipales y Tarifas,https://www.bcn.cl/leychile/navegar?idNorma=185753,,,https://datos.bcn.cl/recurso/cl/orz/municipalidad-de-providencia/2001-05-31/6/datos.json
Providencia,13,Metropolitana de Santiago,BCN,4,2001-05-03,"MODIFICA ORDENANZA Nº 14, DE 2000",Normativa General y Otras Materias,https://www.bcn.cl/leychile/navegar?idNorma=184794,,,https://datos.bcn.cl/recurso/cl/orz/municipalidad-de-providencia/2001-05-03/4/datos.json
Providencia,13,Metropolitana de Santiago,BCN,3,2001-04-27,RECTIFICA ORDENANZA LOCAL SOBRE DERECHOS MUNICIPALES 2001,Derechos Municipales y Tarifas,https://www.bcn.cl/leychile/navegar?idNorma=184604,,,https://datos.bcn.cl/recurso/cl/orz/municipalidad-de-providencia/2001-04-27/3/datos.json
Providencia,13,Metropolitana de Santiago,BCN,2,2001-03-21,"MODIFICA ORDENANZA Nº 4, DE 2000",Normativa General y Otras Materias,https://www.bcn.cl/leychile/navegar?idNorma=183041,,,https://datos.bcn.cl/recurso/cl/orz/municipalidad-de-providencia/2001-03-21/2/datos.json
Providencia,13,Metropolitana de Santiago,BCN,12,2000-12-26,"PRORROGA HASTA EL 15 DE ABRIL DE 2001 LA SUSPENSION DE LA APLICACION DEL ARTICULO 7º DE LA ORDENANZA Nº 3, DE 14 DE 2000",Normativa General y Otras Materias,https://www.bcn.cl/leychile/navegar?idNorma=179451,,,https://datos.bcn.cl/recurso/cl/orz/municipalidad-de-providencia/2000-12-26/12/datos.json
Providencia,13,Metropolitana de Santiago,BCN,11,2000-12-22,"MODIFICA ORDENANZA Nº 9, DE 1999, SOBRE DERECHOS MUNICIPALES",Derechos Municipales y Tarifas,https://www.bcn.cl/leychile/navegar?idNorma=179413,,,https://datos.bcn.cl/recurso/cl/orz/municipalidad-de-providencia/2000-12-22/11/datos.json
Providencia,13,Metropolitana de Santiago,BCN,10,2000-11-22,APRUEBA ORDENANZA DE COBRO DE DERECHO DE ASEO DOMICILIARIO PARA EL AÑO 2001,Derechos Municipales y Tarifas,https://www.bcn.cl/leychile/navegar?idNorma=178092,,,https://datos.bcn.cl/recurso/cl/orz/municipalidad-de-providencia/2000-11-22/10/datos.json
Providencia,13,Metropolitana de Santiago,BCN,9,2000-08-12,"MODIFICA ORDENANZA Nº 4, DE 2000",Normativa General y Otras Materias,https://www.bcn.cl/leychile/navegar?idNorma=174211,,,https://datos.bcn.cl/recurso/cl/orz/municipalidad-de-providencia/2000-08-12/9/datos.json
Providencia,13,Metropolitana de Santiago,BCN,8,2000-08-11,"MODIFICA ORDENANZA NUMERO 9, DE 1999",Normativa General y Otras Materias,https://www.bcn.cl/leychile/navegar?idNorma=174138,,,https://datos.bcn.cl/recurso/cl/orz/municipalidad-de-providencia/2000-08-11/8/datos.json
Providencia,13,Metropolitana de Santiago,BCN,6,2000-07-14,"MODIFICA ORDENANZA Nº 9, DE 1999",Normativa General y Otras Materias,https://www.bcn.cl/leychile/navegar?idNorma=172377,,,https://datos.bcn.cl/recurso/cl/orz/municipalidad-de-providencia/2000-07-14/6/datos.json
Providencia,13,Metropolitana de Santiago,BCN,5,2000-07-08,"MODIFICA ORDENANZA Nº 9, DE 1999",Normativa General y Otras Materias,https://www.bcn.cl/leychile/navegar?idNorma=172174,,,https://datos.bcn.cl/recurso/cl/orz/municipalidad-de-providencia/2000-07-08/5/datos.json
Providencia,13,Metropolitana de Santiago,BCN,7,2000-07-08,"SUSPENDE HASTA FECHA QUE SEÑALA APLICACION DEL ARTICULO 7º DE LA ORDENANZA Nº 3, DE 2000",Normativa General y Otras Materias,https://www.bcn.cl/leychile/navegar?idNorma=172175,,,https://datos.bcn.cl/recurso/cl/orz/municipalidad-de-providencia/2000-07-08/7/datos.json
Providencia,13,Metropolitana de Santiago,BCN,4,2000-05-31,APRUEBA ORDENANZA SOBRE PUBLICIDAD Y PROPAGANDA,"Comercio, Alcoholes y Patentes",https://www.bcn.cl/leychile/navegar?idNorma=169639,,,https://datos.bcn.cl/recurso/cl/orz/municipalidad-de-providencia/2000-05-31/4/datos.json
Providencia,13,Metropolitana de Santiago,BCN,2,2000-05-08,"DICTA ORDENANZA COMUNAL SOBRE ACTIVIDAD COMERCIAL, DE ALCOHOLES, INDUSTRIAL, PROFESIONAL Y DE SERVICIOS","Comercio, Alcoholes y Patentes",https://www.bcn.cl/leychile/navegar?idNorma=168187,,,https://datos.bcn.cl/recurso/cl/orz/municipalidad-de-providencia/2000-05-08/2/datos.json
Providencia,13,Metropolitana de Santiago,BCN,3,2000-03-29,DICTA ORDENANZA SOBRE INSTALACION DE LINEAS DISTRIBUIDORAS DE ENERGIA ELECTRICA Y DE TELECOMUNICACIONES,Tránsito y Transporte,https://www.bcn.cl/leychile/navegar?idNorma=162858,,,https://datos.bcn.cl/recurso/cl/orz/municipalidad-de-providencia/2000-03-29/3/datos.json
Providencia,13,Metropolitana de Santiago,BCN,8,1999-11-11,APRUEBA ORDENANZA DE PARTICIPACION CIUDADANA,Organización y Régimen Interno,https://www.bcn.cl/leychile/navegar?idNorma=147349,,,https://datos.bcn.cl/recurso/cl/orz/municipalidad-de-providencia/1999-11-11/8/datos.json
Providencia,13,Metropolitana de Santiago,BCN,5,1999-10-05,APRUEBA ORDENANZA SOBRE CIERRE DE CALLES O PASAJES PUBLICOS CIEGOS,Seguridad y Convivencia,https://www.bcn.cl/leychile/navegar?idNorma=144688,,,https://datos.bcn.cl/recurso/cl/orz/municipalidad-de-providencia/1999-10-05/5/datos.json
Providencia,13,Metropolitana de Santiago,BCN,4,1999-08-23,"MODIFICA ORDENANZA Nº 88, DE 1995",Normativa General y Otras Materias,https://www.bcn.cl/leychile/navegar?idNorma=141015,,,https://datos.bcn.cl/recurso/cl/orz/municipalidad-de-providencia/1999-08-23/4/datos.json
Providencia,13,Metropolitana de Santiago,BCN,3,1999-08-09,MODIFICA ORDENANZA LOCAL SOBRE DERECHOS MUNICIPALES PARA AÑO 1999,Derechos Municipales y Tarifas,https://www.bcn.cl/leychile/navegar?idNorma=140282,,,https://datos.bcn.cl/recurso/cl/orz/municipalidad-de-providencia/1999-08-09/3/datos.json
Providencia,13,Metropolitana de Santiago,BCN,2,1999-06-16,"MODIFICA ORDENANZA COMUNAL SOBRE LA ACTIVIDAD COMERCIAL, INDUSTRIAL, DE SERVICIOS Y PUBLICITARIA","Comercio, Alcoholes y Patentes",https://www.bcn.cl/leychile/navegar?idNorma=137791,,,https://datos.bcn.cl/recurso/cl/orz/municipalidad-de-providencia/1999-06-16/2/datos.json
Providencia,13,Metropolitana de Santiago,BCN,7,1998-08-20,DEROGA ORDENANZA QUE INDICA,Normativa General y Otras Materias,https://www.bcn.cl/leychile/navegar?idNorma=123249,,,https://datos.bcn.cl/recurso/cl/orz/municipalidad-de-providencia/1998-08-20/7/datos.json
Providencia,13,Metropolitana de Santiago,BCN,6,1998-06-22,APRUEBA ORDENANZA SOBRE NOTIFICACIONES Y PUBLICACIONES DE RESOLUCIONES MUNICIPALES,Normativa General y Otras Materias,https://www.bcn.cl/leychile/navegar?idNorma=120358,,,https://datos.bcn.cl/recurso/cl/orz/municipalidad-de-providencia/1998-06-22/6/datos.json
Providencia,13,Metropolitana de Santiago,BCN,5,1998-05-15,"MODIFICA ORDENANZA COMUNAL SOBRE ACTIVIDAD COMERCIAL, INDUSTRIAL, DE SERVICIOS Y PUBLICITARIA","Comercio, Alcoholes y Patentes",https://www.bcn.cl/leychile/navegar?idNorma=99076,,,https://datos.bcn.cl/recurso/cl/orz/municipalidad-de-providencia/1998-05-15/5/datos.json
Providencia,13,Metropolitana de Santiago,BCN,2,1998-04-24,"DICTA ORDENANZA PARA LA INSTALACION DE TORRES, ANTENAS Y PARABOLAS PARA CUALQUIER TIPO DE TELECOMUNICACIONES","Urbanismo, Obras y Edificación",https://www.bcn.cl/leychile/navegar?idNorma=98406,,,https://datos.bcn.cl/recurso/cl/orz/municipalidad-de-providencia/1998-04-24/2/datos.json
Providencia,13,Metropolitana de Santiago,BCN,3,1998-04-24,"MODIFICA ORDENANZA COMUNAL SOBRE ACTIVIDAD COMERCIAL, INDUSTRIAL, DE SERVICIOS Y PUBLICITARIA","Comercio, Alcoholes y Patentes",https://www.bcn.cl/leychile/navegar?idNorma=98410,,,https://datos.bcn.cl/recurso/cl/orz/municipalidad-de-providencia/1998-04-24/3/datos.json
Providencia,13,Metropolitana de Santiago,BCN,4,1998-04-24,FIJA ORDENANZA QUE REGLAMENTA LA INSTALACION DE LINEAS DISTRIBUIDORAS DE ENERGIA ELECTRICA Y TRANSMISORAS DE SEÑALES EN PROVIDENCIA,Tránsito y Transporte,https://www.bcn.cl/leychile/navegar?idNorma=98411,,,https://datos.bcn.cl/recurso/cl/orz/municipalidad-de-providencia/1998-04-24/4/datos.json
Providencia,13,Metropolitana de Santiago,BCN,1,1998-03-18,MODIFICA ORDENANZA QUE REGLAMENTA LA INSTALACION DE LINEAS DISTRIBUIDORAS DE ENERGIA ELECTRICA Y TRANSMISORAS DE SEÑALES,Tránsito y Transporte,https://www.bcn.cl/leychile/navegar?idNorma=97277,,,https://datos.bcn.cl/recurso/cl/orz/municipalidad-de-providencia/1998-03-18/1/datos.json
Providencia,13,Metropolitana de Santiago,BCN,11,1997-12-29,DICTA ORDENANZA LOCAL SOBRE DERECHOS MUNICIPALES AÑO 1998,Derechos Municipales y Tarifas,https://www.bcn.cl/leychile/navegar?idNorma=87297,,,https://datos.bcn.cl/recurso/cl/orz/municipalidad-de-providencia/1997-12-29/11/datos.json
Providencia,13,Metropolitana de Santiago,BCN,10,1997-12-18,MODIFICA ORDENANZA QUE REGLAMENTA INSTALACION DE LINEAS DISTRIBUIDORAS DE ENERGIA ELECTRICA Y TRANSMISORAS DE SEÑALES,Tránsito y Transporte,https://www.bcn.cl/leychile/navegar?idNorma=82835,,,https://datos.bcn.cl/recurso/cl/orz/municipalidad-de-providencia/1997-12-18/10/datos.json
Providencia,13,Metropolitana de Santiago,BCN,8,1997-12-09,APRUEBA ORDENANZA DE COBRO DE DERECHO DE ASEO DOMICILIARIO PARA EL AÑO 1998,Derechos Municipales y Tarifas,https://www.bcn.cl/leychile/navegar?idNorma=81741,,,https://datos.bcn.cl/recurso/cl/orz/municipalidad-de-providencia/1997-12-09/8/datos.json
Providencia,13,Metropolitana de Santiago,BCN,9,1997-12-04,MODIFICA ORDENANZA LOCAL SOBRE DERECHOS MUNICIPALES AÑO 1997,Derechos Municipales y Tarifas,https://www.bcn.cl/leychile/navegar?idNorma=80654,,,https://datos.bcn.cl/recurso/cl/orz/municipalidad-de-providencia/1997-12-04/9/datos.json
Providencia,13,Metropolitana de Santiago,BCN,7,1997-09-27,MODIFICA Y REFUNDE ORDENANZA SOBRE ESTACIONAMIENTO DE TAXIS,Tránsito y Transporte,https://www.bcn.cl/leychile/navegar?idNorma=75848,,,https://datos.bcn.cl/recurso/cl/orz/municipalidad-de-providencia/1997-09-27/7/datos.json
Providencia,13,Metropolitana de Santiago,BCN,4,1997-09-16,REEMPLAZA ORDENANZA DE ASEO DE LA COMUNA,"Aseo, Ornato y Medio Ambiente",https://www.bcn.cl/leychile/navegar?idNorma=190948,,,https://datos.bcn.cl/recurso/cl/orz/municipalidad-de-providencia/1997-09-16/4/datos.json
Providencia,13,Metropolitana de Santiago,BCN,5,1997-09-16,"MODIFICA ORDENANZA SOBRE ACTIVIDAD COMERCIAL, INDUSTRIAL, DE SERVICIOS Y PUBLICITARIA","Comercio, Alcoholes y Patentes",https://www.bcn.cl/leychile/navegar?idNorma=75685,,,https://datos.bcn.cl/recurso/cl/orz/municipalidad-de-providencia/1997-09-16/5/datos.json
Providencia,13,Metropolitana de Santiago,BCN,6,1997-09-16,MODIFICA ORDENANZA LOCAL SOBRE DERECHOS MUNICIPALES AÑO 1997,Derechos Municipales y Tarifas,https://www.bcn.cl/leychile/navegar?idNorma=75683,,,https://datos.bcn.cl/recurso/cl/orz/municipalidad-de-providencia/1997-09-16/6/datos.json
Providencia,13,Metropolitana de Santiago,BCN,6,1997-09-10,MODIFICA ORDENANZA LOCAL SOBRE DERECHOS MUNICIPALES,Derechos Municipales y Tarifas,https://www.bcn.cl/leychile/navegar?idNorma=75625,,,https://datos.bcn.cl/recurso/cl/orz/municipalidad-de-providencia/1997-09-10/6/datos.json
Providencia,13,Metropolitana de Santiago,BCN,3,1997-09-06,MODIFICA ORDENANZA SOBRE ESTACIONAMIENTOS RESERVADOS PARA VEHICULOS,Tránsito y Transporte,https://www.bcn.cl/leychile/navegar?idNorma=75581,,,https://datos.bcn.cl/recurso/cl/orz/municipalidad-de-providencia/1997-09-06/3/datos.json
Providencia,13,Metropolitana de Santiago,BCN,6,1997-09-06,MODIFICA ORDENANZA SOBRE DERECHOS MUNICIPALES AÑO 1997,Derechos Municipales y Tarifas,https://www.bcn.cl/leychile/navegar?idNorma=75582,,,https://datos.bcn.cl/recurso/cl/orz/municipalidad-de-providencia/1997-09-06/6/datos.json
Providencia,13,Metropolitana de Santiago,BCN,2,1997-06-09,MODIFICA ORDENANZA LOCAL SOBRE DERECHOS MUNICIPALES AÑO 1997,Derechos Municipales y Tarifas,https://www.bcn.cl/leychile/navegar?idNorma=73452,,,https://datos.bcn.cl/recurso/cl/orz/municipalidad-de-providencia/1997-06-09/2/datos.json
Providencia,13,Metropolitana de Santiago,BCN,1,1997-05-16,APRUEBA ORDENANZA SOBRE ESTACIONAMIENTOS RESERVADOS PARA DISCAPACITADOS,Tránsito y Transporte,https://www.bcn.cl/leychile/navegar?idNorma=71373,,,https://datos.bcn.cl/recurso/cl/orz/municipalidad-de-providencia/1997-05-16/1/datos.json
Providencia,13,Metropolitana de Santiago,BCN,125,1996-12-31,"MODIFICA ORDENANZA COMUNAL SOBRE LA ACTIVIDAD COMERCIAL, INDUSTRIAL, DE SERVICIOS Y PUBLICITARIA","Comercio, Alcoholes y Patentes",https://www.bcn.cl/leychile/navegar?idNorma=31128,,,https://datos.bcn.cl/recurso/cl/orz/municipalidad-de-providencia/1996-12-31/125/datos.json
Providencia,13,Metropolitana de Santiago,BCN,122,1996-12-18,ORDENANZA SOBRE NORMAS SANITARIAS BASICAS,Normativa General y Otras Materias,https://www.bcn.cl/leychile/navegar?idNorma=31126,,,https://datos.bcn.cl/recurso/cl/orz/municipalidad-de-providencia/1996-12-18/122/datos.json
Providencia,13,Metropolitana de Santiago,BCN,123,1996-12-18,FIJA TEXTO REFUNDIDO Y ADECUADO DE 'ORDENANZA QUE REGLAMENTA INSTALACION DE LINEAS DISTRIBUIDORAS DE ENERGIA ELECTRICA Y TRANSMISORAS DE SEÑALES',Tránsito y Transporte,https://www.bcn.cl/leychile/navegar?idNorma=31127,,,https://datos.bcn.cl/recurso/cl/orz/municipalidad-de-providencia/1996-12-18/123/datos.json
Providencia,13,Metropolitana de Santiago,BCN,119,1996-12-17,DICTA ORDENANZA LOCAL SOBRE DERECHOS MUNICIPALES AÑO 1997,Derechos Municipales y Tarifas,https://www.bcn.cl/leychile/navegar?idNorma=31123,,,https://datos.bcn.cl/recurso/cl/orz/municipalidad-de-providencia/1996-12-17/119/datos.json
Providencia,13,Metropolitana de Santiago,BCN,121,1996-12-17,FIJA TEXTO REFUNDIDO DE ORDENANZA SOBRE RUIDOS MOLESTOS EN LA COMUNA DE PROVIDENCIA,"Aseo, Ornato y Medio Ambiente",https://www.bcn.cl/leychile/navegar?idNorma=31125,,,https://datos.bcn.cl/recurso/cl/orz/municipalidad-de-providencia/1996-12-17/121/datos.json
Providencia,13,Metropolitana de Santiago,BCN,120,1996-12-09,DEROGA ORDENANZAS QUE INDICA,Normativa General y Otras Materias,https://www.bcn.cl/leychile/navegar?idNorma=31124,,,https://datos.bcn.cl/recurso/cl/orz/municipalidad-de-providencia/1996-12-09/120/datos.json
Providencia,13,Metropolitana de Santiago,BCN,124,1996-12-09,"MODIFICA ORDENANZA N° 108, DE 1996",Normativa General y Otras Materias,https://www.bcn.cl/leychile/navegar?idNorma=2255,,,https://datos.bcn.cl/recurso/cl/orz/municipalidad-de-providencia/1996-12-09/124/datos.json
Providencia,13,Metropolitana de Santiago,BCN,117,1996-12-03,MODIFICA ORDENANZA QUE REGLAMENTA INSTALACION DE LINEAS DISTRIBUIDORAS DE ENERGIA ELECTRICA Y TRANSMISORAS DE SEÑALES,Tránsito y Transporte,https://www.bcn.cl/leychile/navegar?idNorma=31122,,,https://datos.bcn.cl/recurso/cl/orz/municipalidad-de-providencia/1996-12-03/117/datos.json
Providencia,13,Metropolitana de Santiago,BCN,113,1996-11-07,APRUEBA ORDENANZA DE COBRO DE DERECHO DE ASEO DOMICILIARIO,Derechos Municipales y Tarifas,https://www.bcn.cl/leychile/navegar?idNorma=31121,,,https://datos.bcn.cl/recurso/cl/orz/municipalidad-de-providencia/1996-11-07/113/datos.json
Providencia,13,Metropolitana de Santiago,BCN,109,1996-09-05,LIMITA TIEMPO Y FIJA TARIFA DE ESTACIONAMIENTO DE VEHICULOS EN LUGARES QUE INDICA,Derechos Municipales y Tarifas,https://www.bcn.cl/leychile/navegar?idNorma=31118,,,https://datos.bcn.cl/recurso/cl/orz/municipalidad-de-providencia/1996-09-05/109/datos.json
Providencia,13,Metropolitana de Santiago,BCN,108,1996-08-31,DEJA SIN EFECTO ORDENANZA SOBRE LIMITE HORARIO PARA ESTACIONAMIENTO DE VEHICULOS Y APRUEBA ORDENANZA SOBRE ESTACIONAMIENTOS CONTROLADOS POR PARQUIMETROS,Tránsito y Transporte,https://www.bcn.cl/leychile/navegar?idNorma=31117,,,https://datos.bcn.cl/recurso/cl/orz/municipalidad-de-providencia/1996-08-31/108/datos.json
Providencia,13,Metropolitana de Santiago,BCN,107,1996-08-30,MODIFICA ORDENANZA SOBRE RUIDOS MOLESTOS,"Aseo, Ornato y Medio Ambiente",https://www.bcn.cl/leychile/navegar?idNorma=31116,,,https://datos.bcn.cl/recurso/cl/orz/municipalidad-de-providencia/1996-08-30/107/datos.json
Providencia,13,Metropolitana de Santiago,BCN,106,1996-08-17,MODIFICA ORDENANZA SOBRE NORMAS SANITARIAS BASICAS,Normativa General y Otras Materias,https://www.bcn.cl/leychile/navegar?idNorma=31115,,,https://datos.bcn.cl/recurso/cl/orz/municipalidad-de-providencia/1996-08-17/106/datos.json
Providencia,13,Metropolitana de Santiago,BCN,100,1996-04-08,MODIFICA ORDENANZA LOCAL SOBRE DERECHOS MUNICIPALES AÑO 1996,Derechos Municipales y Tarifas,https://www.bcn.cl/leychile/navegar?idNorma=31114,,,https://datos.bcn.cl/recurso/cl/orz/municipalidad-de-providencia/1996-04-08/100/datos.json
Providencia,13,Metropolitana de Santiago,BCN,94,1996-01-05,"MODIFICA ORDENANZA N° 90, DE 1995",Normativa General y Otras Materias,https://www.bcn.cl/leychile/navegar?idNorma=31112,,,https://datos.bcn.cl/recurso/cl/orz/municipalidad-de-providencia/1996-01-05/94/datos.json
Providencia,13,Metropolitana de Santiago,BCN,90,1995-12-19,ORDENANZA LOCAL SOBRE DERECHOS MUNICIPALES AÑO 1996,Derechos Municipales y Tarifas,https://www.bcn.cl/leychile/navegar?idNorma=31109,,,https://datos.bcn.cl/recurso/cl/orz/municipalidad-de-providencia/1995-12-19/90/datos.json
Providencia,13,Metropolitana de Santiago,BCN,91,1995-12-14,"MODIFICA ORDENANZA COMUNAL SOBRE ACTIVIDAD COMERCIAL, INDUSTRIAL, DE SERVICIOS Y PUBLICITARIA","Comercio, Alcoholes y Patentes",https://www.bcn.cl/leychile/navegar?idNorma=31110,,,https://datos.bcn.cl/recurso/cl/orz/municipalidad-de-providencia/1995-12-14/91/datos.json
Providencia,13,Metropolitana de Santiago,BCN,89,1995-12-04,APRUEBA ORDENANZA DE COBRO DE DERECHO DE ASEO DOMICILIARIO ANUAL PARA EL AÑO 1996,Derechos Municipales y Tarifas,https://www.bcn.cl/leychile/navegar?idNorma=31108,,,https://datos.bcn.cl/recurso/cl/orz/municipalidad-de-providencia/1995-12-04/89/datos.json
Providencia,13,Metropolitana de Santiago,BCN,88,1995-11-30,APRUEBA ORDENANZA LOCAL SOBRE CONDICIONES NECESARIAS PARA LA FIJACION DE TARIFAS DEL SERVICIO DOMICILIARIO POR EXTRACCION DE BASURAS Y EXENCIONES TOTAL Y PARCIAL,Derechos Municipales y Tarifas,https://www.bcn.cl/leychile/navegar?idNorma=31107,,,https://datos.bcn.cl/recurso/cl/orz/municipalidad-de-providencia/1995-11-30/88/datos.json
Providencia,13,Metropolitana de Santiago,BCN,85,1995-09-16,"MODIFICA ORDENANZA COMUNAL SOBRE LA ACTIVIDAD COMERCIAL, INDUSTRIAL, DE SERVICIOS Y PUBLICITARIA","Comercio, Alcoholes y Patentes",https://www.bcn.cl/leychile/navegar?idNorma=171986,,,https://datos.bcn.cl/recurso/cl/orz/municipalidad-de-providencia/1995-09-16/85/datos.json
Providencia,13,Metropolitana de Santiago,BCN,84,1995-07-11,MODIFICA ORDENANZA QUE REGLAMENTA INSTALACION DE LINEAS DISTRIBUIDORAS DE ENERGIA ELECTRICA Y TRANSMISORAS DE SEÑALES,Tránsito y Transporte,https://www.bcn.cl/leychile/navegar?idNorma=31106,,,https://datos.bcn.cl/recurso/cl/orz/municipalidad-de-providencia/1995-07-11/84/datos.json
Providencia,13,Metropolitana de Santiago,BCN,78,1995-04-21,MODIFICA ORDENANZA LOCAL SOBRE DERECHOS MUNICIPALES,Derechos Municipales y Tarifas,https://www.bcn.cl/leychile/navegar?idNorma=31105,,,https://datos.bcn.cl/recurso/cl/orz/municipalidad-de-providencia/1995-04-21/78/datos.json
Providencia,13,Metropolitana de Santiago,BCN,77,1995-01-30,MODIFICA ORDENANZA LOCAL SOBRE DERECHOS MUNICIPALES,Derechos Municipales y Tarifas,https://www.bcn.cl/leychile/navegar?idNorma=31104,,,https://datos.bcn.cl/recurso/cl/orz/municipalidad-de-providencia/1995-01-30/77/datos.json
Providencia,13,Metropolitana de Santiago,BCN,76,1995-01-04,ORDENANZA LOCAL SOBRE DERECHOS MUNICIPALES AÑO 1995,Derechos Municipales y Tarifas,https://www.bcn.cl/leychile/navegar?idNorma=31103,,,https://datos.bcn.cl/recurso/cl/orz/municipalidad-de-providencia/1995-01-04/76/datos.json
Providencia,13,Metropolitana de Santiago,BCN,72,1994-12-14,DICTA ORDENANZA SOBRE OCUPACION TRANSITORIA DEL ESPACIO PUBLICO,Tránsito y Transporte,https://www.bcn.cl/leychile/navegar?idNorma=31101,,,https://datos.bcn.cl/recurso/cl/orz/municipalidad-de-providencia/1994-12-14/72/datos.json
Providencia,13,Metropolitana de Santiago,BCN,71,1994-11-24,APRUEBA ORDENANZA DE COBRO DE DERECHO DE ASEO DOMICILIARIO ANUAL PARA EL AÑO 1995,Derechos Municipales y Tarifas,https://www.bcn.cl/leychile/navegar?idNorma=31100,,,https://datos.bcn.cl/recurso/cl/orz/municipalidad-de-providencia/1994-11-24/71/datos.json
Providencia,13,Metropolitana de Santiago,BCN,67,1994-07-12,REGLAMENTA DESTINACION Y CAMBIOS DE DESTINO DE INMUEBLES QUE INDICA,"Urbanismo, Obras y Edificación",https://www.bcn.cl/leychile/navegar?idNorma=31096,,,https://datos.bcn.cl/recurso/cl/orz/municipalidad-de-providencia/1994-07-12/67/datos.json
Providencia,13,Metropolitana de Santiago,BCN,63,1994-05-26,MODIFICA ORDENANZA SOBRE NORMAS SANITARIAS BASICAS,Normativa General y Otras Materias,https://www.bcn.cl/leychile/navegar?idNorma=31090,,,https://datos.bcn.cl/recurso/cl/orz/municipalidad-de-providencia/1994-05-26/63/datos.json
Providencia,13,Metropolitana de Santiago,BCN,62,1994-05-07,REGLAMENTA EL ESTACIONAMIENTO DE TAXIS EN LA COMUNA,Tránsito y Transporte,https://www.bcn.cl/leychile/navegar?idNorma=31088,,,https://datos.bcn.cl/recurso/cl/orz/municipalidad-de-providencia/1994-05-07/62/datos.json
Providencia,13,Metropolitana de Santiago,BCN,60,1994-01-10,DICTA ORDENANZA LOCAL SOBRE DERECHOS MUNICIPALES,Derechos Municipales y Tarifas,https://www.bcn.cl/leychile/navegar?idNorma=31086,,,https://datos.bcn.cl/recurso/cl/orz/municipalidad-de-providencia/1994-01-10/60/datos.json
Providencia,13,Metropolitana de Santiago,BCN,38,1993-01-11,DICTA ORDENANZA LOCAL SOBRE DERECHOS MUNICIPALES,Derechos Municipales y Tarifas,https://www.bcn.cl/leychile/navegar?idNorma=31066,,,https://datos.bcn.cl/recurso/cl/orz/municipalidad-de-providencia/1993-01-11/38/datos.json
Providencia,13,Metropolitana de Santiago,BCN,29,1992-07-18,MODIFICA ORDENANZA LOCAL SOBRE DERECHOS MUNICIPALES,Derechos Municipales y Tarifas,https://www.bcn.cl/leychile/navegar?idNorma=85821,,,https://datos.bcn.cl/recurso/cl/orz/municipalidad-de-providencia/1992-07-18/29/datos.json
Providencia,13,Metropolitana de Santiago,BCN,18,1992-01-16,ORDENANZA LOCAL SOBRE DERECHOS MUNICIPALES,Derechos Municipales y Tarifas,https://www.bcn.cl/leychile/navegar?idNorma=86406,,,https://datos.bcn.cl/recurso/cl/orz/municipalidad-de-providencia/1992-01-16/18/datos.json
Providencia,13,Metropolitana de Santiago,BCN,68,1991-01-21,DICTA ORDENANZA LOCAL SOBRE DERECHOS MUNICIPALES AÑO 1991,Derechos Municipales y Tarifas,https://www.bcn.cl/leychile/navegar?idNorma=88720,,,https://datos.bcn.cl/recurso/cl/orz/municipalidad-de-providencia/1991-01-21/68/datos.json
Providencia,13,Metropolitana de Santiago,BCN,44,1990-01-29,DICTA ORDENANZA LOCAL SOBRE DERECHOS MUNICIPALES AÑO 1990,Derechos Municipales y Tarifas,https://www.bcn.cl/leychile/navegar?idNorma=164988,,,https://datos.bcn.cl/recurso/cl/orz/municipalidad-de-providencia/1990-01-29/44/datos.json
Providencia,13,Metropolitana de Santiago,BCN,1,1988-07-02,MODIFICA ORDENANZA LOCAL SOBRE DERECHOS MUNICIPALES,Derechos Municipales y Tarifas,https://www.bcn.cl/leychile/navegar?idNorma=133239,,,https://datos.bcn.cl/recurso/cl/orz/municipalidad-de-providencia/1988-07-02/1/datos.json
Providencia,13,Metropolitana de Santiago,BCN,20,1988-01-18,DICTA ORDENANZA LOCAL SOBRE DERECHOS MUNICIPALES,Derechos Municipales y Tarifas,https://www.bcn.cl/leychile/navegar?idNorma=207023,,,https://datos.bcn.cl/recurso/cl/orz/municipalidad-de-providencia/1988-01-18/20/datos.json
Providencia,13,Metropolitana de Santiago,BCN,14,1987-01-19,DICTA ORDENANZA LOCAL SOBRE DERECHOS MUNICIPALES AÑO 1987,Derechos Municipales y Tarifas,https://www.bcn.cl/leychile/navegar?idNorma=146420,,,https://datos.bcn.cl/recurso/cl/orz/municipalidad-de-providencia/1987-01-19/14/datos.json
Providencia,13,Metropolitana de Santiago,BCN,13,1986-07-31,FIJA ORDENANZA SOBRE IMPLANTACION DE USOS NO PREFERENCIALES EN DIVERSOS SECTORES DE LA COMUNA,Normativa General y Otras Materias,https://www.bcn.cl/leychile/navegar?idNorma=155075,,,https://datos.bcn.cl/recurso/cl/orz/municipalidad-de-providencia/1986-07-31/13/datos.json
Providencia,13,Metropolitana de Santiago,BCN,7,1986-07-31,"MODIFICA ORDENANZA NO. 13, DE 1985",Normativa General y Otras Materias,https://www.bcn.cl/leychile/navegar?idNorma=155073,,,https://datos.bcn.cl/recurso/cl/orz/municipalidad-de-providencia/1986-07-31/7/datos.json
Providencia,13,Metropolitana de Santiago,BCN,8,1986-07-31,MODIFICA ORDENANZA SOBRE IMPLANTACION DE USOS NO PREFERENCIALES EN DIVERSOS SECTORES DE LA COMUNA,Normativa General y Otras Materias,https://www.bcn.cl/leychile/navegar?idNorma=155074,,,https://datos.bcn.cl/recurso/cl/orz/municipalidad-de-providencia/1986-07-31/8/datos.json
Providencia,13,Metropolitana de Santiago,BCN,2,1986-01-31,MODIFICA ORDENANZA LOCAL SOBRE DERECHOS MUNICIPALES,Derechos Municipales y Tarifas,https://www.bcn.cl/leychile/navegar?idNorma=161132,,,https://datos.bcn.cl/recurso/cl/orz/municipalidad-de-providencia/1986-01-31/2/datos.json
Providencia,13,Metropolitana de Santiago,BCN,11,1986-01-11,DICTA ORDENANZA LOCAL SOBRE DERECHOS MUNICIPALES,Derechos Municipales y Tarifas,https://www.bcn.cl/leychile/navegar?idNorma=158757,,,https://datos.bcn.cl/recurso/cl/orz/municipalidad-de-providencia/1986-01-11/11/datos.json
Providencia,13,Metropolitana de Santiago,BCN,1,1985-01-26,"MODIFICA ORDENANZA Nº9, DE 1984",Normativa General y Otras Materias,https://www.bcn.cl/leychile/navegar?idNorma=160877,,,https://datos.bcn.cl/recurso/cl/orz/municipalidad-de-providencia/1985-01-26/1/datos.json
Providencia,13,Metropolitana de Santiago,BCN,9,1985-01-07,DICTA ORDENANZA LOCAL SOBRE DERECHOS MUNICIPALES,Derechos Municipales y Tarifas,https://www.bcn.cl/leychile/navegar?idNorma=156599,,,https://datos.bcn.cl/recurso/cl/orz/municipalidad-de-providencia/1985-01-07/9/datos.json
Providencia,13,Metropolitana de Santiago,Municipalidad,1803,2025-12-16,Texto refundido y sistematizado de la Ordenanza Local sobre Derechos Municipales que regirá para el año 2026,Derechos Municipales y Tarifas,https://firma.providencia.cl/dsign/temp/0002015082.PDF,https://transparencia.providencia.cl/Carpeta/VerTabla/112,ef9862faf97d517bb4fc40d876104d9ed9d75bc02840d404e616f12b2fdc0641,
Providencia,13,Metropolitana de Santiago,Municipalidad,241,2026-03-23,Modificación a la Ordenanza Local sobre Derechos Municipales que rige para el año 2026,Derechos Municipales y Tarifas,https://firma.providencia.cl/dsign/cgi/sdoc.exe/sdoc/document?id=OqxoVOOfCiI74ESLcySFQA%3D%3D,https://transparencia.providencia.cl/Carpeta/VerTabla/23085,d3ed01f911006c57a93cce49539c96e2b990112dd3299d2c0d9bde955b6b2f54,
Quilicura,13,Metropolitana de Santiago,BCN,2,1995-12-23,APRUEBA ORDENANZA LOCAL SOBRE LA FIJACION DE TARIFAS DEL SERVICIO DOMICILIARIO POR EXTRACCION DE BASURAS Y EXENCIONES TOTAL Y PARCIAL,Derechos Municipales y Tarifas,https://www.bcn.cl/leychile/navegar?idNorma=30947,,,https://datos.bcn.cl/recurso/cl/orz/municipalidad-de-quilicura/1995-12-23/2/datos.json
Quilicura,13,Metropolitana de Santiago,BCN,1,1993-04-19,DICTA ORDENANZA DE COMERCIO Y ACTIVIDADES LUCRATIVAS,"Comercio, Alcoholes y Patentes",https://www.bcn.cl/leychile/navegar?idNorma=30876,,,https://datos.bcn.cl/recurso/cl/orz/municipalidad-de-quilicura/1993-04-19/1/datos.json
Quilicura,13,Metropolitana de Santiago,BCN,4,1986-01-24,"DICTA ORDENANZA PARA LA COBRANZA DE PATENTES, PERMISOS Y DERECHOS MUNICIPALES Y MOROSOS",Derechos Municipales y Tarifas,https://www.bcn.cl/leychile/navegar?idNorma=160222,,,https://datos.bcn.cl/recurso/cl/orz/municipalidad-de-quilicura/1986-01-24/4/datos.json
Quinta Normal,13,Metropolitana de Santiago,BCN,5,1986-01-09,APRUEBA ORDENANZA SOBRE PREVENCION Y CONTROL DE RUIDOS MOLESTOS EN LA COMUNA,"Aseo, Ornato y Medio Ambiente",https://www.bcn.cl/leychile/navegar?idNorma=158685,,,https://datos.bcn.cl/recurso/cl/orz/municipalidad-de-quinta-normal/1986-01-09/5/datos.json
Recoleta,13,Metropolitana de Santiago,BCN,52,2010-09-13,"PROMULGA ACUERDO Nº 95 DEL CONCEJO MUNICIPAL DE FECHA 20 DE JULIO DE 2010. 'OCUPACIÓN DE BIEN NACIONAL DE USO PÚBLICO, CALLE PÍO NONO', COMUNA DE RECOLETA","Urbanismo, Obras y Edificación",https://www.bcn.cl/leychile/navegar?idNorma=1017005,,,https://datos.bcn.cl/recurso/cl/orz/municipalidad-de-recoleta/2010-09-13/52/datos.json
Recoleta,13,Metropolitana de Santiago,BCN,51,2010-08-03,"APRUEBA LA ORDENANZA SOBRE OTORGAMIENTO, RENOVACIÓN, CADUCIDAD, TRANSFERENCIA Y TRASLADO DE PATENTES DE EXPENDIO Y CONSUMO DE BEBIDAS ALCOHÓLICAS DE LA COMUNA DE RECOLETA","Comercio, Alcoholes y Patentes",https://www.bcn.cl/leychile/navegar?idNorma=1015902,,,https://datos.bcn.cl/recurso/cl/orz/municipalidad-de-recoleta/2010-08-03/51/datos.json
Recoleta,13,Metropolitana de Santiago,BCN,50,2010-06-05,ORDENANZA MUNICIPAL PARA LA DETERMINACIÓN DE LA TARIFA DEL SERVICIO DE EXTRACCIÓN DE RESIDUOS SÓLIDOS DOMICILIARIOS,Derechos Municipales y Tarifas,https://www.bcn.cl/leychile/navegar?idNorma=1014287,,,https://datos.bcn.cl/recurso/cl/orz/municipalidad-de-recoleta/2010-06-05/50/datos.json
Recoleta,13,Metropolitana de Santiago,BCN,138-exenta,2009-02-07,"PROMULGA ACUERDO Nº18, DE 20 DE ENERO DE 2009, DEL CONCEJO MUNICIPAL",Organización y Régimen Interno,https://www.bcn.cl/leychile/navegar?idNorma=287084,,,https://datos.bcn.cl/recurso/cl/orz/municipalidad-de-recoleta/2009-02-07/138-exenta/datos.json
Recoleta,13,Metropolitana de Santiago,BCN,43,2006-11-25,APRUEBA ORDENANZA PARA FUNCIONAMIENTO DE SALONES DE BAILE SIN VENTA DE ALCOHOL,"Comercio, Alcoholes y Patentes",https://www.bcn.cl/leychile/navegar?idNorma=255488,,,https://datos.bcn.cl/recurso/cl/orz/municipalidad-de-recoleta/2006-11-25/43/datos.json
Recoleta,13,Metropolitana de Santiago,BCN,41,2006-06-14,APRUEBA ORDENANZA DE ZONIFICACION Y HORARIO DE FUNCIONAMIENTO DE LOCALES DE EXPENDIO Y CONSUMO DE BEBIDAS ALCOHOLICAS EN EL SECTOR MAPOCHO - VEGA CENTRAL,"Comercio, Alcoholes y Patentes",https://www.bcn.cl/leychile/navegar?idNorma=250435,,,https://datos.bcn.cl/recurso/cl/orz/municipalidad-de-recoleta/2006-06-14/41/datos.json
Recoleta,13,Metropolitana de Santiago,BCN,42,2006-06-14,APRUEBA ORDENANZA QUE ESTABLECE HORARIO DE FUNCIONAMIENTO DE DEPOSITO DE BEBIDAS ALCOHOLICAS DESDE CALLE SANTOS DUMONT HACIA EL SUR,"Comercio, Alcoholes y Patentes",https://www.bcn.cl/leychile/navegar?idNorma=250436,,,https://datos.bcn.cl/recurso/cl/orz/municipalidad-de-recoleta/2006-06-14/42/datos.json
Recoleta,13,Metropolitana de Santiago,BCN,129,2005-12-30,"ORDENANZA PARA LA APLICACION DEL ART. 8 DE LA LEY 19.925 SOBRE EXPENDIO Y CONSUMO DE BEBIDAS ALCOHOLICAS, CLASIFICACION LETRA A ART. 3º","Comercio, Alcoholes y Patentes",https://www.bcn.cl/leychile/navegar?idNorma=245646,,,https://datos.bcn.cl/recurso/cl/orz/municipalidad-de-recoleta/2005-12-30/129/datos.json
Recoleta,13,Metropolitana de Santiago,BCN,39,2005-05-27,ORDENANZA PARA EL FUNCIONAMIENTO DE LA FERIA ARTESANAL JOSE DOMINGO GOMEZ ROJAS,"Comercio, Alcoholes y Patentes",https://www.bcn.cl/leychile/navegar?idNorma=238297,,,https://datos.bcn.cl/recurso/cl/orz/municipalidad-de-recoleta/2005-05-27/39/datos.json
Recoleta,13,Metropolitana de Santiago,BCN,38,2004-12-31,DICTA ORDENANZA APLICACION ART. 8 LEY 19.925 SOBRE EXPENDIO Y CONSUMO DE BEBIDAS ALCOHOLICAS,"Comercio, Alcoholes y Patentes",https://www.bcn.cl/leychile/navegar?idNorma=234152,,,https://datos.bcn.cl/recurso/cl/orz/municipalidad-de-recoleta/2004-12-31/38/datos.json
Recoleta,13,Metropolitana de Santiago,BCN,37,2004-01-22,APRUEBA ORDENANZA REGISTRO DE PERSONAS JURIDICAS RECEPTORAS DE FONDOS PUBLICOS,Normativa General y Otras Materias,https://www.bcn.cl/leychile/navegar?idNorma=220381,,,https://datos.bcn.cl/recurso/cl/orz/municipalidad-de-recoleta/2004-01-22/37/datos.json
Recoleta,13,Metropolitana de Santiago,BCN,s-n,2003-12-10,NUEVA ORDENANZA SOBRE CONCESION DE LAS CALZADAS DESTINADAS A ESTACIONAMIENTO DE VEHICULOS EN LA COMUNA DE RECOLETA,Derechos Municipales y Tarifas,https://www.bcn.cl/leychile/navegar?idNorma=218431,,,https://datos.bcn.cl/recurso/cl/orz/municipalidad-de-recoleta/2003-12-10/s-n/datos.json
Recoleta,13,Metropolitana de Santiago,BCN,19,1997-11-10,MODIFICA ORDENANZA Nº 13 SOBRE ESTACIONAMIENTOS CONTROLADOS POR PARQUIMETROS,Tránsito y Transporte,https://www.bcn.cl/leychile/navegar?idNorma=76866,,,https://datos.bcn.cl/recurso/cl/orz/municipalidad-de-recoleta/1997-11-10/19/datos.json
Recoleta,13,Metropolitana de Santiago,BCN,17,1996-03-19,"MODIFICA ORDENANZA N° 6, DE 1994, SOBRE COMERCIO VIA PUBLICA","Comercio, Alcoholes y Patentes",https://www.bcn.cl/leychile/navegar?idNorma=31047,,,https://datos.bcn.cl/recurso/cl/orz/municipalidad-de-recoleta/1996-03-19/17/datos.json
Recoleta,13,Metropolitana de Santiago,BCN,16,1995-12-30,"ORDENANZA MUNICIPAL PARA LA APLICACION DE LOS ARTICULOS 6°, 7°, 8° Y 9° D.L. 3.063 DE 1979 SOBRE RENTAS MUNICIPALES",Derechos Municipales y Tarifas,https://www.bcn.cl/leychile/navegar?idNorma=31045,,,https://datos.bcn.cl/recurso/cl/orz/municipalidad-de-recoleta/1995-12-30/16/datos.json
Recoleta,13,Metropolitana de Santiago,BCN,15,1995-08-17,"MODIFICA ORDENANZA N° 3 DERECHOS MUNICIPALES POR PERMISOS CONCESIONES Y SERVICIOS MUNICIPALES, RELATIVOS AL CEMENTERIO GENERAL",Derechos Municipales y Tarifas,https://www.bcn.cl/leychile/navegar?idNorma=2073,,,https://datos.bcn.cl/recurso/cl/orz/municipalidad-de-recoleta/1995-08-17/15/datos.json
Recoleta,13,Metropolitana de Santiago,BCN,13,1995-06-21,DICTA ORDENANZA SOBRE ESTACIONAMIENTOS CONTROLADOS POR PARQUIMETROS,Tránsito y Transporte,https://www.bcn.cl/leychile/navegar?idNorma=31040,,,https://datos.bcn.cl/recurso/cl/orz/municipalidad-de-recoleta/1995-06-21/13/datos.json
Recoleta,13,Metropolitana de Santiago,BCN,14,1995-06-21,DICTA ORDENANZA SOBRE VENDEDORES DE FICHAS DE PARQUIMETROS Y ACOMODADORES VEHICULOS ESTACIONADOS EN LA VIA PUBLICA,Tránsito y Transporte,https://www.bcn.cl/leychile/navegar?idNorma=31042,,,https://datos.bcn.cl/recurso/cl/orz/municipalidad-de-recoleta/1995-06-21/14/datos.json
Recoleta,13,Metropolitana de Santiago,BCN,12,1995-06-07,"MODIFICA ORDENANZA N° 3, DE 1994, SOBRE DERECHOS MUNICIPALES",Derechos Municipales y Tarifas,https://www.bcn.cl/leychile/navegar?idNorma=31036,,,https://datos.bcn.cl/recurso/cl/orz/municipalidad-de-recoleta/1995-06-07/12/datos.json
Recoleta,13,Metropolitana de Santiago,BCN,11,1995-05-04,MODIFICA ORDENANZA N° 6 DE 1994 SOBRE COMERCIO EN LA VIA PUBLICA,"Comercio, Alcoholes y Patentes",https://www.bcn.cl/leychile/navegar?idNorma=31034,,,https://datos.bcn.cl/recurso/cl/orz/municipalidad-de-recoleta/1995-05-04/11/datos.json
Recoleta,13,Metropolitana de Santiago,BCN,3,1994-01-28,APRUEBA ORDENANZA DE DERECHOS MUNICIPALES MUNICIPALES 1994 PARA LA COMUNA DE RECOLETA,Derechos Municipales y Tarifas,https://www.bcn.cl/leychile/navegar?idNorma=30961,,,https://datos.bcn.cl/recurso/cl/orz/municipalidad-de-recoleta/1994-01-28/3/datos.json
Renca,13,Metropolitana de Santiago,BCN,1,2000-10-10,APRUEBA ORDENANZA SOBRE PARTICIPACION CIUDADANA,Organización y Régimen Interno,https://www.bcn.cl/leychile/navegar?idNorma=176532,,,https://datos.bcn.cl/recurso/cl/orz/municipalidad-de-renca/2000-10-10/1/datos.json
Renca,13,Metropolitana de Santiago,BCN,1,1995-12-29,"FIJA COBRO DE DERECHOS MUNICIPALES POR PERMISOS, CONCESIONES Y SERVICIOS MUNICIPALES PARA 1996",Derechos Municipales y Tarifas,https://www.bcn.cl/leychile/navegar?idNorma=30913,,,https://datos.bcn.cl/recurso/cl/orz/municipalidad-de-renca/1995-12-29/1/datos.json
Renca,13,Metropolitana de Santiago,BCN,2,1995-12-28,"FIJA CONDICIONES PARA DETERMINAR TARIFA DE ASEO, SUS EXENCIONES Y REBAJAS PARA 1996",Derechos Municipales y Tarifas,https://www.bcn.cl/leychile/navegar?idNorma=30948,,,https://datos.bcn.cl/recurso/cl/orz/municipalidad-de-renca/1995-12-28/2/datos.json
Renca,13,Metropolitana de Santiago,BCN,s-n,1993-02-06,MODIFICA ORDENANZA N° 001 DE 1992 SOBRE DERECHOS MUNICIPALES,Derechos Municipales y Tarifas,https://www.bcn.cl/leychile/navegar?idNorma=31156,,,https://datos.bcn.cl/recurso/cl/orz/municipalidad-de-renca/1993-02-06/s-n/datos.json
Renca,13,Metropolitana de Santiago,BCN,1,1992-01-28,"FIJA DERECHOS MUNICIPALES POR PERMISOS, CONCESIONES Y SERVICIOS PARA 1992",Derechos Municipales y Tarifas,https://www.bcn.cl/leychile/navegar?idNorma=75218,,,https://datos.bcn.cl/recurso/cl/orz/municipalidad-de-renca/1992-01-28/1/datos.json
Renca,13,Metropolitana de Santiago,BCN,1,1987-01-23,"APRUEBA ORDENANZA SOBRE DERECHOS MUNICIPALES POR PERMISOS, CONCESIONES Y SERVICIOS",Derechos Municipales y Tarifas,https://www.bcn.cl/leychile/navegar?idNorma=147410,,,https://datos.bcn.cl/recurso/cl/orz/municipalidad-de-renca/1987-01-23/1/datos.json
Renca,13,Metropolitana de Santiago,BCN,1,1985-01-30,MUNICIPALIDAD DE RENCA MODIFICA ORDENANZA LOCAL SOBRE DERECHOS MUNICIPALES BASICOS,Derechos Municipales y Tarifas,https://www.bcn.cl/leychile/navegar?idNorma=161599,,,https://datos.bcn.cl/recurso/cl/orz/municipalidad-de-renca/1985-01-30/1/datos.json
Renca,13,Metropolitana de Santiago,Municipalidad,01,2018-01-01,Ordenanza Municipal de RENCA — ORDENANZAS VIGENTES 01 01 2018,Normativa General y Otras Materias,https://renca.cl/wp-content/uploads/2017/10/ORDENANZAS-VIGENTES-01-01-2018.pdf,https://renca.cl/ordenanzas-municipales/,ea14efba24a11baa4d235aae30555f7b854359543b0b7cc9800b4035e712c61d,
San Joaquín,13,Metropolitana de Santiago,BCN,s-n,2001-05-08,"FIJA EL SIGUIENTE TEXTO, COORDINADO Y SISTEMATIZADO DE LA ORDENANZA MUNICIPAL SOBRE CIERRE DE PASAJES Y/O CALLES CIEGAS DE LA COMUNA DE SAN JOAQUIN",Seguridad y Convivencia,https://www.bcn.cl/leychile/navegar?idNorma=184918,,,https://datos.bcn.cl/recurso/cl/orz/municipalidad-de-san-joaquin/2001-05-08/s-n/datos.json
San Joaquín,13,Metropolitana de Santiago,BCN,2,1999-11-12,MODIFICA ORDENANZA QUE FIJA HORARIO DE FUNCIONAMIENTO DE ESTABLECIMIENTOS DE EXPENDIO DE BEBIDAS ALCOHOLICAS,"Comercio, Alcoholes y Patentes",https://www.bcn.cl/leychile/navegar?idNorma=147460,,,https://datos.bcn.cl/recurso/cl/orz/municipalidad-de-san-joaquin/1999-11-12/2/datos.json
San Joaquín,13,Metropolitana de Santiago,BCN,1,1999-07-28,FIJA HORARIO DE FUNCIONAMIENTO DE ESTABLECIMIENTOS DE EXPENDIO DE BEBIDAS ALCOHOLICAS,"Comercio, Alcoholes y Patentes",https://www.bcn.cl/leychile/navegar?idNorma=139707,,,https://datos.bcn.cl/recurso/cl/orz/municipalidad-de-san-joaquin/1999-07-28/1/datos.json
San Joaquín,13,Metropolitana de Santiago,BCN,s-n,1998-08-31,ORDENANZA MUNICIPAL DE MEDIO AMBIENTE,"Aseo, Ornato y Medio Ambiente",https://www.bcn.cl/leychile/navegar?idNorma=123604,,,https://datos.bcn.cl/recurso/cl/orz/municipalidad-de-san-joaquin/1998-08-31/s-n/datos.json
San Joaquín,13,Metropolitana de Santiago,BCN,1,1996-11-05,MODIFICA ORDENANZA SOBRE EXENCION DE DERECHOS DE ASEO,Derechos Municipales y Tarifas,https://www.bcn.cl/leychile/navegar?idNorma=30922,,,https://datos.bcn.cl/recurso/cl/orz/municipalidad-de-san-joaquin/1996-11-05/1/datos.json
San Joaquín,13,Metropolitana de Santiago,BCN,1,1995-12-29,"DICTA ORDENANZA LOCAL SOBRE DERECHOS MUNICIPALES POR CONCESIONES, PERMISOS Y SERVICIOS",Derechos Municipales y Tarifas,https://www.bcn.cl/leychile/navegar?idNorma=30914,,,https://datos.bcn.cl/recurso/cl/orz/municipalidad-de-san-joaquin/1995-12-29/1/datos.json
San Miguel,13,Metropolitana de Santiago,BCN,s-n,1995-01-31,"REGULA EL MONTO SOBRE DERECHOS MUNICIPALES POR CONCESIONES, PERMISOS Y SERVICIOS",Derechos Municipales y Tarifas,https://www.bcn.cl/leychile/navegar?idNorma=31167,,,https://datos.bcn.cl/recurso/cl/orz/municipalidad-de-san-miguel/1995-01-31/s-n/datos.json
San Miguel,13,Metropolitana de Santiago,BCN,s-n,1993-01-20,"SOBRE DERECHOS MUNICIPALES POR CONCESIONES, PERMISOS Y SERVICIOS",Derechos Municipales y Tarifas,https://www.bcn.cl/leychile/navegar?idNorma=31149,,,https://datos.bcn.cl/recurso/cl/orz/municipalidad-de-san-miguel/1993-01-20/s-n/datos.json
San Miguel,13,Metropolitana de Santiago,BCN,1,1990-01-20,"DICTA ORDENANZA LOCAL SOBRE DERECHOS MUNICIPALES POR CONCESIONES, PERMISOS Y SERVICIOS",Derechos Municipales y Tarifas,https://www.bcn.cl/leychile/navegar?idNorma=164840,,,https://datos.bcn.cl/recurso/cl/orz/municipalidad-de-san-miguel/1990-01-20/1/datos.json
San Miguel,13,Metropolitana de Santiago,BCN,s-n,1989-01-31,MODIFICA ORDENANZA NO. 1 DE 1988,Normativa General y Otras Materias,https://www.bcn.cl/leychile/navegar?idNorma=182062,,,https://datos.bcn.cl/recurso/cl/orz/municipalidad-de-san-miguel/1989-01-31/s-n/datos.json
San Miguel,13,Metropolitana de Santiago,BCN,1,1989-01-04,"DICTA ORDENANZA LOCAL SOBRE DERECHOS MUNICIPALES POR CONCESIONES, PERMISOS Y SERVICIOS",Derechos Municipales y Tarifas,https://www.bcn.cl/leychile/navegar?idNorma=182070,,,https://datos.bcn.cl/recurso/cl/orz/municipalidad-de-san-miguel/1989-01-04/1/datos.json
San Miguel,13,Metropolitana de Santiago,BCN,1,1988-08-01,MODIFICA ORDENANZA LOCAL SOBRE DERECHOS MUNICIPALES AÑO 1988,Derechos Municipales y Tarifas,https://www.bcn.cl/leychile/navegar?idNorma=129732,,,https://datos.bcn.cl/recurso/cl/orz/municipalidad-de-san-miguel/1988-08-01/1/datos.json
San Miguel,13,Metropolitana de Santiago,BCN,1,1988-01-09,"DICTA ORDENANZA LOCAL SOBRE DERECHOS MUNICIPALES POR CONCESIONES, PERMISOS Y SERVICIOS",Derechos Municipales y Tarifas,https://www.bcn.cl/leychile/navegar?idNorma=206472,,,https://datos.bcn.cl/recurso/cl/orz/municipalidad-de-san-miguel/1988-01-09/1/datos.json
San Miguel,13,Metropolitana de Santiago,BCN,1,1987-01-03,"DICTA ORDENANZA LOCAL SOBRE DERECHOS MUNICIPALES POR CONCESIONES, PERMISOS Y SERVICIOS",Derechos Municipales y Tarifas,https://www.bcn.cl/leychile/navegar?idNorma=145963,,,https://datos.bcn.cl/recurso/cl/orz/municipalidad-de-san-miguel/1987-01-03/1/datos.json
San Miguel,13,Metropolitana de Santiago,BCN,3,1986-01-22,"DICTA ORDENANZA LOCAL SOBRE DERECHOS MUNICIPALES POR CONCESIONES, PERMISOS Y SERVICIOS",Derechos Municipales y Tarifas,https://www.bcn.cl/leychile/navegar?idNorma=159788,,,https://datos.bcn.cl/recurso/cl/orz/municipalidad-de-san-miguel/1986-01-22/3/datos.json
San Miguel,13,Metropolitana de Santiago,BCN,1,1985-01-05,"DICTA ORDENANZA LOCAL SOBRE DERECHOS MUNICIPALES POR CONCESIONES, PERMISOS Y SERVICIOS",Derechos Municipales y Tarifas,https://www.bcn.cl/leychile/navegar?idNorma=156580,,,https://datos.bcn.cl/recurso/cl/orz/municipalidad-de-san-miguel/1985-01-05/1/datos.json
Vitacura,13,Metropolitana de Santiago,BCN,7,1998-05-18,APRUEBA ORDENANZA SANITARIA BASICA,Normativa General y Otras Materias,https://www.bcn.cl/leychile/navegar?idNorma=100082,,,https://datos.bcn.cl/recurso/cl/orz/municipalidad-de-vitacura/1998-05-18/7/datos.json
Vitacura,13,Metropolitana de Santiago,BCN,7,1998-05-08,APRUEBA ORDENANZA SOBRE RUIDOS Y SONIDOS MOLESTOS,"Aseo, Ornato y Medio Ambiente",https://www.bcn.cl/leychile/navegar?idNorma=99042,,,https://datos.bcn.cl/recurso/cl/orz/municipalidad-de-vitacura/1998-05-08/7/datos.json
Vitacura,13,Metropolitana de Santiago,BCN,s-n,1997-06-09,ORDENANZA MUNICIPAL SOBRE ESTACIONAMIENTOS RESERVADOS PARA DISCAPACITADOS,Tránsito y Transporte,https://www.bcn.cl/leychile/navegar?idNorma=73454,,,https://datos.bcn.cl/recurso/cl/orz/municipalidad-de-vitacura/1997-06-09/s-n/datos.json
Vitacura,13,Metropolitana de Santiago,BCN,7,1996-12-17,DICTA ORDENANZA SOBRE RUIDOS Y SONIDOS MOLESTOS PARA LA COMUNA DE VITACURA,"Aseo, Ornato y Medio Ambiente",https://www.bcn.cl/leychile/navegar?idNorma=31022,,,https://datos.bcn.cl/recurso/cl/orz/municipalidad-de-vitacura/1996-12-17/7/datos.json
Vitacura,13,Metropolitana de Santiago,BCN,9,1996-12-17,DICTA ORDENANZA SOBRE USO DEL AGUA POTABLE EN BIENES NACIONALES DE USO PUBLICO,Normativa General y Otras Materias,https://www.bcn.cl/leychile/navegar?idNorma=31030,,,https://datos.bcn.cl/recurso/cl/orz/municipalidad-de-vitacura/1996-12-17/9/datos.json
Vitacura,13,Metropolitana de Santiago,BCN,7,1996-12-09,DICTA ORDENANZA DE ASEO Y ORNATO,"Aseo, Ornato y Medio Ambiente",https://www.bcn.cl/leychile/navegar?idNorma=31021,,,https://datos.bcn.cl/recurso/cl/orz/municipalidad-de-vitacura/1996-12-09/7/datos.json
Vitacura,13,Metropolitana de Santiago,BCN,s-n,1993-01-30,APRUEBA MODIFICACIONES A ORDENANZA DE DERECHOS MUNICIPALES,Derechos Municipales y Tarifas,https://www.bcn.cl/leychile/navegar?idNorma=31152,,,https://datos.bcn.cl/recurso/cl/orz/municipalidad-de-vitacura/1993-01-30/s-n/datos.json
Vitacura,13,Metropolitana de Santiago,BCN,s-n,1992-05-20,EXTRACTO DE ORDENANZA DEL REGLAMENTO INTERNO,Organización y Régimen Interno,https://www.bcn.cl/leychile/navegar?idNorma=87056,,,https://datos.bcn.cl/recurso/cl/orz/municipalidad-de-vitacura/1992-05-20/s-n/datos.json
Puente Alto,13,Metropolitana de Santiago,BCN,3,2017-12-01,EXTRACTO DE ORDENANZA N° 3,Normativa General y Otras Materias,https://www.bcn.cl/leychile/navegar?idNorma=1111580,,,https://datos.bcn.cl/recurso/cl/orz/municipalidad-de-puente-alto/2017-12-01/3/datos.json
Puente Alto,13,Metropolitana de Santiago,BCN,1,2011-09-01,APRUEBA MODIFICACIÓN A ORDENANZA Nº 1 'SOBRE PARTICIPACIÓN CIUDADANA',Organización y Régimen Interno,https://www.bcn.cl/leychile/navegar?idNorma=1029030,,,https://datos.bcn.cl/recurso/cl/orz/municipalidad-de-puente-alto/2011-09-01/1/datos.json
Puente Alto,13,Metropolitana de Santiago,BCN,s-n,2011-07-01,"APRUEBA MODIFICACIONES A LA ORDENANZA Nº 19, 'PARA LA REGULACIÓN DE LA OCUPACIÓN Y CIERRE DE VÍAS Y ÁREAS QUE CONSTITUYAN BIENES NACIONALES DE USO PÚBLICO'","Urbanismo, Obras y Edificación",https://www.bcn.cl/leychile/navegar?idNorma=1026931,,,https://datos.bcn.cl/recurso/cl/orz/municipalidad-de-puente-alto/2011-07-01/s-n/datos.json
Puente Alto,13,Metropolitana de Santiago,BCN,20,2011-04-01,APRUEBA MODIFICACIÓN A ORDENANZA 'PARA EMPRESAS CONTRATISTAS DE LA MUNICIPALIDAD DE PUENTE ALTO',Normativa General y Otras Materias,https://www.bcn.cl/leychile/navegar?idNorma=1024121,,,https://datos.bcn.cl/recurso/cl/orz/municipalidad-de-puente-alto/2011-04-01/20/datos.json
Puente Alto,13,Metropolitana de Santiago,BCN,21,2011-03-15,ORDENANZA MUNICIPAL SOBRE ESPECIES ABANDONADAS EN LA VÍA Y ESPACIOS PÚBLICOS DE LA COMUNA DE PUENTE ALTO,Normativa General y Otras Materias,https://www.bcn.cl/leychile/navegar?idNorma=1023692,,,https://datos.bcn.cl/recurso/cl/orz/municipalidad-de-puente-alto/2011-03-15/21/datos.json
Puente Alto,13,Metropolitana de Santiago,BCN,20,2009-06-25,DICTA ORDENANZA SOBRE EMPRESAS CONTRATISTAS Y SUBCONTRATISTAS,Normativa General y Otras Materias,https://www.bcn.cl/leychile/navegar?idNorma=1003707,,,https://datos.bcn.cl/recurso/cl/orz/municipalidad-de-puente-alto/2009-06-25/20/datos.json
Puente Alto,13,Metropolitana de Santiago,BCN,18,2007-11-03,"APRUEBA ORDENANZA Nº18, SOBRE EJERCICIO, OTORGAMIENTO, RENOVACIÓN, CADUCIDAD, TRASLADOS Y TRANSFERENCIAS DE PATENTES DE ALCOHOL","Comercio, Alcoholes y Patentes",https://www.bcn.cl/leychile/navegar?idNorma=266199,,,https://datos.bcn.cl/recurso/cl/orz/municipalidad-de-puente-alto/2007-11-03/18/datos.json
Puente Alto,13,Metropolitana de Santiago,BCN,s-n,2006-04-13,PROHIBE EL OTORGAMIENTO DE PERMISOS Y/O PATENTES QUE SEÑALA,"Comercio, Alcoholes y Patentes",https://www.bcn.cl/leychile/navegar?idNorma=248880,,,https://datos.bcn.cl/recurso/cl/orz/municipalidad-de-puente-alto/2006-04-13/s-n/datos.json
Puente Alto,13,Metropolitana de Santiago,BCN,16,2005-07-29,DICTA ORDENANZA SOBRE TRABAJOS EN BENEFICIO DE LA COMUNIDAD PARA CUMPLIR SENTENCIAS DICTADAS POR LOS JUECES DE POLICIA LOCAL DE PUENTE ALTO,Normativa General y Otras Materias,https://www.bcn.cl/leychile/navegar?idNorma=240563,,,https://datos.bcn.cl/recurso/cl/orz/municipalidad-de-puente-alto/2005-07-29/16/datos.json
Puente Alto,13,Metropolitana de Santiago,BCN,15,2005-05-10,DICTA ORDENANZA MUNICIPAL PARA EL COMERCIO EN FERIAS LIBRES,"Comercio, Alcoholes y Patentes",https://www.bcn.cl/leychile/navegar?idNorma=237778,,,https://datos.bcn.cl/recurso/cl/orz/municipalidad-de-puente-alto/2005-05-10/15/datos.json
Puente Alto,13,Metropolitana de Santiago,BCN,s-n,2005-04-06,ORDENANZA SOBRE ADMINISTRACION CONJUNTA DEL RIO MAIPO COMUNAS DE PUENTE ALTO Y PIRQUE,Normativa General y Otras Materias,https://www.bcn.cl/leychile/navegar?idNorma=236825,,,https://datos.bcn.cl/recurso/cl/orz/municipalidad-de-puente-alto_municipalidad-de-pirque/2005-04-06/s-n/datos.json
Puente Alto,13,Metropolitana de Santiago,BCN,100,2003-12-26,"ORDENANZA Nº 100 SOBRE ACTIVIDAD COMERCIAL, INDUSTRIAL Y DE SERVICIOS PARA LA COMUNA","Comercio, Alcoholes y Patentes",https://www.bcn.cl/leychile/navegar?idNorma=219450,,,https://datos.bcn.cl/recurso/cl/orz/municipalidad-de-puente-alto/2003-12-26/100/datos.json
Puente Alto,13,Metropolitana de Santiago,BCN,13,2003-12-26,ORDENANZA Nº 13 SOBRE SUBVENCIONES MUNICIPALES,"Salud, Deporte y Desarrollo Social",https://www.bcn.cl/leychile/navegar?idNorma=219449,,,https://datos.bcn.cl/recurso/cl/orz/municipalidad-de-puente-alto/2003-12-26/13/datos.json
Puente Alto,13,Metropolitana de Santiago,BCN,3,2003-12-26,"ORDENANZA Nº3 SOBRE DERECHOS POR PERMISOS, CONCESIONES Y
SERVICIOS MUNICIPALES",Derechos Municipales y Tarifas,https://www.bcn.cl/leychile/navegar?idNorma=219448,,,https://datos.bcn.cl/recurso/cl/orz/municipalidad-de-puente-alto/2003-12-26/3/datos.json
Puente Alto,13,Metropolitana de Santiago,BCN,s-n,2000-12-29,"MODIFICA ORDENANZA Nº 3, DE 1999",Normativa General y Otras Materias,https://www.bcn.cl/leychile/navegar?idNorma=179531,,,https://datos.bcn.cl/recurso/cl/orz/municipalidad-de-puente-alto/2000-12-29/s-n/datos.json
Puente Alto,13,Metropolitana de Santiago,BCN,7,2000-12-27,DICTA ORDENANZA LOCAL SOBRE CONDICIONES NECESARIAS PARA LA FIJACION DE TARIFAS DEL SERVICIO DOMICILIARIO POR EXTRACCION DE BASURAS Y EXENCIONES TOTAL Y PARCIAL,Derechos Municipales y Tarifas,https://www.bcn.cl/leychile/navegar?idNorma=179484,,,https://datos.bcn.cl/recurso/cl/orz/municipalidad-de-puente-alto/2000-12-27/7/datos.json
Puente Alto,13,Metropolitana de Santiago,BCN,548,1995-01-23,EXTRACTO DE ORDENANZA DE CALLES CIEGAS Y PASAJES SIN SALIDA,Seguridad y Convivencia,https://www.bcn.cl/leychile/navegar?idNorma=31140,,,https://datos.bcn.cl/recurso/cl/orz/municipalidad-de-puente-alto/1995-01-23/548/datos.json
Puente Alto,13,Metropolitana de Santiago,BCN,110,1994-07-11,Ordenanza Municipal N° 110 (1994-07-11) - Municipalidad de Pirque Puente Alto,Normativa General y Otras Materias,https://www.bcn.cl/leychile/consulta/busquedas_avanzadas,,,https://datos.bcn.cl/recurso/cl/orz/municipalidad-de-pirque-municipalidad-de-puente-alto/1994-07-11/110/datos.json
Puente Alto,13,Metropolitana de Santiago,Municipalidad,S/N,2026-01-01,Ordenanza de Cobros y derechos Municipales 3 2026 Julio URL 552359 kb,Derechos Municipales y Tarifas,https://transparencia.mpuentealto.cl/doctos/1678381164.pdf,https://transparencia.mpuentealto.cl/detalle.php?w=czozOiIyMjEiOw==,c1cc8721bd4c8cfa34d1489566cf5ec4ca08d69d532e339547d24cb21e2f9bc9,
Puente Alto,13,Metropolitana de Santiago,Municipalidad,S/N-af8a,2026-01-01,a.-Ordenanza de Participación Ciudadana. a.-Ordenanza de Participación Ciudadana.,Normativa General y Otras Materias,https://transparencia.mpuentealto.cl/doctos/ORD_01_06_2021.pdf,https://transparencia.mpuentealto.cl/detalle.php?w=czozOiIyMjEiOw==,af8a03f3e7490c9647cfb4784ab2a693c6139ed3470bb0360427ce478daf7c79,
Pirque,13,Metropolitana de Santiago,BCN,s-n,2005-04-06,ORDENANZA SOBRE ADMINISTRACION CONJUNTA DEL RIO MAIPO COMUNAS DE PUENTE ALTO Y PIRQUE,Normativa General y Otras Materias,https://www.bcn.cl/leychile/navegar?idNorma=236825,,,https://datos.bcn.cl/recurso/cl/orz/municipalidad-de-puente-alto_municipalidad-de-pirque/2005-04-06/s-n/datos.json
Pirque,13,Metropolitana de Santiago,BCN,816,2004-12-31,"MODIFICA ORDENANZA Nº 22 DE 2001, SOBRE DERECHOS MUNICIPALES",Derechos Municipales y Tarifas,https://www.bcn.cl/leychile/navegar?idNorma=234342,,,https://datos.bcn.cl/recurso/cl/orz/municipalidad-de-pirque/2004-12-31/816/datos.json
Pirque,13,Metropolitana de Santiago,BCN,1004,2003-11-29,"EXTRACTO DE ORDENANZA MUNICIPAL PARA TARIFACION DE LOS DERECHOS DE ASEO, SU COBRO, EXENCIONES Y MULTAS",Derechos Municipales y Tarifas,https://www.bcn.cl/leychile/navegar?idNorma=217946,,,https://datos.bcn.cl/recurso/cl/orz/municipalidad-de-pirque/2003-11-29/1004/datos.json
Pirque,13,Metropolitana de Santiago,BCN,110,1994-07-11,Ordenanza Municipal N° 110 (1994-07-11) - Municipalidad de Pirque Puente Alto,Normativa General y Otras Materias,https://www.bcn.cl/leychile/consulta/busquedas_avanzadas,,,https://datos.bcn.cl/recurso/cl/orz/municipalidad-de-pirque-municipalidad-de-puente-alto/1994-07-11/110/datos.json
San José de Maipo,13,Metropolitana de Santiago,BCN,s-n,1995-12-30,ORDENANZA MUNICIPAL RELATIVA AL COBRO DE DERECHOS POR SERVICIO DOMICILIARIO DE EXTRACCION DE BASURAS,Derechos Municipales y Tarifas,https://www.bcn.cl/leychile/navegar?idNorma=31177,,,https://datos.bcn.cl/recurso/cl/orz/municipalidad-de-san-jose-de-maipo/1995-12-30/s-n/datos.json
San José de Maipo,13,Metropolitana de Santiago,BCN,6-exenta,1988-01-22,APRUEBA ORDENANZA SOBRE MANTENCION DE AREAS VERDES Y ESPECIES VEGETALES EN LA VIA PUBLICA,"Aseo, Ornato y Medio Ambiente",https://www.bcn.cl/leychile/navegar?idNorma=174166,,,https://datos.bcn.cl/recurso/cl/orz/municipalidad-de-san-jose-de-maipo/1988-01-22/6-exenta/datos.json
San José de Maipo,13,Metropolitana de Santiago,BCN,215-exenta,1984-01-28,DICTA ORDENANZA LOCAL SOBRE DERECHOS MUNICIPALES,Derechos Municipales y Tarifas,https://www.bcn.cl/leychile/navegar?idNorma=191055,,,https://datos.bcn.cl/recurso/cl/orz/municipalidad-de-san-jose-de-maipo/1984-01-28/215-exenta/datos.json
Colina,13,Metropolitana de Santiago,BCN,1,1995-03-17,APRUEBA ORDENANZA SOBRE FERIAS LIBRES Y DE CHACAREROS,"Comercio, Alcoholes y Patentes",https://www.bcn.cl/leychile/navegar?idNorma=30909,,,https://datos.bcn.cl/recurso/cl/orz/municipalidad-de-colina/1995-03-17/1/datos.json
Colina,13,Metropolitana de Santiago,BCN,s-n,1989-02-21,EXTRACTO DE LA ORDENANZA PARA LA INSTALACION Y FUNCIONAMIENTO DEL COMERCIO ESTACIONADO Y AMBULANTE EN BIENES NACIONALES DE USO PUBLICO,"Comercio, Alcoholes y Patentes",https://www.bcn.cl/leychile/navegar?idNorma=200688,,,https://datos.bcn.cl/recurso/cl/orz/municipalidad-de-colina/1989-02-21/s-n/datos.json
Colina,13,Metropolitana de Santiago,BCN,1,1989-01-31,DICTA ORDENANZA LOCAL SOBRE DERECHOS MUNICIPALES,Derechos Municipales y Tarifas,https://www.bcn.cl/leychile/navegar?idNorma=182398,,,https://datos.bcn.cl/recurso/cl/orz/municipalidad-de-colina/1989-01-31/1/datos.json
Colina,13,Metropolitana de Santiago,BCN,1,1985-01-31,DICTA ORDENANZA LOCAL SOBRE DERECHOS MUNICIPALES QUE INDICA,Derechos Municipales y Tarifas,https://www.bcn.cl/leychile/navegar?idNorma=161870,,,https://datos.bcn.cl/recurso/cl/orz/municipalidad-de-colina/1985-01-31/1/datos.json
Colina,13,Metropolitana de Santiago,Municipalidad,02,2023-01-01,Ordenanza Municipal de COLINA — ordenanza 02 2023,Normativa General y Otras Materias,https://www.colina.cl/pdfs/ordenanza_02-2023.pdf,https://www.colina.cl/ordenanzas_municipales,65bb6be8cc653225a9d330eee4e8b222e0471dbb6e7638882d1535f2fb646a98,
Colina,13,Metropolitana de Santiago,Municipalidad,06,2024-01-01,Ordenanza Municipal de COLINA — ordenanza 06 2024,Normativa General y Otras Materias,https://www.colina.cl/pdfs/ordenanza_06-2024.pdf,https://www.colina.cl/ordenanzas_municipales,07c19e48f73c5ad6a8b398405a6f45127d301673fb6cee7aa47184053ac1cc5d,
Colina,13,Metropolitana de Santiago,Municipalidad,07,2026-01-01,Ordenanza Municipal de COLINA — ordenanza 07 2025b,Normativa General y Otras Materias,https://www.colina.cl/pdfs/ordenanza_07-2025b.pdf,https://www.colina.cl/ordenanzas_municipales,105012d16ca2ef4dc8997ec1c6c33f26dcc821ec0ca31d90233245215570af7c,
Colina,13,Metropolitana de Santiago,Municipalidad,2016,2016-01-01,Ordenanza Municipal de COLINA — ORDENANZA 2016,Normativa General y Otras Materias,https://www.colina.cl/wp-content/uploads/2016/10/ORDENANZA-2016.pdf,https://www.colina.cl/ordenanzas_municipales,f4054e434960ffb30234cb9bb6d3f8a8a8528ab4ef1f30b4255cd4a1129ebdc2,
Colina,13,Metropolitana de Santiago,Municipalidad,S/N,2026-01-01,Ordenanza Municipal de COLINA — ordenanza mascarrillas,Normativa General y Otras Materias,https://www.colina.cl/wp-content/uploads/2020/04/ordenanza_mascarrillas.pdf,https://www.colina.cl/ordenanzas_municipales,f1d367f461c97c911d3a85141440dcc0c0dbd25b52e3da40c82c3a6b1c70285d,
Lampa,13,Metropolitana de Santiago,BCN,2,2005-06-03,"DICTA ORDENANZA COMUNAL SOBRE INSTALACION DE ANTENAS, TORRES Y PARABOLICAS DE CELULARES Y OTROS MEDIOS DE COMUNICACIÓN EN LA COMUNA DE LAMPA","Urbanismo, Obras y Edificación",https://www.bcn.cl/leychile/navegar?idNorma=238696,,,https://datos.bcn.cl/recurso/cl/orz/municipalidad-de-lampa/2005-06-03/2/datos.json
Lampa,13,Metropolitana de Santiago,BCN,4,2003-12-31,"MODIFICA ORDENANZA COMUNAL SOBRE DERECHOS MUNICIPALES POR PERMISOS, CONCESIONES Y SERVICIOS",Derechos Municipales y Tarifas,https://www.bcn.cl/leychile/navegar?idNorma=219612,,,https://datos.bcn.cl/recurso/cl/orz/municipalidad-de-lampa/2003-12-31/4/datos.json
Lampa,13,Metropolitana de Santiago,BCN,2,1999-10-26,MODIFICA ORDENANZA SOBRE HORARIO DE FUNCIONAMIENTO DE NEGOCIOS DE EXPENDIO DE BEBIDAS ALCOHOLICAS,"Comercio, Alcoholes y Patentes",https://www.bcn.cl/leychile/navegar?idNorma=146139,,,https://datos.bcn.cl/recurso/cl/orz/municipalidad-de-lampa/1999-10-26/2/datos.json
Lampa,13,Metropolitana de Santiago,BCN,1,1999-07-13,FIJA HORARIO DE FUNCIONAMIENTO DE NEGOCIOS DE EXPENDIO DE BEBIDAS ALCOHOLICAS,"Comercio, Alcoholes y Patentes",https://www.bcn.cl/leychile/navegar?idNorma=138913,,,https://datos.bcn.cl/recurso/cl/orz/municipalidad-de-lampa/1999-07-13/1/datos.json
Lampa,13,Metropolitana de Santiago,BCN,3,1998-12-17,APRUEBA MODIFICACION A ORDENANZA SOBRE PERMISOS Y CONCESIONES DE ARIDOS EN EL ESTERO LAMPA,Derechos Municipales y Tarifas,https://www.bcn.cl/leychile/navegar?idNorma=128459,,,https://datos.bcn.cl/recurso/cl/orz/municipalidad-de-lampa/1998-12-17/3/datos.json
Lampa,13,Metropolitana de Santiago,BCN,2,1998-09-30,APRUEBA MODIFICACION A ORDENANZA LOCAL SOBRE PERMISOS Y CONCESIONES DE ARIDOS EN EL ESTERO LAMPA,Derechos Municipales y Tarifas,https://www.bcn.cl/leychile/navegar?idNorma=125286,,,https://datos.bcn.cl/recurso/cl/orz/municipalidad-de-lampa/1998-09-30/2/datos.json
Lampa,13,Metropolitana de Santiago,BCN,1,1998-04-02,APRUEBA ORDENANZA LOCAL SOBRE CONCESIONES DE ARIDOS EN EL ESTERO LAMPA,Derechos Municipales y Tarifas,https://www.bcn.cl/leychile/navegar?idNorma=97686,,,https://datos.bcn.cl/recurso/cl/orz/municipalidad-de-lampa/1998-04-02/1/datos.json
Lampa,13,Metropolitana de Santiago,BCN,2,1997-12-29,"MODIFICA ORDENANZA COMUNAL SOBRE DERECHOS MUNICIPALES POR PERMISOS, CONCESIONES Y SERVICIOS",Derechos Municipales y Tarifas,https://www.bcn.cl/leychile/navegar?idNorma=87217,,,https://datos.bcn.cl/recurso/cl/orz/municipalidad-de-lampa/1997-12-29/2/datos.json
Lampa,13,Metropolitana de Santiago,BCN,1,1997-02-26,"MODIFICA ORDENANZA COMUNAL SOBRE DERECHOS MUNICIPALES POR PERMISOS, CONCESIONES Y SERVICIOS",Derechos Municipales y Tarifas,https://www.bcn.cl/leychile/navegar?idNorma=61215,,,https://datos.bcn.cl/recurso/cl/orz/municipalidad-de-lampa/1997-02-26/1/datos.json
Lampa,13,Metropolitana de Santiago,BCN,4,1995-12-29,APRUEBA ORDENANZA QUE INDICA,Normativa General y Otras Materias,https://www.bcn.cl/leychile/navegar?idNorma=30982,,,https://datos.bcn.cl/recurso/cl/orz/municipalidad-de-lampa/1995-12-29/4/datos.json
Lampa,13,Metropolitana de Santiago,BCN,2,1995-01-31,"DICTA ORDENANZA COMUNAL SOBRE DERECHOS MUNICIPALES POR PERMISOS, CONCESIONES Y SERVICIOS",Derechos Municipales y Tarifas,https://www.bcn.cl/leychile/navegar?idNorma=193575,,,https://datos.bcn.cl/recurso/cl/orz/municipalidad-de-lampa/1995-01-31/2/datos.json
Lampa,13,Metropolitana de Santiago,BCN,1,1995-01-20,ORDENANZA LOCAL SOBRE EXTRACCION DE ARIDOS DESDE POZOS LASTREROS DE PROPIEDAD PARTICULAR,"Aseo, Ornato y Medio Ambiente",https://www.bcn.cl/leychile/navegar?idNorma=30894,,,https://datos.bcn.cl/recurso/cl/orz/municipalidad-de-lampa/1995-01-20/1/datos.json
Lampa,13,Metropolitana de Santiago,BCN,157-exenta,1988-07-19,MODIFICA ORDENANZA LOCAL SOBRE DERECHOS MUNICIPALES AÑO 1988,Derechos Municipales y Tarifas,https://www.bcn.cl/leychile/navegar?idNorma=133442,,,https://datos.bcn.cl/recurso/cl/orz/municipalidad-de-lampa/1988-07-19/157-exenta/datos.json
San Bernardo,13,Metropolitana de Santiago,BCN,24,2004-01-20,APRUEBA ORDENANZA MUNICIPAL QUE REGULA LA TENENCIA RESPONSABLE Y EL CONTROL CANINO EN LA VIA PUBLICA DE LA COMUNA DE SAN BERNARDO,Tenencia Responsable y Mascotas,https://www.bcn.cl/leychile/navegar?idNorma=220305,,,https://datos.bcn.cl/recurso/cl/orz/municipalidad-de-san-bernardo/2004-01-20/24/datos.json
San Bernardo,13,Metropolitana de Santiago,BCN,17,1997-02-03,APRUEBA ORDENANZA LOCAL SOBRE NORMAS SANITARIAS Y MEDIO AMBIENTALES BASICAS,Normativa General y Otras Materias,https://www.bcn.cl/leychile/navegar?idNorma=60695,,,https://datos.bcn.cl/recurso/cl/orz/municipalidad-de-san-bernardo/1997-02-03/17/datos.json
San Bernardo,13,Metropolitana de Santiago,BCN,16,1995-12-29,APRUEBA ORDENANZA SOBRE TARIFAS POR EXTRACCION DE BASURAS DOMICILIARIAS,Derechos Municipales y Tarifas,https://www.bcn.cl/leychile/navegar?idNorma=31044,,,https://datos.bcn.cl/recurso/cl/orz/municipalidad-de-san-bernardo/1995-12-29/16/datos.json
San Bernardo,13,Metropolitana de Santiago,BCN,15,1994-07-13,"ORDENANZA LOCAL SOBRE PERMISOS Y CONCESIONES PARA LA;EXTRACCION DE ARIDOS EN EL RIO MAIPO, COMUNA DE SAN;BERNARDO",Derechos Municipales y Tarifas,https://www.bcn.cl/leychile/navegar?idNorma=31043,,,https://datos.bcn.cl/recurso/cl/orz/municipalidad-de-san-bernardo/1994-07-13/15/datos.json
San Bernardo,13,Metropolitana de Santiago,BCN,13,1994-01-31,ORDENANZA LOCAL SOBRE DERECHOS MUNICIPALES,Derechos Municipales y Tarifas,https://www.bcn.cl/leychile/navegar?idNorma=193125,,,https://datos.bcn.cl/recurso/cl/orz/municipalidad-de-san-bernardo/1994-01-31/13/datos.json
San Bernardo,13,Metropolitana de Santiago,BCN,8,1987-01-27,APRUEBA ORDENANZA SOBRE NOTIFICACIONES Y PUBLICACIONES DE RESOLUCIONES ALCALDICIAS QUE PRODUZCAN EFECTO FUERA DEL MUNICIPIO,Normativa General y Otras Materias,https://www.bcn.cl/leychile/navegar?idNorma=147764,,,https://datos.bcn.cl/recurso/cl/orz/municipalidad-de-san-bernardo/1987-01-27/8/datos.json
San Bernardo,13,Metropolitana de Santiago,BCN,6,1986-09-29,DICTA ORDENANZA SOBRE PROPAGANDA Y PUBLICIDAD,"Comercio, Alcoholes y Patentes",https://www.bcn.cl/leychile/navegar?idNorma=155968,,,https://datos.bcn.cl/recurso/cl/orz/municipalidad-de-san-bernardo/1986-09-29/6/datos.json
San Bernardo,13,Metropolitana de Santiago,BCN,7,1986-09-29,DICTA ORDENANZA LOCAL DE ESTACIONAMIENTOS PARA LA COMUNA,Tránsito y Transporte,https://www.bcn.cl/leychile/navegar?idNorma=156046,,,https://datos.bcn.cl/recurso/cl/orz/municipalidad-de-san-bernardo/1986-09-29/7/datos.json
San Bernardo,13,Metropolitana de Santiago,BCN,5,1985-11-22,DICTA ORDENANZA DE ASEO DE LA COMUNA DE SAN BERNARDO,"Aseo, Ornato y Medio Ambiente",https://www.bcn.cl/leychile/navegar?idNorma=166438,,,https://datos.bcn.cl/recurso/cl/orz/municipalidad-de-san-bernardo/1985-11-22/5/datos.json
San Bernardo,13,Metropolitana de Santiago,BCN,4,1984-06-22,DICTA ORDENANZA SOBRE NORMAS SANITARIAS BASICAS,Normativa General y Otras Materias,https://www.bcn.cl/leychile/navegar?idNorma=73336,,,https://datos.bcn.cl/recurso/cl/orz/municipalidad-de-san-bernardo/1984-06-22/4/datos.json
San Bernardo,13,Metropolitana de Santiago,BCN,3,1984-04-05,DICTA ORDENANZA SOBRE PREVENCION Y CONTROL DE RUIDOS MOLESTOS,"Aseo, Ornato y Medio Ambiente",https://www.bcn.cl/leychile/navegar?idNorma=229498,,,https://datos.bcn.cl/recurso/cl/orz/municipalidad-de-san-bernardo/1984-04-05/3/datos.json
San Bernardo,13,Metropolitana de Santiago,BCN,2,1984-01-25,DICTA ORDENANZA LOCAL SOBRE DERECHOS MUNICIPALES,Derechos Municipales y Tarifas,https://www.bcn.cl/leychile/navegar?idNorma=190801,,,https://datos.bcn.cl/recurso/cl/orz/municipalidad-de-san-bernardo/1984-01-25/2/datos.json
San Bernardo,13,Metropolitana de Santiago,Municipalidad,19,2026-01-01,Ordenanza Municipal de SAN BERNARDO — ORDENANZA 19 MODIF DAE N 4837 Ferias Libres Chacareros Otros,"Patentes, Comercio y Alcoholes",https://transparencia.sanbernardo.cl/ordenanzas/ORDENANZA-19-MODIF-DAE-N-4837-Ferias-Libres-Chacareros-Otros.pdf,https://transparencia.sanbernardo.cl/ordenanzas/ORDENANZA-19-MODIF-DAE-N-4837-Ferias-Libres-Chacareros-Otros.pdf,4b333e9283416fb4876167e839942b2aebd6c6b7174451a55f5db11050630c90,
San Bernardo,13,Metropolitana de Santiago,Municipalidad,19-03d5,2026-01-01,Ordenanza Municipal de SAN BERNARDO — ORDENANZA 19 TEXTO REFUNDIDO DAE N 4837 Ferias Libres Chacareros Otros,"Patentes, Comercio y Alcoholes",https://transparencia.sanbernardo.cl/ordenanzas/ORDENANZA-19-TEXTO-REFUNDIDO-DAE-N-4837-Ferias-Libres-Chacareros-Otros.pdf,https://transparencia.sanbernardo.cl/ordenanzas/ORDENANZA-19-TEXTO-REFUNDIDO-DAE-N-4837-Ferias-Libres-Chacareros-Otros.pdf,03d5c79334712c6e46b5b95d45c943ed296b7186c061576a834dd4be81de8273,
San Bernardo,13,Metropolitana de Santiago,Municipalidad,51,2026-01-01,Ordenanza Municipal de SAN BERNARDO — ORDENANZA 51 ORDENANZA FERIAS NAVIDENAS,"Patentes, Comercio y Alcoholes",https://transparencia.sanbernardo.cl/ordenanzas/ORDENANZA-51-ORDENANZA-FERIAS-NAVIDENAS.pdf,https://transparencia.sanbernardo.cl/ordenanzas/ORDENANZA-51-ORDENANZA-FERIAS-NAVIDENAS.pdf,e3a7d1b816b12c4236ae82596ef99f745c15c1828102e9251eeaaa3788758d26,
San Bernardo,13,Metropolitana de Santiago,Municipalidad,52,2026-01-01,Ordenanza Municipal de SAN BERNARDO — ORDENANZA N 52 LOCAL SOBRE REGULACION ESPACIOS PUBLICOS PLAZAS Y JUEGOS,Normativa General y Otras Materias,https://transparencia.sanbernardo.cl/ordenanzas/ORDENANZA-N-52-LOCAL-SOBRE-REGULACION-ESPACIOS-PUBLICOS-PLAZAS-Y-JUEGOS.pdf,https://transparencia.sanbernardo.cl/ordenanzas/ORDENANZA-N-52-LOCAL-SOBRE-REGULACION-ESPACIOS-PUBLICOS-PLAZAS-Y-JUEGOS.pdf,d6e91f5f7d6c44dc01db3dd212d8fa690ef95b67223bcf9bbb709431a188355b,
San Bernardo,13,Metropolitana de Santiago,Municipalidad,54,2026-01-01,Ordenanza Municipal de SAN BERNARDO — ORDENANZA N 54 INSTALACION FUNCIONAMIENTO EXPLOTACION COMERCIAL MAQUINAS HABILIDAD DAE 4160,"Patentes, Comercio y Alcoholes",https://transparencia.sanbernardo.cl/ordenanzas/ORDENANZA-N-54-INSTALACION-FUNCIONAMIENTO-EXPLOTACION-COMERCIAL-MAQUINAS-HABILIDAD-DAE-4160.pdf,https://transparencia.sanbernardo.cl/ordenanzas/ORDENANZA-N-54-INSTALACION-FUNCIONAMIENTO-EXPLOTACION-COMERCIAL-MAQUINAS-HABILIDAD-DAE-4160.pdf,cafaa1d502758220aee662dc851275777340af7d12938012ede8609d09b2688b,
San Bernardo,13,Metropolitana de Santiago,Municipalidad,12,2024-05-14,Ordenanza Municipal de SAN BERNARDO — ORDENANZA N12 FERIA PERSA MODIFICACION 14 05 2024 DAE N 3047,"Patentes, Comercio y Alcoholes",https://transparencia.sanbernardo.cl/ordenanzas/ORDENANZA-N12-FERIA-PERSA-MODIFICACION-14-05-2024-DAE-N-3047.pdf,https://transparencia.sanbernardo.cl/ordenanzas/ORDENANZA-N12-FERIA-PERSA-MODIFICACION-14-05-2024-DAE-N-3047.pdf,3a313211cbb1e572b4afc59ba504def4b4c691f0abfc083a491dd769b9d07b8a,
San Bernardo,13,Metropolitana de Santiago,Municipalidad,12,2024-01-01,Ordenanza Municipal de SAN BERNARDO — ORDENANZA N12 FERIA PERSA TEXTO REFUNDIDO16 05 2024,"Patentes, Comercio y Alcoholes",https://transparencia.sanbernardo.cl/ordenanzas/ORDENANZA-N12-FERIA-PERSA-TEXTO-REFUNDIDO16-05-2024.pdf,https://transparencia.sanbernardo.cl/ordenanzas/ORDENANZA-N12-FERIA-PERSA-TEXTO-REFUNDIDO16-05-2024.pdf,4c3c999379096107a604004ab920d523c18eca541a98d1c71aba59b54be1037a,
San Bernardo,13,Metropolitana de Santiago,Municipalidad,13,2025-10-28,Ordenanza Municipal de SAN BERNARDO — ORDENANZA N13 DERECHOS MUNICIPALES DAE No 5582 MODIFICACION 2025 10 28,Derechos Municipales y Tarifas,https://transparencia.sanbernardo.cl/ordenanzas/ORDENANZA-N13-DERECHOS-MUNICIPALES-DAE-No-5582-MODIFICACION-2025-10-28.pdf,https://transparencia.sanbernardo.cl/ordenanzas/ORDENANZA-N13-DERECHOS-MUNICIPALES-DAE-No-5582-MODIFICACION-2025-10-28.pdf,293b15da913af4f0a5955001df7fbee807ee0fa365e0eb389448740756080e78,
San Bernardo,13,Metropolitana de Santiago,Municipalidad,13,2026-01-01,Ordenanza Municipal de SAN BERNARDO — ORDENANZA N13 DERECHOS MUNICIPALES DAE No 6471 MODIFICACION,Derechos Municipales y Tarifas,https://transparencia.sanbernardo.cl/ordenanzas/ORDENANZA-N13-DERECHOS-MUNICIPALES-DAE-No-6471-MODIFICACION.pdf,https://transparencia.sanbernardo.cl/ordenanzas/ORDENANZA-N13-DERECHOS-MUNICIPALES-DAE-No-6471-MODIFICACION.pdf,152f91329a600f054b65a9150c07ba292761a5340e74dd19dc5a43aec30f8c02,
San Bernardo,13,Metropolitana de Santiago,Municipalidad,13,2024-10-30,Ordenanza Municipal de SAN BERNARDO — ORDENANZA N13 DERECHOS MUNICIPALES TEXTO REFUNDIDO 2024 10 30,Derechos Municipales y Tarifas,https://transparencia.sanbernardo.cl/ordenanzas/ORDENANZA-N13-DERECHOS-MUNICIPALES-TEXTO-REFUNDIDO-2024-10-30.pdf,https://transparencia.sanbernardo.cl/ordenanzas/ORDENANZA-N13-DERECHOS-MUNICIPALES-TEXTO-REFUNDIDO-2024-10-30.pdf,4f566f5fc273259b66da9e29b90324a26e40e1d15cd24e7e3cde2f452c8ab8a4,
San Bernardo,13,Metropolitana de Santiago,Municipalidad,13-366c,2026-01-01,Ordenanza Municipal de SAN BERNARDO — ORDENANZA N13 TEXTO REFUNDIDO sobre derechos municipales,Derechos Municipales y Tarifas,https://transparencia.sanbernardo.cl/ordenanzas/ORDENANZA-N13-TEXTO-REFUNDIDO-sobre-derechos-municipales.pdf,https://transparencia.sanbernardo.cl/ordenanzas/ORDENANZA-N13-TEXTO-REFUNDIDO-sobre-derechos-municipales.pdf,366c9252c8a33a64bbf3164d8d5467d0b13b7e23b68a111a43d31e08b4c598d0,
San Bernardo,13,Metropolitana de Santiago,Municipalidad,14,2026-01-01,Ordenanza Municipal de SAN BERNARDO — ORDENANZA N14 MODIF DAE N 5583,Normativa General y Otras Materias,https://transparencia.sanbernardo.cl/ordenanzas/ORDENANZA-N14-MODIF-DAE-N-5583.pdf,https://transparencia.sanbernardo.cl/ordenanzas/ORDENANZA-N14-MODIF-DAE-N-5583.pdf,a9d6a9d0bf7d862073ae31e8f1b07112b0d17fdda9b2c040801660561e195b2c,
San Bernardo,13,Metropolitana de Santiago,Municipalidad,14,2025-11-20,Ordenanza Municipal de SAN BERNARDO — ORDENANZA N14 TEXTO REFUNDIDO Estacionamientos Vehiculos 20 11 2025,Tránsito y Transporte,https://transparencia.sanbernardo.cl/ordenanzas/ORDENANZA-N14-TEXTO-REFUNDIDO-Estacionamientos-Vehiculos-20-11-2025.pdf,https://transparencia.sanbernardo.cl/ordenanzas/ORDENANZA-N14-TEXTO-REFUNDIDO-Estacionamientos-Vehiculos-20-11-2025.pdf,7319256ee4c6546e9a4ce6043a6b2309cb357876e773f938ef41372804b78530,
San Bernardo,13,Metropolitana de Santiago,Municipalidad,20,2024-05-24,Ordenanza Municipal de SAN BERNARDO — ORDENANZA N20 OTORGAMIENTO SUBVENCIONES MODIFICACION 24 05 2024 DAE N3323,Normativa General y Otras Materias,https://transparencia.sanbernardo.cl/ordenanzas/ORDENANZA-N20-OTORGAMIENTO-SUBVENCIONES-MODIFICACION-24-05-2024-DAE-N3323.pdf,https://transparencia.sanbernardo.cl/ordenanzas/ORDENANZA-N20-OTORGAMIENTO-SUBVENCIONES-MODIFICACION-24-05-2024-DAE-N3323.pdf,00f9ceee4cb1ba762002f37355614875c77a03c713fc941766229833d53a54b0,
San Bernardo,13,Metropolitana de Santiago,Municipalidad,20,2026-01-01,Ordenanza Municipal de SAN BERNARDO — ORDENANZA N20 TEXTO REFUNDIDO OTORGAMIENTO SUBVENCIONES,Normativa General y Otras Materias,https://transparencia.sanbernardo.cl/ordenanzas/ORDENANZA-N20-TEXTO-REFUNDIDO-OTORGAMIENTO-SUBVENCIONES.pdf,https://transparencia.sanbernardo.cl/ordenanzas/ORDENANZA-N20-TEXTO-REFUNDIDO-OTORGAMIENTO-SUBVENCIONES.pdf,b02305e13cb7a2c45fc4ffaa4605446b273a2685e75e8bdd04345d9a15ba76e4,
Buin,13,Metropolitana de Santiago,BCN,401,1987-02-03,"DICTA ORDENANZA LOCAL SOBRE DERECHOS MUNICIPALES POR CONCESIONES, PERMISOS Y SERVICIOS AÑO 1987",Derechos Municipales y Tarifas,https://www.bcn.cl/leychile/navegar?idNorma=140767,,,https://datos.bcn.cl/recurso/cl/orz/municipalidad-de-buin/1987-02-03/401/datos.json
Buin,13,Metropolitana de Santiago,Municipalidad,2015,2015-01-01,Ordenanza Municipal de BUIN — 201210392813Tramite 15,Normativa General y Otras Materias,https://transparenciahistorico.buin.cl/intranet/documentos/201210392813Tramite%2015.pdf,https://transparenciahistorico.buin.cl/intranet/transparencia/vista/articulo.asp?id=1158,b832da71cb381245450604da2ef3043b2f7b4655dc288657e693f38c9cb63e6e,
Buin,13,Metropolitana de Santiago,Municipalidad,S/N,2026-01-01,Ordenanza Municipal de BUIN — 201211291111541318,Normativa General y Otras Materias,https://transparenciahistorico.buin.cl/intranet/documentos/201211291111541318.pdf,https://transparenciahistorico.buin.cl/intranet/transparencia/vista/articulo.asp?id=1158,a398a53b9dc6b4f62f386a35d4520841580e9da8538f6be07e9a2d31511c6ebb,
Buin,13,Metropolitana de Santiago,Municipalidad,S/N-e4ae,2026-01-01,Ordenanza Municipal de BUIN — 201211291115571336,Normativa General y Otras Materias,https://transparenciahistorico.buin.cl/intranet/documentos/201211291115571336.pdf,https://transparenciahistorico.buin.cl/intranet/transparencia/vista/articulo.asp?id=1158,e4aeecd4a013d065205e2acc966977db6fa698f39ddd41a015f3eba7c89e9217,
Buin,13,Metropolitana de Santiago,Municipalidad,S/N-8c06,2026-01-01,Ordenanza Municipal de BUIN — 201211291121361341,Normativa General y Otras Materias,https://transparenciahistorico.buin.cl/intranet/documentos/201211291121361341.pdf,https://transparenciahistorico.buin.cl/intranet/transparencia/vista/articulo.asp?id=1158,8c064ab5e3931ccefdfa9eb8b22bc16841695b4471a96258818d2c959a39e9e2,
Buin,13,Metropolitana de Santiago,Municipalidad,S/N-8d13,2026-01-01,Ordenanza Municipal de BUIN — 201211291125271515,Normativa General y Otras Materias,https://transparenciahistorico.buin.cl/intranet/documentos/201211291125271515.pdf,https://transparenciahistorico.buin.cl/intranet/transparencia/vista/articulo.asp?id=1158,8d130a1a8548c14d9431c0198cddc562e2b4c9b88978fbcd7fe76a29eb92a363,
Buin,13,Metropolitana de Santiago,Municipalidad,S/N-4bfc,2026-01-01,Ordenanza Municipal de BUIN — 20121129113671725,Normativa General y Otras Materias,https://transparenciahistorico.buin.cl/intranet/documentos/20121129113671725.pdf,https://transparenciahistorico.buin.cl/intranet/transparencia/vista/articulo.asp?id=1158,4bfc0c513d4936492dfb77cba0988a3966cd6232a6639b98c005b07efe65c5f4,
Buin,13,Metropolitana de Santiago,Municipalidad,S/N-ca1c,2026-01-01,Ordenanza Municipal de BUIN — 201211291137591948,Normativa General y Otras Materias,https://transparenciahistorico.buin.cl/intranet/documentos/201211291137591948.pdf,https://transparenciahistorico.buin.cl/intranet/transparencia/vista/articulo.asp?id=1158,ca1c4642ae9fad1554c0e5bb1eee946975c8b046df0b2c28689277cb97394fee,
Buin,13,Metropolitana de Santiago,Municipalidad,S/N-e8b3,2026-01-01,Ordenanza Municipal de BUIN — 201211291140262061,Normativa General y Otras Materias,https://transparenciahistorico.buin.cl/intranet/documentos/201211291140262061.pdf,https://transparenciahistorico.buin.cl/intranet/transparencia/vista/articulo.asp?id=1158,e8b356047319d85488867349820c2f3beefd0674f27cd852b4413a45a8526a67,
Buin,13,Metropolitana de Santiago,Municipalidad,S/N-c68d,2026-01-01,Ordenanza Municipal de BUIN — 201211291143542094,Normativa General y Otras Materias,https://transparenciahistorico.buin.cl/intranet/documentos/201211291143542094.pdf,https://transparenciahistorico.buin.cl/intranet/transparencia/vista/articulo.asp?id=1158,c68deab3abdd6b6a4334a83c68026dad89587e80538c407e5bf8e925bd21bd7f,
Buin,13,Metropolitana de Santiago,Municipalidad,S/N-40e5,2026-01-01,Ordenanza Municipal de BUIN — 20121129114852294,Normativa General y Otras Materias,https://transparenciahistorico.buin.cl/intranet/documentos/20121129114852294.pdf,https://transparenciahistorico.buin.cl/intranet/transparencia/vista/articulo.asp?id=1158,40e584ba34b7a401a17df2fba5fb793e18baca03e9270934067f75a92511dd1a,
Buin,13,Metropolitana de Santiago,Municipalidad,S/N-369e,2026-01-01,Ordenanza Municipal de BUIN — 20121129114920239,Normativa General y Otras Materias,https://transparenciahistorico.buin.cl/intranet/documentos/20121129114920239.pdf,https://transparenciahistorico.buin.cl/intranet/transparencia/vista/articulo.asp?id=1158,369e87430437e390c89d096c0d972e5c9de3227f76209bfa52d69a2fc48c2053,
Buin,13,Metropolitana de Santiago,Municipalidad,S/N-4cc8,2026-01-01,Ordenanza Municipal de BUIN — 2012112911653154,Normativa General y Otras Materias,https://transparenciahistorico.buin.cl/intranet/documentos/2012112911653154.pdf,https://transparenciahistorico.buin.cl/intranet/transparencia/vista/articulo.asp?id=1158,4cc8f36dd7384219e95b1a3a88164fc90d5b0a1b5dd455f71b823bdb3c694c53,
Buin,13,Metropolitana de Santiago,Municipalidad,S/N-c9d5,2026-01-01,Ordenanza Municipal de BUIN — 2012112911992612,Normativa General y Otras Materias,https://transparenciahistorico.buin.cl/intranet/documentos/2012112911992612.pdf,https://transparenciahistorico.buin.cl/intranet/transparencia/vista/articulo.asp?id=1158,c9d5ee53ffd4ee96265439de494bbeb731467d622992ff8e57090a4aea31862b,
Buin,13,Metropolitana de Santiago,Municipalidad,S/N-17de,2026-01-01,Ordenanza Municipal de BUIN — 201211291225243427,Normativa General y Otras Materias,https://transparenciahistorico.buin.cl/intranet/documentos/201211291225243427.pdf,https://transparenciahistorico.buin.cl/intranet/transparencia/vista/articulo.asp?id=1158,17dea495b509da18f55f02ed696fba0adaea76cc85d99a5279011dbbe1fc19b8,
Buin,13,Metropolitana de Santiago,Municipalidad,S/N-e24d,2026-01-01,Ordenanza Municipal de BUIN — 201211291231263428,Normativa General y Otras Materias,https://transparenciahistorico.buin.cl/intranet/documentos/201211291231263428.pdf,https://transparenciahistorico.buin.cl/intranet/transparencia/vista/articulo.asp?id=1158,e24d665516bf159e983732b0e8b0acccc655239407faceb060aa42a42204e795,
Buin,13,Metropolitana de Santiago,Municipalidad,S/N-0a56,2026-01-01,Ordenanza Municipal de BUIN — 20121129123339344,Normativa General y Otras Materias,https://transparenciahistorico.buin.cl/intranet/documentos/20121129123339344.pdf,https://transparenciahistorico.buin.cl/intranet/transparencia/vista/articulo.asp?id=1158,0a5661a2b8c31cc486f0aec0558d4802edbb4464a33c8e29816e78e95acd178f,
Buin,13,Metropolitana de Santiago,Municipalidad,S/N-1b33,2026-01-01,Ordenanza Municipal de BUIN — 20121129124354477,Normativa General y Otras Materias,https://transparenciahistorico.buin.cl/intranet/documentos/20121129124354477.pdf,https://transparenciahistorico.buin.cl/intranet/transparencia/vista/articulo.asp?id=1158,1b33bbb6ef27e7875c112786c2a0b2f81c3a17af71d279063de699688f4e61f4,
Buin,13,Metropolitana de Santiago,Municipalidad,S/N-8f0a,2026-01-01,Ordenanza Municipal de BUIN — 20121129125115826,Normativa General y Otras Materias,https://transparenciahistorico.buin.cl/intranet/documentos/20121129125115826.pdf,https://transparenciahistorico.buin.cl/intranet/transparencia/vista/articulo.asp?id=1158,8f0a3780cc3bc7a68e7fae2982d0bbd217410d7cb64198ef3e1a00da9b6ec5aa,
Buin,13,Metropolitana de Santiago,Municipalidad,S/N-192b,2026-01-01,Ordenanza Municipal de BUIN — 20121129129312476,Normativa General y Otras Materias,https://transparenciahistorico.buin.cl/intranet/documentos/20121129129312476.pdf,https://transparenciahistorico.buin.cl/intranet/transparencia/vista/articulo.asp?id=1158,192b83bf389acd592cd0a5cf36f21db770a843c7d4088e333140de6fe7fadc42,
Buin,13,Metropolitana de Santiago,Municipalidad,S/N-eb1b,2026-01-01,Ordenanza Municipal de BUIN — 201212318458OBRAS MUNICIPALES,"Urbanismo, Obras y Edificación",https://transparenciahistorico.buin.cl/intranet/documentos/201212318458OBRAS_MUNICIPALES.pdf,https://transparenciahistorico.buin.cl/intranet/transparencia/vista/articulo.asp?id=1158,eb1b1b9f3967362352b0b6503ae1ff2b0eefa20c7b50b33ad6cf564eb64b17d0,
Buin,13,Metropolitana de Santiago,Municipalidad,S/N-f1a5,2026-01-01,Ordenanza Municipal de BUIN — 201212593734DIMAOO,Normativa General y Otras Materias,https://transparenciahistorico.buin.cl/intranet/documentos/201212593734DIMAOO.pdf,https://transparenciahistorico.buin.cl/intranet/transparencia/vista/articulo.asp?id=1158,f1a59e3f16a29007183d30943a44b4be7f7db9679933a2ccd121fb07806c43be,
Buin,13,Metropolitana de Santiago,Municipalidad,20106,2003-01-01,Ordenanza Municipal de BUIN — 201295175833Ex. 106  canino 2003,Tenencia Responsable de Mascotas,https://transparenciahistorico.buin.cl/intranet/documentos/201295175833Ex.%20106%20_canino_2003.pdf,https://transparenciahistorico.buin.cl/intranet/transparencia/vista/articulo.asp?id=1158,5c770a2a6f1028bfbda4a7d450e063da993c06609b0259ca4319fab81e21f19b,
Buin,13,Metropolitana de Santiago,Municipalidad,S/N,2007-01-01,Ordenanza Municipal de BUIN — 2012962225122295  TARIFA  Basura 2007,Derechos Municipales y Tarifas,https://transparenciahistorico.buin.cl/intranet/documentos/2012962225122295%20_TARIFA_%20Basura_2007.pdf,https://transparenciahistorico.buin.cl/intranet/transparencia/vista/articulo.asp?id=1158,b1c96c8b1574313f69e78796df910413fbf1d69c79831775e5df0de78aa03c48,
Buin,13,Metropolitana de Santiago,Municipalidad,S/N,2009-01-01,Ordenanza Municipal de BUIN — 2012962230132349  ferias 2009,"Patentes, Comercio y Alcoholes",https://transparenciahistorico.buin.cl/intranet/documentos/2012962230132349%20_ferias_2009.pdf,https://transparenciahistorico.buin.cl/intranet/transparencia/vista/articulo.asp?id=1158,177eb6547945aa5de9986bf35eda295e32ab51d8b5786a8041ac5fbb4496510c,
Buin,13,Metropolitana de Santiago,Municipalidad,S/N-60da,2009-01-01,Ordenanza Municipal de BUIN — 2012962248272746 Munic.conc.perm. y serv 2009.,Normativa General y Otras Materias,https://transparenciahistorico.buin.cl/intranet/documentos/2012962248272746%20Munic.conc.perm.%20y%20serv_2009..pdf,https://transparenciahistorico.buin.cl/intranet/transparencia/vista/articulo.asp?id=1158,60da4f586b69cac57134012bda1d5b45efbcc839b9aee6b95760054975245e85,
Buin,13,Metropolitana de Santiago,Municipalidad,2011,2011-01-01,Ordenanza Municipal de BUIN — 2012962259552849 dermun 2011,Normativa General y Otras Materias,https://transparenciahistorico.buin.cl/intranet/documentos/2012962259552849_dermun_2011.pdf,https://transparenciahistorico.buin.cl/intranet/transparencia/vista/articulo.asp?id=1158,7cb02e0134a61db0fb453562d3f66e67e5d788133e3da07e459034df663d7ce1,
Buin,13,Metropolitana de Santiago,Municipalidad,S/N,2011-01-01,Ordenanza Municipal de BUIN — 2012962312222882 predios 2011,Normativa General y Otras Materias,https://transparenciahistorico.buin.cl/intranet/documentos/2012962312222882_predios_2011.pdf,https://transparenciahistorico.buin.cl/intranet/transparencia/vista/articulo.asp?id=1158,582fc8280139b6896030595d2a342ad3e8e07d0060d282fe268de9cd48930e40,
Buin,13,Metropolitana de Santiago,Municipalidad,S/N,2012-01-01,Ordenanza Municipal de BUIN — 2012962316301927 azar 2012,Normativa General y Otras Materias,https://transparenciahistorico.buin.cl/intranet/documentos/2012962316301927_azar_2012.pdf,https://transparenciahistorico.buin.cl/intranet/transparencia/vista/articulo.asp?id=1158,891b468c22ed8f81f9787ab418e8ba6b627ca0199a399adaaa36b4c5a58e98ed,
Buin,13,Metropolitana de Santiago,Municipalidad,S/N-12ce,2012-01-01,Ordenanza Municipal de BUIN — 2012962319142444 alcohol 2012,"Patentes, Comercio y Alcoholes",https://transparenciahistorico.buin.cl/intranet/documentos/2012962319142444_alcohol_2012.pdf,https://transparenciahistorico.buin.cl/intranet/transparencia/vista/articulo.asp?id=1158,12ce911f35fefd5bb313f42838a899678a38e578cee677f8ce4cb89413458ede,
Buin,13,Metropolitana de Santiago,Municipalidad,S/N-22a9,2011-01-01,Ordenanza Municipal de BUIN — 201296235122881 ext basura 2011,"Aseo, Ornato y Medio Ambiente",https://transparenciahistorico.buin.cl/intranet/documentos/201296235122881_ext_basura_2011.pdf,https://transparenciahistorico.buin.cl/intranet/transparencia/vista/articulo.asp?id=1158,22a9ca8cc39ea858e4d9be43f39723c0076ea233ba7ed8ac66c42221221b4893,
Buin,13,Metropolitana de Santiago,Municipalidad,20,2009-01-01,Ordenanza Municipal de BUIN — 201296235342747 Octubre 2009 Fija  Ext  residuos dom,"Aseo, Ornato y Medio Ambiente",https://transparenciahistorico.buin.cl/intranet/documentos/201296235342747%20Octubre%202009%20Fija%20%20Ext_%20residuos_dom.pdf,https://transparenciahistorico.buin.cl/intranet/transparencia/vista/articulo.asp?id=1158,a4db3d738fa16af043428299bf4fea270dcc2cd7fef10f29a4ebbf26d2f0c6d6,
Buin,13,Metropolitana de Santiago,Municipalidad,S/N,2013-01-01,Ordenanza Municipal de BUIN — 20131030131328Ordenanza Derechos Municipales 2013 para el 2014 EX 2949,Derechos Municipales y Tarifas,https://transparenciahistorico.buin.cl/intranet/documentos/20131030131328Ordenanza%20Derechos%20Municipales%202013%20para%20el%202014%20EX%202949.pdf,https://transparenciahistorico.buin.cl/intranet/transparencia/vista/articulo.asp?id=1158,7cd33d971a2acd331f9984e06b30b50eb6fb648e2f3ce4c54206c46585049170,
Buin,13,Metropolitana de Santiago,Municipalidad,S/N-21ec,2013-01-01,Ordenanza Municipal de BUIN — 20131030131356Ordenanza derechos de aseo 2013 para 2014 EX 2950,Derechos Municipales y Tarifas,https://transparenciahistorico.buin.cl/intranet/documentos/20131030131356Ordenanza%20derechos%20de%20aseo%202013%20para%202014%20EX%202950.pdf,https://transparenciahistorico.buin.cl/intranet/transparencia/vista/articulo.asp?id=1158,21ec1e7ae217da5f7aaadb82e784e1532f4dca05f9abe4cf4ad9be4bc4940099,
Buin,13,Metropolitana de Santiago,Municipalidad,2087,2087-01-01,Ordenanza Municipal de BUIN — 20134313747dec 87,Normativa General y Otras Materias,https://transparenciahistorico.buin.cl/intranet/documentos/20134313747dec%2087.pdf,https://transparenciahistorico.buin.cl/intranet/transparencia/vista/articulo.asp?id=1158,3628f4d6d3a28a71077ef6782bacd9a0c60fe255f1d63b0c735df741bc83cbd2,
Buin,13,Metropolitana de Santiago,Municipalidad,2012,2012-01-01,Ordenanza Municipal de BUIN — 2013481631113271 2012 Ordenanza Derechos Municipales,Derechos Municipales y Tarifas,https://transparenciahistorico.buin.cl/intranet/documentos/2013481631113271-2012%20Ordenanza%20Derechos%20Municipales.pdf,https://transparenciahistorico.buin.cl/intranet/transparencia/vista/articulo.asp?id=1158,4f051f8a91927b3de570b49b05797eaf0230972bcc5df0d4ca3ceafcd1c03378,
Buin,13,Metropolitana de Santiago,Municipalidad,3272,2012-01-01,Ordenanza Municipal de BUIN — 2013514105737Derechos de aseo 2012 Decreto 3272,Derechos Municipales y Tarifas,https://transparenciahistorico.buin.cl/intranet/documentos/2013514105737Derechos%20de%20aseo%202012%20Decreto%203272.pdf,https://transparenciahistorico.buin.cl/intranet/transparencia/vista/articulo.asp?id=1158,5cd815ab22ad745ff993167f3296ee658c43a8d4b75b78524fb998a7c368100f,
Buin,13,Metropolitana de Santiago,Municipalidad,S/N-52c4,2026-01-01,Ordenanza Municipal de BUIN — 20137514256LEY DE MUNICIPALIDADES,Normativa General y Otras Materias,https://transparenciahistorico.buin.cl/intranet/documentos/20137514256LEY%20DE%20MUNICIPALIDADES.pdf,https://transparenciahistorico.buin.cl/intranet/transparencia/vista/articulo.asp?id=1158,52c4a12b1dff123d7e3035cb044f568aa7eade56be8a97ee3b400e5f6f186e04,
Buin,13,Metropolitana de Santiago,Municipalidad,2015-be2d,2015-01-01,Ordenanza Municipal de BUIN — 20141030105625Ordenanza 2015 Derechos.,Derechos Municipales y Tarifas,https://transparenciahistorico.buin.cl/intranet/documentos/20141030105625Ordenanza_2015_Derechos..pdf,https://transparenciahistorico.buin.cl/intranet/transparencia/vista/articulo.asp?id=1158,be2d938a2567cbe07aef5bdd236896e78df4f203e3a863fce21920a71f221e3e,
Buin,13,Metropolitana de Santiago,Municipalidad,S/N,2014-01-01,Ordenanza Municipal de BUIN — 20145191249591051 2014 ord,Normativa General y Otras Materias,https://transparenciahistorico.buin.cl/intranet/documentos/20145191249591051_2014_ord.pdf,https://transparenciahistorico.buin.cl/intranet/transparencia/vista/articulo.asp?id=1158,d9ab35fdb3fde06596d598102ac1ceeb9147e67e3d2793172c096796783f5a62,
Buin,13,Metropolitana de Santiago,Municipalidad,S/N,2003-01-01,Ordenanza Municipal de BUIN — 2014929135447Ex 1724 de 2003 Modifica Ordenanza Pob.Canina,Normativa General y Otras Materias,https://transparenciahistorico.buin.cl/intranet/documentos/2014929135447Ex%201724%20de%202003%20Modifica%20Ordenanza%20Pob.Canina.pdf,https://transparenciahistorico.buin.cl/intranet/transparencia/vista/articulo.asp?id=1158,c89a31d60ed258096e88ae23af5999493b20a42d588b30a9f3881b87cb279a9d,
Buin,13,Metropolitana de Santiago,Municipalidad,S/N-9876,2026-01-01,Ordenanza Municipal de BUIN — 201510311241402936,Normativa General y Otras Materias,https://transparenciahistorico.buin.cl/intranet/documentos/201510311241402936.pdf,https://transparenciahistorico.buin.cl/intranet/transparencia/vista/articulo.asp?id=1158,987622c064f8083578c64c9c12172aa789694bf5ffb1b17c61d6b9b964d72879,
Buin,13,Metropolitana de Santiago,Municipalidad,S/N-30aa,2026-01-01,Ordenanza Municipal de BUIN — 201510311244502937,Normativa General y Otras Materias,https://transparenciahistorico.buin.cl/intranet/documentos/201510311244502937.pdf,https://transparenciahistorico.buin.cl/intranet/transparencia/vista/articulo.asp?id=1158,30aa414a84f0ba81e9e72af9bd4ae082507d1332d8862080e2a5314a4d7b4cf9,
Buin,13,Metropolitana de Santiago,Municipalidad,S/N-ad0f,2026-01-01,Ordenanza Municipal de BUIN — 20151131211242939,Normativa General y Otras Materias,https://transparenciahistorico.buin.cl/intranet/documentos/20151131211242939.pdf,https://transparenciahistorico.buin.cl/intranet/transparencia/vista/articulo.asp?id=1158,ad0ff369aad9fc102d81e0eafcc8d5bdbafc4d1fa3a352ba5cc91978d8ea30a4,
Buin,13,Metropolitana de Santiago,Municipalidad,S/N-a184,2026-01-01,Ordenanza Municipal de BUIN — 2015113121412940,Normativa General y Otras Materias,https://transparenciahistorico.buin.cl/intranet/documentos/2015113121412940.pdf,https://transparenciahistorico.buin.cl/intranet/transparencia/vista/articulo.asp?id=1158,a184eb3ec447de5c254d127223987be4397130edca4fa352530a85027466980b,
Buin,13,Metropolitana de Santiago,Municipalidad,S/N-9f1c,2026-01-01,Ordenanza Municipal de BUIN — 20151131216252941,Normativa General y Otras Materias,https://transparenciahistorico.buin.cl/intranet/documentos/20151131216252941.pdf,https://transparenciahistorico.buin.cl/intranet/transparencia/vista/articulo.asp?id=1158,9f1c312c0a6eceaa02a64127dbb81c077d9ce59deb34e4785cc3c4c81d6084f2,
Buin,13,Metropolitana de Santiago,Municipalidad,S/N-1d82,2026-01-01,Ordenanza Municipal de BUIN — 2015113128342938,Normativa General y Otras Materias,https://transparenciahistorico.buin.cl/intranet/documentos/2015113128342938.pdf,https://transparenciahistorico.buin.cl/intranet/transparencia/vista/articulo.asp?id=1158,1d824869b42fdb1cc68f75a77f4af12caf5f23b811f03646cb376416ab3edce1,
Buin,13,Metropolitana de Santiago,Municipalidad,1367,2026-01-01,Ordenanza Municipal de BUIN — 1367 Ordenanza sobre uso y comercialización de artefactos que combustionan leña y pellets de madera,"Patentes, Comercio y Alcoholes",https://www.buin.cl/wp-content/uploads/2022/05/1367-Ordenanza-sobre-uso-y-comercializacio%CC%81n-de-artefactos-que-combustionan-len%CC%83a-y-pellets-de-madera.pdf,https://www.buin.cl/wp-content/uploads/2022/05/1367-Ordenanza-sobre-uso-y-comercialización-de-artefactos-que-combustionan-leña-y-pellets-de-madera.pdf,503f4037a6d4cbb791ae027acc357aa1c52ecc848f3622f85ae7b270e944f9a2,
Buin,13,Metropolitana de Santiago,Municipalidad,3488,2023-01-01,Ordenanza Municipal de BUIN — Decreto 3488 2023 Ordenanza Tarifa de Aseo Domiciliario por extraccion de basura 2024,Derechos Municipales y Tarifas,https://www.buin.cl/wp-content/uploads/2023/10/Decreto-3488-2023-Ordenanza-Tarifa-de-Aseo-Domiciliario-por-extraccion-de-basura-2024.pdf,https://www.buin.cl/wp-content/uploads/2023/10/Decreto-3488-2023-Ordenanza-Tarifa-de-Aseo-Domiciliario-por-extraccion-de-basura-2024.pdf,148ab442b6986abfad9e205d7cd64216d510c3f0d8b3349e6c973b4fa996c796,
Buin,13,Metropolitana de Santiago,Municipalidad,1318,2003-01-01,Ordenanza Municipal de BUIN — Ex. 1318 Octubre 2003 Modificacion Ordenanza Aridos,Normativa General y Otras Materias,https://www.buin.cl/wp-content/uploads/2024/07/Ex.-1318-Octubre-2003-Modificacion-Ordenanza-Aridos.pdf,https://www.buin.cl/wp-content/uploads/2024/07/Ex.-1318-Octubre-2003-Modificacion-Ordenanza-Aridos.pdf,54fa9bd68110f9a1c58a553ecce98bb907af4d2ff5b6e9020daa095d7d1a66ef,
Buin,13,Metropolitana de Santiago,Municipalidad,1725,2003-01-01,Ordenanza Municipal de BUIN — Ex. 1725 Diciembre 2003 Modifica Ordenanza Aseo Ornato Regadio y desagues,"Aseo, Ornato y Medio Ambiente",https://www.buin.cl/wp-content/uploads/2024/07/Ex.-1725-Diciembre-2003-Modifica-Ordenanza-Aseo-Ornato-Regadio-y-desagues.pdf,https://www.buin.cl/wp-content/uploads/2024/07/Ex.-1725-Diciembre-2003-Modifica-Ordenanza-Aseo-Ornato-Regadio-y-desagues.pdf,af4154893dc822f6b3320464bf0a69d660d39bbf4c20dc189167a6577f2d7f45,
Buin,13,Metropolitana de Santiago,Municipalidad,239,2026-01-01,Ordenanza Municipal de BUIN — Ex. 239 Julio 1990 Ordenanza de Aseo y Ornato Mantencion canales,"Aseo, Ornato y Medio Ambiente",https://www.buin.cl/wp-content/uploads/2024/07/Ex.-239-Julio-1990-Ordenanza-de-Aseo-y-Ornato-Mantencion-canales.pdf,https://www.buin.cl/wp-content/uploads/2024/07/Ex.-239-Julio-1990-Ordenanza-de-Aseo-y-Ornato-Mantencion-canales.pdf,7fb5b8b2c95e7a0d6df11ce85b3e365a34a32f9d73631761d9fb656688fe9828,
Buin,13,Metropolitana de Santiago,Municipalidad,344,2026-01-01,Ordenanza Municipal de BUIN — Ex. 344 Julio 1993 Ordenanza sobre permisos y concesiones extracc.aridos Rio Maipo Com.Buin,Derechos Municipales y Tarifas,https://www.buin.cl/wp-content/uploads/2024/07/Ex.-344-Julio-1993-Ordenanza-sobre-permisos-y-concesiones-extracc.aridos-Rio-Maipo-Com.Buin_.pdf,https://www.buin.cl/wp-content/uploads/2024/07/Ex.-344-Julio-1993-Ordenanza-sobre-permisos-y-concesiones-extracc.aridos-Rio-Maipo-Com.Buin_.pdf,316d9b4e4a71d42037c56e21e9314c8e42a3b2fb98d53828efa6721fcc8f4c98,
Buin,13,Metropolitana de Santiago,Municipalidad,S/N-b58b,2026-01-01,Ordenanza Municipal de BUIN — Ordenanza Municipal Cierre de Pasajes,Normativa General y Otras Materias,https://www.buin.cl/wp-content/uploads/2024/07/Ordenanza-Municipal-Cierre-de-Pasajes.pdf,https://www.buin.cl/wp-content/uploads/2024/07/Ordenanza-Municipal-Cierre-de-Pasajes.pdf,b58b3fd643893f40ae67c5af74d2f397b9ff53ef69acfac8000a52119a7f539b,
Buin,13,Metropolitana de Santiago,Municipalidad,3488-80e7,2023-01-01,Ordenanza Municipal de BUIN — Decreto 3488 2023 Ordenanza Tarifa de Aseo Domiciliario por extraccion de basura 2024,Derechos Municipales y Tarifas,https://www.buin.cl/wp-content/uploads/2024/10/Decreto-3488-2023-Ordenanza-Tarifa-de-Aseo-Domiciliario-por-extraccion-de-basura-2024.pdf,https://www.buin.cl/wp-content/uploads/2024/10/Decreto-3488-2023-Ordenanza-Tarifa-de-Aseo-Domiciliario-por-extraccion-de-basura-2024.pdf,80e75f76fb4bd94cd7274878a2f6f4473439bc5212fe1c21df04e1902e371f62,
Buin,13,Metropolitana de Santiago,Municipalidad,2025,2025-01-01,Ordenanza Municipal de BUIN — Ordenanza de Derechos Municipales por Concesiones Permisos y Servicios de la Municipalidad de Buin 2025,Derechos Municipales y Tarifas,https://www.buin.cl/wp-content/uploads/2024/10/Ordenanza-de-Derechos-Municipales-por-Concesiones-Permisos-y-Servicios-de-la-Municipalidad-de-Buin-2025.pdf,https://www.buin.cl/wp-content/uploads/2024/10/Ordenanza-de-Derechos-Municipales-por-Concesiones-Permisos-y-Servicios-de-la-Municipalidad-de-Buin-2025.pdf,b9ef8e20f36848a68a71386fc109f3d459846cd780c82cf597f68e6ff8a89c56,
Buin,13,Metropolitana de Santiago,Municipalidad,239-f3c8,2026-01-01,Ordenanza Municipal de BUIN — Ex. 239 Julio 1990 Ordenanza de Aseo y Ornato,"Aseo, Ornato y Medio Ambiente",https://www.buin.cl/wp-content/uploads/2025/02/Ex.-239-Julio-1990-Ordenanza-de-Aseo-y-Ornato.pdf,https://www.buin.cl/wp-content/uploads/2025/02/Ex.-239-Julio-1990-Ordenanza-de-Aseo-y-Ornato.pdf,f3c8d057242f7bb04c62837d154ae765ff7f1a5257b6327a4680ce3eaa49d78d,
Buin,13,Metropolitana de Santiago,Municipalidad,S/N-0a37,2026-01-01,Ordenanza Municipal de BUIN — Ordenanza Consumo de alcohol y drogas comuna de Buin,"Patentes, Comercio y Alcoholes",https://www.buin.cl/wp-content/uploads/2025/03/Ordenanza-Consumo-de-alcohol-y-drogas-comuna-de-Buin.pdf,https://www.buin.cl/wp-content/uploads/2025/03/Ordenanza-Consumo-de-alcohol-y-drogas-comuna-de-Buin.pdf,0a37ffdc2e4c24d620353417189a1ef5477aa1c2d25eb788022dcaa4646d08dd,
Buin,13,Metropolitana de Santiago,Municipalidad,S/N-b751,2026-01-01,Ordenanza Municipal de BUIN — Ordenanza de Subvenciones,Normativa General y Otras Materias,https://www.buin.cl/wp-content/uploads/2025/06/Ordenanza-de-Subvenciones.pdf,https://www.buin.cl/wp-content/uploads/2025/06/Ordenanza-de-Subvenciones.pdf,b75121626ed2d73f7d8a55adaa621dda9cfc87144a8c913d977122ea42379171,
Buin,13,Metropolitana de Santiago,Municipalidad,2025-baa9,2025-01-01,Ordenanza Municipal de BUIN — D°3956 de 2025 Ordenanza de Derechos Municipales,Derechos Municipales y Tarifas,https://www.buin.cl/wp-content/uploads/2025/12/D%C2%B03956-de-2025-Ordenanza-de-Derechos-Municipales.pdf,https://www.buin.cl/wp-content/uploads/2025/12/D°3956-de-2025-Ordenanza-de-Derechos-Municipales.pdf,baa9cfacf94a9d6e633299f154a7437d2fa7993f02ff9cb2c411ca388290f645,
Buin,13,Metropolitana de Santiago,Municipalidad,07,2026-01-01,Ordenanza Municipal de BUIN — MEMO JDCA 07 2026 Ordenanza Personas Mayores Cuenta Alcalde,Normativa General y Otras Materias,https://www.buin.cl/wp-content/uploads/2026/01/MEMO-JDCA-07-2026-Ordenanza-Personas-Mayores-Cuenta-Alcalde.pdf,https://www.buin.cl/wp-content/uploads/2026/01/MEMO-JDCA-07-2026-Ordenanza-Personas-Mayores-Cuenta-Alcalde.pdf,8976e05623d28d62b86b385762852e0601d6caad3c3b2b8c68405afecc599b2b,
Calera de Tango,13,Metropolitana de Santiago,BCN,s-n,1999-12-21,MODIFICA ORDENANZA LOCAL DE DERECHOS MUNICIPALES,Derechos Municipales y Tarifas,https://www.bcn.cl/leychile/navegar?idNorma=149714,,,https://datos.bcn.cl/recurso/cl/orz/municipalidad-de-calera-de-tango/1999-12-21/s-n/datos.json
Calera de Tango,13,Metropolitana de Santiago,BCN,s-n,1998-12-26,ORDENANZA LOCAL SOBRE DERECHOS MUNICIPALES,Derechos Municipales y Tarifas,https://www.bcn.cl/leychile/navegar?idNorma=128735,,,https://datos.bcn.cl/recurso/cl/orz/municipalidad-de-calera-de-tango/1998-12-26/s-n/datos.json
Calera de Tango,13,Metropolitana de Santiago,BCN,s-n,1995-01-20,DICTA ORDENANZA LOCAL SOBRE DERECHOS MUNICIPALES,Derechos Municipales y Tarifas,https://www.bcn.cl/leychile/navegar?idNorma=31165,,,https://datos.bcn.cl/recurso/cl/orz/municipalidad-de-calera-de-tango/1995-01-20/s-n/datos.json
Paine,13,Metropolitana de Santiago,BCN,1,1993-01-30,APRUEBA ORDENANZA SOBRE DERECHOS MUNICIPALES,Derechos Municipales y Tarifas,https://www.bcn.cl/leychile/navegar?idNorma=30872,,,https://datos.bcn.cl/recurso/cl/orz/municipalidad-de-paine/1993-01-30/1/datos.json
Paine,13,Metropolitana de Santiago,BCN,1,1990-01-30,APRUEBA ORDENANZA MUNICIPAL,Normativa General y Otras Materias,https://www.bcn.cl/leychile/navegar?idNorma=95741,,,https://datos.bcn.cl/recurso/cl/orz/municipalidad-de-paine/1990-01-30/1/datos.json
Paine,13,Metropolitana de Santiago,BCN,2,1988-06-27,"MODIFICA ORDENANZA MUNICIPAL NO. 3, DE 1985",Normativa General y Otras Materias,https://www.bcn.cl/leychile/navegar?idNorma=133052,,,https://datos.bcn.cl/recurso/cl/orz/municipalidad-de-paine/1988-06-27/2/datos.json
Paine,13,Metropolitana de Santiago,BCN,30,1986-03-01,"ORDENANZA SOBRE DERECHOS MUNICIPALES, POR PERMISOS, CONCESIONES Y/O SERVICIOS",Derechos Municipales y Tarifas,https://www.bcn.cl/leychile/navegar?idNorma=188997,,,https://datos.bcn.cl/recurso/cl/orz/municipalidad-de-torres-del-paine/1986-03-01/30/datos.json
Paine,13,Metropolitana de Santiago,BCN,3,1985-02-09,DICTA ORDENANZA LOCAL SOBRE DERECHOS MUNICIPALES,Derechos Municipales y Tarifas,https://www.bcn.cl/leychile/navegar?idNorma=164611,,,https://datos.bcn.cl/recurso/cl/orz/municipalidad-de-paine/1985-02-09/3/datos.json
Paine,13,Metropolitana de Santiago,Municipalidad,03,2022-01-01,Ordenanza Municipal de PAINE — APRUEBA ORDENANZA N° 03 DE 2022 DERECHOS MUNICIPALES 2023. 26.10.2022,Derechos Municipales y Tarifas,https://www.paine.cl/wp-content/uploads/2022/10/APRUEBA-ORDENANZA-N%C2%B0-03-DE-2022-DERECHOS-MUNICIPALES-2023.-26.10.2022.pdf,https://www.paine.cl/aprueba-ordenanza-municipal-n-05-de-2023/,7a2e694052d3d3f926f327a3219876da84d5b8e8660aae5de4c0df0b7b9b36be,
Paine,13,Metropolitana de Santiago,Municipalidad,04,2022-01-01,Ordenanza Municipal de PAINE — 5280 APRUEBA ORDENANZA MUNICIPAL N° 04 CIERRE DE CALLES Y PASAJES. 28.11.2022,Normativa General y Otras Materias,https://www.paine.cl/wp-content/uploads/2022/12/5280-APRUEBA-ORDENANZA-MUNICIPAL-N%C2%B0-04-CIERRE-DE-CALLES-Y-PASAJES.-28.11.2022.pdf,https://www.paine.cl/aprueba-ordenanza-municipal-n-05-de-2023/,e65036a22d9c5605421e008045e8b9dc7c4a51cc40473d3181523307563f8d41,
Paine,13,Metropolitana de Santiago,Municipalidad,05,2023-01-01,Ordenanza Municipal de PAINE — APRUEBA ORDENANZA MUNICIPAL N° 05 2023 QUE ESTABLECE OBLIGACIONES DE BUEN TRATO A LOS ANIMALES Y CUIDADO RESPONSABLE DE Ms. 20.07.2023,Tenencia Responsable de Mascotas,https://www.paine.cl/wp-content/uploads/2023/08/APRUEBA-ORDENANZA-MUNICIPAL-N%C2%B0-05-2023-QUE-ESTABLECE-OBLIGACIONES-DE-BUEN-TRATO-A-LOS-ANIMALES-Y-CUIDADO-RESPONSABLE-DE-Ms.-20.07.2023.pdf,https://www.paine.cl/aprueba-ordenanza-municipal-n-05-de-2023/,ecc715444a1d5d7c0009237fc10d503b535d01dc0e46d8887b3be8e0ce1c5a99,
Paine,13,Metropolitana de Santiago,Municipalidad,07,2024-01-01,Descarga el documento completo aquí Descarga el documento completo aquí,Derechos Municipales y Tarifas,https://www.paine.cl/wp-content/uploads/2023/10/APRUEBA-ORDENANZA-MUNICIPAL-N%C2%B0-07-DERECHOS-MUNICIPALES-ANO-2024-con-firmas.pdf,https://www.paine.cl/aprueba-ordenanza-municipal-n-05-de-2023/,a9de7f4a90fa05604e2eafd537000ca4340925941cf9c29f4857d8db6b62a796,
Paine,13,Metropolitana de Santiago,Municipalidad,08,2025-01-01,Descarga el documento completo aquí Descarga el documento completo aquí,Normativa General y Otras Materias,https://www.paine.cl/wp-content/uploads/2024/10/APRUEBA-ORDENANZA-LOCAL-MUNICIPAL-N%C2%B0-08-D%C2%B0s-Mpales-2025.-25.10.2024-con-firmas.pdf,https://www.paine.cl/aprueba-ordenanza-municipal-n-05-de-2023/,034f286d14fe22d66b115fba8cce0a1d2f19a9ae6c8af689423d912fe2de997f,
Paine,13,Metropolitana de Santiago,Municipalidad,10,2025-01-01,"Ordenanza Local Municipal N°10/2025, Sobre Derechos Municipales para el año 2026 – Municipalidad de Paine",Derechos Municipales y Tarifas,https://www.paine.cl/wp-content/uploads/2025/10/Ordenanza-municipal-2026.pdf,https://www.paine.cl/aprueba-ordenanza-municipal-n-05-de-2023/,71c8b22d93025c8f87c01bedd5e6636c3c580e6ff902815104d3dfb79ec02bf6,
Melipilla,13,Metropolitana de Santiago,Municipalidad,2593,2021-01-01,Ordenanza Municipal de MELIPILLA — DECRETO EX N 2593 20.09.2021 APRUEBA MODIFICAR LA ORDENANZA LOCAL SOBRE DERECHOS MUNICIPALES 002557 1,Derechos Municipales y Tarifas,https://www.melipilla.cl/wp-content/archivos/2023/01/DECRETO-EX-N-2593-20.09.2021-APRUEBA-MODIFICAR-LA-ORDENANZA-LOCAL-SOBRE-DERECHOS-MUNICIPALES_002557-1.pdf,https://www.melipilla.cl/wp-content/archivos/2023/01/DECRETO-EX-N-2593-20.09.2021-APRUEBA-MODIFICAR-LA-ORDENANZA-LOCAL-SOBRE-DERECHOS-MUNICIPALES_002557-1.pdf,36e9b4340430781990b3cee650b0b05530f0135ab699f4842b893c1c7aaf2db6,
Alhué,13,Metropolitana de Santiago,BCN,s-n,2004-12-31,ORDENANZA MUNICIPAL,Normativa General y Otras Materias,https://www.bcn.cl/leychile/navegar?idNorma=234328,,,https://datos.bcn.cl/recurso/cl/orz/municipalidad-de-alhue/2004-12-31/s-n/datos.json
Alhué,13,Metropolitana de Santiago,Municipalidad,S/N,2026-01-01,Ordenanza Municipal de ALHUÉ — Ordenanza apicola para decretar,"Aseo, Ornato y Medio Ambiente",https://www.municipalidadalhue.cl/portaltransparencia/Ordenanza-apicola-para-decretar.pdf,https://www.municipalidadalhue.cl/portaltransparencia/Ordenanza-apicola-para-decretar.pdf,dc91b4eb06cfa321b697a2119e571271b78d6a0082d58b05e028ed1ba8a69386,
Alhué,13,Metropolitana de Santiago,Municipalidad,S/N-f245,2026-01-01,Ordenanza Municipal de ALHUÉ — Ordenanza Municipal de Ferias Libres y Productores,"Patentes, Comercio y Alcoholes",https://municipalidadalhue.cl/portal/wp-content/uploads/2024/09/Ordenanza-Municipal-de-Ferias-Libres-y-Productores.pdf,https://municipalidadalhue.cl/portal/wp-content/uploads/2024/09/Ordenanza-Municipal-de-Ferias-Libres-y-Productores.pdf,f245ec34e9f4aa893e752eb902099694b4c875260703b127fe665e481496418f,
Curacaví,13,Metropolitana de Santiago,BCN,s-n,2009-12-03,"MODIFICA ORDENANZA SOBRE DERECHOS MUNICIPALES Y FIJA VALORES DE REPRODUCCIÓN DE DOCUMENTOS QUE SE SOLICITEN DE ACUERDO A LA LEY Nº 20.285, SOBRE ACCESO A LA INFORMACIÓN PÚBLICA",Derechos Municipales y Tarifas,https://www.bcn.cl/leychile/navegar?idNorma=1008703,,,https://datos.bcn.cl/recurso/cl/orz/municipalidad-de-curacavi/2009-12-03/s-n/datos.json
Curacaví,13,Metropolitana de Santiago,BCN,1,2003-12-31,DICTA ORDENANZA COMPLEMENTARIA DE DERECHOS MUNICIPALES,Derechos Municipales y Tarifas,https://www.bcn.cl/leychile/navegar?idNorma=219629,,,https://datos.bcn.cl/recurso/cl/orz/municipalidad-de-curacavi/2003-12-31/1/datos.json
Curacaví,13,Metropolitana de Santiago,BCN,920,2001-12-15,SIN TITULO,Normativa General y Otras Materias,https://www.bcn.cl/leychile/navegar?idNorma=192618,,,https://datos.bcn.cl/recurso/cl/orz/municipalidad-de-curacavi/2001-12-15/920/datos.json
Curacaví,13,Metropolitana de Santiago,BCN,2,1999-12-28,"ACLARA ORDENANZA NUMERO 1, DE 1999",Normativa General y Otras Materias,https://www.bcn.cl/leychile/navegar?idNorma=149943,,,https://datos.bcn.cl/recurso/cl/orz/municipalidad-de-curacavi/1999-12-28/2/datos.json
Curacaví,13,Metropolitana de Santiago,BCN,1,1999-12-22,"MODIFICA ORDENANZAS SOBRE DERECHOS MUNICIPALES Y FIJA VALORES POR LETREROS CAMINEROS EN LA RUTA 68, QUE REGIRAN PARA EL AÑO 2000",Derechos Municipales y Tarifas,https://www.bcn.cl/leychile/navegar?idNorma=149737,,,https://datos.bcn.cl/recurso/cl/orz/municipalidad-de-curacavi/1999-12-22/1/datos.json
Curacaví,13,Metropolitana de Santiago,BCN,2,1999-01-16,APRUEBA ORDENANZA PARA LA EXTRACCION DE ARIDOS DEL ESTERO PUANGUE,"Aseo, Ornato y Medio Ambiente",https://www.bcn.cl/leychile/navegar?idNorma=129938,,,https://datos.bcn.cl/recurso/cl/orz/municipalidad-de-curacavi/1999-01-16/2/datos.json
Curacaví,13,Metropolitana de Santiago,BCN,1,1998-12-29,MODIFICA ORDENANZA SOBRE DERECHOS MUNICIPALES,Derechos Municipales y Tarifas,https://www.bcn.cl/leychile/navegar?idNorma=128749,,,https://datos.bcn.cl/recurso/cl/orz/municipalidad-de-curacavi/1998-12-29/1/datos.json
Curacaví,13,Metropolitana de Santiago,BCN,s-n,1996-01-31,DICTA ORDENANZA PARA DETERMINAR TARIFA DE ASEO Y EXENCIONES PARCIALES Y TOTALES DE LA MISMA,Derechos Municipales y Tarifas,https://www.bcn.cl/leychile/navegar?idNorma=31181,,,https://datos.bcn.cl/recurso/cl/orz/municipalidad-de-curacavi/1996-01-31/s-n/datos.json
Curacaví,13,Metropolitana de Santiago,BCN,1,1995-01-31,"MODIFICA ORDENANZA LOCAL N° 01/87 SOBRE DERECHOS;MUNICIPALES POR CONCESIONES, PERMISOS Y SERVICIOS",Derechos Municipales y Tarifas,https://www.bcn.cl/leychile/navegar?idNorma=30902,,,https://datos.bcn.cl/recurso/cl/orz/municipalidad-de-curacavi/1995-01-31/1/datos.json
Curacaví,13,Metropolitana de Santiago,BCN,01,1989-10-16,DICTA ORDENANZA SOBRE COLOCACION DE BANDERA NACIONAL EN FRENTE DE EDIFICIOS PUBLICOS Y PRIVADOS DURANTE DIAS DE FIESTAS PATRIAS Y 21 DE MAYO,"Urbanismo, Obras y Edificación",https://www.bcn.cl/leychile/navegar?idNorma=93788,,,https://datos.bcn.cl/recurso/cl/orz/municipalidad-de-curacavi/1989-10-16/01/datos.json
Curacaví,13,Metropolitana de Santiago,Municipalidad,S/N,2026-01-01,Ordenanzas,Normativa General y Otras Materias,https://transparencia.municipalidadcuracavi.cl/1_07_Ordenanzas/ORDENANZAS_CURACAVI.pdf,https://transparencia.municipalidadcuracavi.cl/documentacion.php?vartipo=1_07_Ordenanzas&vartipo2=1.7%20Ordenanzas,9c1b8a416e1316b1ae55c870c32597120d63e9702d4f6f64a38f300558978afc,
Curacaví,13,Metropolitana de Santiago,Municipalidad,24,2026-01-01,Ordenanza Municipal de Curacaví — Ordenanza Juz sentencias 24 03 05,Normativa General y Otras Materias,https://www.municipalidadcuracavi.cl/transparenciaactiva/3_Ordenanzas/2005/Ordenanza-Juz--sentencias-24-03-05.pdf,https://www.municipalidadcuracavi.cl/transparenciaactiva/page.php?vartipo=3_Ordenanzas&vartipo2=Ordenanzas,c1d253dad0fc80433d73f97ffc061edaca1da74b11018c68be3ccedc86bf16d8,
Curacaví,13,Metropolitana de Santiago,Municipalidad,21,2026-01-01,Ordenanza Municipal de Curacaví — Ordenanza Sonidos Ruidos 21 07 05,Seguridad Ciudadana y Convivencia,https://www.municipalidadcuracavi.cl/transparenciaactiva/3_Ordenanzas/2005/Ordenanza-Sonidos-Ruidos-21-07-05.pdf,https://www.municipalidadcuracavi.cl/transparenciaactiva/page.php?vartipo=3_Ordenanzas&vartipo2=Ordenanzas,4cceeeae63f14bc436730e706e000874aeef119de74a277bbcff1e73f87bba1d,
Curacaví,13,Metropolitana de Santiago,Municipalidad,31,2026-01-01,Ordenanza Municipal de Curacaví — Ordenanza Tarifa Aseo 31 08 05,Derechos Municipales y Tarifas,https://www.municipalidadcuracavi.cl/transparenciaactiva/3_Ordenanzas/2005/Ordenanza-Tarifa-Aseo-31-08-05.pdf,https://www.municipalidadcuracavi.cl/transparenciaactiva/page.php?vartipo=3_Ordenanzas&vartipo2=Ordenanzas,c88d57e944e1d10062aef0ac48d6d5e9bab54f6dabe79a56cc8f354bdb16af9c,
Curacaví,13,Metropolitana de Santiago,Municipalidad,26,2026-01-01,Ordenanza Municipal de Curacaví — Ordenanza Prop Abandonadas 26 11 07,Normativa General y Otras Materias,https://www.municipalidadcuracavi.cl/transparenciaactiva/3_Ordenanzas/2007/Ordenanza-Prop-Abandonadas-26-11-07.pdf,https://www.municipalidadcuracavi.cl/transparenciaactiva/page.php?vartipo=3_Ordenanzas&vartipo2=Ordenanzas,bb43f5f4210004b1f1eb2a9170c8a8896fab6411d372228b282dd0fdd287d790,
Curacaví,13,Metropolitana de Santiago,Municipalidad,10,2026-01-01,Ordenanza Municipal de Curacaví — Ordenanza Kiosco Carros 10 03 08,"Patentes, Comercio y Alcoholes",https://www.municipalidadcuracavi.cl/transparenciaactiva/3_Ordenanzas/2008/Ordenanza-Kiosco-Carros-10-03-08.pdf,https://www.municipalidadcuracavi.cl/transparenciaactiva/page.php?vartipo=3_Ordenanzas&vartipo2=Ordenanzas,e27968f3570e5a2b804d28f3e4836c65b76188aef11b049336546a8518a54396,
Curacaví,13,Metropolitana de Santiago,Municipalidad,30,2026-01-01,Ordenanza Municipal de Curacaví — Ordenanza Tarifa y Aseo 30 10 09,Derechos Municipales y Tarifas,https://www.municipalidadcuracavi.cl/transparenciaactiva/3_Ordenanzas/2009/Ordenanza-Tarifa-y-Aseo-30-10-09.pdf,https://www.municipalidadcuracavi.cl/transparenciaactiva/page.php?vartipo=3_Ordenanzas&vartipo2=Ordenanzas,d43718aec73f55789ec29c71bdf049b34e98fd951a959c1d45716d56626ee017,
Curacaví,13,Metropolitana de Santiago,Municipalidad,20285,2026-01-01,Ordenanza Municipal de Curacaví — Ordenanza valores reproduccion ley 20285,Normativa General y Otras Materias,https://www.municipalidadcuracavi.cl/transparenciaactiva/3_Ordenanzas/2009/Ordenanza-valores-reproduccion-ley-20285.pdf,https://www.municipalidadcuracavi.cl/transparenciaactiva/page.php?vartipo=3_Ordenanzas&vartipo2=Ordenanzas,659a3f1464da1dc1c215874088f46a97e68615a7fcdd51567442262ef0925c71,
Curacaví,13,Metropolitana de Santiago,Municipalidad,2010,2010-01-01,Ordenanza Municipal de Curacaví — Ordenanza alcoholes 2010,"Patentes, Comercio y Alcoholes",https://www.municipalidadcuracavi.cl/transparenciaactiva/3_Ordenanzas/2010/Ordenanza-alcoholes-2010.pdf,https://www.municipalidadcuracavi.cl/transparenciaactiva/page.php?vartipo=3_Ordenanzas&vartipo2=Ordenanzas,c6e2bab3b0b05f3e840179eb8a3da9e45b761c7a0ba7413b83cdfbf82e5ac248,
María Pinto,13,Metropolitana de Santiago,BCN,2,2009-01-10,DICTA TEXTO REFUNDIDO DE ORDENANZA SOBRE DERECHOS MUNICIPALES,Derechos Municipales y Tarifas,https://www.bcn.cl/leychile/navegar?idNorma=284777,,,https://datos.bcn.cl/recurso/cl/orz/municipalidad-de-maria-pinto/2009-01-10/2/datos.json
María Pinto,13,Metropolitana de Santiago,BCN,2,2008-08-13,ORDENANZA MUNICIPAL PARA LA GESTIÓN AMBIENTAL DE LA COMUNA DE MARÍA PINTO,Normativa General y Otras Materias,https://www.bcn.cl/leychile/navegar?idNorma=275936,,,https://datos.bcn.cl/recurso/cl/orz/municipalidad-de-maria-pinto/2008-08-13/2/datos.json
María Pinto,13,Metropolitana de Santiago,BCN,1,2003-11-26,"DICTA ORDENANZA SOBRE ASEO, LIMPIEZA Y ORNATO COMUNAL","Aseo, Ornato y Medio Ambiente",https://www.bcn.cl/leychile/navegar?idNorma=217796,,,https://datos.bcn.cl/recurso/cl/orz/municipalidad-de-maria-pinto/2003-11-26/1/datos.json
María Pinto,13,Metropolitana de Santiago,Municipalidad,256,2026-01-01,Ordenanza Municipal de MARÍA PINTO — 256 APRUEBA ORDENANZA MUNCICIPAL SOBRE CIERRE O IMPLEMENTACION DE MEDIDAS DE CONTROL DE ACCESOS EN CALLES PASAJES O CONJUNTOS HABITACIONALES URBANOS O RURALES POR MOTIVOS DE SEGURIDAD,Seguridad Ciudadana y Convivencia,https://mpinto.cl/wp-content/uploads/2026/04/256-APRUEBA-ORDENANZA-MUNCICIPAL-SOBRE-CIERRE-O-IMPLEMENTACION-DE-MEDIDAS-DE-CONTROL-DE-ACCESOS-EN-CALLES-PASAJES-O-CONJUNTOS-HABITACIONALES-URBANOS-O-RURALES-POR-MOTIVOS-DE-SEGURIDAD.pdf,https://mpinto.cl/wp-content/uploads/2026/04/256-APRUEBA-ORDENANZA-MUNCICIPAL-SOBRE-CIERRE-O-IMPLEMENTACION-DE-MEDIDAS-DE-CONTROL-DE-ACCESOS-EN-CALLES-PASAJES-O-CONJUNTOS-HABITACIONALES-URBANOS-O-RURALES-POR-MOTIVOS-DE-SEGURIDAD.pdf,51043ca79825f59854878664842419527adba8c8f7da64834e39320391397635,
María Pinto,13,Metropolitana de Santiago,Municipalidad,257,2026-01-01,Ordenanza Municipal de MARÍA PINTO — 257 APRUEBA ORDENANZA MUNCICIPAL SOBRE CONEXION USO OPREACION MANTENCION Y PROTECCION DEL SISTEMA DE ALCANTARILLADO DE LA COMUNA DE MARIA PINTO,Normativa General y Otras Materias,https://mpinto.cl/wp-content/uploads/2026/04/257-APRUEBA-ORDENANZA-MUNCICIPAL-SOBRE-CONEXION-USO-OPREACION-MANTENCION-Y-PROTECCION-DEL-SISTEMA-DE-ALCANTARILLADO-DE-LA-COMUNA-DE-MARIA-PINTO.pdf,https://mpinto.cl/wp-content/uploads/2026/04/257-APRUEBA-ORDENANZA-MUNCICIPAL-SOBRE-CONEXION-USO-OPREACION-MANTENCION-Y-PROTECCION-DEL-SISTEMA-DE-ALCANTARILLADO-DE-LA-COMUNA-DE-MARIA-PINTO.pdf,02dbcc4b851da14a0d5841283796db3a7b1fa3eebb27af7ad3bc9d4043ff7839,
San Pedro,13,Metropolitana de Santiago,BCN,4,2022-10-28,"ORDENANZA SOBRE DERECHOS MUNICIPALES POR CONCESIONES, PERMISOS, OCUPACIÓN DE BIENES NACIONALES DE USO PÚBLICO, PUBLICIDAD, PROPAGANDA Y OTROS SERVICIOS",Derechos Municipales y Tarifas,https://www.bcn.cl/leychile/navegar?idNorma=1183629,,,https://datos.bcn.cl/recurso/cl/orz/municipalidad-de-san-pedro-de-atacama/2022-10-28/4/datos.json
San Pedro,13,Metropolitana de Santiago,BCN,2,2022-10-03,"ORDENANZA SOBRE DERECHOS MUNICIPALES POR CONCESIONES, PERMISOS, OCUPACIÓN DE BIENES NACIONALES DE USO PÚBLICO, PUBLICIDAD, PROPAGANDA Y OTROS SERVICIOS",Derechos Municipales y Tarifas,https://www.bcn.cl/leychile/navegar?idNorma=1182238,,,https://datos.bcn.cl/recurso/cl/orz/municipalidad-de-san-pedro-de-atacama/2022-10-03/2/datos.json
San Pedro,13,Metropolitana de Santiago,BCN,1,2021-02-25,"TENENCIA RESPONSABLE, BIENESTAR DE ANIMALES DOMÉSTICOS Y ANIMALES DE TRABAJO EN LA COMUNA DE SAN PEDRO DE ATACAMA",Tenencia Responsable y Mascotas,https://www.bcn.cl/leychile/navegar?idNorma=1156295,,,https://datos.bcn.cl/recurso/cl/orz/municipalidad-de-san-pedro-de-atacama/2021-02-25/1/datos.json
San Pedro,13,Metropolitana de Santiago,BCN,3,2020-12-05,ORDENANZA SOBRE CONDICIONES GENERALES PARA LA FIJACIÓN DE LA TARIFA DE ASEO POR EL SERVICIO DE EXTRACCIÓN DE RESIDUOS SÓLIDOS DOMICILIARIOS DE LA COMUNA DE SAN PEDRO DE ATACAMA,Derechos Municipales y Tarifas,https://www.bcn.cl/leychile/navegar?idNorma=1152984,,,https://datos.bcn.cl/recurso/cl/orz/municipalidad-de-san-pedro-de-atacama/2020-12-05/3/datos.json
San Pedro,13,Metropolitana de Santiago,BCN,1,2020-05-08,FIJA HORARIO DE FUNCIONAMIENTO DE LOCALES DE EXPENDIO DE BEBIDAS ALCOHÓLICAS,"Comercio, Alcoholes y Patentes",https://www.bcn.cl/leychile/navegar?idNorma=1145029,,,https://datos.bcn.cl/recurso/cl/orz/municipalidad-de-san-pedro-de-atacama/2020-05-08/1/datos.json
San Pedro,13,Metropolitana de Santiago,BCN,3,2019-06-25,ORDENANZA SOBRE PATENTES DE ALCOHOLES Y HORARIO DE FUNCIONAMIENTO DE ESTABLECIMIENTOS DE EXPENDIO DE BEBIDAS ALCOHÓLICAS,"Comercio, Alcoholes y Patentes",https://www.bcn.cl/leychile/navegar?idNorma=1133066,,,https://datos.bcn.cl/recurso/cl/orz/municipalidad-de-san-pedro-de-atacama/2019-06-25/3/datos.json
San Pedro,13,Metropolitana de Santiago,BCN,1,2019-04-24,ESTABLECE EXTENSIÓN DE HORARIO ESPECIAL TRANSITORIA,Tránsito y Transporte,https://www.bcn.cl/leychile/navegar?idNorma=1130853,,,https://datos.bcn.cl/recurso/cl/orz/municipalidad-de-san-pedro-de-atacama/2019-04-24/1/datos.json
San Pedro,13,Metropolitana de Santiago,BCN,4,2018-11-06,"ORDENANZA SOBRE DERECHOS MUNICIPALES POR CONCESIONES, PERMISOS, OCUPACIÓN DE BIENES NACIONALES DE USO PÚBLICO, PUBLICIDAD, PROPAGANDA Y OTROS SERVICIOS",Derechos Municipales y Tarifas,https://www.bcn.cl/leychile/navegar?idNorma=1124971,,,https://datos.bcn.cl/recurso/cl/orz/municipalidad-de-san-pedro-de-atacama/2018-11-06/4/datos.json
San Pedro,13,Metropolitana de Santiago,BCN,n°-4,2016-10-28,"SOBRE DERECHOS MUNICIPALES POR CONCESIONES, PERMISOS, OCUPACIÓN DE BIENES NACIONALES DE USO PÚBLICO, PUBLICIDAD, PROPAGANDA Y OTROS SERVICIOS",Derechos Municipales y Tarifas,https://www.bcn.cl/leychile/navegar?idNorma=1096029,,,https://datos.bcn.cl/recurso/cl/orz/municipalidad-de-san-pedro-de-atacama/2016-10-28/n°-4/datos.json
San Pedro,13,Metropolitana de Santiago,BCN,1,2016-03-22,"ESTABLECE REQUISITOS PARA OTORGAMIENTO DE PATENTE CLASE ""O"" EN ÁREA RURAL","Comercio, Alcoholes y Patentes",https://www.bcn.cl/leychile/navegar?idNorma=1088604,,,https://datos.bcn.cl/recurso/cl/orz/municipalidad-de-san-pedro-de-atacama/2016-03-22/1/datos.json
San Pedro,13,Metropolitana de Santiago,BCN,5,2015-11-04,"SOBRE DERECHOS MUNICIPALES POR CONCESIONES, PERMISOS, OCUPACIÓN DE BIENES NACIONALES DE USO PÚBLICO, PUBLICIDAD, PROPAGANDA Y OTROS SERVICIOS",Derechos Municipales y Tarifas,https://www.bcn.cl/leychile/navegar?idNorma=1083580,,,https://datos.bcn.cl/recurso/cl/orz/municipalidad-de-san-pedro-de-atacama/2015-11-04/5/datos.json
San Pedro,13,Metropolitana de Santiago,BCN,4,2014-11-07,"ORDENANZA SOBRE DERECHOS MUNICIPALES POR CONCESIONES, PERMISOS, OCUPACIÓN DE BIENES NACIONALES DE USO PÚBLICO, PUBLICIDAD, PROPAGANDA Y OTROS SERVICIOS",Derechos Municipales y Tarifas,https://www.bcn.cl/leychile/navegar?idNorma=1069181,,,https://datos.bcn.cl/recurso/cl/orz/municipalidad-de-san-pedro-de-atacama/2014-11-07/4/datos.json
San Pedro,13,Metropolitana de Santiago,BCN,5,2013-10-29,"SOBRE DERECHOS MUNICIPALES POR CONCESIONES, PERMISOS, OCUPACIÓN DE BIENES NACIONALES DE USO PÚBLICO, PUBLICIDAD, PROPAGANDA Y OTROS SERVICIOS",Derechos Municipales y Tarifas,https://www.bcn.cl/leychile/navegar?idNorma=1055578,,,https://datos.bcn.cl/recurso/cl/orz/municipalidad-de-san-pedro-de-atacama/2013-10-29/5/datos.json
San Pedro,13,Metropolitana de Santiago,BCN,6,2013-10-29,ESTABLECE FRANJA DE TERRENO COMO PASEO PEATONAL EN LA LOCALIDAD DE PEINE,"Aseo, Ornato y Medio Ambiente",https://www.bcn.cl/leychile/navegar?idNorma=1055573,,,https://datos.bcn.cl/recurso/cl/orz/municipalidad-de-san-pedro-de-atacama/2013-10-29/6/datos.json
San Pedro,13,Metropolitana de Santiago,BCN,3,2013-06-05,SOBRE LA OBTENCIÓN DE PATENTE DE GUÍAS DE TURISMO Y SERVICIOS ON-LINE,"Comercio, Alcoholes y Patentes",https://www.bcn.cl/leychile/navegar?idNorma=1051629,,,https://datos.bcn.cl/recurso/cl/orz/municipalidad-de-san-pedro-de-atacama/2013-06-05/3/datos.json
San Pedro,13,Metropolitana de Santiago,BCN,4,2013-05-11,ORDENANZA DE GESTIÓN AMBIENTAL LOCAL,Normativa General y Otras Materias,https://www.bcn.cl/leychile/navegar?idNorma=1050968,,,https://datos.bcn.cl/recurso/cl/orz/municipalidad-de-san-pedro-de-atacama/2013-05-11/4/datos.json
San Pedro,13,Metropolitana de Santiago,BCN,5,2013-05-11,"REGULA LA AUTORIZACIÓN Y EXPLOTACIÓN COMERCIAL DE MÁQUINAS DE HABILIDAD, DESTREZA O JUEGOS SIMILARES","Comercio, Alcoholes y Patentes",https://www.bcn.cl/leychile/navegar?idNorma=1050969,,,https://datos.bcn.cl/recurso/cl/orz/municipalidad-de-san-pedro-de-atacama/2013-05-11/5/datos.json
San Pedro,13,Metropolitana de Santiago,BCN,1,2013-04-16,ORDENANZA SOBRE TERMINAL DE BUSES,Normativa General y Otras Materias,https://www.bcn.cl/leychile/navegar?idNorma=1050177,,,https://datos.bcn.cl/recurso/cl/orz/municipalidad-de-san-pedro-de-atacama/2013-04-16/1/datos.json
San Pedro,13,Metropolitana de Santiago,BCN,11,2012-01-04,MODIFICA ORDENANZA SOBRE DERECHOS MUNICIPALES,Derechos Municipales y Tarifas,https://www.bcn.cl/leychile/navegar?idNorma=1035837,,,https://datos.bcn.cl/recurso/cl/orz/municipalidad-de-san-pedro-de-atacama/2012-01-04/11/datos.json
San Pedro,13,Metropolitana de Santiago,BCN,9,2011-12-20,"MODIFICA ORDENANZA MUNICIPAL Nº 3, DE 2008, SOBRE PATENTES DE ALCOHOLES Y HORARIO DE FUNCIONAMIENTO DE ESTABLECIMIENTOS DE EXPENDIO DE BEBIDAS ALCOHÓLICAS","Comercio, Alcoholes y Patentes",https://www.bcn.cl/leychile/navegar?idNorma=1035192,,,https://datos.bcn.cl/recurso/cl/orz/municipalidad-de-san-pedro-de-atacama/2011-12-20/9/datos.json
San Pedro,13,Metropolitana de Santiago,BCN,8,2011-11-03,MODIFICA COBRO DE DERECHOS MUNICIPALES RELATIVOS A CONCESIONES DE CONSTRUCCIÓN O INSTALACIÓN EN BIENES NACIONALES DE USO PÚBLICO Y MUNICIPALES,Derechos Municipales y Tarifas,https://www.bcn.cl/leychile/navegar?idNorma=1031998,,,https://datos.bcn.cl/recurso/cl/orz/municipalidad-de-san-pedro-de-atacama/2011-11-03/8/datos.json
San Pedro,13,Metropolitana de Santiago,BCN,4,2011-08-27,MODIFICA ORDENANZA QUE ESTABLECE MONTOS Y COBRO DE DERECHOS MUNICIPALES,Derechos Municipales y Tarifas,https://www.bcn.cl/leychile/navegar?idNorma=1028931,,,https://datos.bcn.cl/recurso/cl/orz/municipalidad-de-san-pedro-de-atacama/2011-08-27/4/datos.json
San Pedro,13,Metropolitana de Santiago,BCN,5,2011-08-27,"MODIFICA ORDENANZA Nº 1, DE 1990",Normativa General y Otras Materias,https://www.bcn.cl/leychile/navegar?idNorma=1028932,,,https://datos.bcn.cl/recurso/cl/orz/municipalidad-de-san-pedro-de-atacama/2011-08-27/5/datos.json
San Pedro,13,Metropolitana de Santiago,BCN,35,2011-08-23,"ORDENANZA MUNICIPAL QUE REGULA EL CIERRE O MEDIDAS DE CONTROL DE ACCESO A CALLES Y PASAJES O A CONJUNTOS HABITACIONALES, CON UNA MISMA VÍA DE ACCESO Y SALIDA",Seguridad y Convivencia,https://www.bcn.cl/leychile/navegar?idNorma=1028863,,,https://datos.bcn.cl/recurso/cl/orz/municipalidad-de-san-pedro-de-la-paz/2011-08-23/35/datos.json
San Pedro,13,Metropolitana de Santiago,BCN,2,2011-06-29,PROHÍBE EL TRÁNSITO DE VEHÍCULOS EN PASAJE AUCALQUINCHA,Tránsito y Transporte,https://www.bcn.cl/leychile/navegar?idNorma=1026889,,,https://datos.bcn.cl/recurso/cl/orz/municipalidad-de-san-pedro-de-atacama/2011-06-29/2/datos.json
San Pedro,13,Metropolitana de Santiago,BCN,6,2010-11-25,"MODIFICA ORDENANZA LOCAL SOBRE DERECHOS MUNICIPALES POR CONCESIONES, PERMISOS Y SERVICIOS",Derechos Municipales y Tarifas,https://www.bcn.cl/leychile/navegar?idNorma=1019826,,,https://datos.bcn.cl/recurso/cl/orz/municipalidad-de-san-pedro-de-atacama/2010-11-25/6/datos.json
San Pedro,13,Metropolitana de Santiago,BCN,4,2010-11-09,"MODIFICA ORDENANZA Nº 9, DE 2007, SOBRE DERECHOS MUNICIPALES",Derechos Municipales y Tarifas,https://www.bcn.cl/leychile/navegar?idNorma=1019160,,,https://datos.bcn.cl/recurso/cl/orz/municipalidad-de-san-pedro-de-atacama/2010-11-09/4/datos.json
San Pedro,13,Metropolitana de Santiago,BCN,33,2010-01-22,"APRUEBA ORDENANZA MUNICIPAL Nº33, SOBRE TENENCIA DE MASCOTAS EN LA COMUNA DE SAN PEDRO DE LA PAZ",Tenencia Responsable y Mascotas,https://www.bcn.cl/leychile/navegar?idNorma=1010378,,,https://datos.bcn.cl/recurso/cl/orz/municipalidad-de-san-pedro-de-la-paz/2010-01-22/33/datos.json
San Pedro,13,Metropolitana de Santiago,BCN,2,2009-05-19,ORDENANZA Nº 2/09 SOBRE SUBVENCIONES MUNICIPALES,"Salud, Deporte y Desarrollo Social",https://www.bcn.cl/leychile/navegar?idNorma=1002417,,,https://datos.bcn.cl/recurso/cl/orz/municipalidad-de-san-pedro-de-atacama/2009-05-19/2/datos.json
San Pedro,13,Metropolitana de Santiago,BCN,3,2008-05-14,"DICTA ORDENANZA MUNICIPAL Nº 03, SOBRE PATENTES DE
ALCOHOLES Y HORARIO DE FUNCIONAMIENTO DE
ESTABLECIMIENTOS DE EXPENDIO DE BEBIDAS ALCOHÓLICAS","Comercio, Alcoholes y Patentes",https://www.bcn.cl/leychile/navegar?idNorma=271222,,,https://datos.bcn.cl/recurso/cl/orz/municipalidad-de-san-pedro-de-atacama/2008-05-14/3/datos.json
San Pedro,13,Metropolitana de Santiago,BCN,9,2007-12-29,"ORDENANZA LOCAL Nº 09/2007 SOBRE DERECHOS MUNICIPALES POR CONCESIONES, PERMISOS, OCUPACIÓN DE BIENES NACIONALES DE USO PÚBLICO, PROPAGANDA Y OTROS SERVICIOS",Derechos Municipales y Tarifas,https://www.bcn.cl/leychile/navegar?idNorma=268073,,,https://datos.bcn.cl/recurso/cl/orz/municipalidad-de-san-pedro-de-atacama/2007-12-29/9/datos.json
San Pedro,13,Metropolitana de Santiago,BCN,7,2007-12-05,"MODIFICA ORDENANZA Nº2, DE 2005, SOBRE PATENTES DE ALCOHOLES Y HORARIO DE FUNCIONAMIENTO DE ESTABLECIMIENTOS DE BEBIDAS ALCOHÓLICAS","Comercio, Alcoholes y Patentes",https://www.bcn.cl/leychile/navegar?idNorma=267198,,,https://datos.bcn.cl/recurso/cl/orz/municipalidad-de-san-pedro-de-atacama/2007-12-05/7/datos.json
San Pedro,13,Metropolitana de Santiago,BCN,5,2007-10-18,"FIJA NUEVO SENTIDO DE TRÁNSITO EN POBLACIÓN PUNTA DE DIAMANTE DE SAN PEDRO DE ATACAMA, EN CALLES QUE INDICA",Tránsito y Transporte,https://www.bcn.cl/leychile/navegar?idNorma=265664,,,https://datos.bcn.cl/recurso/cl/orz/municipalidad-de-san-pedro-de-atacama/2007-10-18/5/datos.json
San Pedro,13,Metropolitana de Santiago,BCN,3,2007-08-06,INTRODUCE MODIFICACIONES A ORDENANZAS QUE INDICA,Normativa General y Otras Materias,https://www.bcn.cl/leychile/navegar?idNorma=263343,,,https://datos.bcn.cl/recurso/cl/orz/municipalidad-de-san-pedro-de-atacama/2007-08-06/3/datos.json
San Pedro,13,Metropolitana de Santiago,BCN,1,2007-04-12,"MODIFICA ORDENANZA Nº 3, DE 2003",Normativa General y Otras Materias,https://www.bcn.cl/leychile/navegar?idNorma=259928,,,https://datos.bcn.cl/recurso/cl/orz/municipalidad-de-san-pedro-de-atacama/2007-04-12/1/datos.json
San Pedro,13,Metropolitana de Santiago,BCN,5,2006-11-16,MODIFICA ORDENANZAS QUE INDICA,Normativa General y Otras Materias,https://www.bcn.cl/leychile/navegar?idNorma=255288,,,https://datos.bcn.cl/recurso/cl/orz/municipalidad-de-san-pedro-de-atacama/2006-11-16/5/datos.json
San Pedro,13,Metropolitana de Santiago,BCN,3,2006-08-09,MODIFICA ORDENANZAS QUE INDICA,Normativa General y Otras Materias,https://www.bcn.cl/leychile/navegar?idNorma=252083,,,https://datos.bcn.cl/recurso/cl/orz/municipalidad-de-san-pedro-de-atacama/2006-08-09/3/datos.json
San Pedro,13,Metropolitana de Santiago,BCN,1,1994-01-31,DICTA ORDENANZA LOCAL SOBRE DERECHOS MUNICIPALES,Derechos Municipales y Tarifas,https://www.bcn.cl/leychile/navegar?idNorma=30888,,,https://datos.bcn.cl/recurso/cl/orz/municipalidad-de-san-pedro-de-atacama/1994-01-31/1/datos.json
Talagante,13,Metropolitana de Santiago,BCN,3,2019-12-02,"REGULA EL TRANSPORTE DE BASURA, DESECHOS, ESCOMBROS O RESIDUOS DE CUALQUIER TIPO","Aseo, Ornato y Medio Ambiente",https://www.bcn.cl/leychile/navegar?idNorma=1139250,,,https://datos.bcn.cl/recurso/cl/orz/municipalidad-de-talagante/2019-12-02/3/datos.json
Talagante,13,Metropolitana de Santiago,BCN,4,2019-12-02,"MODIFICA ORDENANZA Nº 2, DE 2011, SOBRE PARTICIPACIÓN CIUDADANA",Organización y Régimen Interno,https://www.bcn.cl/leychile/navegar?idNorma=1139251,,,https://datos.bcn.cl/recurso/cl/orz/municipalidad-de-talagante/2019-12-02/4/datos.json
Talagante,13,Metropolitana de Santiago,BCN,2,2019-04-11,"APRUEBA MODIFICACIÓN A ORDENANZA Nº 11, DE 2002",Normativa General y Otras Materias,https://www.bcn.cl/leychile/navegar?idNorma=1130427,,,https://datos.bcn.cl/recurso/cl/orz/municipalidad-de-talagante/2019-04-11/2/datos.json
Talagante,13,Metropolitana de Santiago,BCN,1,2015-08-14,APRUEBA MODIFICACIÓN A LA ORDENANZA MUNICIPAL DE DERECHOS POR PERMISOS Y SERVICIOS,Derechos Municipales y Tarifas,https://www.bcn.cl/leychile/navegar?idNorma=1080418,,,https://datos.bcn.cl/recurso/cl/orz/municipalidad-de-talagante/2015-08-14/1/datos.json
Talagante,13,Metropolitana de Santiago,BCN,1,2007-10-29,APRUEBA ORDENANZA SOBRE TRABAJOS COMUNITARIOS EN BENEFICIO DE LA COMUNIDAD,Normativa General y Otras Materias,https://www.bcn.cl/leychile/navegar?idNorma=266045,,,https://datos.bcn.cl/recurso/cl/orz/municipalidad-de-talagante/2007-10-29/1/datos.json
Talagante,13,Metropolitana de Santiago,BCN,7,1999-01-18,"APRUEBA MODIFICACIONES A ORDENANZA SOBRE LA ACTIVIDAD COMERCIAL, INDUSTRIAL Y DE SERVICIOS","Comercio, Alcoholes y Patentes",https://www.bcn.cl/leychile/navegar?idNorma=129956,,,https://datos.bcn.cl/recurso/cl/orz/municipalidad-de-talagante/1999-01-18/7/datos.json
Talagante,13,Metropolitana de Santiago,BCN,3,1998-12-31,APRUEBA ORDENANZA PARA REALIZACION DE PROPAGANDA Y PUBLICIDAD EN VIA PUBLICA Y OTROS LUGARES DE ACCESO AL PUBLICO Y EN PROPIEDADES PRIVADAS PROYECTADAS HACIA EL ESPACIO PUBLICO,"Comercio, Alcoholes y Patentes",https://www.bcn.cl/leychile/navegar?idNorma=128806,,,https://datos.bcn.cl/recurso/cl/orz/municipalidad-de-talagante/1998-12-31/3/datos.json
Talagante,13,Metropolitana de Santiago,BCN,4,1998-12-31,APRUEBA ORDENANZA MUNICIPAL DE ASEO Y ORNATO,"Aseo, Ornato y Medio Ambiente",https://www.bcn.cl/leychile/navegar?idNorma=128808,,,https://datos.bcn.cl/recurso/cl/orz/municipalidad-de-talagante/1998-12-31/4/datos.json
Talagante,13,Metropolitana de Santiago,BCN,5,1998-12-31,APRUEBA ORDENANZA MUNICIPAL SOBRE TARIFAS DEL SERVICIO DE ASEO DOMICILIARIO,Derechos Municipales y Tarifas,https://www.bcn.cl/leychile/navegar?idNorma=128841,,,https://datos.bcn.cl/recurso/cl/orz/municipalidad-de-talagante/1998-12-31/5/datos.json
Talagante,13,Metropolitana de Santiago,BCN,6,1998-12-31,"APRUEBA ORDENANZA SOBRE DERECHOS POR CONCESIONES, PERMISOS Y SERVICIOS, TEXTO SISTEMATIZADO, REFUNDIDO Y ACTUALIZADO",Derechos Municipales y Tarifas,https://www.bcn.cl/leychile/navegar?idNorma=128843,,,https://datos.bcn.cl/recurso/cl/orz/municipalidad-de-talagante/1998-12-31/6/datos.json
Talagante,13,Metropolitana de Santiago,BCN,6,1996-02-27,APRUEBA ORDENANZA SOBRE ESTACIONAMIENTOS CONTROLADOS,Tránsito y Transporte,https://www.bcn.cl/leychile/navegar?idNorma=31009,,,https://datos.bcn.cl/recurso/cl/orz/municipalidad-de-talagante/1996-02-27/6/datos.json
Talagante,13,Metropolitana de Santiago,BCN,5,1995-12-30,"MODIFICA ORDENANZA LOCAL SOBRE DERECHOS MUNICIPALES POR CONCESIONES, PERMISOS Y SERVICIOS",Derechos Municipales y Tarifas,https://www.bcn.cl/leychile/navegar?idNorma=30999,,,https://datos.bcn.cl/recurso/cl/orz/municipalidad-de-talagante/1995-12-30/5/datos.json
Talagante,13,Metropolitana de Santiago,BCN,1,1995-06-22,NOTIFICA ORDENANZA N° 1 SOBRE EXTRACCION DE ARIDOS,"Aseo, Ornato y Medio Ambiente",https://www.bcn.cl/leychile/navegar?idNorma=30911,,,https://datos.bcn.cl/recurso/cl/orz/municipalidad-de-talagante/1995-06-22/1/datos.json
Talagante,13,Metropolitana de Santiago,Municipalidad,1,2026-01-01,MODIFICACIÓN ORDENANZA MODIFICACIÓN ORDENANZA,Normativa General y Otras Materias,https://www.munitalagante.cl/_files/ugd/1b53a1_8fdbb8e9ba81494faab90f0c2805c1f3.pdf,https://www.munitalagante.cl/ordenanzas,512267dbf4f62af8290d9d87502dae8820c2c22f3ce2cfefcf2e531a8b552a5b,
El Monte,13,Metropolitana de Santiago,BCN,311,2001-04-05,DICTA ORDENANZA MUNICIPAL SOBRE PATENTES DE ALCOHOLES Y HORARIO DE FUNCIONAMIENTO DE ESTABLECIMIENTOS DE EXPENDIO DE BEBIDAS ALCOHOLICAS,"Comercio, Alcoholes y Patentes",https://www.bcn.cl/leychile/navegar?idNorma=183625,,,https://datos.bcn.cl/recurso/cl/orz/municipalidad-de-el-monte/2001-04-05/311/datos.json
Isla de Maipo,13,Metropolitana de Santiago,BCN,17,2001-12-31,APRUEBA ORDENANZA LOCAL SOBRE PERMISOS Y CONCESIONES DE ARIDOS EN EL RÍO MAIPO,Derechos Municipales y Tarifas,https://www.bcn.cl/leychile/navegar?idNorma=193232,,,https://datos.bcn.cl/recurso/cl/orz/municipalidad-de-isla-de-maipo/2001-12-31/17/datos.json
Isla de Maipo,13,Metropolitana de Santiago,BCN,s-n,1998-01-31,MODIFICA DERECHOS RELATIVOS A ORDENANZA Y CONSTRUCCION Y A EXTRACCION DE ARIDOS,Derechos Municipales y Tarifas,https://www.bcn.cl/leychile/navegar?idNorma=92826,,,https://datos.bcn.cl/recurso/cl/orz/municipalidad-de-isla-de-maipo/1998-01-31/s-n/datos.json
Isla de Maipo,13,Metropolitana de Santiago,BCN,14,1998-01-13,APRUEBA ORDENANZA DE ASEO,"Aseo, Ornato y Medio Ambiente",https://www.bcn.cl/leychile/navegar?idNorma=86338,,,https://datos.bcn.cl/recurso/cl/orz/municipalidad-de-isla-de-maipo/1998-01-13/14/datos.json
Isla de Maipo,13,Metropolitana de Santiago,BCN,13,1997-07-10,APRUEBA ORDENANZA LOCAL SOBRE PERMISOS Y CONCESIONES DE ARIDOS EN EL RIO MAIPO,Derechos Municipales y Tarifas,https://www.bcn.cl/leychile/navegar?idNorma=74160,,,https://datos.bcn.cl/recurso/cl/orz/municipalidad-de-isla-de-maipo/1997-07-10/13/datos.json
Isla de Maipo,13,Metropolitana de Santiago,BCN,12,1996-12-30,DICTA ORDENANZA SOBRE DERECHOS MUNICIPALES,Derechos Municipales y Tarifas,https://www.bcn.cl/leychile/navegar?idNorma=31037,,,https://datos.bcn.cl/recurso/cl/orz/municipalidad-de-isla-de-maipo/1996-12-30/12/datos.json
Isla de Maipo,13,Metropolitana de Santiago,BCN,11,1994-01-31,APRUEBA ORDENANZA SOBRE DERECHOS MUNICIPALES,Derechos Municipales y Tarifas,https://www.bcn.cl/leychile/navegar?idNorma=31033,,,https://datos.bcn.cl/recurso/cl/orz/municipalidad-de-isla-de-maipo/1994-01-31/11/datos.json
Isla de Maipo,13,Metropolitana de Santiago,BCN,9,1993-09-17,DICTA ORDENANZA SOBRE FERIAS LIBRES Y DE CHACAREROS,"Comercio, Alcoholes y Patentes",https://www.bcn.cl/leychile/navegar?idNorma=31027,,,https://datos.bcn.cl/recurso/cl/orz/municipalidad-de-isla-de-maipo/1993-09-17/9/datos.json
Isla de Maipo,13,Metropolitana de Santiago,BCN,7,1991-07-04,DICTA ORDENAZA SOBRE EL USO Y ADMINISTRACION DE LAS AGUAS DENTRO DEL TERRITORIO JURISDICCIONAL DE LA COMUNA DE ISLA DE MAIPO,Normativa General y Otras Materias,https://www.bcn.cl/leychile/navegar?idNorma=31011,,,https://datos.bcn.cl/recurso/cl/orz/municipalidad-de-isla-de-maipo/1991-07-04/7/datos.json
Padre Hurtado,13,Metropolitana de Santiago,BCN,2385,2003-12-31,APRUEBA ORDENANZA DE COBRO DE TASA POR PROGRAMA REGULARIZACION DE LA PROPIEDAD RAIZ,Derechos Municipales y Tarifas,https://www.bcn.cl/leychile/navegar?idNorma=219637,,,https://datos.bcn.cl/recurso/cl/orz/municipalidad-de-padre-hurtado/2003-12-31/2385/datos.json
Padre Hurtado,13,Metropolitana de Santiago,BCN,s-n,2003-12-20,MODIFICACION A LA ORDENANZA DE DERECHOS MUNICIPALES,Derechos Municipales y Tarifas,https://www.bcn.cl/leychile/navegar?idNorma=219219,,,https://datos.bcn.cl/recurso/cl/orz/municipalidad-de-padre-hurtado_direccion-de-administracion-y-finanzas/2003-12-20/s-n/datos.json
Peñaflor,13,Metropolitana de Santiago,Municipalidad,1,2026-01-01,Ordenanza Municipal de PEÑAFLOR — MODIFICACION ORDENANZA MUNICIPAL DE COBRO DE DERECHOS POR SERVICIOS CONCESIONES Y PERMISOS 1,Derechos Municipales y Tarifas,https://penaflor.cl/wp-content/uploads/2022/10/MODIFICACION-ORDENANZA-MUNICIPAL-DE-COBRO-DE-DERECHOS-POR-SERVICIOS-CONCESIONES-Y-PERMISOS-1.pdf,https://penaflor.cl/ordenanzas-municipales-2/,b7cb2984c429130638372fcbe4818bd9f007f649101c5921603103cafaf65c93,
Peñaflor,13,Metropolitana de Santiago,Municipalidad,1-2026,2026-01-01,Ordenanza Municipal de PEÑAFLOR — ORDENANZA MUNICIPAL DE COBRO DE DERECHOS POR SERVICIOS CONCESIONES Y PERMISOS 1,Derechos Municipales y Tarifas,https://penaflor.cl/wp-content/uploads/2022/10/ORDENANZA-MUNICIPAL-DE-COBRO-DE-DERECHOS-POR-SERVICIOS-CONCESIONES-Y-PERMISOS-1.pdf,https://penaflor.cl/ordenanzas-municipales-2/,202622c07e8a7d55b2ad471f9fa9ae802233375d1a25bbfb7da0612b036713ba,
Peñaflor,13,Metropolitana de Santiago,Municipalidad,1472,2023-01-01,Ordenanza Municipal de PEÑAFLOR — DECRETO ALCALDICIO 1472 MODIFICACION ORDENANZA OCTUBRE 2023,Normativa General y Otras Materias,https://penaflor.cl/wp-content/uploads/2024/01/DECRETO-ALCALDICIO-1472-MODIFICACION-ORDENANZA-OCTUBRE-2023.pdf,https://penaflor.cl/ordenanzas-municipales-2/,50c81c55351a790e81a5156d831436ea91b54d7a8b1f7b90b7600adba9eadc6b,
Peñaflor,13,Metropolitana de Santiago,Municipalidad,1787,2023-12-27,Ordenanza Municipal de PEÑAFLOR — D.A. N°1787 27 12 2023 Ordenanza General de Aseo,"Aseo, Ornato y Medio Ambiente",https://penaflor.cl/wp-content/uploads/2024/02/D.A.-N%C2%B01787-27-12-2023-Ordenanza-General-de-Aseo.pdf,https://penaflor.cl/ordenanzas-municipales-2/,17e301d8b1169f587b3e4f76e342517ea040fd0806248d9bf349a11ae4128213,
Peñaflor,13,Metropolitana de Santiago,Municipalidad,1640,2024-12-27,Ordenanza Municipal de PEÑAFLOR — Ordenanza N°1640 del 27 12 2024,Normativa General y Otras Materias,https://penaflor.cl/wp-content/uploads/2025/01/Ordenanza-N%C2%B01640-del-27-12-2024.pdf,https://penaflor.cl/ordenanzas-municipales-2/,499ce9b0ad7337058f1536da9a84bb74dab84e4a35ecb2c16fadd49b3a955e18,
Peñaflor,13,Metropolitana de Santiago,Municipalidad,680,2025-06-25,Ordenanza Municipal de PEÑAFLOR — ORDENANZA N°680 SOBRE EXENCIONES AL PAGO DEL DERECHO DE ASEO 25 06 2025,Derechos Municipales y Tarifas,https://penaflor.cl/wp-content/uploads/2025/07/ORDENANZA-N%C2%B0680-SOBRE-EXENCIONES-AL-PAGO-DEL-DERECHO-DE-ASEO-25-06-2025.pdf,https://penaflor.cl/ordenanzas-municipales-2/,266f8369a3c312c449530da225f8399db618df4195c469117e29da1345aa14e1,
Peñaflor,13,Metropolitana de Santiago,Municipalidad,979,2025-01-01,Ordenanza Municipal de PEÑAFLOR — Decreto Alcaldicio N°979 del 02 de Septiembre de 2025,Normativa General y Otras Materias,https://penaflor.cl/wp-content/uploads/2025/09/Decreto-Alcaldicio-N%C2%B0979-del-02-de-Septiembre-de-2025.pdf,https://penaflor.cl/ordenanzas-municipales-2/,8c7c858167307bcaa777a3ab7b8fe37ab5a930a33324dd17e469f291ab07e880,
Rancagua,06,O Higgins,BCN,902-exenta,2011-04-28,"ORDENANZA MUNICIPAL DE GESTIÓN AMBIENTAL, DECRETO EXENTO Nº 1.688/1997, MODIFICADA MEDIANTE DECRETO EXENTO Nº 716/2003",Normativa General y Otras Materias,https://www.bcn.cl/leychile/navegar?idNorma=1024855,,,https://datos.bcn.cl/recurso/cl/orz/municipalidad-de-rancagua/2011-04-28/902-exenta/datos.json
Rancagua,06,O Higgins,BCN,957-exenta,2010-04-30,"MODIFICA ORDENANZA MUNICIPAL SOBRE TARIFAS DE ASEO, COBRO Y EXENCIONES PARCIALES O TOTALES",Derechos Municipales y Tarifas,https://www.bcn.cl/leychile/navegar?idNorma=1012847,,,https://datos.bcn.cl/recurso/cl/orz/municipalidad-de-rancagua/2010-04-30/957-exenta/datos.json
Rancagua,06,O Higgins,BCN,s-n,2007-12-26,"ORDENANZA MUNICIPAL QUE REGULA LA AUTORIZACION Y EXPLOTACION COMERCIAL DE MAQUINAS DE HABILIDAD, DESTREZA O JUEGOS SIMILARES EN LA COMUNA DE RANCAGUA","Comercio, Alcoholes y Patentes",https://www.bcn.cl/leychile/navegar?idNorma=267868,,,https://datos.bcn.cl/recurso/cl/orz/municipalidad-de-rancagua/2007-12-26/s-n/datos.json
Rancagua,06,O Higgins,BCN,s-n,1992-07-24,ORDENANZA TIPO MUNICIPAL DE TERMINALES DE LOCOMOCION COLECTIVA NO URBANA,"Urbanismo, Obras y Edificación",https://www.bcn.cl/leychile/navegar?idNorma=85981,,,https://datos.bcn.cl/recurso/cl/orz/municipalidad-de-rancagua/1992-07-24/s-n/datos.json
Rancagua,06,O Higgins,BCN,s-n,1986-07-02,DICTA ORDENANZA DE ASEO Y ORNATO DE LA COMUNA DE RANCAGUA,"Aseo, Ornato y Medio Ambiente",https://www.bcn.cl/leychile/navegar?idNorma=153223,,,https://datos.bcn.cl/recurso/cl/orz/municipalidad-de-rancagua/1986-07-02/s-n/datos.json
Codegua,06,O Higgins,BCN,7,2004-06-02,DICTA ORDENANZA SOBRE REGISTRO PUBLICO DE ENTIDADES RECEPTORAS DE FONDOS PUBLICOS,Normativa General y Otras Materias,https://www.bcn.cl/leychile/navegar?idNorma=225980,,,https://datos.bcn.cl/recurso/cl/orz/municipalidad-de-codegua/2004-06-02/7/datos.json
Coltauco,06,O Higgins,BCN,1,1986-09-10,DICTA ORDENANZA SOBRE CUIDADO DE BIENES NACIONALES DE USO PUBLICO,Normativa General y Otras Materias,https://www.bcn.cl/leychile/navegar?idNorma=154876,,,https://datos.bcn.cl/recurso/cl/orz/municipalidad-de-coltauco/1986-09-10/1/datos.json
Coltauco,06,O Higgins,Municipalidad,1942,2024-01-01,Ordenanza Municipal de COLTAUCO — ORDENANZA N°1942 BECAS MUNICIPALES 2024,Normativa General y Otras Materias,https://www.coltauco.cl/rsp/pdf/2026/ORDENANZA%20N%C2%B01942%20BECAS%20MUNICIPALES%202024.pdf,https://www.coltauco.cl/rsp/pdf/2026/ORDENANZA N°1942 BECAS MUNICIPALES 2024.pdf,c162710ef391723400da0641e62ad19c80c3c12e39975a166eaded2b1b821681,
Coltauco,06,O Higgins,Municipalidad,S/N,2026-01-01,Ordenanza Municipal de COLTAUCO — Ordenanza Becas Municipalidad Coltauco,Normativa General y Otras Materias,https://www.coltauco.cl/rsp/pdf/2026/Ordenanza%20Becas%20Municipalidad%20Coltauco.pdf,https://www.coltauco.cl/rsp/pdf/2026/Ordenanza Becas Municipalidad Coltauco.pdf,853921181353669c706e32e9cab2b9433ff5f385a626060baa7e81cfd48d4feb,
Graneros,06,O Higgins,BCN,1,1990-01-26,"ORDENANZA LOCAL SOBRE DERECHOS MUNICIPALES POR CONCESIONES, PERMISOS Y SERVICIOS QUE REGIRAN A CONTAR DEL AÑO 1990",Derechos Municipales y Tarifas,https://www.bcn.cl/leychile/navegar?idNorma=95243,,,https://datos.bcn.cl/recurso/cl/orz/municipalidad-de-graneros/1990-01-26/1/datos.json
Machalí,06,O Higgins,BCN,2,1986-01-28,"DICTA ORDENANZA LOCAL SOBRE DERECHOS MUNICIPALES POR CONCESIONES, PERMISOS Y SERVICIOS",Derechos Municipales y Tarifas,https://www.bcn.cl/leychile/navegar?idNorma=160883,,,https://datos.bcn.cl/recurso/cl/orz/municipalidad-de-machali/1986-01-28/2/datos.json
Malloa,06,O Higgins,Municipalidad,1558,2026-01-01,Ordenanza Municipal de MALLOA — Ordenanza 1558 21 12 22,Normativa General y Otras Materias,https://www.munimalloa.cl/portal/wp-content/uploads/2022/12/Ordenanza-1558-_21-12-22.pdf,https://www.munimalloa.cl/portal/decretos-u-ordenanza-2/,c8b434ee1f1d2c531d56519582e015d62330cac9c750861fd6ebbe5dd669dc0f,
Malloa,06,O Higgins,Municipalidad,S/N,2026-01-01,Ordenanza Municipal de MALLOA — Ordenanza Santa Rosa,Normativa General y Otras Materias,https://www.munimalloa.cl/portal/wp-content/uploads/2023/07/Ordenanza-Santa-Rosa.pdf,https://www.munimalloa.cl/portal/decretos-u-ordenanza-2/,bda4537d34f5f1aeae92ecdfe45b12f7645126a68dacacefd0a88e74da6eded3,
Malloa,06,O Higgins,Municipalidad,S/N,2025-01-01,Ordenanza Municipal de MALLOA — Ordenanza extraccion de aridos DTO 1538 2025,Normativa General y Otras Materias,https://www.munimalloa.cl/portal/wp-content/uploads/2025/11/Ordenanza-extraccion-de-aridos-DTO-1538_2025.pdf,https://www.munimalloa.cl/portal/decretos-u-ordenanza-2/,c24ea6798f90e7573aa1a1c8549de372089f4057f8b209068fcf5b862c081be7,
Malloa,06,O Higgins,Municipalidad,S/N-ea19,2026-01-01,Ordenanza Municipal de MALLOA — MODIFICACION ORDENANZA DE TENENCIA RESPONSABLE DE MASCOTAS,Tenencia Responsable de Mascotas,https://www.munimalloa.cl/portal/wp-content/uploads/2026/01/MODIFICACION-ORDENANZA-DE-TENENCIA-RESPONSABLE-DE-MASCOTAS.pdf,https://www.munimalloa.cl/portal/decretos-u-ordenanza-2/,ea19095affe228f903739dca8dcd67b599b13d59cc347c208440f1153b97be9c,
Malloa,06,O Higgins,Municipalidad,S/N-7df8,2026-01-01,Ordenanza Municipal de MALLOA — Modificacion Ordenanza Proteccion de Aguas,Normativa General y Otras Materias,https://www.munimalloa.cl/portal/wp-content/uploads/2026/01/Modificacion-Ordenanza-Proteccion-de-Aguas.pdf,https://www.munimalloa.cl/portal/decretos-u-ordenanza-2/,7df837def4498c9108248bf80d757ad4bd758d543daa0fbefea5fe1c7c38dd95,
Malloa,06,O Higgins,Municipalidad,S/N-8081,2026-01-01,Ordenanza Municipal de MALLOA — ORDENANZA TENENCIA RESPONSABLE DE MASCOTAS,Tenencia Responsable de Mascotas,https://www.munimalloa.cl/portal/wp-content/uploads/2026/01/ORDENANZA-TENENCIA-RESPONSABLE-DE-MASCOTAS.pdf,https://www.munimalloa.cl/portal/decretos-u-ordenanza-2/,8081fa977886b3bfec420a8ce8c4a6691cc492a9bf1d6b0113b0d795ce787a82,
Malloa,06,O Higgins,Municipalidad,S/N-4064,2026-01-01,Ordenanza Municipal de MALLOA — Ordenanza Municipal Proteccion riberas de rios,Normativa General y Otras Materias,https://www.munimalloa.cl/portal/wp-content/uploads/2026/01/Ordenanza-Municipal-Proteccion-riberas-de-rios.pdf,https://www.munimalloa.cl/portal/decretos-u-ordenanza-2/,406465561d285fd010ee47dc8adfa50c076bc24aa4fc31fe6a8dca7277375458,
Malloa,06,O Higgins,Municipalidad,04,2026-01-01,Ordenanza Municipal de MALLOA — Dec. No1098 fecha 04.08.2026 Ordenanza Festividad Santa Rosa 2026,Normativa General y Otras Materias,https://www.munimalloa.cl/portal/wp-content/uploads/2026/08/Dec.-No1098-fecha-04.08.2026-Ordenanza-Festividad-Santa-Rosa-2026.pdf,https://www.munimalloa.cl/portal/decretos-u-ordenanza-2/,317d2a7972f215b1826b30f9528dd88bb12fd0b5b1eaa148b9202d888bf4079d,
Mostazal,06,O Higgins,BCN,1,1991-05-08,"APRUEBA ORDENANZA LOCAL DE DERECHOS MUNICIPALES POR SERVICIOS, CONCESIONES O PERMISOS",Derechos Municipales y Tarifas,https://www.bcn.cl/leychile/navegar?idNorma=30861,,,https://datos.bcn.cl/recurso/cl/orz/municipalidad-de-mostazal/1991-05-08/1/datos.json
Mostazal,06,O Higgins,BCN,1,1990-02-26,"APRUEBA ORDENANZA LOCAL DE DERECHOS MUNICIPALES POR SERVICIOS, CONCESIONES O PERMISOS",Derechos Municipales y Tarifas,https://www.bcn.cl/leychile/navegar?idNorma=90526,,,https://datos.bcn.cl/recurso/cl/orz/municipalidad-de-mostazal/1990-02-26/1/datos.json
Mostazal,06,O Higgins,BCN,2,1990-02-26,APRUEBA ORDENANZA Nº 2 ESPECIAL SOBRE NORMAS DE EDIFICACION EN EL SECTOR CENTRICO DE SAN FRANCISCO DE MOSTAZAL,"Urbanismo, Obras y Edificación",https://www.bcn.cl/leychile/navegar?idNorma=90528,,,https://datos.bcn.cl/recurso/cl/orz/municipalidad-de-mostazal/1990-02-26/2/datos.json
Mostazal,06,O Higgins,BCN,1,1987-02-04,"APRUEBA ORDENANZA LOCAL DE DERECHOS MUNICIPALES POR SERVICIOS, CONCESIONES O PERMISOS",Derechos Municipales y Tarifas,https://www.bcn.cl/leychile/navegar?idNorma=140824,,,https://datos.bcn.cl/recurso/cl/orz/municipalidad-de-mostazal/1987-02-04/1/datos.json
Mostazal,06,O Higgins,BCN,1,1986-01-31,"APRUEBA ORDENANZA LOCAL DE DERECHOS MUNICIPALES POR SERVICIOS, CONCESIONES O PERMISOS",Derechos Municipales y Tarifas,https://www.bcn.cl/leychile/navegar?idNorma=161133,,,https://datos.bcn.cl/recurso/cl/orz/municipalidad-de-mostazal/1986-01-31/1/datos.json
Olivar,06,O Higgins,Municipalidad,S/N,2026-01-01,ORDENANZA DE DERECHOS MUNICIPALES ORDENANZA DE DERECHOS MUNICIPALES Descarga,Derechos Municipales y Tarifas,https://muniolivar.cl/wp-content/uploads/2025/11/ORDENANZA-DE-DERECHOS-MUNICIPALES.pdf,https://muniolivar.cl/ordenanza-de-derechos-municipales/,652d329b111c28067d948b5ea7af9e8324aa3f5b3d397bca6144ab7268ce9eef,
Peumo,06,O Higgins,Municipalidad,1,2026-01-01,Ordenanza Municipal de PEUMO — Decreto junto a Respectiva Ordenanza Actividades no Autorizadas 1,Normativa General y Otras Materias,https://mpeumo.cl/wp-content/uploads/2026/05/Decreto-junto-a-Respectiva-Ordenanza-Actividades-no-Autorizadas-1.pdf,https://mpeumo.cl/wp-content/uploads/2026/05/Decreto-junto-a-Respectiva-Ordenanza-Actividades-no-Autorizadas-1.pdf,b4c83708f3f4483376298221beac5638da4dfaee30c57bf7c41e34023ebe3c6f,
Quinta de Tilcoco,06,O Higgins,BCN,402-exenta,1987-02-04,APRUEBA ORDENANZA LOCAL DE DERECHOS MUNICIPALES,Derechos Municipales y Tarifas,https://www.bcn.cl/leychile/navegar?idNorma=140821,,,https://datos.bcn.cl/recurso/cl/orz/municipalidad-de-quinta-de-tilcoco/1987-02-04/402-exenta/datos.json
Quinta de Tilcoco,06,O Higgins,Municipalidad,S/N,2026-01-01,Ordenanza Municipal de QUINTA DE TILCOCO — Actualizacion Ordenanza Medio Ambiente Aseo y Ornato. compressed,"Aseo, Ornato y Medio Ambiente",https://www.quintadetilcoco.cl/wp-content/uploads/2025/12/Actualizacion-Ordenanza-Medio-Ambiente-Aseo-y-Ornato._compressed.pdf,https://www.quintadetilcoco.cl/wp-content/uploads/2025/12/Actualizacion-Ordenanza-Medio-Ambiente-Aseo-y-Ornato._compressed.pdf,c5314e91d826d175c9262a2d830c4e94eba9e17f25f1359bf9c69c6f6b0f0d6b,
Rengo,06,O Higgins,BCN,s-n,1995-08-08,ORDENANZA PLAN SECCIONAL N° 01 EGENAU-PASAJE MORALES - Z.E,Seguridad y Convivencia,https://www.bcn.cl/leychile/navegar?idNorma=31174,,,https://datos.bcn.cl/recurso/cl/orz/municipalidad-de-rengo/1995-08-08/s-n/datos.json
Rengo,06,O Higgins,BCN,46,1995-01-31,FIJA NUEVA ORDENANZA SOBRE DERECHOS MUNICIPALES,Derechos Municipales y Tarifas,https://www.bcn.cl/leychile/navegar?idNorma=31074,,,https://datos.bcn.cl/recurso/cl/orz/municipalidad-de-rengo/1995-01-31/46/datos.json
Requínoa,06,O Higgins,Municipalidad,30,2026-01-01,Ordenanza Municipal de REQUÍNOA — 30,Normativa General y Otras Materias,https://requinoa.cl/Web/descargarOrdenanza/30,https://requinoa.cl/Web/descargarOrdenanza/30,cd587c49c6e970bd817cc24a1e105d5e253621cbe36a114b97e28d5a9792ec83,
Requínoa,06,O Higgins,Municipalidad,33,2026-01-01,Ordenanza Municipal de REQUÍNOA — 33,Normativa General y Otras Materias,https://requinoa.cl/Web/descargarOrdenanza/33,https://requinoa.cl/Web/descargarOrdenanza/33,0f53dc46eac08e3045cb0f7612997ef7bc747a093b32791e4506b6d2b668a115,
Requínoa,06,O Higgins,Municipalidad,41,2026-01-01,Ordenanza Municipal de REQUÍNOA — 41,Normativa General y Otras Materias,https://requinoa.cl/Web/descargarOrdenanza/41,https://requinoa.cl/Web/descargarOrdenanza/41,8e14763707a75f87e51591569d6c2a8d229355e190e921734b4f1bb9e0fe8293,
Requínoa,06,O Higgins,Municipalidad,42,2026-01-01,Ordenanza Municipal de REQUÍNOA — 42,Normativa General y Otras Materias,https://requinoa.cl/Web/descargarOrdenanza/42,https://requinoa.cl/Web/descargarOrdenanza/42,f31e19504b3c230c8cc9214574281c4b3877ca836f6aed69092b665f319f51b9,
Requínoa,06,O Higgins,Municipalidad,43,2026-01-01,Ordenanza Municipal de REQUÍNOA — 43,Normativa General y Otras Materias,https://requinoa.cl/Web/descargarOrdenanza/43,https://requinoa.cl/Web/descargarOrdenanza/43,f4d4ec349e088e2bab99e5402535a16d33c819c7f08e3854da6f441b5af097eb,
Requínoa,06,O Higgins,Municipalidad,44,2026-01-01,Ordenanza Municipal de REQUÍNOA — 44,Normativa General y Otras Materias,https://requinoa.cl/Web/descargarOrdenanza/44,https://requinoa.cl/Web/descargarOrdenanza/44,9f7612b69599fcf5641e91cb7f20ed97aeeb59c4a38bb9137e073aedd06cd00c,
Requínoa,06,O Higgins,Municipalidad,50,2026-01-01,Ordenanza Municipal de REQUÍNOA — 50,Normativa General y Otras Materias,https://requinoa.cl/Web/descargarOrdenanza/50,https://requinoa.cl/Web/descargarOrdenanza/50,d4a694dfbc5ee0647a554ff1a730a7d75193a3670c58a30704ce5b2b74308e26,
Requínoa,06,O Higgins,Municipalidad,51,2026-01-01,Ordenanza Municipal de REQUÍNOA — 51,Normativa General y Otras Materias,https://requinoa.cl/Web/descargarOrdenanza/51,https://requinoa.cl/Web/descargarOrdenanza/51,644f60c2cdf166aaaa906512547a345c30a91d842f25547a5d7208d0505f6314,
Requínoa,06,O Higgins,Municipalidad,52,2026-01-01,Ordenanza Municipal de REQUÍNOA — 52,Normativa General y Otras Materias,https://requinoa.cl/Web/descargarOrdenanza/52,https://requinoa.cl/Web/descargarOrdenanza/52,36dc98718192d17d438fc77ed2be7c490a8bf97a714f858c9badc8af355f7e7a,
Requínoa,06,O Higgins,Municipalidad,63,2026-01-01,Ordenanza Municipal de REQUÍNOA — 63,Normativa General y Otras Materias,https://requinoa.cl/Web/descargarOrdenanza/63,https://requinoa.cl/Web/descargarOrdenanza/63,c903ac2df304605697155ada089758ec82d0bc20648b8e1996a4f4773e0b9183,
Requínoa,06,O Higgins,Municipalidad,64,2026-01-01,Ordenanza Municipal de REQUÍNOA — 64,Normativa General y Otras Materias,https://requinoa.cl/Web/descargarOrdenanza/64,https://requinoa.cl/Web/descargarOrdenanza/64,9687557ca141f64534fe8824a9a323f8ea4e840d56d85ee4d17d8f770b78a09e,
Requínoa,06,O Higgins,Municipalidad,65,2026-01-01,Ordenanza Municipal de REQUÍNOA — 65,Normativa General y Otras Materias,https://requinoa.cl/Web/descargarOrdenanza/65,https://requinoa.cl/Web/descargarOrdenanza/65,3db654ba7f49f9a58bb35023dc83c983115fd6c88b01186fc8198e40c992aa23,
Requínoa,06,O Higgins,Municipalidad,66,2026-01-01,Ordenanza Municipal de REQUÍNOA — 66,Normativa General y Otras Materias,https://requinoa.cl/Web/descargarOrdenanza/66,https://requinoa.cl/Web/descargarOrdenanza/66,ab03a50822d4cd077e0608bc31c35bb9cb29c2973e681d33bf8a89c12ef8e5ae,
Requínoa,06,O Higgins,Municipalidad,67,2026-01-01,Ordenanza Municipal de REQUÍNOA — 67,Normativa General y Otras Materias,https://requinoa.cl/Web/descargarOrdenanza/67,https://requinoa.cl/Web/descargarOrdenanza/67,3165169b4a802833d1822b1e65610adefe4f6ce0cf83242cfa82e4c13ab2ae79,
Requínoa,06,O Higgins,Municipalidad,68,2026-01-01,Ordenanza Municipal de REQUÍNOA — 68,Normativa General y Otras Materias,https://requinoa.cl/Web/descargarOrdenanza/68,https://requinoa.cl/Web/descargarOrdenanza/68,7a09a54c60a99f75090896ecea5b0671de3fdbcf1847102fd1fa700a72c52f6e,
San Vicente,06,O Higgins,BCN,15,1985-01-31,"DICTA ORDENANZA LOCAL SOBRE DERECHOS MUNICIPALES POR CONCESIONES, PERMISOS Y SERVICIOS",Derechos Municipales y Tarifas,https://www.bcn.cl/leychile/navegar?idNorma=162618,,,https://datos.bcn.cl/recurso/cl/orz/municipalidad-de-san-vicente-de-tagua-tagua/1985-01-31/15/datos.json
Pichilemu,06,O Higgins,BCN,2-exenta,1997-10-07,DICTA ORDENANZA GENERAL DE TERMINALES DE BUSES LOCOMOCION COLECTIVA NO URBANA,"Urbanismo, Obras y Edificación",https://www.bcn.cl/leychile/navegar?idNorma=76088,,,https://datos.bcn.cl/recurso/cl/orz/municipalidad-de-pichilemu/1997-10-07/2-exenta/datos.json
Pichilemu,06,O Higgins,BCN,2-exenta,1997-10-02,DICTA ORDENANZA GENERAL DE TERMINALES DE BUSES LOCOMOCION COLECTIVA NO URBANA,"Urbanismo, Obras y Edificación",https://www.bcn.cl/leychile/navegar?idNorma=75922,,,https://datos.bcn.cl/recurso/cl/orz/municipalidad-de-pichilemu/1997-10-02/2-exenta/datos.json
Pichilemu,06,O Higgins,BCN,1,1996-01-18,"APRUEBA ORDENANZA SOBRE CONDICIONES GENERALES PARA DETERMINAR TARIFA DE ASEO, COBRO, EXENCIONES PARCIALES, TOTALES E INCREMENTO",Derechos Municipales y Tarifas,https://www.bcn.cl/leychile/navegar?idNorma=30915,,,https://datos.bcn.cl/recurso/cl/orz/municipalidad-de-pichilemu/1996-01-18/1/datos.json
Pichilemu,06,O Higgins,BCN,3,1993-09-22,REGULARIZA SISTEMA DE COBRO Y MONTO DE DERECHOS MUNICIPALES POR OTORGAMIENTO DE LICENCIAS DE CONDUCIR,Derechos Municipales y Tarifas,https://www.bcn.cl/leychile/navegar?idNorma=30959,,,https://datos.bcn.cl/recurso/cl/orz/municipalidad-de-pichilemu/1993-09-22/3/datos.json
Pichilemu,06,O Higgins,BCN,11-exenta,1988-09-16,"MODIFICA ORDENANZA LOCAL NO. 55, DE 1980",Normativa General y Otras Materias,https://www.bcn.cl/leychile/navegar?idNorma=130592,,,https://datos.bcn.cl/recurso/cl/orz/municipalidad-de-pichilemu/1988-09-16/11-exenta/datos.json
Pichilemu,06,O Higgins,Municipalidad,S/N,2026-01-01,Ordenanza Municipal de PICHILEMU — Ordenanza TenenciaResponsableMascotas,Tenencia Responsable de Mascotas,https://pichilemu.cl/wp-content/uploads/2024/08/Ordenanza_TenenciaResponsableMascotas.pdf,https://pichilemu.cl/publicaciones/ordenanza-tenencia-responsable/,c4c45aa791ef116e363fca3dc8a1b6f74ec6eeed6fc5e7c0a24b3f2a6d8050d9,
La Estrella,06,O Higgins,BCN,s-n,2004-03-06,"DERECHOS MUNICIPALES SOBRE TRANSPORTE, TRANSITO DE;VEHICULOS Y VARIOS",Derechos Municipales y Tarifas,https://www.bcn.cl/leychile/navegar?idNorma=222134,,,https://datos.bcn.cl/recurso/cl/orz/municipalidad-de-la-estrella/2004-03-06/s-n/datos.json
La Estrella,06,O Higgins,BCN,2,1996-01-31,DICTA ORDENANZA SOBRE COBRO DERECHOS DE ASEO AÑO 1996,Derechos Municipales y Tarifas,https://www.bcn.cl/leychile/navegar?idNorma=30949,,,https://datos.bcn.cl/recurso/cl/orz/municipalidad-de-la-estrella/1996-01-31/2/datos.json
La Estrella,06,O Higgins,BCN,3,1996-01-31,DICTA ORDENANZA MUNICIPAL SOBRE DETERMINACION DE TARIFA POR EL SERVICIO DOMICILIARIO DE ASEO,Derechos Municipales y Tarifas,https://www.bcn.cl/leychile/navegar?idNorma=30972,,,https://datos.bcn.cl/recurso/cl/orz/municipalidad-de-la-estrella/1996-01-31/3/datos.json
La Estrella,06,O Higgins,Municipalidad,847,2022-01-01,Ordenanza Municipal de LA ESTRELLA — DECRETO ACALDICIO N 847 ORDENANZA PATENTES PROVISORIAS AGO 2022,"Patentes, Comercio y Alcoholes",https://www.munilaestrella.cl/Documentos/DECRETO_ACALDICIO_N_847_ORDENANZA_PATENTES_PROVISORIAS_AGO_2022.pdf,https://www.munilaestrella.cl/Documentos/DECRETO_ACALDICIO_N_847_ORDENANZA_PATENTES_PROVISORIAS_AGO_2022.pdf,ea1728fefdae4042d2f350a770134fb70d0ce3fedf67fe381038f97207e299ff,
La Estrella,06,O Higgins,Municipalidad,S/N,2022-01-01,Ordenanza Municipal de LA ESTRELLA — DECRETO ALCALDICIO 846 ORDENANZA MICROEMPRESAS FAMILIARES AGO 2022,Normativa General y Otras Materias,https://www.munilaestrella.cl/Documentos/DECRETO_ALCALDICIO_846_ORDENANZA_MICROEMPRESAS_FAMILIARES_AGO_2022.pdf,https://www.munilaestrella.cl/Documentos/DECRETO_ALCALDICIO_846_ORDENANZA_MICROEMPRESAS_FAMILIARES_AGO_2022.pdf,349fe1d62149fc74aaacb0e7dc35e4d06770608faa2a7444c026f2b5cdc083c8,
La Estrella,06,O Higgins,Municipalidad,S/N,2026-01-01,Ordenanza Municipal de LA ESTRELLA — ORDENANZA COBROS ATENCION VETERINARIA,Derechos Municipales y Tarifas,https://www.munilaestrella.cl/Documentos/ORDENANZA_COBROS_ATENCION_VETERINARIA.pdf,https://www.munilaestrella.cl/Documentos/ORDENANZA_COBROS_ATENCION_VETERINARIA.pdf,670bc8e5f1bf604614e2b2f69db5531ec6fb69fa53e53a434efb4ba6e6f144cc,
La Estrella,06,O Higgins,Municipalidad,064,2026-01-01,ORDENANZA DE GESTIÓN DE RIESGOS ORDENANZA DE GESTIÓN DE RIESGOS,Normativa General y Otras Materias,https://www.munilaestrella.cl/Documentos/DA_N064_Ordenanza_municipal_prevencion_gestion_de_riesgos_La_Estrella.pdf,https://munilaestrella.cl/nuestras-ordenanzas/,3f48b8d1f1dc56510de51a6bc32d41348fc6ba535b974908d0cbd164ef490093,
La Estrella,06,O Higgins,Municipalidad,63,2026-01-01,TENENCIA RESPONSABLE DE MASCOTAS TENENCIA RESPONSABLE DE MASCOTAS,Tenencia Responsable de Mascotas,https://www.munilaestrella.cl/Documentos/DECRETO_ALCALDICIO_N_63_ORDENANZA_TENENCIA_RESPONSABLE_MASCOTAS_ENE_2026.pdf,https://munilaestrella.cl/nuestras-ordenanzas/,1b1428dc880fce5048e10cd350d08c5005ecfaec11a2dc302cb0c74a7d054cc3,
La Estrella,06,O Higgins,Municipalidad,S/N-f506,2026-01-01,ORDENANZA MUNICIPAL DEL MEDIO AMBIENTE ORDENANZA MUNICIPAL DEL MEDIO AMBIENTE,"Aseo, Ornato y Medio Ambiente",https://www.munilaestrella.cl/Documentos/Ordenanza_Municipal_Medio_Ambiente.pdf,https://munilaestrella.cl/nuestras-ordenanzas/,f506bdf8036e2c67b9b318da13f6491fefdfde4418c7ed77390064ee5617951d,
Litueche,06,O Higgins,Municipalidad,S/N,2026-01-01,Ordenanza Municipal de LITUECHE — Ordenanza Medio Ambiental,"Aseo, Ornato y Medio Ambiente",https://litueche.cl/wp-content/uploads/2025/07/Ordenanza_Medio_Ambiental.pdf,https://litueche.cl/ordenanza-medio-ambiente/,128dadd0e072a55a70d27606f5c5aa08a5b45f576c6f6e9eec383c1b89d27b50,
Litueche,06,O Higgins,Municipalidad,S/N-8a83,2026-01-01,Ordenanza Municipal de LITUECHE — DARIO OFICIAL ORDENANZA DE COBROS,Derechos Municipales y Tarifas,https://litueche.cl/wp-content/uploads/2026/01/DARIO-OFICIAL-ORDENANZA-DE-COBROS.pdf,https://litueche.cl/ordenanza-medio-ambiente/,8a8354879bcdf6cd626450b7d71df96e7c59fa839f4389ac097b528f0847fae0,
Navidad,06,O Higgins,BCN,s-n,2002-12-31,"DICTA ORDENANZA SOBRE DERECHOS MUNICIPALES POR PERMISOS, CONCESIONES Y SERVICIOS, QUE REGIRA PARA EL AÑO 2003",Derechos Municipales y Tarifas,https://www.bcn.cl/leychile/navegar?idNorma=206570,,,https://datos.bcn.cl/recurso/cl/orz/municipalidad-de-navidad/2002-12-31/s-n/datos.json
Navidad,06,O Higgins,BCN,3,2002-01-04,REGLAMENTO SOBRE PATENTES DE ALCOHOLES,"Comercio, Alcoholes y Patentes",https://www.bcn.cl/leychile/navegar?idNorma=193317,,,https://datos.bcn.cl/recurso/cl/orz/municipalidad-de-navidad/2002-01-04/3/datos.json
Navidad,06,O Higgins,BCN,s-n,2002-01-04,"DICTA ORDENANZA SOBRE DERECHOS MUNICIPALES POR PERMISOS, CONCESIONES Y SERVICIOS",Derechos Municipales y Tarifas,https://www.bcn.cl/leychile/navegar?idNorma=193316,,,https://datos.bcn.cl/recurso/cl/orz/municipalidad-de-navidad/2002-01-04/s-n/datos.json
Navidad,06,O Higgins,BCN,s-n,2001-01-04,"DICTA ORDENANZA SOBRE DERECHOS MUNICIPALES POR PERMISOS, CONCESIONES Y SERVICIOS",Derechos Municipales y Tarifas,https://www.bcn.cl/leychile/navegar?idNorma=179677,,,https://datos.bcn.cl/recurso/cl/orz/municipalidad-de-navidad/2001-01-04/s-n/datos.json
Navidad,06,O Higgins,BCN,s-n,1999-12-30,"DICTA ORDENANZA SOBRE DERECHOS MUNICIPALES POR PERMISOS, CONCESIONES Y SERVICIOS",Derechos Municipales y Tarifas,https://www.bcn.cl/leychile/navegar?idNorma=150086,,,https://datos.bcn.cl/recurso/cl/orz/municipalidad-de-navidad/1999-12-30/s-n/datos.json
Navidad,06,O Higgins,BCN,s-n,1998-01-08,"DICTA ORDENANZA SOBRE DERECHOS MUNICIPALES POR PERMISOS, CONCESIONES Y SERVICIOS",Derechos Municipales y Tarifas,https://www.bcn.cl/leychile/navegar?idNorma=86706,,,https://datos.bcn.cl/recurso/cl/orz/municipalidad-de-navidad/1998-01-08/s-n/datos.json
Navidad,06,O Higgins,BCN,s-n,1997-01-17,DICTA ORDENANZA SOBRE DERECHOS MUNICIPALES POR PERMISOS CONCESIONES Y SERVICIOS,Derechos Municipales y Tarifas,https://www.bcn.cl/leychile/navegar?idNorma=60124,,,https://datos.bcn.cl/recurso/cl/orz/municipalidad-de-navidad/1997-01-17/s-n/datos.json
Navidad,06,O Higgins,BCN,1,1988-01-29,DICTA ORDENANZA SOBRE DERECHOS MUNICIPALES POR PERMISOS CONCESIONES Y SERVICIOS,Derechos Municipales y Tarifas,https://www.bcn.cl/leychile/navegar?idNorma=207076,,,https://datos.bcn.cl/recurso/cl/orz/municipalidad-de-navidad/1988-01-29/1/datos.json
Navidad,06,O Higgins,Municipalidad,2023,2023-01-01,Ordenanza Municipal de NAVIDAD — 2697 DECRETO ORDENANZA PARA REGULAR ACTIVIDADES LUCRATIVAS DENTRO DE LA COMUNA FERIAS LIBRES COMERCIO AMBULANTE 2 51eb81e31d.pdf?updated at=2023 07 05T19:33:22,"Patentes, Comercio y Alcoholes",https://cms.muninavidad.cl/uploads/2697_DECRETO_ORDENANZA_PARA_REGULAR_ACTIVIDADES_LUCRATIVAS_DENTRO_DE_LA_COMUNA_FERIAS_LIBRES_COMERCIO_AMBULANTE_2_51eb81e31d.pdf?updated_at=2023-07-05T19:33:22.157Z,https://cms.muninavidad.cl/uploads/2697_DECRETO_ORDENANZA_PARA_REGULAR_ACTIVIDADES_LUCRATIVAS_DENTRO_DE_LA_COMUNA_FERIAS_LIBRES_COMERCIO_AMBULANTE_2_51eb81e31d.pdf?updated_at=2023-07-05T19:33:22.157Z,7cc54e0deaf067f8ca718f3c93f5acd90b5219cdcb0713c035f04c395c6d3e7f,
Navidad,06,O Higgins,Municipalidad,2023-471d,2023-01-01,Ordenanza Municipal de NAVIDAD — 4 Ordenanza Plan Regulador Comunal 9155e7d99c.pdf?updated at=2023 07 05T19:37:18,"Urbanismo, Obras y Edificación",https://cms.muninavidad.cl/uploads/4_Ordenanza_Plan_Regulador_Comunal_9155e7d99c.pdf?updated_at=2023-07-05T19:37:18.002Z,https://cms.muninavidad.cl/uploads/4_Ordenanza_Plan_Regulador_Comunal_9155e7d99c.pdf?updated_at=2023-07-05T19:37:18.002Z,471d21fd957a5af063c0f7d4ee126e848c8e7687343e18de7824b8c505d4e949,
Navidad,06,O Higgins,Municipalidad,2023-ac41,2023-01-01,Ordenanza Municipal de NAVIDAD — DECRETO Y ORDENANZA TENENCIA RESPONSABLE 765dc1eb47.pdf?updated at=2023 07 05T19:46:02,Tenencia Responsable de Mascotas,https://cms.muninavidad.cl/uploads/DECRETO_Y_ORDENANZA_TENENCIA_RESPONSABLE_765dc1eb47.pdf?updated_at=2023-07-05T19:46:02.114Z,https://cms.muninavidad.cl/uploads/DECRETO_Y_ORDENANZA_TENENCIA_RESPONSABLE_765dc1eb47.pdf?updated_at=2023-07-05T19:46:02.114Z,ac41411d29368f4ed56f28298ff1d2efd28e1dfe24b183d3be2c5cf2d8aa153e,
Navidad,06,O Higgins,Municipalidad,31,2026-01-01,Ordenanza Municipal de NAVIDAD — Decreto 31 ordenanza ambiental 1 192d54dc61.pdf?updated at=2026 04 14T12:38:53,"Aseo, Ornato y Medio Ambiente",https://cms.muninavidad.cl/uploads/Decreto_31_ordenanza_ambiental_1_192d54dc61.pdf?updated_at=2026-04-14T12:38:53.736Z,https://cms.muninavidad.cl/uploads/Decreto_31_ordenanza_ambiental_1_192d54dc61.pdf?updated_at=2026-04-14T12:38:53.736Z,74e4b3ec47d9c5e42b6e3c2987b6cc90aafc71388f3ec0ebd892a73c77da3174,
Navidad,06,O Higgins,Municipalidad,2026,2026-01-01,Ordenanza Municipal de NAVIDAD — Decreto A 1537 ORDENANZA TURISMO db7cb39a9f.pdf?updated at=2026 01 08T12:29:56,Normativa General y Otras Materias,https://cms.muninavidad.cl/uploads/Decreto_A_1537_ORDENANZA_TURISMO_db7cb39a9f.pdf?updated_at=2026-01-08T12:29:56.177Z,https://cms.muninavidad.cl/uploads/Decreto_A_1537_ORDENANZA_TURISMO_db7cb39a9f.pdf?updated_at=2026-01-08T12:29:56.177Z,6fddd192171d6004e7a8c5b17e3177cf78681e64b821614655b50eb5b426cc3d,
Navidad,06,O Higgins,Municipalidad,2026-672f,2026-01-01,Ordenanza Municipal de NAVIDAD — Decreto Ordenanza de algas Decreto A 803 6b8d5af9b6.pdf?updated at=2026 07 31T14:53:29,Normativa General y Otras Materias,https://cms.muninavidad.cl/uploads/Decreto_Ordenanza_de_algas_Decreto_A_803_6b8d5af9b6.pdf?updated_at=2026-07-31T14:53:29.240Z,https://cms.muninavidad.cl/uploads/Decreto_Ordenanza_de_algas_Decreto_A_803_6b8d5af9b6.pdf?updated_at=2026-07-31T14:53:29.240Z,672fe948346c648397ce60fe97d42bd19af4741da21deb8ab0df62f9cd2e0fd3,
Navidad,06,O Higgins,Municipalidad,874,2025-01-01,Ordenanza Municipal de NAVIDAD — MODIFICACION ORDENANZAS FERIAS LIBRES COMERCIO AMBULANTE DECRETO 874 DEL 01 07 25 DIDEC 4c43a4ef15.pdf?updated at=2025 08 21T21:35:35,"Patentes, Comercio y Alcoholes",https://cms.muninavidad.cl/uploads/MODIFICACION_ORDENANZAS_FERIAS_LIBRES_COMERCIO_AMBULANTE_DECRETO_874_DEL_01_07_25_DIDEC_4c43a4ef15.pdf?updated_at=2025-08-21T21:35:35.618Z,https://cms.muninavidad.cl/uploads/MODIFICACION_ORDENANZAS_FERIAS_LIBRES_COMERCIO_AMBULANTE_DECRETO_874_DEL_01_07_25_DIDEC_4c43a4ef15.pdf?updated_at=2025-08-21T21:35:35.618Z,3115f2671025537bd2cbaae6631ef8a74edbb772125964bab145d049d68b0f96,
Navidad,06,O Higgins,Municipalidad,2025,2025-01-01,Ordenanza Municipal de NAVIDAD — ORDENANZA ASEO Y MODIFICACION ef8e58e9cd.pdf?updated at=2025 10 01T13:19:07,"Aseo, Ornato y Medio Ambiente",https://cms.muninavidad.cl/uploads/ORDENANZA_ASEO_Y_MODIFICACION_ef8e58e9cd.pdf?updated_at=2025-10-01T13:19:07.395Z,https://cms.muninavidad.cl/uploads/ORDENANZA_ASEO_Y_MODIFICACION_ef8e58e9cd.pdf?updated_at=2025-10-01T13:19:07.395Z,c9bd691d648421aa361785aa3b7db062049641b25d3bd3260395abc3320997be,
Navidad,06,O Higgins,Municipalidad,2025,2026-01-01,Ordenanza Municipal de NAVIDAD — ORDENANZA DERECHO DE ASEO ANO 2026 ca2ac53a67.pdf?updated at=2025 11 10T11:42:09,Derechos Municipales y Tarifas,https://cms.muninavidad.cl/uploads/ORDENANZA_DERECHO_DE_ASEO_ANO_2026_ca2ac53a67.pdf?updated_at=2025-11-10T11:42:09.407Z,https://cms.muninavidad.cl/uploads/ORDENANZA_DERECHO_DE_ASEO_ANO_2026_ca2ac53a67.pdf?updated_at=2025-11-10T11:42:09.407Z,555d610ade41691397fa7911a904421de6fde9686e0a97f95a13a98b64c24ea8,
Navidad,06,O Higgins,Municipalidad,2023-6c18,2023-01-01,Ordenanza Municipal de NAVIDAD — ORDENANZA MUNICIPAL DE VERANO d86244a3e3.pdf?updated at=2023 07 05T19:36:23,Normativa General y Otras Materias,https://cms.muninavidad.cl/uploads/ORDENANZA_MUNICIPAL_DE_VERANO_d86244a3e3.pdf?updated_at=2023-07-05T19:36:23.842Z,https://cms.muninavidad.cl/uploads/ORDENANZA_MUNICIPAL_DE_VERANO_d86244a3e3.pdf?updated_at=2023-07-05T19:36:23.842Z,6c18902fd6b7de38a0962c6185ef2043d74682f422ace7913cc52fbb60629be1,
Navidad,06,O Higgins,Municipalidad,2026-b813,2026-01-01,Ordenanza Municipal de NAVIDAD — Ordenanza Beca 2026 final f6616a6d22.pdf?updated at=2026 03 10T16:30:00,Normativa General y Otras Materias,https://cms.muninavidad.cl/uploads/Ordenanza_Beca_2026_final_f6616a6d22.pdf?updated_at=2026-03-10T16:30:00.255Z,https://cms.muninavidad.cl/uploads/Ordenanza_Beca_2026_final_f6616a6d22.pdf?updated_at=2026-03-10T16:30:00.255Z,b813b1b6470d55fcac462dbfa2e27f15aa5ecf02647a281eaf43fc0c5ec79b93,
Navidad,06,O Higgins,Municipalidad,2025-07f5,2026-01-01,Ordenanza Municipal de NAVIDAD — Ordenanza Derechos 2026 14210033d0.pdf?updated at=2025 10 27T20:33:42,Derechos Municipales y Tarifas,https://cms.muninavidad.cl/uploads/Ordenanza_Derechos_2026_14210033d0.pdf?updated_at=2025-10-27T20:33:42.546Z,https://cms.muninavidad.cl/uploads/Ordenanza_Derechos_2026_14210033d0.pdf?updated_at=2025-10-27T20:33:42.546Z,07f5d9581ad45bf2b4faf79aa559d205a8f3f4d0d5497830f6b5eb9c62a221e3,
Navidad,06,O Higgins,Municipalidad,2023-c166,2023-01-01,Ordenanza Municipal de NAVIDAD — Ordenanza Distribucion Agua Potable Camiones Aljibe 54d665b7bc.pdf?updated at=2023 07 05T19:42:28,Normativa General y Otras Materias,https://cms.muninavidad.cl/uploads/Ordenanza_Distribucion_Agua_Potable_Camiones_Aljibe_54d665b7bc.pdf?updated_at=2023-07-05T19:42:28.368Z,https://cms.muninavidad.cl/uploads/Ordenanza_Distribucion_Agua_Potable_Camiones_Aljibe_54d665b7bc.pdf?updated_at=2023-07-05T19:42:28.368Z,c166ec468eab8242744c4c080784ae80f9fa1221eaf4e39332b818c0dc186037,
Navidad,06,O Higgins,Municipalidad,2024,2024-01-01,Ordenanza Municipal de NAVIDAD — Ordenanza Municipal de Participacion Ciudadana 488a57040e.pdf?updated at=2024 03 27T20:52:36,Normativa General y Otras Materias,https://cms.muninavidad.cl/uploads/Ordenanza_Municipal_de_Participacion_Ciudadana_488a57040e.pdf?updated_at=2024-03-27T20:52:36.669Z,https://cms.muninavidad.cl/uploads/Ordenanza_Municipal_de_Participacion_Ciudadana_488a57040e.pdf?updated_at=2024-03-27T20:52:36.669Z,78dbac2515efd0a6ecb4fca1f90ce0688ad1aa824b9a6650793b07eb964e0eaa,
Navidad,06,O Higgins,Municipalidad,2023-7c5f,2023-01-01,Ordenanza Municipal de NAVIDAD — Ordenanza Uso Mascarillas 1f9fa52d44.pdf?updated at=2023 07 05T19:45:07,Normativa General y Otras Materias,https://cms.muninavidad.cl/uploads/Ordenanza_Uso_Mascarillas_1f9fa52d44.pdf?updated_at=2023-07-05T19:45:07.024Z,https://cms.muninavidad.cl/uploads/Ordenanza_Uso_Mascarillas_1f9fa52d44.pdf?updated_at=2023-07-05T19:45:07.024Z,7c5f9b907f59847375b4ca944897fdc18a345f84d39e3afe3a9932bdb046020e,
Paredones,06,O Higgins,BCN,4,1994-01-31,DICTA NORMAS DE ASEO EN LA COMUNA DE PAREDONES,"Aseo, Ornato y Medio Ambiente",https://www.bcn.cl/leychile/navegar?idNorma=30979,,,https://datos.bcn.cl/recurso/cl/orz/municipalidad-de-paredones/1994-01-31/4/datos.json
Paredones,06,O Higgins,BCN,1,1991-01-21,"MODIFICA Y COMPLEMENTA ORDENANZA LOCAL SOBRE DERECHOS MUNICIPALES POR CONCESIONES, PERMISOS Y SERVICIOS",Derechos Municipales y Tarifas,https://www.bcn.cl/leychile/navegar?idNorma=88457,,,https://datos.bcn.cl/recurso/cl/orz/municipalidad-de-paredones/1991-01-21/1/datos.json
Paredones,06,O Higgins,BCN,1,1990-03-08,"DICTA ORDENANZA LOCAL SOBRE DERECHOS MUNICIPALES POR CONCESIONES, PERMISOS Y SERVICIOS",Derechos Municipales y Tarifas,https://www.bcn.cl/leychile/navegar?idNorma=90417,,,https://datos.bcn.cl/recurso/cl/orz/municipalidad-de-paredones/1990-03-08/1/datos.json
Paredones,06,O Higgins,Municipalidad,134,2026-01-01,Ordenanza Municipal de PAREDONES — 134 ordenanza municipal de participacion ciudadana?download=967:ordenanza municipal de participacion ciudadana,Normativa General y Otras Materias,https://www.comunaparedones.cl/index.php/descargas/transparencia-historica/category/134-ordenanza-municipal-de-participacion-ciudadana?download=967:ordenanza-municipal-de-participacion-ciudadana,https://www.comunaparedones.cl/index.php/descargas/transparencia-historica/category/134-ordenanza-municipal-de-participacion-ciudadana,11f96f1cf5bc118570b7ca87806dc5ebdede223b5cf89f81c5fdb3b7a3d04b6e,
Paredones,06,O Higgins,Municipalidad,134-0bff,2026-01-01,Ordenanza Municipal de PAREDONES — 134 ordenanza municipal de participacion ciudadana?download=968:ordenanza municipal de participacion ciudadana,Normativa General y Otras Materias,https://www.comunaparedones.cl/index.php/descargas/transparencia-historica/category/134-ordenanza-municipal-de-participacion-ciudadana?download=968:ordenanza-municipal-de-participacion-ciudadana,https://www.comunaparedones.cl/index.php/descargas/transparencia-historica/category/134-ordenanza-municipal-de-participacion-ciudadana,0bff01ae05e9168ab986c1ad17519268fb31a654f70a9673bddaa0905e777466,
Paredones,06,O Higgins,Municipalidad,134-915c,2026-01-01,Ordenanza Municipal de PAREDONES — 134 ordenanza municipal de participacion ciudadana?download=969:ordenanza municipal de participacion ciudadana,Normativa General y Otras Materias,https://www.comunaparedones.cl/index.php/descargas/transparencia-historica/category/134-ordenanza-municipal-de-participacion-ciudadana?download=969:ordenanza-municipal-de-participacion-ciudadana,https://www.comunaparedones.cl/index.php/descargas/transparencia-historica/category/134-ordenanza-municipal-de-participacion-ciudadana,915cd6a295b93689027a5f364e2556bbde1e887f5f6899da94ca4ebc9bc152b6,
Paredones,06,O Higgins,Municipalidad,136,2026-01-01,Ordenanza Municipal de PAREDONES — 136 normativas procedimientos y ordenanzas?download=972:normativas procedimientos y ordenanzas,Normativa General y Otras Materias,https://www.comunaparedones.cl/index.php/descargas/transparencia-historica/category/136-normativas-procedimientos-y-ordenanzas?download=972:normativas-procedimientos-y-ordenanzas,https://www.comunaparedones.cl/index.php/descargas/transparencia-historica/category/136-normativas-procedimientos-y-ordenanzas,c3048188f01e34e530b6c343685553b403b2dc19e354f894fcfbf5c1cfa5643a,
Paredones,06,O Higgins,Municipalidad,136-b8da,2026-01-01,Ordenanza Municipal de PAREDONES — 136 normativas procedimientos y ordenanzas?download=973:normativas procedimientos y ordenanzas,Normativa General y Otras Materias,https://www.comunaparedones.cl/index.php/descargas/transparencia-historica/category/136-normativas-procedimientos-y-ordenanzas?download=973:normativas-procedimientos-y-ordenanzas,https://www.comunaparedones.cl/index.php/descargas/transparencia-historica/category/136-normativas-procedimientos-y-ordenanzas,b8da4d0d95761376d5d71f14341da4ffbe09608ae149e24fe838b30a227078cc,
Paredones,06,O Higgins,Municipalidad,136-212a,2026-01-01,Ordenanza Municipal de PAREDONES — 136 normativas procedimientos y ordenanzas?download=974:normativas procedimientos y ordenanzas,Normativa General y Otras Materias,https://www.comunaparedones.cl/index.php/descargas/transparencia-historica/category/136-normativas-procedimientos-y-ordenanzas?download=974:normativas-procedimientos-y-ordenanzas,https://www.comunaparedones.cl/index.php/descargas/transparencia-historica/category/136-normativas-procedimientos-y-ordenanzas,212a298f5217f063e5339c90611ffab0aebddd127d3788665c2727d611f899d6,
Paredones,06,O Higgins,Municipalidad,136-b329,2026-01-01,Ordenanza Municipal de PAREDONES — 136 normativas procedimientos y ordenanzas?download=979:normativas procedimientos y ordenanzas,Normativa General y Otras Materias,https://www.comunaparedones.cl/index.php/descargas/transparencia-historica/category/136-normativas-procedimientos-y-ordenanzas?download=979:normativas-procedimientos-y-ordenanzas,https://www.comunaparedones.cl/index.php/descargas/transparencia-historica/category/136-normativas-procedimientos-y-ordenanzas,b32968a8ff5158eb008dd39163ed46bad1cd7f68c28afa750ac50d30fbc2b786,
Paredones,06,O Higgins,Municipalidad,136-9e3c,2026-01-01,Ordenanza Municipal de PAREDONES — 136 normativas procedimientos y ordenanzas?download=980:normativas procedimientos y ordenanzas,Normativa General y Otras Materias,https://www.comunaparedones.cl/index.php/descargas/transparencia-historica/category/136-normativas-procedimientos-y-ordenanzas?download=980:normativas-procedimientos-y-ordenanzas,https://www.comunaparedones.cl/index.php/descargas/transparencia-historica/category/136-normativas-procedimientos-y-ordenanzas,9e3ce0b746e1476bed05beb768c70075bbccf7cae4255b1aa0893eac7fa7837b,
Paredones,06,O Higgins,Municipalidad,136-13d8,2026-01-01,Ordenanza Municipal de PAREDONES — 136 normativas procedimientos y ordenanzas?download=981:normativas procedimientos y ordenanzas,Normativa General y Otras Materias,https://www.comunaparedones.cl/index.php/descargas/transparencia-historica/category/136-normativas-procedimientos-y-ordenanzas?download=981:normativas-procedimientos-y-ordenanzas,https://www.comunaparedones.cl/index.php/descargas/transparencia-historica/category/136-normativas-procedimientos-y-ordenanzas,13d8afb87db0a440c3a7be821d34bf20eb25b0e0bc0c642d36e2b0fcfbe0dd40,
Paredones,06,O Higgins,Municipalidad,136-ff57,2026-01-01,Ordenanza Municipal de PAREDONES — 136 normativas procedimientos y ordenanzas?download=982:normativas procedimientos y ordenanzas,Normativa General y Otras Materias,https://www.comunaparedones.cl/index.php/descargas/transparencia-historica/category/136-normativas-procedimientos-y-ordenanzas?download=982:normativas-procedimientos-y-ordenanzas,https://www.comunaparedones.cl/index.php/descargas/transparencia-historica/category/136-normativas-procedimientos-y-ordenanzas,ff57acff80b4c1a4eb0c6dec0f157b3ffd0ddf9d7ac0c3437e6257c31c9c37b1,
Paredones,06,O Higgins,Municipalidad,136-f775,2026-01-01,Ordenanza Municipal de PAREDONES — 136 normativas procedimientos y ordenanzas?download=983:normativas procedimientos y ordenanzas,Normativa General y Otras Materias,https://www.comunaparedones.cl/index.php/descargas/transparencia-historica/category/136-normativas-procedimientos-y-ordenanzas?download=983:normativas-procedimientos-y-ordenanzas,https://www.comunaparedones.cl/index.php/descargas/transparencia-historica/category/136-normativas-procedimientos-y-ordenanzas,f775ae6c8d1fabda3278dc82a7ffd1aa119ae3a356065dca633ab8194cc904c9,
Paredones,06,O Higgins,Municipalidad,136-cc07,2026-01-01,Ordenanza Municipal de PAREDONES — 136 normativas procedimientos y ordenanzas?download=984:normativas procedimientos y ordenanzas,Normativa General y Otras Materias,https://www.comunaparedones.cl/index.php/descargas/transparencia-historica/category/136-normativas-procedimientos-y-ordenanzas?download=984:normativas-procedimientos-y-ordenanzas,https://www.comunaparedones.cl/index.php/descargas/transparencia-historica/category/136-normativas-procedimientos-y-ordenanzas,cc07e7ce81d0a61346c1b9db36dd7a26744a9937c7ccae159530e611710b7030,
Paredones,06,O Higgins,Municipalidad,136-9606,2026-01-01,Ordenanza Municipal de PAREDONES — 136 normativas procedimientos y ordenanzas?download=985:normativas procedimientos y ordenanzas,Normativa General y Otras Materias,https://www.comunaparedones.cl/index.php/descargas/transparencia-historica/category/136-normativas-procedimientos-y-ordenanzas?download=985:normativas-procedimientos-y-ordenanzas,https://www.comunaparedones.cl/index.php/descargas/transparencia-historica/category/136-normativas-procedimientos-y-ordenanzas,96066c1ca5aa5cc5fb226e75e1e665c77cc9afb6f30c66a08ba5a7bbed576903,
Paredones,06,O Higgins,Municipalidad,136-753b,2026-01-01,Ordenanza Municipal de PAREDONES — 136 normativas procedimientos y ordenanzas?download=986:normativas procedimientos y ordenanzas,Normativa General y Otras Materias,https://www.comunaparedones.cl/index.php/descargas/transparencia-historica/category/136-normativas-procedimientos-y-ordenanzas?download=986:normativas-procedimientos-y-ordenanzas,https://www.comunaparedones.cl/index.php/descargas/transparencia-historica/category/136-normativas-procedimientos-y-ordenanzas,753b4fb5b5708ab7f3e52c276746bfa30cd98c5c8e709be5d1365bbae6a01c39,
Paredones,06,O Higgins,Municipalidad,136-edef,2026-01-01,Ordenanza Municipal de PAREDONES — 136 normativas procedimientos y ordenanzas?download=987:normativas procedimientos y ordenanzas,Normativa General y Otras Materias,https://www.comunaparedones.cl/index.php/descargas/transparencia-historica/category/136-normativas-procedimientos-y-ordenanzas?download=987:normativas-procedimientos-y-ordenanzas,https://www.comunaparedones.cl/index.php/descargas/transparencia-historica/category/136-normativas-procedimientos-y-ordenanzas,edef433e03aad18c0188187db8ca592794b9cdfe5c7eabb4e09ba8fce832a6d4,
Paredones,06,O Higgins,Municipalidad,136-6ead,2026-01-01,Ordenanza Municipal de PAREDONES — 136 normativas procedimientos y ordenanzas?download=988:normativas procedimientos y ordenanzas,Normativa General y Otras Materias,https://www.comunaparedones.cl/index.php/descargas/transparencia-historica/category/136-normativas-procedimientos-y-ordenanzas?download=988:normativas-procedimientos-y-ordenanzas,https://www.comunaparedones.cl/index.php/descargas/transparencia-historica/category/136-normativas-procedimientos-y-ordenanzas,6ead726fc85b0e67664ef30a2de6a10e4d5ff0116502a1b7894e5f611d84d9e3,
Paredones,06,O Higgins,Municipalidad,136-fb11,2026-01-01,Ordenanza Municipal de PAREDONES — 136 normativas procedimientos y ordenanzas?download=989:normativas procedimientos y ordenanzas,Normativa General y Otras Materias,https://www.comunaparedones.cl/index.php/descargas/transparencia-historica/category/136-normativas-procedimientos-y-ordenanzas?download=989:normativas-procedimientos-y-ordenanzas,https://www.comunaparedones.cl/index.php/descargas/transparencia-historica/category/136-normativas-procedimientos-y-ordenanzas,fb118561a89ed90dd21e97316d898bbff8073bc73d907e36c3d5d359311d95c9,
Paredones,06,O Higgins,Municipalidad,136-4bbb,2026-01-01,Ordenanza Municipal de PAREDONES — 136 normativas procedimientos y ordenanzas?download=990:normativas procedimientos y ordenanzas,Normativa General y Otras Materias,https://www.comunaparedones.cl/index.php/descargas/transparencia-historica/category/136-normativas-procedimientos-y-ordenanzas?download=990:normativas-procedimientos-y-ordenanzas,https://www.comunaparedones.cl/index.php/descargas/transparencia-historica/category/136-normativas-procedimientos-y-ordenanzas,4bbb2a4e7603f11f213bbe803e03a8bebd12b7ca83b56cee82cd0e908d1d50bb,
Paredones,06,O Higgins,Municipalidad,136-bb99,2026-01-01,Ordenanza Municipal de PAREDONES — 136 normativas procedimientos y ordenanzas?download=991:normativas procedimientos y ordenanzas,Normativa General y Otras Materias,https://www.comunaparedones.cl/index.php/descargas/transparencia-historica/category/136-normativas-procedimientos-y-ordenanzas?download=991:normativas-procedimientos-y-ordenanzas,https://www.comunaparedones.cl/index.php/descargas/transparencia-historica/category/136-normativas-procedimientos-y-ordenanzas,bb991013b0fc8825475f75eb8517082578b68d2c7bafda99244fa1b9e4e91871,
Paredones,06,O Higgins,Municipalidad,140,2026-01-01,Ordenanza Municipal de PAREDONES — 140 04 ordenanzas?download=1004:04 ordenanzas,Normativa General y Otras Materias,https://www.comunaparedones.cl/index.php/descargas/transparencia-historica/category/140-04-ordenanzas?download=1004:04-ordenanzas,https://www.comunaparedones.cl/index.php/descargas/transparencia-historica/category/136-normativas-procedimientos-y-ordenanzas,a05694ce5fd9bf46520c1bac21171b5ce5b38e02a6d276f5d6036dac0cc4912f,
Paredones,06,O Higgins,Municipalidad,136-89da,2026-01-01,Ordenanza Municipal de PAREDONES — 136 normativas procedimientos y ordenanzas?download=975:normativas procedimientos y ordenanzas,Normativa General y Otras Materias,https://www.comunaparedones.cl/index.php/descargas/transparencia-historica/category/136-normativas-procedimientos-y-ordenanzas?download=975:normativas-procedimientos-y-ordenanzas,https://www.comunaparedones.cl/index.php/descargas/transparencia-historica/category/136-normativas-procedimientos-y-ordenanzas?download=975:normativas-procedimientos-y-ordenanzas,89dac3005585a3e91f8180345abc024aff3a714e30e7cf9d7e65b8b92c9d23f7,
Paredones,06,O Higgins,Municipalidad,136-c868,2026-01-01,Ordenanza Municipal de PAREDONES — 136 normativas procedimientos y ordenanzas?download=976:normativas procedimientos y ordenanzas,Normativa General y Otras Materias,https://www.comunaparedones.cl/index.php/descargas/transparencia-historica/category/136-normativas-procedimientos-y-ordenanzas?download=976:normativas-procedimientos-y-ordenanzas,https://www.comunaparedones.cl/index.php/descargas/transparencia-historica/category/136-normativas-procedimientos-y-ordenanzas?download=976:normativas-procedimientos-y-ordenanzas,c8686fd82440d08352d657e27995977678a134a2baca3a541492c8ecb8874e6e,
Paredones,06,O Higgins,Municipalidad,136-f8a8,2026-01-01,Ordenanza Municipal de PAREDONES — 136 normativas procedimientos y ordenanzas?download=977:normativas procedimientos y ordenanzas,Normativa General y Otras Materias,https://www.comunaparedones.cl/index.php/descargas/transparencia-historica/category/136-normativas-procedimientos-y-ordenanzas?download=977:normativas-procedimientos-y-ordenanzas,https://www.comunaparedones.cl/index.php/descargas/transparencia-historica/category/136-normativas-procedimientos-y-ordenanzas?download=977:normativas-procedimientos-y-ordenanzas,f8a8a842be9d9a8ecb7f456c5698ca7404090b0726ee7dd62449bcafa9893e7c,
Paredones,06,O Higgins,Municipalidad,136-86c9,2026-01-01,Ordenanza Municipal de PAREDONES — 136 normativas procedimientos y ordenanzas?download=978:normativas procedimientos y ordenanzas,Normativa General y Otras Materias,https://www.comunaparedones.cl/index.php/descargas/transparencia-historica/category/136-normativas-procedimientos-y-ordenanzas?download=978:normativas-procedimientos-y-ordenanzas,https://www.comunaparedones.cl/index.php/descargas/transparencia-historica/category/136-normativas-procedimientos-y-ordenanzas?download=978:normativas-procedimientos-y-ordenanzas,86c9e5837079774d114d92dbabffdf538f03c40a0d0fabf9be076fa0fa75c06e,
San Fernando,06,O Higgins,BCN,s-n,1994-01-31,ORDENANZA LOCAL DE DERECHOS MUNICIPALES,Derechos Municipales y Tarifas,https://www.bcn.cl/leychile/navegar?idNorma=31162,,,https://datos.bcn.cl/recurso/cl/orz/municipalidad-de-san-fernando/1994-01-31/s-n/datos.json
San Fernando,06,O Higgins,BCN,s-n,1993-04-28,ORDENANZA PARA EL FUNCIONAMIENTO DE FERIAS LIBRES EN LA COMUNA DE SAN FERNANDO,"Comercio, Alcoholes y Patentes",https://www.bcn.cl/leychile/navegar?idNorma=31159,,,https://datos.bcn.cl/recurso/cl/orz/municipalidad-de-san-fernando/1993-04-28/s-n/datos.json
San Fernando,06,O Higgins,BCN,s-n,1990-07-30,DICTA ORDENANZA DEL SERVICIO MUNICIPAL DE PARQUIMETROS,Tránsito y Transporte,https://www.bcn.cl/leychile/navegar?idNorma=89652,,,https://datos.bcn.cl/recurso/cl/orz/municipalidad-de-san-fernando/1990-07-30/s-n/datos.json
Chépica,06,O Higgins,BCN,s-n,2004-07-15,APRUEBA ORDENANZA DE REGISTRO DE PERSONAS JURIDICAS RECEPTORAS DE FONDOS PUBLICOS,Normativa General y Otras Materias,https://www.bcn.cl/leychile/navegar?idNorma=227667,,,https://datos.bcn.cl/recurso/cl/orz/municipalidad-de-pica/2004-07-15/s-n/datos.json
Chépica,06,O Higgins,BCN,1,1988-10-17,FIJA COEFICIENTES PARA PROYECCION DE REAJUSTE Y DE INTERES DE BOLETAS BANCARIAS DE GARANTIA QUE INDICA,Normativa General y Otras Materias,https://www.bcn.cl/leychile/navegar?idNorma=131526,,,https://datos.bcn.cl/recurso/cl/orz/municipalidad-de-chepica/1988-10-17/1/datos.json
Chépica,06,O Higgins,BCN,1,1987-01-27,PRORROGA Y MODIFICA ORDENANZA LOCAL SOBRE DERECHOS MUNICIPALES,Derechos Municipales y Tarifas,https://www.bcn.cl/leychile/navegar?idNorma=147767,,,https://datos.bcn.cl/recurso/cl/orz/municipalidad-de-chepica/1987-01-27/1/datos.json
Chépica,06,O Higgins,BCN,1,1986-01-27,"DICTA ORDENANZA SOBRE DERECHOS MUNICIPALES POR CONCESIONES, PERMISOS Y SERVICIOS",Derechos Municipales y Tarifas,https://www.bcn.cl/leychile/navegar?idNorma=159743,,,https://datos.bcn.cl/recurso/cl/orz/municipalidad-de-chepica/1986-01-27/1/datos.json
Chimbarongo,06,O Higgins,Municipalidad,2922,2026-01-01,Ordenanza Municipal Chimbarongo (DECRETO 2922 APRUEBA PROTOCOLO POLITICA Y PROCEDIMIENTO LEY KARIN),Normativa General y Otras Materias,https://municipalidadchimbarongo.cl/wp-content/uploads/DECRETO-2922-APRUEBA-PROTOCOLO-POLITICA-Y-PROCEDIMIENTO-LEY-KARIN.pdf,https://www.municipalidadchimbarongo.cl,f4451c3f71efca7413a65d568e64a6f20d104a338e0656cdde064475bf66c8b6,
Chimbarongo,06,O Higgins,Municipalidad,1431,2026-01-01,Decreto N°1431 APR. Reglamento Sobre Bienes de Uso,Normativa General y Otras Materias,https://municipalidadchimbarongo.cl/wp-content/uploads/DECRETO-N%C2%B01431-APR.-REGL.-SOBRE-BIENES-DE-USO_1.pdf,https://www.municipalidadchimbarongo.cl/decretos-y-ordenanzas/,fb6ee1e5e88f7eb1ccb16cfbae938a73e33f9bab003ea790c22d595c33717c86,
Chimbarongo,06,O Higgins,Municipalidad,2474,2026-01-01,Decreto N°2474 Aprueba Bases Cocinerías,Normativa General y Otras Materias,https://municipalidadchimbarongo.cl/wp-content/uploads/DEC.-N%C2%B02474-APRUEBA-BASES-COCINERIAS.pdf,https://www.municipalidadchimbarongo.cl/decretos-y-ordenanzas/,11184d2e056a92ebe756418bb77e4afa89ee868cfb0ec0e8b8b410548d7d3370,
Chimbarongo,06,O Higgins,Municipalidad,4044,2023-01-01,Decreto N°4044 Aprueba Bases Expomimbre 2023,Normativa General y Otras Materias,https://municipalidadchimbarongo.cl/wp-content/uploads/Decreto_4044-Aprueba-bases-Expomimbre-2023-1.pdf,https://www.municipalidadchimbarongo.cl/decretos-y-ordenanzas/,c9284f0efdfa2acdd90eee967c2299eb5d2d325f4e7835ef28febab5bd523491,
Chimbarongo,06,O Higgins,Municipalidad,22,2026-01-01,Decreto N°22 Aprueba Bases y Llamado Concurso SENDA,Normativa General y Otras Materias,https://municipalidadchimbarongo.cl/wp-content/uploads/Decreto_22-APRUEBA-BASES-Y-LLAMDO-CONCURSO-SENDA.pdf,https://www.municipalidadchimbarongo.cl/decretos-y-ordenanzas/,c4cd52611825d578e71a1e2eab56fbb45d3489e4eaa437fc37b4b410f242dfd6,
Chimbarongo,06,O Higgins,Municipalidad,2656,2023-01-01,Decreto N°2656 Aprueba Bases Fiestas Patrias 2023,Normativa General y Otras Materias,https://municipalidadchimbarongo.cl/wp-content/uploads/DECRETO-N%C2%B02656.pdf,https://www.municipalidadchimbarongo.cl/decretos-y-ordenanzas/,d2a706564acd7cf00d61a7244a502368b763ecd5f4f3ad34896807c13dca88d5,
Chimbarongo,06,O Higgins,Municipalidad,4047,2026-01-01,"Decreto N°4047 Ordenanza Sobre Derechos, Permisos y Conceciones.",Derechos Municipales y Tarifas,https://municipalidadchimbarongo.cl/wp-content/uploads/Decreto_4047.pdf,https://www.municipalidadchimbarongo.cl/decretos-y-ordenanzas/,5b0780e43c9acfd77cbfd96b324f2f01fa16b1c8beaa8aaff3e229ae0c9b12f6,
Chimbarongo,06,O Higgins,Municipalidad,1545,2026-01-01,"Decreto N°1545 Aprueba Texto Refundido de la Ordenanza ""Beca Talento Artístico Joven de Proyección"".",Normativa General y Otras Materias,https://municipalidadchimbarongo.cl/wp-content/uploads/Decreto_1545.pdf,https://www.municipalidadchimbarongo.cl/decretos-y-ordenanzas/,0c44170c06012aa84f9940b7012f782bdde5fa5230e35225638e06271cd2099a,
Chimbarongo,06,O Higgins,Municipalidad,2263,2026-01-01,Decreto N°2263. Modificación patente de alcoholes.,"Patentes, Comercio y Alcoholes",https://municipalidadchimbarongo.cl/wp-content/uploads/Decreto_2263-modificacion-patente-de-alcoholes.pdf,https://www.municipalidadchimbarongo.cl/decretos-y-ordenanzas/,13bb9b25e057d5873d7f41ce358ce937887b32ed1822e269323176d4ea21f67b,
Chimbarongo,06,O Higgins,Municipalidad,2842,2026-01-01,"Decreto N°2842. ""Viva el 18 en Chimbarongo""",Normativa General y Otras Materias,https://municipalidadchimbarongo.cl/wp-content/uploads/Decreto_2842.pdf,https://www.municipalidadchimbarongo.cl/decretos-y-ordenanzas/,3fdfa6130b18a080ea98af8ed1c23b3b847271f11cd2706c70ff6eb9864f939d,
Chimbarongo,06,O Higgins,Municipalidad,4,2026-01-01,"Decreto N°4.381. ""Aprueba Modificaciones y Creación de Derechos en Ordenanza Local de Derechos por Concesiones, Permisos y Servicios.""",Derechos Municipales y Tarifas,https://municipalidadchimbarongo.cl/wp-content/uploads/Decreto_4381.pdf,https://www.municipalidadchimbarongo.cl/decretos-y-ordenanzas/,bef22f600ca9a4b6d7ade41a876393b2c7370d05245fe762d72f20b667674856,
Chimbarongo,06,O Higgins,Municipalidad,4713,2026-01-01,"Decreto N°4713 ""Aprueba Ordenanza local sobre derechos municipales""",Derechos Municipales y Tarifas,https://municipalidadchimbarongo.cl/wp-content/uploads/Decreto_4713-Texto-refundido-Ordenanza-de-Derechos.pdf,https://www.municipalidadchimbarongo.cl/decretos-y-ordenanzas/,80fbd29432897639e4b02b85bc9e4b71341938b51c4f14cf4f3032d281a3b478,
Chimbarongo,06,O Higgins,Municipalidad,180,2026-01-01,Decreto N°180 AUTORIZA CAMBIO FERIA LIBRE DIA MARTES,"Patentes, Comercio y Alcoholes",https://municipalidadchimbarongo.cl/wp-content/uploads/DECRETO-180-AUTORIZA-CAMBIO-FERIA-LIBRE-DIA-MARTES.pdf,https://www.municipalidadchimbarongo.cl/decretos-y-ordenanzas/,6a5069f5645e214a534cd98e41a1f24b68936da2e52a9bbe502daf6ca00518e3,
Chimbarongo,06,O Higgins,Municipalidad,184,2026-01-01,Decreto N°184 AUTORIZA CAMBIO DE HORARIO DE FERIA LIBRE,"Patentes, Comercio y Alcoholes",https://municipalidadchimbarongo.cl/wp-content/uploads/DECRETO-184-AUTORIZA-CAMBIO-DE-HORARIO-DE-FERIA-LIBRE.pdf,https://www.municipalidadchimbarongo.cl/decretos-y-ordenanzas/,bb9032806115585ebbfc41cf35db52ef2a8ceaaf1de2b21050298d7549e33047,
Chimbarongo,06,O Higgins,Municipalidad,623,2026-01-01,Decreto N°623 Aprueba modificación y fija texto refundido de la ordenanza de subvenciones de la municipalidad de Chimbarongo.,Normativa General y Otras Materias,https://municipalidadchimbarongo.cl/wp-content/uploads/Decreto_623.pdf,https://www.municipalidadchimbarongo.cl/decretos-y-ordenanzas/,99ec7d821eaab7b62c72ac2d04495032e19719f6056603ab4e704b6eacac941f,
Chimbarongo,06,O Higgins,Municipalidad,2,2026-01-01,"Decreto N° 2.606. APRUEBA LA ORDENANZA DE ADMINISTRACIÓN, USO Y FUNCIONAMIENTO DE RECINTOS DEPORTIVOS MUNICIPALES",Normativa General y Otras Materias,https://municipalidadchimbarongo.cl/wp-content/uploads/Decreto_2606-ORDENANZA-RECINTOS-DEPORTIVOS-publicacion.pdf,https://www.municipalidadchimbarongo.cl/decretos-y-ordenanzas/,598c0486021750107fd1ca5d3eece9394075f52d8b6ad3e7e7d22f55b02a451f,
Chimbarongo,06,O Higgins,Municipalidad,2-5cfb,2026-01-01,"Decreto N° 2.612. ESTABLECE NUEVOS DERECHOS POR EL USO DE INSTALACIÓN MEDIALUNA MUNICIPAL, EN EL TEXTO VIGENTE DE LA ORDENANZA DE DERECHOS MUNICIPALES POR CONCESIONES, PERMISOS Y SERVICIOS.",Derechos Municipales y Tarifas,https://municipalidadchimbarongo.cl/wp-content/uploads/Decreto_2612-CREA-DERECHOS-MUNICIPALES-MEDIALUNA-publicacion.pdf,https://www.municipalidadchimbarongo.cl/decretos-y-ordenanzas/,5cfb7f9788c1f646563724a31228824478ad0b2c56fac3fe439d6c45c60994ea,
Chimbarongo,06,O Higgins,Municipalidad,456,2026-01-01,Decreto 456 Ordenanza Tenencia responsable de Mascotas,Tenencia Responsable de Mascotas,https://municipalidadchimbarongo.cl/wp-content/uploads/Decreto-456-Ordenanza-Tenencia-responsable-de-Mascotas.pdf,https://www.municipalidadchimbarongo.cl/decretos-y-ordenanzas/,1d07405fb71382f75af30d74d17d578965b6855be6c4465f9a99580bb044e8cc,
Chimbarongo,06,O Higgins,Municipalidad,3,2026-01-01,Decreto N° 3.522 Modifica Ordenanza local sobre derechos municipales,Derechos Municipales y Tarifas,https://municipalidadchimbarongo.cl/wp-content/uploads/Decreto-N%C2%B0-3.522-Modifica-ORDENANZA-LOCAL-SOBRE-DERECHOS-MUNICIPALES.pdf,https://www.municipalidadchimbarongo.cl/decretos-y-ordenanzas/,9edf1d72b9487f9c22603f3a98bcecebb7f35de3e786492f928df7cd1f61854b,
Chimbarongo,06,O Higgins,Municipalidad,1375,2026-01-01,Decreto N°1375 Aprueba Ordenanza Medio Ambiental,"Aseo, Ornato y Medio Ambiente",https://municipalidadchimbarongo.cl/wp-content/uploads/Decreto_1375.pdf,https://www.municipalidadchimbarongo.cl/decretos-y-ordenanzas/,a6e1b7eae081e82a5516fa0b4977675ab5a50559022351e7cd6a5606e673b38d,
Chimbarongo,06,O Higgins,Municipalidad,S/N,2026-01-01,Decreto_3690 APR. TEXTO ORDENANZA DERECHOS DE ASEO,Derechos Municipales y Tarifas,https://municipalidadchimbarongo.cl/wp-content/uploads/Decreto_3690-APR.-TEXTO-ORDENANZA-DERECHOS-DE-ASEO.pdf,https://www.municipalidadchimbarongo.cl/decretos-y-ordenanzas/,687f949f046230c649be51486172ca8fcc25cc316628cd440b9a6788c012bddb,
Chimbarongo,06,O Higgins,Municipalidad,3977,2026-01-01,"Decreto N° 3977 que aprueba modificaciones a la Ordenanza Local sobre Derechos Municipales por Concesiones, Permisos y Servicios",Derechos Municipales y Tarifas,https://municipalidadchimbarongo.cl/wp-content/uploads/Decreto_3977-Texto-ordenanza-derechos.pdf,https://www.municipalidadchimbarongo.cl/decretos-y-ordenanzas/,4fb09f62553deb15f2cdd87ab7eafea718d5ce5f92a70e35474bb14e2c767ea1,
Chimbarongo,06,O Higgins,Municipalidad,723,2026-01-01,"Decreto N°723 Referido APRUEBA LA ORDENANZA MUNICIPAL SOBRE NORMAS ESPECIALES DE REGULACION ARTISTAS URBANOS O POPULARES ITINERANTES, COMUNA CHIMBARONGO.",Normativa General y Otras Materias,https://municipalidadchimbarongo.cl/wp-content/uploads/Decreto_723.pdf,https://www.municipalidadchimbarongo.cl/decretos-y-ordenanzas/,57f2ff06d983fda71c9d3e4e2460aafc073a85cd244c9623596073335c2bf572,
Chimbarongo,06,O Higgins,Municipalidad,1,2026-01-01,Decreto N° 1.985 MODIFICA Y APRUEBA TEXTO REFUNDIDO DE LA ORDENANZA “BECA ENSEÑANZA SUPERIOR HIJO/A DE ARTESANO/A DEL MIMBRE” ILUSTRE MUNICIPALIDAD DE CHIMBARONGO.,Normativa General y Otras Materias,https://municipalidadchimbarongo.cl/wp-content/uploads/Decreto_1985_MODIFICA-Y-APRUEBA-TEXTO-REFUNDIDO.pdf,https://www.municipalidadchimbarongo.cl/decretos-y-ordenanzas/,b2c9a6dbfc9db05d1253490db1c996a67d87141ba0f925b8a8bc26706eaf2e11,
Nancagua,06,O Higgins,Municipalidad,2423,2026-01-01,Ordenanza Municipal Nancagua (Decreto N°2423),Normativa General y Otras Materias,https://municipalidadnancagua.cl/wp-content/uploads/2026/08/Decreto-N%C2%B02423.pdf,https://www.municipalidadnancagua.cl,1c23655b1753a27e3e94a202088b8b970d7abedac2f62e35d3f21ff801fde7eb,
Peralillo,06,O Higgins,BCN,1,2007-08-10,DICTA ORDENANZA SOBRE FUNCIONAMIENTO DE CARROS AUTORIZADOS PARA LA VENTA DE PRODUCTOS EN LA VIA PUBLICA DE LA COMUNA,Normativa General y Otras Materias,https://www.bcn.cl/leychile/navegar?idNorma=263574,,,https://datos.bcn.cl/recurso/cl/orz/municipalidad-de-peralillo/2007-08-10/1/datos.json
Peralillo,06,O Higgins,Municipalidad,26,2023-01-01,Ordenanza Municipal de PERALILLO — ordenanza 26 2023,Normativa General y Otras Materias,https://muniperalillo.cl/archivos/2023/ordenanza%2026-2023.pdf,https://muniperalillo.cl/archivos/2023/ordenanza%2026-2023.pdf,320cb1dab8267bd274cf202ed4cf1e8bd710e7f695bbf29a175b516cf550ec56,
Santa Cruz,06,O Higgins,BCN,s-n,1996-04-26,APRUEBA ORDENANZA MUNICIPAL SOBRE CONDICIONES GENERALES PARA DETERMINAR TARIFAS DE ASEO,Derechos Municipales y Tarifas,https://www.bcn.cl/leychile/navegar?idNorma=31183,,,https://datos.bcn.cl/recurso/cl/orz/municipalidad-de-santa-cruz/1996-04-26/s-n/datos.json
Talca,07,Maule,BCN,4,2011-09-28,"APRUEBA 'ORDENANZA MUNICIPAL QUE REGULA LA EXPLOTACIÓN COMERCIAL DE JUEGOS ELECTRÓNICOS, MÁQUINAS DE HABILIDAD O DESTREZA Y JUEGOS DE AZAR'","Comercio, Alcoholes y Patentes",https://www.bcn.cl/leychile/navegar?idNorma=1030249,,,https://datos.bcn.cl/recurso/cl/orz/municipalidad-de-talcahuano/2011-09-28/4/datos.json
Talca,07,Maule,BCN,2,2011-02-04,APRUEBA ORDENANZA MUNICIPAL SOBRE RUIDOS MOLESTOS,"Aseo, Ornato y Medio Ambiente",https://www.bcn.cl/leychile/navegar?idNorma=1022727,,,https://datos.bcn.cl/recurso/cl/orz/municipalidad-de-talcahuano/2011-02-04/2/datos.json
Talca,07,Maule,BCN,1,2008-12-06,ORDENANZA LOCAL PARA CONMUTAR MULTAS DE DINERO POR EFECTUAR TRABAJOS EN BENEFICIO DE LA COMUNIDAD,Normativa General y Otras Materias,https://www.bcn.cl/leychile/navegar?idNorma=282887,,,https://datos.bcn.cl/recurso/cl/orz/municipalidad-de-talcahuano/2008-12-06/1/datos.json
Talca,07,Maule,BCN,4,2008-12-06,APRUEBA ORDENANZA SOBRE INSTALACIÓN DE LÍNEAS DISTRIBUIDORAS DE ENERGÍA ELÉCTRICA Y DE TELECOMUNICACIONES EN LA COMUNA DE TALCAHUANO,Tránsito y Transporte,https://www.bcn.cl/leychile/navegar?idNorma=282888,,,https://datos.bcn.cl/recurso/cl/orz/municipalidad-de-talcahuano/2008-12-06/4/datos.json
Talca,07,Maule,BCN,1,2006-02-15,ORDENANZA SOBRE APORTE FINANCIERO CON FONDOS MUNICIPALES QUE OPERAN BAJO LA MODALIDAD FONDO CONCURSABLE COMUNITARIO DE SUBVENCIONES,"Salud, Deporte y Desarrollo Social",https://www.bcn.cl/leychile/navegar?idNorma=247309,,,https://datos.bcn.cl/recurso/cl/orz/municipalidad-de-talcahuano/2006-02-15/1/datos.json
Talca,07,Maule,BCN,2,2005-07-23,ORDENANZA MUNICIPAL PARA EL EMPADRONAMIENTO Y TRANSITO DE VEHICULOS DE TRACCION ANIMAL EN LA COMUNA DE TALCAHUANO,Tránsito y Transporte,https://www.bcn.cl/leychile/navegar?idNorma=240372,,,https://datos.bcn.cl/recurso/cl/orz/municipalidad-de-talcahuano/2005-07-23/2/datos.json
Talca,07,Maule,BCN,3,2004-11-23,"APRUEBA ORDENANZA CANINA SOBRE CONDICIONES DE PREVENCION, HIGIENE Y SEGURIDAD BASICAS EN LA TENENCIA DE PERROS",Seguridad y Convivencia,https://www.bcn.cl/leychile/navegar?idNorma=232779,,,https://datos.bcn.cl/recurso/cl/orz/municipalidad-de-talcahuano/2004-11-23/3/datos.json
Talca,07,Maule,BCN,4,2004-11-23,APRUEBA ORDENANZA MUNICIPAL PARA EL EMPADRONAMIENTO Y TRANSITO DE VEHICULOS DE TRACCION ANIMAL EN LA COMUNA DE TALCAHUANO,Tránsito y Transporte,https://www.bcn.cl/leychile/navegar?idNorma=232780,,,https://datos.bcn.cl/recurso/cl/orz/municipalidad-de-talcahuano/2004-11-23/4/datos.json
Talca,07,Maule,BCN,2,2004-05-24,"COMPLEMENTA ORDENANZA DE DERECHOS MUNICIPALES, VENTA DE CARTEL, ARTICULOS Y PROHIBICIONES LEY DE ALCOHOLES 19.925",Derechos Municipales y Tarifas,https://www.bcn.cl/leychile/navegar?idNorma=225515,,,https://datos.bcn.cl/recurso/cl/orz/municipalidad-de-talcahuano/2004-05-24/2/datos.json
Talca,07,Maule,BCN,1,2004-04-21,ORDENANZA MUNICIPAL SOBRE REGISTRO DE PERSONAS JURIDICAS RECEPTORAS DE FONDOS PUBLICOS,Normativa General y Otras Materias,https://www.bcn.cl/leychile/navegar?idNorma=224099,,,https://datos.bcn.cl/recurso/cl/orz/municipalidad-de-talcahuano/2004-04-21/1/datos.json
Talca,07,Maule,BCN,1,1995-03-02,ORDENANZA LOCAL DE DERECHOS MUNICIPALES (MODIFICADA),Derechos Municipales y Tarifas,https://www.bcn.cl/leychile/navegar?idNorma=1043636,,,https://datos.bcn.cl/recurso/cl/orz/municipalidad-de-talcahuano/1995-03-02/1/datos.json
Talca,07,Maule,BCN,3,1994-11-09,APRUEBA ORDENANZA DE FERIAS LIBRES,"Comercio, Alcoholes y Patentes",https://www.bcn.cl/leychile/navegar?idNorma=30964,,,https://datos.bcn.cl/recurso/cl/orz/municipalidad-de-talcahuano/1994-11-09/3/datos.json
Talca,07,Maule,BCN,1,1994-01-29,"MODIFICA ORDENANZA LOCAL N° 1, DE 1990, SOBRE
DERECHOS MUNICIPALES",Derechos Municipales y Tarifas,https://www.bcn.cl/leychile/navegar?idNorma=30885,,,https://datos.bcn.cl/recurso/cl/orz/municipalidad-de-talcahuano/1994-01-29/1/datos.json
Talca,07,Maule,BCN,1,1993-02-11,MODIFICA ORDENANZA DE DERECHOS MUNICIPALES,Derechos Municipales y Tarifas,https://www.bcn.cl/leychile/navegar?idNorma=30873,,,https://datos.bcn.cl/recurso/cl/orz/municipalidad-de-talcahuano/1993-02-11/1/datos.json
Talca,07,Maule,BCN,1,1992-04-06,"MODIFICA ORDENANZAS LOCALES SOBRE DERECHOS MUNICIPALES QUE
INDICA",Derechos Municipales y Tarifas,https://www.bcn.cl/leychile/navegar?idNorma=95688,,,https://datos.bcn.cl/recurso/cl/orz/municipalidad-de-talcahuano/1992-04-06/1/datos.json
Talca,07,Maule,BCN,1,1991-10-23,"MODIFICA ORDENANZA Nº1, DE 1983, SOBRE COBRANZA DE PATENTES, DERECHOS O CONTRIBUCIONES MOROSAS",Derechos Municipales y Tarifas,https://www.bcn.cl/leychile/navegar?idNorma=87020,,,https://datos.bcn.cl/recurso/cl/orz/municipalidad-de-talcahuano/1991-10-23/1/datos.json
Talca,07,Maule,BCN,1,1991-02-07,"MODIFICA ORDENANZA No. 1, DE 1990",Normativa General y Otras Materias,https://www.bcn.cl/leychile/navegar?idNorma=87832,,,https://datos.bcn.cl/recurso/cl/orz/municipalidad-de-talcahuano/1991-02-07/1/datos.json
Talca,07,Maule,BCN,2,1990-05-17,ORDENANZA SOBRE TRANSPORTES DE CARGA DENTRO DE LA COMUNA,Tránsito y Transporte,https://www.bcn.cl/leychile/navegar?idNorma=89598,,,https://datos.bcn.cl/recurso/cl/orz/municipalidad-de-talcahuano/1990-05-17/2/datos.json
Talca,07,Maule,BCN,1,1989-02-13,"MODIFICA ORDENANZA NO. 1, SOBRE DERECHOS MUNICIPALES AÑO 1988",Derechos Municipales y Tarifas,https://www.bcn.cl/leychile/navegar?idNorma=120252,,,https://datos.bcn.cl/recurso/cl/orz/municipalidad-de-talcahuano/1989-02-13/1/datos.json
Talca,07,Maule,BCN,3,1988-07-22,"MODIFICA ORDENANZA NO. 1, SOBRE DERECHOS MUNICIPALES",Derechos Municipales y Tarifas,https://www.bcn.cl/leychile/navegar?idNorma=133521,,,https://datos.bcn.cl/recurso/cl/orz/municipalidad-de-talcahuano/1988-07-22/3/datos.json
Talca,07,Maule,BCN,2,1988-04-06,"MODIFICA ORDENANZA DE DERECHOS MUNICIPALES NO. 1, DE 1988",Derechos Municipales y Tarifas,https://www.bcn.cl/leychile/navegar?idNorma=133578,,,https://datos.bcn.cl/recurso/cl/orz/municipalidad-de-talcahuano/1988-04-06/2/datos.json
Talca,07,Maule,BCN,1,1988-03-07,"APRUEBA ORDENANZA LOCAL SOBRE DERECHOS MUNICIPALES POR CONCESIONES, PERMISOS Y SERVICIOS",Derechos Municipales y Tarifas,https://www.bcn.cl/leychile/navegar?idNorma=202058,,,https://datos.bcn.cl/recurso/cl/orz/municipalidad-de-talcahuano/1988-03-07/1/datos.json
Curepto,07,Maule,BCN,s-n,1987-09-28,APRUEBA ORDENANZA DE ASEO DENTRO DE LA CIUDAD,"Aseo, Ornato y Medio Ambiente",https://www.bcn.cl/leychile/navegar?idNorma=145807,,,https://datos.bcn.cl/recurso/cl/orz/municipalidad-de-curepto/1987-09-28/s-n/datos.json
Empedrado,07,Maule,Municipalidad,S/N,2026-01-01,Ordenanza Municipal de EMPEDRADO — Modificacion Ordenanza corrales,Normativa General y Otras Materias,https://empedrado.cl/wp-content/uploads/2025/07/Modificacion-Ordenanza-corrales.pdf,https://empedrado.cl/ordenanzas-municipales/,89a201419e25a761bb95d5f0eccb47b5940d170261e0c3a7ae362951c17651af,
Empedrado,07,Maule,Municipalidad,S/N-8c73,2026-01-01,Ordenanza Municipal de EMPEDRADO — ORDENANZA AMBIENTAL MUNICIPALIDAD EMPEDRADO,"Aseo, Ornato y Medio Ambiente",https://empedrado.cl/wp-content/uploads/2025/07/ORDENANZA-AMBIENTAL-MUNICIPALIDAD-EMPEDRADO.pdf,https://empedrado.cl/ordenanzas-municipales/,8c738e4dcc1da7ed7dcee2903557cdefedfaba6a900e9e5b5aae31850eddff53,
Empedrado,07,Maule,Municipalidad,S/N-fc89,2026-01-01,Ordenanza Municipal de EMPEDRADO — ORDENANZA DE TENENCIA RESPONSABLE DE MASCOTAS20241120 15542733,Tenencia Responsable de Mascotas,https://empedrado.cl/wp-content/uploads/2025/07/ORDENANZA-DE-TENENCIA-RESPONSABLE-DE-MASCOTAS20241120_15542733.pdf,https://empedrado.cl/ordenanzas-municipales/,fc899ab3b548021a1942da3ae60821a06ca6d9d5177779ab1822617e901773d9,
Empedrado,07,Maule,Municipalidad,170,2026-01-01,Ordenanza Municipal de EMPEDRADO — Ordenanza de Corrales Municipales DECRETO 170,Normativa General y Otras Materias,https://empedrado.cl/wp-content/uploads/2025/07/Ordenanza-de-Corrales-Municipales-DECRETO-170.pdf,https://empedrado.cl/ordenanzas-municipales/,2010e64c4cd644ec5b7beb603929f3b344f5c5b9ca3f095491092d58c19556a7,
Empedrado,07,Maule,Municipalidad,S/N-de50,2026-01-01,Ordenanza Municipal de EMPEDRADO — Ordenanza de Feria,"Patentes, Comercio y Alcoholes",https://empedrado.cl/wp-content/uploads/2025/07/Ordenanza-de-Feria.pdf,https://empedrado.cl/ordenanzas-municipales/,de5008f01ba447e67b90a4036a899af8886a7b145be034b9cd0f7169b430c965,
Empedrado,07,Maule,Municipalidad,S/N-764a,2026-01-01,Ordenanza Municipal de EMPEDRADO — Ordenanza de Participacion Ciudadana,Normativa General y Otras Materias,https://empedrado.cl/wp-content/uploads/2025/07/Ordenanza-de-Participacion-Ciudadana.pdf,https://empedrado.cl/ordenanzas-municipales/,764ae0bb8a194a0858989656cb7bb9e894f0ae3a21c3995020f0a24cd247f870,
Empedrado,07,Maule,Municipalidad,S/N-34a7,2026-01-01,Ordenanza Municipal de EMPEDRADO — Ordenanza extraccion de aridos,Normativa General y Otras Materias,https://empedrado.cl/wp-content/uploads/2025/07/Ordenanza-extraccion-de-aridos.pdf,https://empedrado.cl/ordenanzas-municipales/,34a789c519a17c6f31fc9c4950ed274c85d50430e787efbfaeedb6b7be9175e2,
Empedrado,07,Maule,Municipalidad,S/N-e9e9,2026-01-01,Ordenanza Municipal de EMPEDRADO — Ordenanza sobre reposicion de aceras,Normativa General y Otras Materias,https://empedrado.cl/wp-content/uploads/2025/07/Ordenanza-sobre-reposicion-de-aceras.pdf,https://empedrado.cl/ordenanzas-municipales/,e9e9eff6db38344e9d46eacc08745808c54294523d6dcd4757bfc0779e1ce1eb,
Empedrado,07,Maule,Municipalidad,1,2026-01-01,Ordenanza Municipal de EMPEDRADO — Ordenanza trabajos comunitarios 1,Normativa General y Otras Materias,https://empedrado.cl/wp-content/uploads/2025/07/Ordenanza-trabajos-comunitarios-1.pdf,https://empedrado.cl/ordenanzas-municipales/,11d5312a870eb2ef535e84b8d1c2cc07e64e80a4f820ac051141473860dc8fd5,
Pelarco,07,Maule,BCN,1,1987-01-21,DICTA ORDENANZA PARA EJERCICIO DE ACTIVIDADES LUCRATIVAS QUE INDICA,Normativa General y Otras Materias,https://www.bcn.cl/leychile/navegar?idNorma=147321,,,https://datos.bcn.cl/recurso/cl/orz/municipalidad-de-pelarco/1987-01-21/1/datos.json
Pencahue,07,Maule,Municipalidad,2025,2025-01-01,Ordenanza Municipal de PENCAHUE — Ordenanza Municipal 2025,Normativa General y Otras Materias,https://mpencahue.cl/wp-content/uploads/2025/10/Ordenanza-Municipal-2025.pdf,https://mpencahue.cl/wp-content/uploads/2025/10/Ordenanza-Municipal-2025.pdf,169f5615a10be4e95c68c5c719665ff63604c507225d70c52b9363c966dcca6a,
Río Claro,07,Maule,Municipalidad,S/N,2026-01-01,Ordenanza Municipal de RÍO CLARO — Ordenanza Municipal medioambiente diario oficial,"Aseo, Ornato y Medio Ambiente",https://rioclaro.cl/app/uploads/2025/11/Ordenanza-Municipal-medioambiente-diario-oficial.pdf,https://rioclaro.cl/ordenanzas-municipales/,bac8aa87609e7412f62dfa380a379a85dacf4727b6e127f7e91287bfc3c716e1,
Río Claro,07,Maule,Municipalidad,S/N-8a7d,2026-01-01,Ordenanza Municipal de RÍO CLARO — Ordenanza Tenencia Responsable de Mascotas DIARIO OFICIAL,Tenencia Responsable de Mascotas,https://rioclaro.cl/app/uploads/2025/11/Ordenanza-Tenencia-Responsable-de-Mascotas-DIARIO-OFICIAL.pdf,https://rioclaro.cl/ordenanzas-municipales/,8a7d9af6428c8bf7e6de72839ee079a0b5bf4b7289425dc78f7e2007aa343004,
San Clemente,07,Maule,Municipalidad,292,2026-01-01,Ordenanza Que Establece Medidas Especiales Por Emergencia Covid-19 – sanclemente,Normativa General y Otras Materias,https://www.sanclemente.cl/wp-content/uploads/2022/05/20_Juridico_-memo-292-2-8-1.pdf,https://www.sanclemente.cl/index.php/2022/05/10/ordenanza-derechos-municipales-2018/,f7b515b192d4a6d1e5dcea766d676b360709225b95216cfee64aa25b31e756d7,
San Clemente,07,Maule,Municipalidad,2018,2018-01-01,ORDENANZA-DERECHOS-MUNICIPALES-2018-1 ORDENANZA-DERECHOS-MUNICIPALES-2018-1,Derechos Municipales y Tarifas,https://www.sanclemente.cl/wp-content/uploads/2022/05/ORDENANZA-DERECHOS-MUNICIPALES-2018-1.pdf,https://www.sanclemente.cl/index.php/2022/05/10/ordenanza-derechos-municipales-2018/,04424885acb9b85953247f39307995a171048fd84650ce3ff2bd585662e1b379,
San Clemente,07,Maule,Municipalidad,2019,2019-01-01,ORDENANZA-DERECHOS-MUNICIPALES-2019 ORDENANZA-DERECHOS-MUNICIPALES-2019 Download,Derechos Municipales y Tarifas,https://www.sanclemente.cl/wp-content/uploads/2022/05/ORDENANZA-DERECHOS-MUNICIPALES-2019.pdf,https://www.sanclemente.cl/index.php/2022/05/10/ordenanza-derechos-municipales-2018/,4ee9b8e72eaf479ec13a38aaedba286a00c56dfdf26734cde0a25e7b287e4de5,
San Clemente,07,Maule,Municipalidad,2019-714d,2019-01-01,ORDENANZA-MODIFICACION-PARTICIPACION-CIUDADANA-2019 ORDENANZA-MODIFICACION-PARTICIPACION-CIUDADANA-2019 Download,Normativa General y Otras Materias,https://www.sanclemente.cl/wp-content/uploads/2022/05/ORDENANZA-MODIFICACION-PARTICIPACION-CIUDADANA-2019.pdf,https://www.sanclemente.cl/index.php/2022/05/10/ordenanza-derechos-municipales-2018/,714d47a3944da93c211a7f776d4def0366c530f4379fce1a565edaedb25f417a,
San Clemente,07,Maule,Municipalidad,S/N,2026-01-01,ORDENANZA-QUILLAYES ORDENANZA-QUILLAYES Download,Normativa General y Otras Materias,https://www.sanclemente.cl/wp-content/uploads/2022/05/ORDENANZA-QUILLAYES.pdf,https://www.sanclemente.cl/index.php/2022/05/10/ordenanza-derechos-municipales-2018/,ddcf4c753205f1c5b5f65c39d119e0db7c5cc0e18d04b0fd4bda335569cef228,
San Clemente,07,Maule,Municipalidad,S/N-61c8,2026-01-01,ORDENANZA-TURISMO ORDENANZA-TURISMO Download,Normativa General y Otras Materias,https://www.sanclemente.cl/wp-content/uploads/2022/05/ORDENANZA-TURISMO.pdf,https://www.sanclemente.cl/index.php/2022/05/10/ordenanza-derechos-municipales-2018/,61c88a185013438182759a31bf5ab8628a410a73003536b98acb229c0c55813d,
San Clemente,07,Maule,Municipalidad,S/N-21fc,2026-01-01,Ordenanza-Direccion-de-Obras Ordenanza-Direccion-de-Obras Download,"Urbanismo, Obras y Edificación",https://www.sanclemente.cl/wp-content/uploads/2022/05/Ordenanza-Direccion-de-Obras.pdf,https://www.sanclemente.cl/index.php/2022/05/10/ordenanza-derechos-municipales-2018/,21fc7b9ee067b97a776b5ae30565b4b62eeba1fd9da9ec71f2a2d837a04bd2f7,
San Clemente,07,Maule,Municipalidad,S/N-ead4,2026-01-01,Ordenanza-sobre-barrios-comerciales Ordenanza-sobre-barrios-comerciales Download,"Patentes, Comercio y Alcoholes",https://www.sanclemente.cl/wp-content/uploads/2022/05/Ordenanza-sobre-barrios-comerciales.pdf,https://www.sanclemente.cl/index.php/2022/05/10/ordenanza-derechos-municipales-2018/,ead48e749fc9fb7f9fc46ddbdbe785a4fc851f34a29775551236a0c2da767335,
San Clemente,07,Maule,Municipalidad,01,2026-01-01,01 Ordenanza de Tarifas de Aseo (1) 01 Ordenanza de Tarifas de Aseo (1) Descarga,Derechos Municipales y Tarifas,https://www.sanclemente.cl/wp-content/uploads/2022/08/01-Ordenanza-de-Tarifas-de-Aseo-1.pdf,https://www.sanclemente.cl/index.php/2022/05/10/ordenanza-derechos-municipales-2018/,2a8752923297e1d86c5f169812f4cf96cec3198cf20cf8c91f4af11b18768ff2,
San Clemente,07,Maule,Municipalidad,1998,2026-01-01,modifica ordenanza aseo 1998 modifica ordenanza aseo 1998 Descarga,"Aseo, Ornato y Medio Ambiente",https://www.sanclemente.cl/wp-content/uploads/2022/08/modifica-ordenanza-aseo-1998.pdf,https://www.sanclemente.cl/index.php/2022/05/10/ordenanza-derechos-municipales-2018/,daf8d61275e65c293b48c3d3826b641de066cf5889cf0c32a3003e418011d6ad,
San Clemente,07,Maule,Municipalidad,23,2026-01-01,01 Ordenanza de Tarifas de Aseo (1) 01 Ordenanza de Tarifas de Aseo (1) Descarga,Derechos Municipales y Tarifas,https://www.sanclemente.cl/wp-content/uploads/2022/10/ORDENANZA-23-Modificacion-ordenanza-derechos.pdf,https://www.sanclemente.cl/index.php/2022/05/10/ordenanza-derechos-municipales-2018/,804ba96d9994ab2ae660908b1e1f3d6b5f3d407dd61dbb8c2348d16d833e8a91,
San Clemente,07,Maule,Municipalidad,24,2026-01-01,ORDENANZA N° 24 MODIFICACIÓN DERECHOS MUNICIPALES – sanclemente,Derechos Municipales y Tarifas,https://www.sanclemente.cl/wp-content/uploads/2022/10/ORDENANZA-N-24-Cobro-derechos-domiciliarios.pdf,https://www.sanclemente.cl/index.php/2022/05/10/ordenanza-derechos-municipales-2018/,5f2353a622b0fc8587a7e0789eb6b76c80cb08c1a8c9097a186b4ea330f3a763,
San Clemente,07,Maule,Municipalidad,25,2026-01-01,ORDENANZA N°25 TEXTO REFUNDIDO – sanclemente,Normativa General y Otras Materias,https://www.sanclemente.cl/wp-content/uploads/2022/10/ORDENANZA-N-25-Texto-Refundido.pdf,https://www.sanclemente.cl/index.php/2022/05/10/ordenanza-derechos-municipales-2018/,58b914e0146f32d7e1b2491cbf5251e41dfde356e475c9b49a5ce9d19517264d,
San Rafael,07,Maule,Municipalidad,S/N,2026-01-01,Ordenanza Municipal Ordenanza Municipal Ordenanza Municipal,Normativa General y Otras Materias,https://munisanrafael.cl/PDF/ORDENANZAS/Ordenanzas%20y%20Reglamentos%20Municipalesv3.pdf,https://munisanrafael.cl/Ley-de-transparencia-2014/2014/ordenanza.html,f1309108cd4d55154de70f2c0b401cb09de07f543ec84ce985d232d18e66c90d,
Cauquenes,07,Maule,BCN,1,1991-01-25,"DICTA ORDENANZA SOBRE DERECHOS MUNICIPALES POR CONCESIONES, PERMISOS Y SERVICIOS",Derechos Municipales y Tarifas,https://www.bcn.cl/leychile/navegar?idNorma=89047,,,https://datos.bcn.cl/recurso/cl/orz/municipalidad-de-cauquenes/1991-01-25/1/datos.json
Cauquenes,07,Maule,BCN,2,1988-01-09,"DICTA ORDENANZA PARA CONCESION, FUNCIONAMIENTO Y ADMINISTRACION DEL MERCADO MUNICIPAL DE CAUQUENES",Derechos Municipales y Tarifas,https://www.bcn.cl/leychile/navegar?idNorma=206469,,,https://datos.bcn.cl/recurso/cl/orz/municipalidad-de-cauquenes/1988-01-09/2/datos.json
Cauquenes,07,Maule,Municipalidad,S/N,2026-01-01,Ordenanza Municipal de CAUQUENES — DE3182,Normativa General y Otras Materias,https://www.cauquenes.cl/transparencia_activa/decretos/2020/DE3182.pdf,https://www.cauquenes.cl/ordenanza-municipal-sobre-otorgamiento-de-subvenciones-municipales/,4faf4ac343a8ba79cecc8eae5df6084ba8a5493a5ed5b9b7946589fc8bc8245c,
Cauquenes,07,Maule,Municipalidad,S/N-3066,2026-01-01,Ordenanza Municipal de CAUQUENES — DE3212,Normativa General y Otras Materias,https://www.cauquenes.cl/transparencia_activa/decretos/2020/DE3212.pdf,https://www.cauquenes.cl/ordenanza-municipal-sobre-otorgamiento-de-subvenciones-municipales/,3066233438fcad9ab0a474674c78798ba98574d824466f623c3538281408ac05,
Curicó,07,Maule,BCN,s-n,2003-10-29,ORDENANZA SOBRE TRABAJOS EN BENEFICIO DE LA COMUNIDAD PARA CUMPLIR SENTENCIAS DICTADAS POR EL JUEZ DE POLICIA LOCAL,Normativa General y Otras Materias,https://www.bcn.cl/leychile/navegar?idNorma=216378,,,https://datos.bcn.cl/recurso/cl/orz/municipalidad-de-curico/2003-10-29/s-n/datos.json
Hualañé,07,Maule,Municipalidad,2636,2026-01-01,Ordenanza Municipal de HUALAÑÉ — 2636,Normativa General y Otras Materias,https://www.hualane.cl/TA_IGTA/07_Actos_Resoluciones_Terceros/Ordenanzas/2015/2636.pdf,https://transparencia.hualane.cl/index.php?action=plantillas_selec_fecha&ig=683,537cc9a4d40b951c98480769370283dbb7a03908eaf5c76b4991e75fe4f7db75,
Hualañé,07,Maule,Municipalidad,3405,2026-01-01,Ordenanza Municipal de HUALAÑÉ — 3405,Normativa General y Otras Materias,https://www.hualane.cl/TA_IGTA/07_Actos_Resoluciones_Terceros/Ordenanzas/2019/3405.pdf,https://transparencia.hualane.cl/index.php?action=plantillas_selec_fecha&ig=683,95be676e2e92cdcfc5d2f9f0debc9bc4dbd809d9b747774e933e614d4e0975a4,
Hualañé,07,Maule,Municipalidad,3463,2026-01-01,Ordenanza Municipal de HUALAÑÉ — 3463,Normativa General y Otras Materias,https://www.hualane.cl/TA_IGTA/07_Actos_Resoluciones_Terceros/Ordenanzas/2019/3463.pdf,https://transparencia.hualane.cl/index.php?action=plantillas_selec_fecha&ig=683,9c0f695cf7c76c9ef95edae97da784c376eb39fcf8f81881ad3abfb70f9a1977,
Hualañé,07,Maule,Municipalidad,3754,2026-01-01,Ordenanza Municipal de HUALAÑÉ — 3754,Normativa General y Otras Materias,https://www.hualane.cl/TA_IGTA/07_Actos_Resoluciones_Terceros/Ordenanzas/2019/3754.pdf,https://transparencia.hualane.cl/index.php?action=plantillas_selec_fecha&ig=683,8016cf60fa1ad9e9826780c9950f417f45b5ea7de24a5f0137a857e0a9b6878f,
Hualañé,07,Maule,Municipalidad,3846,2026-01-01,Ordenanza Municipal de HUALAÑÉ — 3846,Normativa General y Otras Materias,https://www.hualane.cl/TA_IGTA/07_Actos_Resoluciones_Terceros/Ordenanzas/2019/3846.pdf,https://transparencia.hualane.cl/index.php?action=plantillas_selec_fecha&ig=683,a3c854a774a6d3d3d5e5869f64bb3b8d7f256d0e8330a1d08174d6ffaea6d348,
Hualañé,07,Maule,Municipalidad,1660,2026-01-01,Ordenanza Municipal de HUALAÑÉ — 1660,Normativa General y Otras Materias,https://www.hualane.cl/TA_IGTA/07_Actos_Resoluciones_Terceros/Ordenanzas/2020/1660.pdf,https://transparencia.hualane.cl/index.php?action=plantillas_selec_fecha&ig=683,08e636a91b4a5255be7e27bbbd49c659700c889031aff645b389cd7534753019,
Hualañé,07,Maule,Municipalidad,2124,2026-01-01,Ordenanza Municipal de HUALAÑÉ — 2124,Normativa General y Otras Materias,https://www.hualane.cl/TA_IGTA/07_Actos_Resoluciones_Terceros/Ordenanzas/2020/2124.pdf,https://transparencia.hualane.cl/index.php?action=plantillas_selec_fecha&ig=683,65960f4c569c494270000338486d319de95f1b7bcadaddf72a07cfc88c34f2e8,
Hualañé,07,Maule,Municipalidad,2320,2026-01-01,Ordenanza Municipal de HUALAÑÉ — 2320,Normativa General y Otras Materias,https://www.hualane.cl/TA_IGTA/07_Actos_Resoluciones_Terceros/Ordenanzas/2020/2320.pdf,https://transparencia.hualane.cl/index.php?action=plantillas_selec_fecha&ig=683,ed41467357d0d802297f4ce9f416cbb4222c56c68f3b816e8fda9ae36aea1809,
Hualañé,07,Maule,Municipalidad,2427,2026-01-01,Ordenanza Municipal de HUALAÑÉ — 2427,Normativa General y Otras Materias,https://www.hualane.cl/TA_IGTA/07_Actos_Resoluciones_Terceros/Ordenanzas/2020/2427.pdf,https://transparencia.hualane.cl/index.php?action=plantillas_selec_fecha&ig=683,03a9904cb31f2933940e7d38ba0ca0c36b0f406dc01112f41c005ebc5984cb72,
Hualañé,07,Maule,Municipalidad,2561,2026-01-01,Ordenanza Municipal de HUALAÑÉ — 2561,Normativa General y Otras Materias,https://www.hualane.cl/TA_IGTA/07_Actos_Resoluciones_Terceros/Ordenanzas/2020/2561.pdf,https://transparencia.hualane.cl/index.php?action=plantillas_selec_fecha&ig=683,6b18e05f0d28f14f87f198c675ba42dc29bd40425d8bec27d26fd1811f66edb4,
Hualañé,07,Maule,Municipalidad,964,2026-01-01,Ordenanza Municipal de HUALAÑÉ — 964,Normativa General y Otras Materias,https://www.hualane.cl/TA_IGTA/07_Actos_Resoluciones_Terceros/Ordenanzas/2020/964.pdf,https://transparencia.hualane.cl/index.php?action=plantillas_selec_fecha&ig=683,f1cf552659890d909840eb209fb503d3d8f11275599d70e71274acd9bff253bd,
Hualañé,07,Maule,Municipalidad,3261,2026-01-01,Ordenanza Municipal de HUALAÑÉ — 3261,Normativa General y Otras Materias,https://www.hualane.cl/TA_IGTA/07_Actos_Resoluciones_Terceros/Ordenanzas/2021/3261.pdf,https://transparencia.hualane.cl/index.php?action=plantillas_selec_fecha&ig=683,b13acdd376043e34878c4c16036e750a6679b1ba6d4afe95488b494bc01cfd26,
Hualañé,07,Maule,Municipalidad,1268,2026-01-01,Ordenanza Municipal de HUALAÑÉ — 1268,Normativa General y Otras Materias,https://www.hualane.cl/TA_IGTA/07_Actos_Resoluciones_Terceros/Ordenanzas/2022/1268.pdf,https://transparencia.hualane.cl/index.php?action=plantillas_selec_fecha&ig=683,650725a362ae15bfcdc72b3117a4b68ab3ba2f74bfcd159a764582e031af214a,
Hualañé,07,Maule,Municipalidad,3313,2026-01-01,Ordenanza Municipal de HUALAÑÉ — 3313,Normativa General y Otras Materias,https://www.hualane.cl/TA_IGTA/07_Actos_Resoluciones_Terceros/Ordenanzas/2022/3313.pdf,https://transparencia.hualane.cl/index.php?action=plantillas_selec_fecha&ig=683,485a546a47ab4eb672796d13601d068927e0c7d65a38b939650de30e3e5fd2ad,
Hualañé,07,Maule,Municipalidad,2995,2026-01-01,Ordenanza Municipal de HUALAÑÉ — 2995,Normativa General y Otras Materias,https://www.hualane.cl/TA_IGTA/07_Actos_Resoluciones_Terceros/Ordenanzas/2023/2995.pdf,https://transparencia.hualane.cl/index.php?action=plantillas_selec_fecha&ig=683,dfa9b8afe21314f4a3a126a6dab3e0173552771cbdb9f38d56fc47434f47f185,
Hualañé,07,Maule,Municipalidad,356,2026-01-01,Ordenanza Municipal de HUALAÑÉ — 356,Normativa General y Otras Materias,https://www.hualane.cl/TA_IGTA/07_Actos_Resoluciones_Terceros/Ordenanzas/2023/356.pdf,https://transparencia.hualane.cl/index.php?action=plantillas_selec_fecha&ig=683,c5ce4d4affb8a7142a409bd795266a34d5fd5936965b8f2c17d7b0f26a8bb0db,
Hualañé,07,Maule,Municipalidad,735,2026-01-01,Ordenanza Municipal de HUALAÑÉ — 735,Normativa General y Otras Materias,https://www.hualane.cl/TA_IGTA/07_Actos_Resoluciones_Terceros/Ordenanzas/2023/735.pdf,https://transparencia.hualane.cl/index.php?action=plantillas_selec_fecha&ig=683,8174619a983a6499b89beb07b4756795945fd6b184312305287831bb7570ed29,
Hualañé,07,Maule,Municipalidad,1264,2026-01-01,Ordenanza Municipal de HUALAÑÉ — 1264,Normativa General y Otras Materias,https://www.hualane.cl/TA_IGTA/07_Actos_Resoluciones_Terceros/Ordenanzas/2024/1264.pdf,https://transparencia.hualane.cl/index.php?action=plantillas_selec_fecha&ig=683,160a4c85d6664031b7a7e2550ae3eeb06de481c7b919176e9faafccb25159b4c,
Hualañé,07,Maule,Municipalidad,1516,2026-01-01,Ordenanza Municipal de HUALAÑÉ — 1516,Normativa General y Otras Materias,https://www.hualane.cl/TA_IGTA/07_Actos_Resoluciones_Terceros/Ordenanzas/2024/1516.pdf,https://transparencia.hualane.cl/index.php?action=plantillas_selec_fecha&ig=683,bca5f665b9eaceb0f2c5f2bee5d36afcebbb449ff326de2bedc652c4b77139e2,
Hualañé,07,Maule,Municipalidad,343,2026-01-01,Ordenanza Municipal de HUALAÑÉ — 343,Normativa General y Otras Materias,https://www.hualane.cl/TA_IGTA/07_Actos_Resoluciones_Terceros/Ordenanzas/2024/343.pdf,https://transparencia.hualane.cl/index.php?action=plantillas_selec_fecha&ig=683,fbf6707585f2dea95465471596ea9bd32f5b06c530c28c85c0a9e52778bdc519,
Hualañé,07,Maule,Municipalidad,1841,2026-01-01,Ordenanza Municipal de HUALAÑÉ — 1841,Normativa General y Otras Materias,https://www.hualane.cl/TA_IGTA/07_Actos_Resoluciones_Terceros/Ordenanzas/2025/1841.pdf,https://transparencia.hualane.cl/index.php?action=plantillas_selec_fecha&ig=683,1bd72e4eef1271fa6cb15d6cb42cda354c9a36e84c20a2bf6b5f062785cedd74,
Hualañé,07,Maule,Municipalidad,1862,2026-01-01,Ordenanza Municipal de HUALAÑÉ — 1862,Normativa General y Otras Materias,https://www.hualane.cl/TA_IGTA/07_Actos_Resoluciones_Terceros/Ordenanzas/2025/1862.pdf,https://transparencia.hualane.cl/index.php?action=plantillas_selec_fecha&ig=683,5634b739efa7063eafe61f5b307d4c80d09c7a72f9770c911e5d6c0bdbe782a1,
Licantén,07,Maule,BCN,3,2005-01-04,"DICTA ORDENANZA SOBRE ZONIFICACION, EXIGENCIAS, HORARIOS, LIMITACIONES Y PERMISOS ESPECIALES, PARA EL FUNCIONAMIENTO DE LOS NEGOCIOS DE EXPENDIO DE BEBIDAS ALCOHOLICAS","Comercio, Alcoholes y Patentes",https://www.bcn.cl/leychile/navegar?idNorma=234266,,,https://datos.bcn.cl/recurso/cl/orz/municipalidad-de-licanten/2005-01-04/3/datos.json
Molina,07,Maule,BCN,3,2019-07-23,DICTA ORDENANZA MUNICIPAL SOBRE TRABAJOS EN BENEFICIO DE LA COMUNIDAD PARA CUMPLIR SENTENCIAS DICTADAS POR EL JUEZ DE POLICÍA LOCAL DE MOLINA,Normativa General y Otras Materias,https://www.bcn.cl/leychile/navegar?idNorma=1134173,,,https://datos.bcn.cl/recurso/cl/orz/municipalidad-de-molina/2019-07-23/3/datos.json
Rauco,07,Maule,BCN,1,2019-01-26,APRUEBA ORDENANZA SOBRE LA ENTREGA DE SUBVENCIONES MUNICIPALES DE LA COMUNA DE ARAUCO,"Salud, Deporte y Desarrollo Social",https://www.bcn.cl/leychile/navegar?idNorma=1128284,,,https://datos.bcn.cl/recurso/cl/orz/municipalidad-de-arauco/2019-01-26/1/datos.json
Rauco,07,Maule,BCN,791,2011-03-22,"SUSPENDE TRÁNSITO DE CAMIONES Y VEHÍCULOS, CON CARGA SUPERIOR A 15 TONELADAS, POR CALLES QUE INDICA, DE LA CIUDAD DE ARAUCO",Tránsito y Transporte,https://www.bcn.cl/leychile/navegar?idNorma=1023904,,,https://datos.bcn.cl/recurso/cl/orz/municipalidad-de-arauco/2011-03-22/791/datos.json
Rauco,07,Maule,BCN,s-n,2004-04-16,APRUEBA ORDENANZA SOBRE SUBVENCIONES MUNICIPALES,"Salud, Deporte y Desarrollo Social",https://www.bcn.cl/leychile/navegar?idNorma=223883,,,https://datos.bcn.cl/recurso/cl/orz/municipalidad-de-arauco/2004-04-16/s-n/datos.json
Rauco,07,Maule,BCN,240,1990-11-10,DICTA ORDENANZA SOBRE EL TRANSPORTE DE CARGA DENTRO DE LA COMUNA DE ARAUCO,Tránsito y Transporte,https://www.bcn.cl/leychile/navegar?idNorma=89595,,,https://datos.bcn.cl/recurso/cl/orz/municipalidad-de-arauco/1990-11-10/240/datos.json
Rauco,07,Maule,BCN,168,1990-10-01,"MODIFICA ORDENANZA NO. 237, DE 1986",Normativa General y Otras Materias,https://www.bcn.cl/leychile/navegar?idNorma=88439,,,https://datos.bcn.cl/recurso/cl/orz/municipalidad-de-arauco/1990-10-01/168/datos.json
Rauco,07,Maule,BCN,236,1986-10-07,DICTA ORDENANZA SOBRE PROHIBICION DE RUIDOS MOLESTOS,"Aseo, Ornato y Medio Ambiente",https://www.bcn.cl/leychile/navegar?idNorma=158722,,,https://datos.bcn.cl/recurso/cl/orz/municipalidad-de-arauco/1986-10-07/236/datos.json
Rauco,07,Maule,BCN,238,1986-10-07,DICTA ORDENANZA SOBRE LIMPIEZA DE LAS VIAS PUBLICAS,"Aseo, Ornato y Medio Ambiente",https://www.bcn.cl/leychile/navegar?idNorma=158727,,,https://datos.bcn.cl/recurso/cl/orz/municipalidad-de-arauco/1986-10-07/238/datos.json
Rauco,07,Maule,BCN,237,1986-10-04,DICTA ORDENANZA SOBRE COMERCIO AMBULANTE,"Comercio, Alcoholes y Patentes",https://www.bcn.cl/leychile/navegar?idNorma=157853,,,https://datos.bcn.cl/recurso/cl/orz/municipalidad-de-arauco/1986-10-04/237/datos.json
Rauco,07,Maule,BCN,244,1986-10-04,DICTA ORDENANZA SOBRE SALAS DE ENTRETENIMIENTOS,Normativa General y Otras Materias,https://www.bcn.cl/leychile/navegar?idNorma=157854,,,https://datos.bcn.cl/recurso/cl/orz/municipalidad-de-arauco/1986-10-04/244/datos.json
Romeral,07,Maule,Municipalidad,0422,2020-05-27,0422-DECEXT-922 COVID-19.pdf 0422-DECEXT-922 COVID-19.pdf 2020-05-27 16:00 228k,Normativa General y Otras Materias,https://www.muniromeral.cl/transparencia/ordenanzas/0422-DECEXT-922%20COVID-19.pdf,https://www.muniromeral.cl/transparencia/ordenanzas/,05a5615011cc6ab3ed5b2524985659302ff3d4b5f0d3149e89d91b9639d41d13,
Romeral,07,Maule,Municipalidad,52,2026-01-01,Ordenanza Municipal de ROMERAL — 52 ORDENANZA MUNICIPAL PARTICIPACION CIUDADANA,Normativa General y Otras Materias,https://www.muniromeral.cl/transparencia/ordenanzas/52%20ORDENANZA%20MUNICIPAL%20PARTICIPACION%20CIUDADANA.pdf,https://www.muniromeral.cl/transparencia/ordenanzas/,159e0d7e8b3c65d5271603e2db5bc813a2d688b23cecb9499f117e9e5f3f786a,
Romeral,07,Maule,Municipalidad,S/N,2018-06-08,ORDENANZA LOCAL SOBRE MEDIO AMBIENTE DEROGADA.pdf ORDENANZA LOCAL SOBRE MEDIO AMBIENTE DEROGADA.pdf 2018-06-08 11:55 51k,"Aseo, Ornato y Medio Ambiente",https://www.muniromeral.cl/transparencia/ordenanzas/ORDENANZA%20LOCAL%20SOBRE%20MEDIO%20AMBIENTE%20DEROGADA.pdf,https://www.muniromeral.cl/transparencia/ordenanzas/,3337fe598c1b51fe2beff778bb50d36fb33b6258c6ad975ef6140914ba254cb7,
Romeral,07,Maule,Municipalidad,S/N,2025-12-22,ORDENANZA_DERECHOS_MUNIROMERAL.pdf ORDENANZA_DERECHOS_MUNIROMERAL.pdf 2025-12-22 20:08 1626k,Derechos Municipales y Tarifas,https://www.muniromeral.cl/transparencia/ordenanzas/ORDENANZA_DERECHOS_MUNIROMERAL.pdf,https://www.muniromeral.cl/transparencia/ordenanzas/,73c5151960146543ab046752570568a4db2629e97df2411ed4bffc039e247c75,
Romeral,07,Maule,Municipalidad,S/N,2026-01-01,Ordenanza Municipal de ROMERAL — ORDENANZA SOBRE LUMINARIAS EN LA COMUNA DE ROMERAL,Normativa General y Otras Materias,https://www.muniromeral.cl/transparencia/ordenanzas/ORDENANZA_SOBRE_LUMINARIAS_EN_LA_COMUNA_DE_ROMERAL.pdf,https://www.muniromeral.cl/transparencia/ordenanzas/,6892ce5c6525321a184728d4e20c195c258708af2fce743ce6ba92655e8c9eea,
Romeral,07,Maule,Municipalidad,S/N,2026-02-25,ORDESTADIO_DecretoExento3049.pdf ORDESTADIO_DecretoExento3049.pdf 2026-02-25 14:58 384k,Normativa General y Otras Materias,https://www.muniromeral.cl/transparencia/ordenanzas/ORDESTADIO_DecretoExento3049.pdf,https://www.muniromeral.cl/transparencia/ordenanzas/,47c8297e3033b61d2174f2d5026b9e264d25aeff6ffd4c15583cdd5282e8e63a,
Romeral,07,Maule,Municipalidad,S/N,2020-11-02,ORD_MED_AMB_DEXE_2207.pdf ORD_MED_AMB_DEXE_2207.pdf 2020-11-02 15:29 1783k,Normativa General y Otras Materias,https://www.muniromeral.cl/transparencia/ordenanzas/ORD_MED_AMB_DEXE_2207.pdf,https://www.muniromeral.cl/transparencia/ordenanzas/,540b4f2919aadc8b48aecf8bdd33d549ed0101b46ef54e22809579a308f2afcf,
Romeral,07,Maule,Municipalidad,S/N,2026-08-12,Ordenanza Mercado Municipal DEC EX 0329.pdf Ordenanza Mercado Municipal DEC EX 0329.pdf 2026-08-12 20:36 2260k,Normativa General y Otras Materias,https://www.muniromeral.cl/transparencia/ordenanzas/Ordenanza%20Mercado%20Municipal%20DEC%20EX%200329.pdf,https://www.muniromeral.cl/transparencia/ordenanzas/,0eeeb9f28889ee51de4f7cda55a92a4ec400cd07568ba574c99000f095eef84a,
Romeral,07,Maule,Municipalidad,S/N,2024-11-07,Ordenanza Tarjeta Binacional.pdf Ordenanza Tarjeta Binacional.pdf 2024-11-07 16:00 1239k,Normativa General y Otras Materias,https://www.muniromeral.cl/transparencia/ordenanzas/Ordenanza%20Tarjeta%20Binacional.pdf,https://www.muniromeral.cl/transparencia/ordenanzas/,fb93f469ba4f46595c9d994728dce6a997bd5d461c670cceb38e6d5ecd9dada9,
Romeral,07,Maule,Municipalidad,S/N,2022-10-13,Ordenanza_Parque_Pumaitén.pdf Ordenanza_Parque_Pumaitén.pdf 2022-10-13 13:45 1494k,Normativa General y Otras Materias,https://www.muniromeral.cl/transparencia/ordenanzas/Ordenanza_Parque_Pumait%C3%A9n.pdf,https://www.muniromeral.cl/transparencia/ordenanzas/,429c9394559f767860bd1fb4392c9e88cf558c95fa2a87cc28f9d986dc259129,
Romeral,07,Maule,Municipalidad,S/N,2022-04-25,Ordenanza_Patio_de_Artesanos.pdf Ordenanza_Patio_de_Artesanos.pdf 2022-04-25 18:58 1394k,Normativa General y Otras Materias,https://www.muniromeral.cl/transparencia/ordenanzas/Ordenanza_Patio_de_Artesanos.pdf,https://www.muniromeral.cl/transparencia/ordenanzas/,042da309bff6dd525cdf712fd2ae8bfaeb882ce276852219df41167dde2033d5,
Romeral,07,Maule,Municipalidad,S/N,2023-04-17,Ordenanza_Residencia_Estudiantil.pdf Ordenanza_Residencia_Estudiantil.pdf 2023-04-17 19:19 366k,Normativa General y Otras Materias,https://www.muniromeral.cl/transparencia/ordenanzas/Ordenanza_Residencia_Estudiantil.pdf,https://www.muniromeral.cl/transparencia/ordenanzas/,4a031b7c6682b371238c60e40345b8a0801508a69fe983bdce91f8a0a4a9ad3e,
Romeral,07,Maule,Municipalidad,S/N,2024-10-11,Ordenanza_de_Artesania2024.pdf Ordenanza_de_Artesania2024.pdf 2024-10-11 14:28 2050k,Normativa General y Otras Materias,https://www.muniromeral.cl/transparencia/ordenanzas/Ordenanza_de_Artesania2024.pdf,https://www.muniromeral.cl/transparencia/ordenanzas/,d41ce1f5860cf076a52c72a0bc6b1375e8ce75103a12ac127dd537c8b426ab70,
Romeral,07,Maule,Municipalidad,S/N,2023-11-20,ordenanza_cierre_de_calles.pdf ordenanza_cierre_de_calles.pdf 2023-11-20 18:03 1838k,Normativa General y Otras Materias,https://www.muniromeral.cl/transparencia/ordenanzas/ordenanza_cierre_de_calles.pdf,https://www.muniromeral.cl/transparencia/ordenanzas/,4508407f8518eed86aad923526e70e4c7f435768648b3a9392c403c3a8b7c3d0,
Romeral,07,Maule,Municipalidad,S/N,2024-02-13,ordenanza_medio_ambiente2.pdf ordenanza_medio_ambiente2.pdf 2024-02-13 12:15 2065k,Normativa General y Otras Materias,https://www.muniromeral.cl/transparencia/ordenanzas/ordenanza_medio_ambiente2.pdf,https://www.muniromeral.cl/transparencia/ordenanzas/,9298961adec0bf5532f98f6da9ed8cfe1e3a5349afcee81891c0f2f35f798ca1,
Romeral,07,Maule,Municipalidad,S/N,2020-08-18,ordenanza_participacion_MOD_3361_2019.pdf ordenanza_participacion_MOD_3361_2019.pdf 2020-08-18 17:11 268k,Normativa General y Otras Materias,https://www.muniromeral.cl/transparencia/ordenanzas/ordenanza_participacion_MOD_3361_2019.pdf,https://www.muniromeral.cl/transparencia/ordenanzas/,7b173e7c2e632359bce397355827f69b54a8bc7845b6eaaee500154e4d1faa53,
Sagrada Familia,07,Maule,Municipalidad,1489,2026-01-01,Ordenanza Municipal de SAGRADA FAMILIA — D.A. N°1489 APRUEBA MODIFICACION ORDENANZA MUNICIPAL COBRO DE DERECHOS MUNICIPALES,Derechos Municipales y Tarifas,https://www.sagradafamilia.cl/wp-content/uploads/2025/10/D.A.-N%C2%B01489_APRUEBA-MODIFICACION-ORDENANZA-MUNICIPAL-COBRO-DE-DERECHOS-MUNICIPALES.pdf,https://www.sagradafamilia.cl/wp-content/uploads/2025/10/D.A.-N%C2%B01489_APRUEBA-MODIFICACION-ORDENANZA-MUNICIPAL-COBRO-DE-DERECHOS-MUNICIPALES.pdf,baf55349345f93c7f0c1f41776569f515d37a597a217e181ae332dd7dd08244d,
Teno,07,Maule,BCN,1,1993-06-11,MODIFICA ORDENANZA N° 1 DE 1982 SOBRE DERECHOS MUNICIPALES,Derechos Municipales y Tarifas,https://www.bcn.cl/leychile/navegar?idNorma=30879,,,https://datos.bcn.cl/recurso/cl/orz/municipalidad-de-teno/1993-06-11/1/datos.json
Vichuquén,07,Maule,Municipalidad,1,2026-01-01,Ordenanza Municipal de VICHUQUÉN — PROPUESTA ACTUALIZACION ORDENANZA MEDIOAMBIENTE M.VICHUQUEN AGO2026 1,"Aseo, Ornato y Medio Ambiente",https://www.munivichuquen.cl/wp-content/uploads/2026/08/PROPUESTA-ACTUALIZACION-ORDENANZA-MEDIOAMBIENTE-M.VICHUQUEN_AGO2026-1.pdf,https://www.munivichuquen.cl/propuesta-de-actualizacion-ordenanza-medio-ambiente-de-la-comuna-de-vichuquen-2/,a9eba81ee8786d305e01ef4ad1d6d9d11ac9cd68a43904b60e9f220af7bc946a,
Colbún,07,Maule,BCN,1,2007-09-05,APRUEBA LA ORDENANZA DE PROTECCION AMBIENTAL Y ZOOSANITARIA DE LA ACTIVIDAD APICOLA EN LA COMUNA DE COLBUN,Normativa General y Otras Materias,https://www.bcn.cl/leychile/navegar?idNorma=264433,,,https://datos.bcn.cl/recurso/cl/orz/municipalidad-de-colbun/2007-09-05/1/datos.json
Colbún,07,Maule,Municipalidad,S/N,2019-01-11,ordambcom.pdf ordambcom.pdf 2019-01-11 08:35 2.3M,Normativa General y Otras Materias,https://www.municipalidadcolbun.cl/transparencia/ordenanzas/ordambcom.pdf,https://www.municipalidadcolbun.cl/transparencia/ordenanzas/,23aec27d12f2d80cf36fbe9b4fb2422ca574eee70346047a7b49d5d5a6c96d99,
Colbún,07,Maule,Municipalidad,2,2023-01-27,2-20.pdf 2-20.pdf 2023-01-27 16:54 108K,Normativa General y Otras Materias,https://www.municipalidadcolbun.cl/ordenanzas/2-20.pdf,https://www.municipalidadcolbun.cl/ordenanzas/,b28fbbcc5878afd20b63ca3c5f93d9bd78855b94d21f58f349517cdbf0481a5c,
Colbún,07,Maule,Municipalidad,S/N,2023-01-27,covid19.pdf covid19.pdf 2023-01-27 16:54 101K,Normativa General y Otras Materias,https://www.municipalidadcolbun.cl/ordenanzas/covid19.pdf,https://www.municipalidadcolbun.cl/ordenanzas/,8e824f73cee6681e73a938746d89b276e10e0fe95fa8974b0bd2dd5df331e060,
Colbún,07,Maule,Municipalidad,2021,2023-01-27,dae1358-2021.pdf dae1358-2021.pdf 2023-01-27 16:54 510K,Normativa General y Otras Materias,https://www.municipalidadcolbun.cl/ordenanzas/dae1358-2021.pdf,https://www.municipalidadcolbun.cl/ordenanzas/,ede44bbf75214fed078ddcb730123aced1c52bde92b3e2a76cdf28a4f154f426,
Colbún,07,Maule,Municipalidad,2021-5215,2023-01-27,dae1639-2021.pdf dae1639-2021.pdf 2023-01-27 16:55 805K,Normativa General y Otras Materias,https://www.municipalidadcolbun.cl/ordenanzas/dae1639-2021.pdf,https://www.municipalidadcolbun.cl/ordenanzas/,5215f5b69fd8e3032783c7e111b9673d096be3fecb64d0ff9fe58241b44162ff,
Colbún,07,Maule,Municipalidad,2020,2023-01-27,dae2229-2020.pdf dae2229-2020.pdf 2023-01-27 16:54 471K,Normativa General y Otras Materias,https://www.municipalidadcolbun.cl/ordenanzas/dae2229-2020.pdf,https://www.municipalidadcolbun.cl/ordenanzas/,d79ce274e5896ea688e606ee9f6aed85dcfdd8a218da3efa11fe31feb0f64b2c,
Colbún,07,Maule,Municipalidad,2020-77df,2023-01-27,dae2238-2020.pdf dae2238-2020.pdf 2023-01-27 16:54 420K,Normativa General y Otras Materias,https://www.municipalidadcolbun.cl/ordenanzas/dae2238-2020.pdf,https://www.municipalidadcolbun.cl/ordenanzas/,77df989223b3ce76d9de0a9da06e14bb901e62188908273c4218266a7bcfe340,
Colbún,07,Maule,Municipalidad,2025,2025-10-30,dae2737-2025.pdf dae2737-2025.pdf 2025-10-30 15:53 188K,Normativa General y Otras Materias,https://www.municipalidadcolbun.cl/ordenanzas/dae2737-2025.pdf,https://www.municipalidadcolbun.cl/ordenanzas/,c9957472ad51e2942f7414312ee8d27e93aaa358ff700843bd2c6918fddb18f5,
Colbún,07,Maule,Municipalidad,2021-76c0,2023-01-27,dae399-2021.pdf dae399-2021.pdf 2023-01-27 16:54 622K,Normativa General y Otras Materias,https://www.municipalidadcolbun.cl/ordenanzas/dae399-2021.pdf,https://www.municipalidadcolbun.cl/ordenanzas/,76c0e891a8cf839c8ebbb4edc87efc6b9b1396d631dd78f2efc5b95d071e3ee7,
Colbún,07,Maule,Municipalidad,2021-a7cb,2023-01-27,dae464-2021.pdf dae464-2021.pdf 2023-01-27 16:54 627K,Normativa General y Otras Materias,https://www.municipalidadcolbun.cl/ordenanzas/dae464-2021.pdf,https://www.municipalidadcolbun.cl/ordenanzas/,a7cb054def2237077eaac40f431b2e707e9d622707e9f22c015ff52531022dee,
Colbún,07,Maule,Municipalidad,S/N-cbbb,2023-01-27,mascarilla.pdf mascarilla.pdf 2023-01-27 16:54 86K,Normativa General y Otras Materias,https://www.municipalidadcolbun.cl/ordenanzas/mascarilla.pdf,https://www.municipalidadcolbun.cl/ordenanzas/,cbbb69eeb078a910c5c9d67a3ffa7be003b7eb7738587898e51516fe7be60564,
Colbún,07,Maule,Municipalidad,2019,2023-01-27,ord1-2019.pdf ord1-2019.pdf 2023-01-27 16:55 1.3M,Normativa General y Otras Materias,https://www.municipalidadcolbun.cl/ordenanzas/ord1-2019.pdf,https://www.municipalidadcolbun.cl/ordenanzas/,7bd3197eafc9a989b663483023889b21cbe9d9a3684cc643965d7251da98cc04,
Colbún,07,Maule,Municipalidad,S/N-3753,2023-01-27,ord20200422.pdf ord20200422.pdf 2023-01-27 16:54 261K,Normativa General y Otras Materias,https://www.municipalidadcolbun.cl/ordenanzas/ord20200422.pdf,https://www.municipalidadcolbun.cl/ordenanzas/,3753d8609a144bb235262ff3967dbb3261e89de66fd62479d607ad70d3645141,
Colbún,07,Maule,Municipalidad,S/N-ec3a,2023-01-27,ordmascotas2021.pdf ordmascotas2021.pdf 2023-01-27 16:55 1.5M,Tenencia Responsable de Mascotas,https://www.municipalidadcolbun.cl/ordenanzas/ordmascotas2021.pdf,https://www.municipalidadcolbun.cl/ordenanzas/,ec3a17364e500977498228e27c7b1eea809c8c9fd3ab54328275ff18e94ca130,
Colbún,07,Maule,Municipalidad,S/N-4bbc,2023-01-27,ordmascotas2022.pdf ordmascotas2022.pdf 2023-01-27 16:54 172K,Tenencia Responsable de Mascotas,https://www.municipalidadcolbun.cl/ordenanzas/ordmascotas2022.pdf,https://www.municipalidadcolbun.cl/ordenanzas/,4bbc78b402a0f5f93755b9398fbf77b77b0db553175a11c76d97b4da7617db80,
Parral,07,Maule,BCN,2,2011-09-16,"ORDENANZA DERECHOS POR PERMISOS, CONCESIONES Y SERVICIOS SOBRE EL TEATRO MUNICIPAL DE PARRAL",Derechos Municipales y Tarifas,https://www.bcn.cl/leychile/navegar?idNorma=1030066,,,https://datos.bcn.cl/recurso/cl/orz/municipalidad-de-parral/2011-09-16/2/datos.json
Parral,07,Maule,BCN,2,2010-02-02,DICTA ORDENANZA SOBRE FERIAS LIBRES DE LA COMUNA DE PARRAL,"Comercio, Alcoholes y Patentes",https://www.bcn.cl/leychile/navegar?idNorma=1010657,,,https://datos.bcn.cl/recurso/cl/orz/municipalidad-de-parral/2010-02-02/2/datos.json
Parral,07,Maule,Municipalidad,07,2026-01-01,Ordenanza Municipal de PARRAL — Ordenanza 07,Normativa General y Otras Materias,https://www.transparencia.parral.cl/UserFiles/File/2025/Ordenanzas/Ordenanza_07.pdf,https://www.parral.cl/ordenanzas/,186f5e9a894474ecc2a1937f49bc3c7a3fd3fe1004e6d98d938172b8dc5e3678,
Parral,07,Maule,Municipalidad,01,2026-01-01,Ordenanza Municipal de PARRAL — Ordenanza 01,Normativa General y Otras Materias,https://www.transparencia.parral.cl/UserFiles/File/2026/Ordenanzas/Ordenanza_01.pdf,https://www.parral.cl/ordenanzas/,f24eb2c4895671db1976afb7353e7169d1cdfe7b5cb9539e465c742e3f34387a,
Parral,07,Maule,Municipalidad,02,2026-01-01,Ordenanza Municipal de PARRAL — Ordenanza 02,Normativa General y Otras Materias,https://www.transparencia.parral.cl/UserFiles/File/2026/Ordenanzas/Ordenanza_02.pdf,https://www.parral.cl/ordenanzas/,dd94f5756185ecd8224a370474261b793e3d7d3822a3b4733bcd024cbd47399a,
Parral,07,Maule,Municipalidad,03,2026-01-01,Ordenanza Municipal de PARRAL — Ordenanza 03,Normativa General y Otras Materias,https://www.transparencia.parral.cl/UserFiles/File/2026/Ordenanzas/Ordenanza_03.pdf,https://www.parral.cl/ordenanzas/,9b818129fefc9f67c0cad302fe9f34217708669ac2c979f3548fb1d49e26ae7e,
Parral,07,Maule,Municipalidad,04,2026-01-01,Ordenanza Municipal de PARRAL — Ordenanza 04,Normativa General y Otras Materias,https://www.transparencia.parral.cl/UserFiles/File/2026/Ordenanzas/Ordenanza_04.pdf,https://www.parral.cl/ordenanzas/,15203f760da9c890ac4dc450eb5ad37286070b516c2419823240117835f325a8,
Parral,07,Maule,Municipalidad,05,2026-01-01,Ordenanza Municipal de PARRAL — Ordenanza 05,Normativa General y Otras Materias,https://www.transparencia.parral.cl/UserFiles/File/2026/Ordenanzas/Ordenanza_05.pdf,https://www.parral.cl/ordenanzas/,a253bedb7c3f6bb1067a5ec9cb1b12f0c7bd16a55027cd6ec43498674c9ed191,
Retiro,07,Maule,Municipalidad,S/N,2026-01-01,Ordenanza Municipal de RETIRO — DECEX 1078 ORDENANZA TENENCIA RESPONSABLE MASCOTAS ANIMALES COMPAÑIA,Tenencia Responsable de Mascotas,https://retiro.cl/archivos_adjuntos/ordenanzas/DECEX_1078_ORDENANZA_TENENCIA_RESPONSABLE_MASCOTAS_ANIMALES_COMPA%C3%91IA.pdf,https://retiro.cl/archivos_adjuntos/ordenanzas/DECEX_1078_ORDENANZA_TENENCIA_RESPONSABLE_MASCOTAS_ANIMALES_COMPAÑIA.pdf,6320c17575f95925db8f8292858c441b23ae8cbc17428812eea9da7a2989e8cb,
Retiro,07,Maule,Municipalidad,S/N-1377,2026-01-01,Ordenanza Municipal de RETIRO — DEX 1005 ORDENANZA ASEO DOMICILIARIO,"Aseo, Ornato y Medio Ambiente",https://retiro.cl/archivos_adjuntos/ordenanzas/DEX_1005_ORDENANZA_ASEO_DOMICILIARIO.pdf,https://retiro.cl/archivos_adjuntos/ordenanzas/DEX_1005_ORDENANZA_ASEO_DOMICILIARIO.pdf,1377651070ab781caa36279b19a0e3c6f4d723256ab251d92bec74822335be49,
Retiro,07,Maule,Municipalidad,S/N-fd7d,2026-01-01,Ordenanza Municipal de RETIRO — ORDENANZA ASEO URBANO RURAL MOD,"Aseo, Ornato y Medio Ambiente",https://retiro.cl/archivos_adjuntos/ordenanzas/ORDENANZA-ASEO-URBANO-RURAL-MOD.pdf,https://retiro.cl/archivos_adjuntos/ordenanzas/ORDENANZA-ASEO-URBANO-RURAL-MOD.pdf,fd7d04b996284679a14f171c9de6ca623988c45abc6175dca2b8ea3e486238cf,
Retiro,07,Maule,Municipalidad,S/N-6bc2,2026-01-01,Ordenanza Municipal de RETIRO — ORDENANZA CONDONACION MULTAS,Normativa General y Otras Materias,https://retiro.cl/archivos_adjuntos/ordenanzas/ORDENANZA_CONDONACION_MULTAS.pdf,https://retiro.cl/archivos_adjuntos/ordenanzas/ORDENANZA_CONDONACION_MULTAS.pdf,6bc247c20c02dce7ad61cfc63e0478c60a7f1b99aba47429fe3bcf9974ebeabf,
Retiro,07,Maule,Municipalidad,S/N-08bc,2026-01-01,Ordenanza Municipal de RETIRO — ORDENANZA LOCAL FUNCIONAMIENTO FERIAS LIBRES,"Patentes, Comercio y Alcoholes",https://retiro.cl/archivos_adjuntos/ordenanzas/ORDENANZA_LOCAL_FUNCIONAMIENTO_FERIAS_LIBRES.pdf,https://retiro.cl/archivos_adjuntos/ordenanzas/ORDENANZA_LOCAL_FUNCIONAMIENTO_FERIAS_LIBRES.pdf,08bc7d584345cc607058785e2155b0a1110d8c31e54c1499eeee26049ae00259,
Retiro,07,Maule,Municipalidad,S/N-7627,2026-01-01,Ordenanza Municipal de RETIRO — ORDENANZA LOCAL PERMISOS SERVICIOS,Derechos Municipales y Tarifas,https://retiro.cl/archivos_adjuntos/ordenanzas/ORDENANZA_LOCAL_PERMISOS_SERVICIOS.pdf,https://retiro.cl/archivos_adjuntos/ordenanzas/ORDENANZA_LOCAL_PERMISOS_SERVICIOS.pdf,76278dd98b0ad27452b87d360e504cc644bd2485395bded93e661a2204d38605,
Retiro,07,Maule,Municipalidad,S/N-ad4c,2026-01-01,Ordenanza Municipal de RETIRO — foodtruck,Normativa General y Otras Materias,https://retiro.cl/archivos_adjuntos/ordenanzas/foodtruck.pdf,https://retiro.cl/archivos_adjuntos/ordenanzas/foodtruck.pdf,ad4cf46ab34e5e5240f62cc6f2ab1dfd22126d875fa3f0198ef9ea3dfc9e3ff9,
Retiro,07,Maule,Municipalidad,2026,2024-01-01,Ordenanza Municipal de RETIRO — tarifa aseo 2024 2026,Derechos Municipales y Tarifas,https://retiro.cl/archivos_adjuntos/ordenanzas/tarifa_aseo_2024-2026.pdf,https://retiro.cl/archivos_adjuntos/ordenanzas/tarifa_aseo_2024-2026.pdf,25f11a656799a2793bebe5e0bba79b0a16c9393398431d232717400af0b00669,
San Javier,07,Maule,Municipalidad,2,2026-01-01,Ordenanza Municipal de SAN JAVIER — Ordenanza N°2 de tarifa de aseo 2026 2028,Derechos Municipales y Tarifas,https://imsanjavier.cl/wp-content/uploads/2026/01/Ordenanza-N%C2%B02-de-tarifa-de-aseo-2026-2028.pdf,https://imsanjavier.cl/ordenanzas-y-documentos/,d25d51842f23b5943518a536cdc8c94ac27f996ddae36c3d362eacd4b7fb886a,
San Javier,07,Maule,Municipalidad,3,2026-01-01,Ordenanza Municipal de SAN JAVIER — Ordenanza N°3 tarifa de aseo 2026,Derechos Municipales y Tarifas,https://imsanjavier.cl/wp-content/uploads/2026/01/Ordenanza-N%C2%B03-tarifa-de-aseo-2026.pdf,https://imsanjavier.cl/ordenanzas-y-documentos/,6a778dd5166d8b58282dd3045d8608eabbfa3d4f9fa138272f2e67cbd80ea6f6,
San Javier,07,Maule,Municipalidad,4,2026-01-01,Ordenanza Municipal de SAN JAVIER — Ordenanza N°4 de derechos de aseo,Derechos Municipales y Tarifas,https://imsanjavier.cl/wp-content/uploads/2026/01/Ordenanza-N%C2%B04-de-derechos-de-aseo.pdf,https://imsanjavier.cl/ordenanzas-y-documentos/,aa65555d3b6626be502ecc490cdc31b64aeacd19d8c956eaf5251500f1e7a71e,
Villa Alegre,07,Maule,Municipalidad,S/N,2020-01-01,Ordenanza Municipal de VILLA ALEGRE — ROLREAVALUO AGR 07309 2020 AGRÍCOLA,Normativa General y Otras Materias,https://villalegre.cl/wp-content/uploads/2020/04/ROLREAVALUO_AGR-07309_2020-AGR%C3%8DCOLA.pdf,https://villalegre.cl/ordenanza-que-amplia-cobertura-de-apoyo-economico-a-estudiantes-de-la-educacion-superior/,2e38891c4bdd9ec7a99e8938e9beb2011a1da49381e56e2f6a4ca1b519f919b3,
Villa Alegre,07,Maule,Municipalidad,S/N,2023-01-01,Ordenanza Municipal de VILLA ALEGRE — ROLREAVALUO SNE 07309 2023,Normativa General y Otras Materias,https://villalegre.cl/wp-content/uploads/2023/04/ROLREAVALUO_SNE-07309_2023.pdf,https://villalegre.cl/ordenanza-que-amplia-cobertura-de-apoyo-economico-a-estudiantes-de-la-educacion-superior/,ae0605c0932ffdac4ddaf9ebc4b4fb8e07d930c65bf6d780ee1d3d11d07dcb57,
Villa Alegre,07,Maule,Municipalidad,S/N,2026-01-01,Ordenanza Municipal de VILLA ALEGRE — doc 265650,Normativa General y Otras Materias,https://villalegre.cl/wp-content/uploads/2026/05/doc_265650.pdf,https://villalegre.cl/ordenanza-que-amplia-cobertura-de-apoyo-economico-a-estudiantes-de-la-educacion-superior/,67552d5a2cbac2da50589e684d6c44c81b8c7dc4e6b4424a10be56624c25eb89,
Yerbas Buenas,07,Maule,BCN,s-n,2004-02-24,ORDENANZA SOBRE SUBVENCIONES MUNICIPALES,"Salud, Deporte y Desarrollo Social",https://www.bcn.cl/leychile/navegar?idNorma=221620,,,https://datos.bcn.cl/recurso/cl/orz/municipalidad-de-yerbas-buenas/2004-02-24/s-n/datos.json
Chillán,16,Ñuble,BCN,1,1995-01-26,"DICTA ORDENANZA SOBRE DERECHOS MUNICIPALES POR CONCESIONES, PERMISOS O SERVICIOS",Derechos Municipales y Tarifas,https://www.bcn.cl/leychile/navegar?idNorma=30896,,,https://datos.bcn.cl/recurso/cl/orz/municipalidad-de-chillan/1995-01-26/1/datos.json
Cobquecura,16,Ñuble,Municipalidad,S/N,2026-01-01,Ver Bases Ver Bases,"Aseo, Ornato y Medio Ambiente",https://municipalidadcobquecura.cl/wp-content/uploads/2026/04/Ordenanza-de-ProtecciA%C2%B3n-de-Humedales-Urbanos-en-Cobquecura.pdf,https://municipalidadcobquecura.cl/ordenanzas-municipales/,e262cef42c9a38ce6b632e67ed978e5f4fa8b508562bce4c1ea22533cecd740f,
Cobquecura,16,Ñuble,Municipalidad,2662,2026-01-01,Ver Bases,Normativa General y Otras Materias,https://municipalidadcobquecura.cl/wp-content/uploads/2026/04/OM-Decreto-Alcaldicio-N%C2%B0-2662.pdf,https://www.municipalidadcobquecura.cl/ordenanzas/,edf7bf4cb2ea5790823bebc18a1807051d4f9cfa005a6a40cfd1a9e4634e9e3a,
Cobquecura,16,Ñuble,Municipalidad,4107,2026-01-01,Ver Bases,Normativa General y Otras Materias,https://municipalidadcobquecura.cl/wp-content/uploads/2026/04/OM-Decreto-Alcaldicio-N%C2%B0-4107.pdf,https://www.municipalidadcobquecura.cl/ordenanzas/,2a5c66d723390598981ed3f3d15e808a5fa15ff02bf54794f366c79d023f8d85,
Cobquecura,16,Ñuble,Municipalidad,4106,2026-01-01,Ver Bases,Normativa General y Otras Materias,https://municipalidadcobquecura.cl/wp-content/uploads/2026/04/OM-Decreto-Alcaldicio-N%C2%B0-4106.pdf,https://www.municipalidadcobquecura.cl/ordenanzas/,a5edd4207d85d89f20aba5dfab459c21b6937e9840e03d6ff7d6732c75f71ee7,
Cobquecura,16,Ñuble,Municipalidad,2086,2086-01-01,Ver Bases,Normativa General y Otras Materias,https://municipalidadcobquecura.cl/wp-content/uploads/2026/04/OM-Decreto-Alcaldicio-N%C2%B0-2086.pdf,https://www.municipalidadcobquecura.cl/ordenanzas/,8d879bbd26dcd7d22b39b94de357a2b1fd863768921c904462bae912e5c198f7,
Cobquecura,16,Ñuble,Municipalidad,748,2026-01-01,Ver Bases,Normativa General y Otras Materias,https://municipalidadcobquecura.cl/wp-content/uploads/2026/04/OM-Decreto-Alcaldicio-N%C2%B0-748.pdf,https://www.municipalidadcobquecura.cl/ordenanzas/,a439338eba426e498d74e6b6d1cdae26f1db4da792522c950a164b866d9334e5,
Cobquecura,16,Ñuble,Municipalidad,6882,2026-01-01,Ver Bases,Normativa General y Otras Materias,https://municipalidadcobquecura.cl/wp-content/uploads/2026/04/OM-Decreto-Alcaldicio-N%C2%B0-6882.pdf,https://www.municipalidadcobquecura.cl/ordenanzas/,99317315639e3645d264b42ed8c96d9cb139384dfc6dd3c75ccc136b2a5f1602,
Cobquecura,16,Ñuble,Municipalidad,6099,2026-01-01,Ver Bases,Normativa General y Otras Materias,https://municipalidadcobquecura.cl/wp-content/uploads/2026/04/OM-Decreto-Alcaldicio-N%C2%B0-6099.pdf,https://www.municipalidadcobquecura.cl/ordenanzas/,692bb8814d64d8feb6819fe33bbaaa3f6063d333203ea8415abd9a2cdf90eda5,
Cobquecura,16,Ñuble,Municipalidad,4336,2026-01-01,Ver Bases,Normativa General y Otras Materias,https://municipalidadcobquecura.cl/wp-content/uploads/2026/04/OM-Decreto-Alcadicio-N%C2%B0-4336.pdf,https://www.municipalidadcobquecura.cl/ordenanzas/,d65916e40d3818e86fd38d9fed50cac1610455958ea8d32a894d5bb55cc80597,
Cobquecura,16,Ñuble,Municipalidad,395,2026-01-01,Ver Bases,Normativa General y Otras Materias,https://municipalidadcobquecura.cl/wp-content/uploads/2026/04/OM-Decreto-Alcaldicio-N%C2%B0-395.pdf,https://www.municipalidadcobquecura.cl/ordenanzas/,5cafbfa90b60daa4530b411efd2275a950ccf1bb195a0d377a96a3f0d115bcd6,
Coelemu,16,Ñuble,BCN,731,2002-12-31,"DICTA ORDENANZA LOCAL SOBRE DERECHOS MUNICIPALES, POR CONCESIONES, PERMISOS Y SERVICIOS",Derechos Municipales y Tarifas,https://www.bcn.cl/leychile/navegar?idNorma=206567,,,https://datos.bcn.cl/recurso/cl/orz/municipalidad-de-coelemu/2002-12-31/731/datos.json
Coelemu,16,Ñuble,BCN,28,2000-02-10,ORDENANZA MUNICIPAL SOBRE PATENTES DE ALCOHOLES Y HORARIOS DE FUNCIONAMIENTO DE ESTABLECIMIENTOS DE EXPENDIO DE BEBIDAS ALCOHOLICAS,"Comercio, Alcoholes y Patentes",https://www.bcn.cl/leychile/navegar?idNorma=155732,,,https://datos.bcn.cl/recurso/cl/orz/municipalidad-de-coelemu/2000-02-10/28/datos.json
Coihueco,16,Ñuble,Municipalidad,1383,2026-01-01,Ordenanza Municipal de COIHUECO — Dto. N° 1383 Aprueba Ordenanza Incendios Forestales,Normativa General y Otras Materias,https://municoihueco.cl/Inicio/wp-content/uploads/2024/02/Dto.-N%C2%B0-1383-Aprueba-Ordenanza-Incendios-Forestales.pdf,https://municoihueco.cl/Inicio/ordenanzas-municipales/,8aa0718696864be9c70d691ef2405881e91dc6431c5b8b0f4ac203cd23454fa0,
Coihueco,16,Ñuble,Municipalidad,S/N,2025-01-01,Ordenanza Municipal de COIHUECO — Ordenanza Sobre Utilizacion Espacios Uso Publico 2025,Normativa General y Otras Materias,https://municoihueco.cl/Inicio/wp-content/uploads/2025/09/Ordenanza-Sobre-Utilizacion-Espacios-Uso-Publico_2025.pdf,https://municoihueco.cl/Inicio/ordenanzas-municipales/,13c7cc8ef485a2b954d3166305f6ce283b31565ca1549a70edd85b0782993baa,
Coihueco,16,Ñuble,Municipalidad,S/N,2026-01-01,Ordenanza Municipal de COIHUECO — ordenanzas becas,Normativa General y Otras Materias,https://municoihueco.cl/Inicio/wp-content/uploads/2026/04/ordenanzas-becas.pdf,https://municoihueco.cl/Inicio/ordenanzas-municipales/,50cdb76d96bac14e4efa3bf31afb69f9562165de2556e146552c444c053d7ece,
Coihueco,16,Ñuble,Municipalidad,2025,2025-01-01,Ordenanza Municipal de COIHUECO — ORDENANZA BECA CULTURAL 2025,Normativa General y Otras Materias,https://municoihueco.cl/Inicio/wp-content/uploads/2026/05/ORDENANZA-BECA-CULTURAL-2025.pdf,https://municoihueco.cl/Inicio/ordenanzas-municipales/,e2facab784119e9b6f3d91fb2a3c9f8404ba689108e2b9ca3d61256f934aa6d2,
Chillán Viejo,16,Ñuble,BCN,1,1995-01-26,"DICTA ORDENANZA SOBRE DERECHOS MUNICIPALES POR CONCESIONES, PERMISOS O SERVICIOS",Derechos Municipales y Tarifas,https://www.bcn.cl/leychile/navegar?idNorma=30896,,,https://datos.bcn.cl/recurso/cl/orz/municipalidad-de-chillan/1995-01-26/1/datos.json
El Carmen,16,Ñuble,BCN,859,2002-01-08,MODIFICA ORDENANZA MUNICIPAL DEL COMERCIO NO ESTABLECIDO DE LA COMUNA,"Comercio, Alcoholes y Patentes",https://www.bcn.cl/leychile/navegar?idNorma=193396,,,https://datos.bcn.cl/recurso/cl/orz/municipalidad-de-el-carmen/2002-01-08/859/datos.json
El Carmen,16,Ñuble,BCN,2,1989-08-12,DICTA ORDENANZA DE ASEO Y ORNATO DE LA COMUNA DE ALTO DEL CARMEN,"Aseo, Ornato y Medio Ambiente",https://www.bcn.cl/leychile/navegar?idNorma=207828,,,https://datos.bcn.cl/recurso/cl/orz/municipalidad-de-alto-del-carmen/1989-08-12/2/datos.json
El Carmen,16,Ñuble,Municipalidad,20,2026-01-01,Ordenanza Municipal de EL CARMEN — D.A  240 Ordenanza sobre Ruidos Molestos,Seguridad Ciudadana y Convivencia,https://drive.municipalidadelcarmen.cl/municipal/pagina%20web/D.A%20%20240%20Ordenanza%20sobre%20Ruidos%20Molestos.pdf,https://drive.municipalidadelcarmen.cl/municipal/pagina%20web/D.A%20%20240%20Ordenanza%20sobre%20Ruidos%20Molestos.pdf,30ff15e59a4dd9ae43c899f8f50a9ec49e5bb3d5a7228ee983813af101849367,
El Carmen,16,Ñuble,Municipalidad,S/N,2026-01-01,Ordenanza Municipal de EL CARMEN — BASES CONCURSO FOTOGRAFIA 2026,Normativa General y Otras Materias,https://drive.municipalidadelcarmen.cl/municipal/pagina%20web/BASES_CONCURSO_FOTOGRAFIA_2026.pdf,https://portal.municipalidadelcarmen.cl/ordenanza-sobre-proteccion-y-tenencia-responsable-de-mascotas-y-animales-de-compania/,e2ce50e772020b1e1569a98f0b75f7d97ecaaaa99c4457929425028bb131a7cf,
El Carmen,16,Ñuble,Municipalidad,S/N-77ee,2026-01-01,Ordenanza Municipal de EL CARMEN — Codigo de Etica RR.HH 2026,Normativa General y Otras Materias,https://drive.municipalidadelcarmen.cl/municipal/pagina%20web/Codigo_de_Etica_RR.HH%202026.pdf,https://portal.municipalidadelcarmen.cl/ordenanza-sobre-proteccion-y-tenencia-responsable-de-mascotas-y-animales-de-compania/,77ee9aa10baec1048d8c7fbd1026d30929c6f43f8890e3486d41f5943c058758,
El Carmen,16,Ñuble,Municipalidad,20-6130,2026-01-01,Ordenanza Municipal de EL CARMEN — Cuenta pública Final,Normativa General y Otras Materias,https://drive.municipalidadelcarmen.cl/municipal/pagina%20web/Cuenta%20p%C3%BAblica%20Final%20.pdf,https://portal.municipalidadelcarmen.cl/ordenanza-sobre-proteccion-y-tenencia-responsable-de-mascotas-y-animales-de-compania/,613050808718ef50996c6fbfd4d7cefccf6a105eaac691a7d2b1e009fe6f7d8a,
El Carmen,16,Ñuble,Municipalidad,2026,2026-01-01,Ordenanza Municipal de EL CARMEN — GUIA BENEFICIOS OFICINA DE LA JUVENTUD EL CARMEN 2026,Normativa General y Otras Materias,https://drive.municipalidadelcarmen.cl/municipal/pagina%20web/GUIA%20BENEFICIOS%20OFICINA%20DE%20LA%20JUVENTUD%20EL%20CARMEN%202026.pdf,https://portal.municipalidadelcarmen.cl/ordenanza-sobre-proteccion-y-tenencia-responsable-de-mascotas-y-animales-de-compania/,410adbe6adefdc2719c27346fb1b27890ce78ee6c4956d8cb5b6239c8f6befea,
El Carmen,16,Ñuble,Municipalidad,S/N-70c6,2026-01-01,Ordenanza Municipal de EL CARMEN — Guía de fondos concursables,Normativa General y Otras Materias,https://drive.municipalidadelcarmen.cl/municipal/pagina%20web/Gu%C3%ADa%20de%20fondos%20concursables.pdf,https://portal.municipalidadelcarmen.cl/ordenanza-sobre-proteccion-y-tenencia-responsable-de-mascotas-y-animales-de-compania/,70c6f5ed00ed52d60e11e6e9046dd55cf4fc4695d85491054a6e43f56d9f04a4,
El Carmen,16,Ñuble,Municipalidad,S/N-d094,2026-01-01,Ordenanza Municipal de EL CARMEN — NÓMINA BENEFICIARIOS BECA SOCIAL MUNICIPAL 2026 PRIMER SEMESTRE,Normativa General y Otras Materias,https://drive.municipalidadelcarmen.cl/municipal/pagina%20web/N%C3%93MINA%20BENEFICIARIOS%20BECA%20SOCIAL%20MUNICIPAL%202026%20PRIMER%20SEMESTRE.pdf,https://portal.municipalidadelcarmen.cl/ordenanza-sobre-proteccion-y-tenencia-responsable-de-mascotas-y-animales-de-compania/,d094f300d05de9b794120e1e535919fc175bc4625b1a7e1938b44235ddd13b9e,
El Carmen,16,Ñuble,Municipalidad,434,2026-01-01,Ordenanza Municipal de EL CARMEN — OR. N° 434 A SENADIS,Normativa General y Otras Materias,https://drive.municipalidadelcarmen.cl/municipal/pagina%20web/OR.%20N%C2%B0%20434%20A%20SENADIS.pdf,https://portal.municipalidadelcarmen.cl/ordenanza-sobre-proteccion-y-tenencia-responsable-de-mascotas-y-animales-de-compania/,eea8cfebb35539fddcce55fd7406ced769a901925ab3fc2c1eea5a7a30d5af37,
El Carmen,16,Ñuble,Municipalidad,11,2026-01-01,Ordenanza Municipal de EL CARMEN — PADEM 2026 ELCARMEN FINAL 25.11.25,Normativa General y Otras Materias,https://drive.municipalidadelcarmen.cl/municipal/pagina%20web/PADEM%202026_ELCARMEN_FINAL_25.11.25.pdf,https://portal.municipalidadelcarmen.cl/ordenanza-sobre-proteccion-y-tenencia-responsable-de-mascotas-y-animales-de-compania/,f8ee317aefd080d2f238bfbbf60da685b5a1209227d60f653f406e41767b0106,
El Carmen,16,Ñuble,Municipalidad,S/N-7ddb,2026-01-01,Ordenanza Municipal de EL CARMEN — PCSP EL CARMEN PDF,Normativa General y Otras Materias,https://drive.municipalidadelcarmen.cl/municipal/pagina%20web/PCSP%20EL%20CARMEN%20PDF.pdf,https://portal.municipalidadelcarmen.cl/ordenanza-sobre-proteccion-y-tenencia-responsable-de-mascotas-y-animales-de-compania/,7ddb3c26953e4dde59e9ae97a83161a9ba5dc76ddf8f4ee6d957f6f70dedec7f,
El Carmen,16,Ñuble,Municipalidad,S/N-f2c2,2026-01-01,Ordenanza Municipal de EL CARMEN — PLADECO 2026,Normativa General y Otras Materias,https://drive.municipalidadelcarmen.cl/municipal/pagina%20web/PLADECO%202026.pdf,https://portal.municipalidadelcarmen.cl/ordenanza-sobre-proteccion-y-tenencia-responsable-de-mascotas-y-animales-de-compania/,f2c24e01fee5d05ac4af9e410daca061d96dd4664eb77cda3f7ea284a513d19d,
El Carmen,16,Ñuble,Municipalidad,S/N-12e9,2026-01-01,Ordenanza Municipal de EL CARMEN — Prohibición de tránsito,Normativa General y Otras Materias,https://drive.municipalidadelcarmen.cl/municipal/pagina%20web/Prohibici%C3%B3n%20de%20tr%C3%A1nsito.pdf,https://portal.municipalidadelcarmen.cl/ordenanza-sobre-proteccion-y-tenencia-responsable-de-mascotas-y-animales-de-compania/,12e98e8867147214a5bdd63c92c2114ab68fb5d3886b1231b5ba2ebbd318ec0f,
El Carmen,16,Ñuble,Municipalidad,S/N,2025-01-01,Ordenanza Municipal de EL CARMEN — ROLREAVALUO SNE 08118 2025,Normativa General y Otras Materias,https://drive.municipalidadelcarmen.cl/municipal/pagina%20web/ROLREAVALUO_SNE-08118_2025.pdf,https://portal.municipalidadelcarmen.cl/ordenanza-sobre-proteccion-y-tenencia-responsable-de-mascotas-y-animales-de-compania/,64a2801ec0214b6dfa32036a4aba685eff21b3ba760896f991c4268620cf108c,
El Carmen,16,Ñuble,Municipalidad,S/N-3ebe,2026-01-01,Ordenanza Municipal de EL CARMEN — Resultados FiestaCHILE 2026,Normativa General y Otras Materias,https://drive.municipalidadelcarmen.cl/municipal/pagina%20web/Resultados_FiestaCHILE_2026.pdf,https://portal.municipalidadelcarmen.cl/ordenanza-sobre-proteccion-y-tenencia-responsable-de-mascotas-y-animales-de-compania/,3ebee40e82ecce165173173d58f5606a80949780f06affe4a089a4b03a1352be,
El Carmen,16,Ñuble,Municipalidad,S/N-ba09,2026-01-01,Ordenanza Municipal de EL CARMEN — convenio transporte escolar,Tránsito y Transporte,https://drive.municipalidadelcarmen.cl/municipal/pagina%20web/convenio%20transporte%20escolar.pdf,https://portal.municipalidadelcarmen.cl/ordenanza-sobre-proteccion-y-tenencia-responsable-de-mascotas-y-animales-de-compania/,ba091f865a93b1739391d4671b758a3248c29ba5b1399cd96aea47c72977bd2d,
Pemuco,16,Ñuble,BCN,1147,2004-07-07,DICTA ORDENANZA SOBRE REGISTRO DE PERSONAS JURIDICAS RECEPTORAS DE FONDOS PUBLICOS,Normativa General y Otras Materias,https://www.bcn.cl/leychile/navegar?idNorma=227289,,,https://datos.bcn.cl/recurso/cl/orz/municipalidad-de-pemuco/2004-07-07/1147/datos.json
Pemuco,16,Ñuble,Municipalidad,S/N,2026-01-01,Ordenanza Municipal de PEMUCO — d881,Normativa General y Otras Materias,https://www.munipemuco.cl/wp-content/themes/munipemuco/Ordenanza/d881.pdf,https://www.munipemuco.cl/wp-content/themes/munipemuco/Ordenanza/d881.pdf,0ffed8fbefd00e4b3f6a4dcd7877d8caae44ac942ffb255588a86684d813bf8d,
Pinto,16,Ñuble,BCN,2,2009-01-10,DICTA TEXTO REFUNDIDO DE ORDENANZA SOBRE DERECHOS MUNICIPALES,Derechos Municipales y Tarifas,https://www.bcn.cl/leychile/navegar?idNorma=284777,,,https://datos.bcn.cl/recurso/cl/orz/municipalidad-de-maria-pinto/2009-01-10/2/datos.json
Pinto,16,Ñuble,BCN,2,2008-08-13,ORDENANZA MUNICIPAL PARA LA GESTIÓN AMBIENTAL DE LA COMUNA DE MARÍA PINTO,Normativa General y Otras Materias,https://www.bcn.cl/leychile/navegar?idNorma=275936,,,https://datos.bcn.cl/recurso/cl/orz/municipalidad-de-maria-pinto/2008-08-13/2/datos.json
Pinto,16,Ñuble,BCN,1,2003-11-26,"DICTA ORDENANZA SOBRE ASEO, LIMPIEZA Y ORNATO COMUNAL","Aseo, Ornato y Medio Ambiente",https://www.bcn.cl/leychile/navegar?idNorma=217796,,,https://datos.bcn.cl/recurso/cl/orz/municipalidad-de-maria-pinto/2003-11-26/1/datos.json
Pinto,16,Ñuble,Municipalidad,S/N,2026-01-01,Ordenanza Municipal de PINTO — decreto alcaldicio municipal 5414,Normativa General y Otras Materias,https://www.municipalidaddepinto.cl/transparencia/decreto_alcaldicio_municipal_5414.pdf,https://www.municipalidaddepinto.cl/transparencia/,7195ee38ef1dcfed0acb65dadb50d7a8913136092cbb84a7e56606caeee1dae9,
Pinto,16,Ñuble,Municipalidad,3,2013-01-01,10-2013 ALCALDICIO MUNICIPAL Decreto Alcaldicio N° 3.951. Ordenanza Ambiental Comuna de Pinto,"Aseo, Ornato y Medio Ambiente",https://www.municipalidaddepinto.cl/transparencia/decreto_ordenanza_ambiental_pinto.pdf,https://www.municipalidaddepinto.cl/transparencia/,0377a1604679dc5209168f0b73d1e81215a21b0a213b30b5e5d9fbe376caab2c,
Pinto,16,Ñuble,Municipalidad,S/N-591b,2026-01-01,Ordenanza Municipal de PINTO — norma general participacion ciudadana,Normativa General y Otras Materias,https://www.municipalidaddepinto.cl/transparencia/norma_general_participacion_ciudadana.pdf,https://www.municipalidaddepinto.cl/transparencia/,591b3aeda6a395e31b1b3b472d678754f831ba4ac46968ce17617730d5d263d2,
Pinto,16,Ñuble,Municipalidad,S/N-473e,2026-01-01,Ordenanza Municipal de PINTO — ordenanza municipal participacion ciudadana,Normativa General y Otras Materias,https://www.municipalidaddepinto.cl/transparencia/ordenanza_municipal_participacion_ciudadana.pdf,https://www.municipalidaddepinto.cl/transparencia/,473ee879547ef9a278b08d168a7ef521473250801f43260bdc29058de58c213c,
Pinto,16,Ñuble,Municipalidad,S/N-0875,2026-01-01,Ordenanza Municipal de PINTO — reglamento consejo comunal organizaciones sociedad civil,Normativa General y Otras Materias,https://www.municipalidaddepinto.cl/transparencia/reglamento_consejo_comunal_organizaciones_sociedad_civil.pdf,https://www.municipalidaddepinto.cl/transparencia/,0875b0665870847d22aef0a96c87f1dd3f284586ce0c05ea34313fe59bef7ba3,
Quillón,16,Ñuble,BCN,s-n,1999-10-02,DICTA ORDENANZA SOBRE PARTICIPACION CIUDADANA,Organización y Régimen Interno,https://www.bcn.cl/leychile/navegar?idNorma=144607,,,https://datos.bcn.cl/recurso/cl/orz/municipalidad-de-quillon/1999-10-02/s-n/datos.json
Quillón,16,Ñuble,Municipalidad,S/N,2026-01-01,Ordenanza Municipal de QUILLÓN — anteproyecto ordenanza mascotas,Tenencia Responsable de Mascotas,https://home.quillon.cl/wp-content/uploads/2024/10/anteproyecto-ordenanza-mascotas.pdf,https://home.quillon.cl/documentos/anteproyecto-de-ordenanza-en-tenencia-responsable-de-mascotas/,289047ef5cc31c97a99462dc68fc9ff3cdf6e44a0931e4344ba4a485c68f280c,
Quillón,16,Ñuble,Municipalidad,S/N-8824,2026-01-01,Ordenanza Municipal de QUILLÓN — DAM 6250,Normativa General y Otras Materias,https://home.quillon.cl/wp-content/uploads/2024/11/DAM_6250.pdf,https://home.quillon.cl/documentos/anteproyecto-de-ordenanza-en-tenencia-responsable-de-mascotas/,8824e00ee7b3c109b01997ec3f874d0368378039da309aa23efcb0387ccf3aac,
Quillón,16,Ñuble,Municipalidad,S/N-9618,2026-01-01,Ordenanza Municipal de QUILLÓN — DAM 5402,Normativa General y Otras Materias,https://home.quillon.cl/wp-content/uploads/2025/11/DAM_5402.pdf,https://home.quillon.cl/documentos/anteproyecto-de-ordenanza-en-tenencia-responsable-de-mascotas/,9618c0442cb87e578a9da295745228cefd5eb253eaf84e391d8fc00d445ce179,
Ránquil,16,Ñuble,Municipalidad,4909,2026-01-01,Ordenanza Municipal Ránquil (Decreto4909 5003),Normativa General y Otras Materias,https://www.municipalidadranquil.cl/enlaces-home/2026/Decreto4909-5003.pdf,https://www.municipalidadranquil.cl,96ee6db6dabe904eae47888aa62e5127269baaa4662527d8d077fef229f755ac,
San Carlos,16,Ñuble,BCN,11,1993-11-29,"DICTA ORDENANZA LOCAL SOBRE DERECHOS MUNICIPALES POR CONCESIONES, PERMISOS Y SERVICIOS",Derechos Municipales y Tarifas,https://www.bcn.cl/leychile/navegar?idNorma=31032,,,https://datos.bcn.cl/recurso/cl/orz/municipalidad-de-san-carlos/1993-11-29/11/datos.json
San Carlos,16,Ñuble,BCN,10,1993-10-06,"DICTA ORDENANZA LOCAL SOBRE TRANSITO PUBLICO DE CAMIONES, LOCOMOCION COLECTIVA NO URBANA Y ESTACIONAMIENTO EN LA CIUDAD DE SAN CARLOS",Tránsito y Transporte,https://www.bcn.cl/leychile/navegar?idNorma=31031,,,https://datos.bcn.cl/recurso/cl/orz/municipalidad-de-san-carlos/1993-10-06/10/datos.json
San Carlos,16,Ñuble,BCN,7,1991-01-04,DICTA ORDENANZA SOBRE ENTRETENIMIENTOS ELECTRONICOS Y OTROS,Normativa General y Otras Materias,https://www.bcn.cl/leychile/navegar?idNorma=91240,,,https://datos.bcn.cl/recurso/cl/orz/municipalidad-de-san-carlos/1991-01-04/7/datos.json
San Carlos,16,Ñuble,BCN,8,1991-01-04,DICTA ORDENANZA SOBRE RUIDOS MOLESTOS,"Aseo, Ornato y Medio Ambiente",https://www.bcn.cl/leychile/navegar?idNorma=91243,,,https://datos.bcn.cl/recurso/cl/orz/municipalidad-de-san-carlos/1991-01-04/8/datos.json
San Carlos,16,Ñuble,BCN,6,1990-07-10,DICTA ORDENANZA PARA TERMINALES DE LOCOMOCION COLECTIVA NO URBANA EN LA COMUNA DE SAN CARLOS,"Urbanismo, Obras y Edificación",https://www.bcn.cl/leychile/navegar?idNorma=89362,,,https://datos.bcn.cl/recurso/cl/orz/municipalidad-de-san-carlos/1990-07-10/6/datos.json
San Fabián,16,Ñuble,BCN,1,1995-01-21,DICTA ORDENANZA LOCAL SOBRE DERECHOS MUNICIPALES,Derechos Municipales y Tarifas,https://www.bcn.cl/leychile/navegar?idNorma=30895,,,https://datos.bcn.cl/recurso/cl/orz/municipalidad-de-san-fabian/1995-01-21/1/datos.json
San Nicolás,16,Ñuble,Municipalidad,2663,2026-01-01,Ordenanza Municipal de SAN NICOLÁS — DA2010 2663,Normativa General y Otras Materias,https://www.municipalidadsannicolas.cl/transparencia/tmp/DA2010-2663.pdf,https://www.municipalidadsannicolas.cl/ordenanzas.php,3ad0f8950e2b0dbabb8478c838846ae9bb2383714f90bab320ce04e9cb6de19b,
San Nicolás,16,Ñuble,Municipalidad,1939,2026-01-01,Ordenanza Municipal de SAN NICOLÁS — DA2011 1939,Normativa General y Otras Materias,https://www.municipalidadsannicolas.cl/transparencia/tmp/DA2011-1939.pdf,https://www.municipalidadsannicolas.cl/ordenanzas.php,b9ae565fddcaff1f22038c5e97759bc882588abb0be6d33b3a41934b8b4edeed,
San Nicolás,16,Ñuble,Municipalidad,2114,2026-01-01,Ordenanza Municipal de SAN NICOLÁS — DA2011 2114,Normativa General y Otras Materias,https://www.municipalidadsannicolas.cl/transparencia/tmp/DA2011-2114.pdf,https://www.municipalidadsannicolas.cl/ordenanzas.php,616d58fcff6860b6b1514b35ac331ad7a47b5b8d30e601d9f0c50e3aa5b62d00,
San Nicolás,16,Ñuble,Municipalidad,3467,2026-01-01,Ordenanza Municipal de SAN NICOLÁS — DA2012 3467,Normativa General y Otras Materias,https://www.municipalidadsannicolas.cl/transparencia/tmp/DA2012-3467.pdf,https://www.municipalidadsannicolas.cl/ordenanzas.php,801b856c872f310b5a355861fc119df8d67103d95281247a82bc5797389a4ff9,
San Nicolás,16,Ñuble,Municipalidad,1040,2026-01-01,Ordenanza Municipal de SAN NICOLÁS — DA2013 1040,Normativa General y Otras Materias,https://www.municipalidadsannicolas.cl/transparencia/tmp/DA2013-1040.pdf,https://www.municipalidadsannicolas.cl/ordenanzas.php,9ee84ceb774e282f87efdf91c43008df0f5c94f6f6335cb6d5a1bafbcf3de89b,
San Nicolás,16,Ñuble,Municipalidad,3273,2026-01-01,Ordenanza Municipal de SAN NICOLÁS — DA2013 3273,Normativa General y Otras Materias,https://www.municipalidadsannicolas.cl/transparencia/tmp/DA2013-3273.pdf,https://www.municipalidadsannicolas.cl/ordenanzas.php,51f3237911a055b5e185f589cc5b826d7d8e64dcdff70d0fc9f501c6ba514b4b,
San Nicolás,16,Ñuble,Municipalidad,2303,2026-01-01,Ordenanza Municipal de SAN NICOLÁS — DA2014 2303,Normativa General y Otras Materias,https://www.municipalidadsannicolas.cl/transparencia/tmp/DA2014-2303.pdf,https://www.municipalidadsannicolas.cl/ordenanzas.php,a16e31158a653198adf4c1576c4dc5e83e29e9fda89919ae5fe9d5715e034c4e,
San Nicolás,16,Ñuble,Municipalidad,2846,2026-01-01,Ordenanza Municipal de SAN NICOLÁS — DA2014 2846,Normativa General y Otras Materias,https://www.municipalidadsannicolas.cl/transparencia/tmp/DA2014-2846.pdf,https://www.municipalidadsannicolas.cl/ordenanzas.php,65cfe48acff748a9226a55a30d7da6466f885365b81cd687c59c9cb7eab3e0dd,
San Nicolás,16,Ñuble,Municipalidad,2979,2026-01-01,Ordenanza Municipal de SAN NICOLÁS — DA2014 2979,Normativa General y Otras Materias,https://www.municipalidadsannicolas.cl/transparencia/tmp/DA2014-2979.pdf,https://www.municipalidadsannicolas.cl/ordenanzas.php,8fecf1c14a84f32cddea113172cacd0d1e8df0e12c63ed083112483f03a692be,
San Nicolás,16,Ñuble,Municipalidad,3469,2026-01-01,Ordenanza Municipal de SAN NICOLÁS — DA2014 3469,Normativa General y Otras Materias,https://www.municipalidadsannicolas.cl/transparencia/tmp/DA2014-3469.pdf,https://www.municipalidadsannicolas.cl/ordenanzas.php,82cb4ba2e312d37383390b4c02942dc0b305443c8af5aaac05f1d1a33f8e5968,
San Nicolás,16,Ñuble,Municipalidad,3470,2026-01-01,Ordenanza Municipal de SAN NICOLÁS — DA2014 3470,Normativa General y Otras Materias,https://www.municipalidadsannicolas.cl/transparencia/tmp/DA2014-3470.pdf,https://www.municipalidadsannicolas.cl/ordenanzas.php,92043713a8c7578de9714ad6f01d38bea006c8309757dc1a97e11b6a5f83d7ec,
San Nicolás,16,Ñuble,Municipalidad,3517,2026-01-01,Ordenanza Municipal de SAN NICOLÁS — DA2016 3517,Normativa General y Otras Materias,https://www.municipalidadsannicolas.cl/transparencia/tmp/DA2016-3517.pdf,https://www.municipalidadsannicolas.cl/ordenanzas.php,de92d6eaffcfed4659d6a61e5b092e8b287f2703dbf49a9cba3e6b9c56d2d295,
San Nicolás,16,Ñuble,Municipalidad,1537,2026-01-01,Ordenanza Municipal de SAN NICOLÁS — DA2017 1537,Normativa General y Otras Materias,https://www.municipalidadsannicolas.cl/transparencia/tmp/DA2017-1537.pdf,https://www.municipalidadsannicolas.cl/ordenanzas.php,9003af2193f5a92c5392237f2b0cdad12cc0e467fe750a6a1bc6b4eb50d9bf79,
San Nicolás,16,Ñuble,Municipalidad,2744,2026-01-01,Ordenanza Municipal de SAN NICOLÁS — DA2017 2744,Normativa General y Otras Materias,https://www.municipalidadsannicolas.cl/transparencia/tmp/DA2017-2744.pdf,https://www.municipalidadsannicolas.cl/ordenanzas.php,8d33f5a4bbbb577993878a89a872a34ad578a8ad82bb9392f336d29c33564ae9,
San Nicolás,16,Ñuble,Municipalidad,3189,2026-01-01,Ordenanza Municipal de SAN NICOLÁS — DA2017 3189,Normativa General y Otras Materias,https://www.municipalidadsannicolas.cl/transparencia/tmp/DA2017-3189.pdf,https://www.municipalidadsannicolas.cl/ordenanzas.php,a09f9a0756d40946cea87a72c880541070b5d31b55b9dc9994f5c638b89d75dc,
San Nicolás,16,Ñuble,Municipalidad,3190,2026-01-01,Ordenanza Municipal de SAN NICOLÁS — DA2017 3190,Normativa General y Otras Materias,https://www.municipalidadsannicolas.cl/transparencia/tmp/DA2017-3190.pdf,https://www.municipalidadsannicolas.cl/ordenanzas.php,2aa336eb1948a59240b1d4bed57536d63fbdfeaa53075d1ed136d236a84623a6,
San Nicolás,16,Ñuble,Municipalidad,2379,2026-01-01,Ordenanza Municipal de SAN NICOLÁS — DA2018 2379,Normativa General y Otras Materias,https://www.municipalidadsannicolas.cl/transparencia/tmp/DA2018-2379.pdf,https://www.municipalidadsannicolas.cl/ordenanzas.php,d8b67d0dedbe3f97a10397b01040f731a6e11faf5e32d233a4486897ca411046,
San Nicolás,16,Ñuble,Municipalidad,1342,2026-01-01,Ordenanza Municipal de SAN NICOLÁS — DA2019 1342,Normativa General y Otras Materias,https://www.municipalidadsannicolas.cl/transparencia/tmp/DA2019-1342.pdf,https://www.municipalidadsannicolas.cl/ordenanzas.php,0a1b592c4f245d7aadcce59fe3019cba1890b9454274c3febaa8043116fc09c3,
San Nicolás,16,Ñuble,Municipalidad,1226,2026-01-01,Ordenanza Municipal de SAN NICOLÁS — DA2020 1226,Normativa General y Otras Materias,https://www.municipalidadsannicolas.cl/transparencia/tmp/DA2020-1226.pdf,https://www.municipalidadsannicolas.cl/ordenanzas.php,91b011e74529a34810d7acb923e0df6ab099b00d9e775441f7fa55d4a647e883,
San Nicolás,16,Ñuble,Municipalidad,2098,2098-01-01,Ordenanza Municipal de SAN NICOLÁS — DA2020 2098,Normativa General y Otras Materias,https://www.municipalidadsannicolas.cl/transparencia/tmp/DA2020-2098.pdf,https://www.municipalidadsannicolas.cl/ordenanzas.php,bfcbc57070da072317e259ab63c87cca6ef31396721bae27c0ffc20df39c9f86,
San Nicolás,16,Ñuble,Municipalidad,2168,2026-01-01,Ordenanza Municipal de SAN NICOLÁS — DA2020 2168,Normativa General y Otras Materias,https://www.municipalidadsannicolas.cl/transparencia/tmp/DA2020-2168.pdf,https://www.municipalidadsannicolas.cl/ordenanzas.php,7b03e2c6d0536799e75a6bcce499e306a50a19bbc6eb53df091f1d858ffee48a,
San Nicolás,16,Ñuble,Municipalidad,2155,2026-01-01,Ordenanza Municipal de SAN NICOLÁS — DA2021 2155,Normativa General y Otras Materias,https://www.municipalidadsannicolas.cl/transparencia/tmp/DA2021-2155.pdf,https://www.municipalidadsannicolas.cl/ordenanzas.php,43ae0b357fdeccb7abf8d9be0980a6a27ddb4be157b05cc6fdebfbbd2e1e8f57,
San Nicolás,16,Ñuble,Municipalidad,4913,2026-01-01,Ordenanza Municipal de SAN NICOLÁS — DA2021 4913,Normativa General y Otras Materias,https://www.municipalidadsannicolas.cl/transparencia/tmp/DA2021-4913.pdf,https://www.municipalidadsannicolas.cl/ordenanzas.php,53af01694bdeb45baccad50d79e40f243a29d2601365bf56eea42c2faa05a0bf,
San Nicolás,16,Ñuble,Municipalidad,3271,2026-01-01,Ordenanza Municipal de SAN NICOLÁS — DA2022 3271,Normativa General y Otras Materias,https://www.municipalidadsannicolas.cl/transparencia/tmp/DA2022-3271.pdf,https://www.municipalidadsannicolas.cl/ordenanzas.php,847430ebd1994a0026295294c92a8f35d4d0bf9fb1a635b3fc472d7877371a0e,
San Nicolás,16,Ñuble,Municipalidad,4378,2026-01-01,Ordenanza Municipal de SAN NICOLÁS — DA2022 4378,Normativa General y Otras Materias,https://www.municipalidadsannicolas.cl/transparencia/tmp/DA2022-4378.pdf,https://www.municipalidadsannicolas.cl/ordenanzas.php,7d5041794a8250843b6cc091469ce3cf9406ad32bdd13cc033be5c9a92b222c0,
San Nicolás,16,Ñuble,Municipalidad,4959,2026-01-01,Ordenanza Municipal de SAN NICOLÁS — DA2022 4959,Normativa General y Otras Materias,https://www.municipalidadsannicolas.cl/transparencia/tmp/DA2022-4959.pdf,https://www.municipalidadsannicolas.cl/ordenanzas.php,9411223b353714403fb28956cfcfa3e20df85e8db65876efaa140dd52cc6c6fb,
San Nicolás,16,Ñuble,Municipalidad,5477,2026-01-01,Ordenanza Municipal de SAN NICOLÁS — DA2022 5477,Normativa General y Otras Materias,https://www.municipalidadsannicolas.cl/transparencia/tmp/DA2022-5477.pdf,https://www.municipalidadsannicolas.cl/ordenanzas.php,442ddc3b22f5006ffe9ab57db554a8f9f974657332391ee3386bae86fc5c1c90,
San Nicolás,16,Ñuble,Municipalidad,0134,2026-01-01,Ordenanza Municipal de SAN NICOLÁS — DA2025 0134,Normativa General y Otras Materias,https://www.municipalidadsannicolas.cl/transparencia/tmp/DA2025-0134.pdf,https://www.municipalidadsannicolas.cl/ordenanzas.php,2949df13e7964b25804eccc31147f12aa8564359186cd94b9491135f616fd3b6,
San Nicolás,16,Ñuble,Municipalidad,5474,2026-01-01,Ordenanza Municipal de SAN NICOLÁS — DA2025 5474,Normativa General y Otras Materias,https://www.municipalidadsannicolas.cl/transparencia/tmp/DA2025-5474.pdf,https://www.municipalidadsannicolas.cl/ordenanzas.php,7e541029a918660f8d0115996f8fe5ab536e7f31bf314302c34627038859bb26,
San Nicolás,16,Ñuble,Municipalidad,5484,2026-01-01,Ordenanza Municipal de SAN NICOLÁS — DA2025 5484,Normativa General y Otras Materias,https://www.municipalidadsannicolas.cl/transparencia/tmp/DA2025-5484.pdf,https://www.municipalidadsannicolas.cl/ordenanzas.php,d36dcce0cf02c6badcfa8a82d7d89ca4d53cbb147719ad30c8d8933003eb4ea0,
San Nicolás,16,Ñuble,Municipalidad,6124,2026-01-01,Ordenanza Municipal de SAN NICOLÁS — DA2025 6124,Normativa General y Otras Materias,https://www.municipalidadsannicolas.cl/transparencia/tmp/DA2025-6124.pdf,https://www.municipalidadsannicolas.cl/ordenanzas.php,0061251acc1ada566584db47e2f6036926f1772dba5d14f9809c8587a1175111,
San Nicolás,16,Ñuble,Municipalidad,6330,2026-01-01,Ordenanza Municipal de SAN NICOLÁS — DA2025 6330,Normativa General y Otras Materias,https://www.municipalidadsannicolas.cl/transparencia/tmp/DA2025-6330.pdf,https://www.municipalidadsannicolas.cl/ordenanzas.php,2fb486d4b3462d56536c8f9656af9b093c6e525ced1d13f2c10674f334370d74,
Concepción,08,Biobío,BCN,7,2013-01-10,FIJA MONTO DE DERECHOS POR EXTRACCIÓN DE BASURAS PARA EL AÑO 2013,Derechos Municipales y Tarifas,https://www.bcn.cl/leychile/navegar?idNorma=1047906,,,https://datos.bcn.cl/recurso/cl/orz/municipalidad-de-concepcion/2013-01-10/7/datos.json
Concepción,08,Biobío,BCN,1,2012-01-17,"MODIFICA ORDENANZA Nº 6, DE 2011, QUE FIJA MONTOS DE DERECHOS POR EXTRACCIÓN DE BASURAS PARA EL AÑO 2012",Derechos Municipales y Tarifas,https://www.bcn.cl/leychile/navegar?idNorma=1036499,,,https://datos.bcn.cl/recurso/cl/orz/municipalidad-de-concepcion/2012-01-17/1/datos.json
Concepción,08,Biobío,BCN,5,2012-01-17,ORDENANZA PARA LA OCUPACIÓN TRANSITORIA DEL ESPACIO PÚBLICO POR FAENAS RELACIONADAS CON OBRAS EN LA PROPIEDAD PRIVADA E INSTALACIONES DE UTILIDAD PÚBLICA,Tránsito y Transporte,https://www.bcn.cl/leychile/navegar?idNorma=1036500,,,https://datos.bcn.cl/recurso/cl/orz/municipalidad-de-concepcion/2012-01-17/5/datos.json
Concepción,08,Biobío,BCN,4,2011-11-11,"MODIFICA ORDENANZA Nº 5, DE 2002, SOBRE DERECHOS MUNICIPALES POR CONCESIONES, PERMISOS Y SERVICIOS",Derechos Municipales y Tarifas,https://www.bcn.cl/leychile/navegar?idNorma=1032163,,,https://datos.bcn.cl/recurso/cl/orz/municipalidad-de-concepcion/2011-11-11/4/datos.json
Concepción,08,Biobío,BCN,3,2011-09-23,ORDENANZA DE PARTICIPACIÓN CIUDADANA,Organización y Régimen Interno,https://www.bcn.cl/leychile/navegar?idNorma=1030180,,,https://datos.bcn.cl/recurso/cl/orz/municipalidad-de-concepcion/2011-09-23/3/datos.json
Concepción,08,Biobío,BCN,2,2011-08-04,"MODIFICA ORDENANZA Nº 2, DE 1994, SOBRE PLAYAS DE ESTACIONAMIENTO",Tránsito y Transporte,https://www.bcn.cl/leychile/navegar?idNorma=1028383,,,https://datos.bcn.cl/recurso/cl/orz/municipalidad-de-concepcion/2011-08-04/2/datos.json
Concepción,08,Biobío,BCN,1,2011-07-05,APRUEBA ORDENANZA SOBRE COMERCIO SEXUAL Y OTRAS CONDUCTAS DE CONNOTACIÓN SEXUAL EN LUGARES PÚBLICOS DE LA COMUNA DE CONCEPCIÓN,"Comercio, Alcoholes y Patentes",https://www.bcn.cl/leychile/navegar?idNorma=1027464,,,https://datos.bcn.cl/recurso/cl/orz/municipalidad-de-concepcion/2011-07-05/1/datos.json
Concepción,08,Biobío,BCN,2,2011-05-04,"MODIFICA ORDENANZA Nº 5, DE 2009, QUE MODIFICA ORDENANZA Nº 5, DE 2002",Normativa General y Otras Materias,https://www.bcn.cl/leychile/navegar?idNorma=1025056,,,https://datos.bcn.cl/recurso/cl/orz/municipalidad-de-concepcion/2011-05-04/2/datos.json
Concepción,08,Biobío,BCN,4,2010-12-31,ORDENANZA MUNICIPAL QUE FIJA MONTO DE DERECHOS POR EXTRACCIÓN DE BASURAS DOMICILIARIAS PARA EL AÑO 2011,Derechos Municipales y Tarifas,https://www.bcn.cl/leychile/navegar?idNorma=1021682,,,https://datos.bcn.cl/recurso/cl/orz/municipalidad-de-concepcion/2010-12-31/4/datos.json
Concepción,08,Biobío,BCN,nº-3,2010-10-30,"MODIFICA ORDENANZA Nº 5, DE 2002, SOBRE DERECHOS MUNICIPALES POR CONCESIONES, PERMISOS Y SERVICIOS",Derechos Municipales y Tarifas,https://www.bcn.cl/leychile/navegar?idNorma=1018546,,,https://datos.bcn.cl/recurso/cl/orz/municipalidad-de-concepcion/2010-10-30/nº-3/datos.json
Concepción,08,Biobío,BCN,1,2010-07-15,"MODIFICA ORDENANZA Nº 2, DE 1994, SOBRE PLAYAS DE ESTACIONAMIENTO",Tránsito y Transporte,https://www.bcn.cl/leychile/navegar?idNorma=1015387,,,https://datos.bcn.cl/recurso/cl/orz/municipalidad-de-concepcion/2010-07-15/1/datos.json
Concepción,08,Biobío,BCN,4,2009-12-30,"MODIFICA ORDENANZA Nº 4, DE 1996, PARA LA OCUPACIÓN TRANSITORIA DEL ESPACIO PÚBLICO POR FAENAS RELACIONADAS CON OBRAS EN LA PROPIEDAD PRIVADA E INSTALACIONES DE SERVICIOS DE UTILIDAD PÚBLICA",Tránsito y Transporte,https://www.bcn.cl/leychile/navegar?idNorma=1009758,,,https://datos.bcn.cl/recurso/cl/orz/municipalidad-de-concepcion/2009-12-30/4/datos.json
Concepción,08,Biobío,BCN,5,2009-12-30,"MODIFICA ORDENANZA MUNICIPAL Nº 5, DE 2002, SOBRE DERECHOS MUNICIPALES POR CONCESIONES, PERMISOS Y SERVICIOS",Derechos Municipales y Tarifas,https://www.bcn.cl/leychile/navegar?idNorma=1009759,,,https://datos.bcn.cl/recurso/cl/orz/municipalidad-de-concepcion/2009-12-30/5/datos.json
Concepción,08,Biobío,BCN,6,2009-12-30,"MODIFICA ORDENANZA LOCAL Nº 1, DE 1998, SOBRE PUBLICIDAD","Comercio, Alcoholes y Patentes",https://www.bcn.cl/leychile/navegar?idNorma=1009760,,,https://datos.bcn.cl/recurso/cl/orz/municipalidad-de-concepcion/2009-12-30/6/datos.json
Concepción,08,Biobío,BCN,7,2009-12-30,ORDENANZA MUNICIPAL QUE FIJA MONTO DE DERECHOS POR EXTRACCIÓN DE BASURAS Y ADICIONAL DE BASURAS PARA AÑO 2010,Derechos Municipales y Tarifas,https://www.bcn.cl/leychile/navegar?idNorma=1009761,,,https://datos.bcn.cl/recurso/cl/orz/municipalidad-de-concepcion/2009-12-30/7/datos.json
Concepción,08,Biobío,BCN,2,2009-08-27,"MODIFICA ORDENANZA Nº 9, DE 2004, SOBRE OTORGAMIENTO DE PATENTES DE ALCOHOLES Y FUNCIONAMIENTO DE ESTABLECIMIENTOS DE EXPENDIO DE BEBIDAS ALCOHÓLICAS","Comercio, Alcoholes y Patentes",https://www.bcn.cl/leychile/navegar?idNorma=1005470,,,https://datos.bcn.cl/recurso/cl/orz/municipalidad-de-concepcion/2009-08-27/2/datos.json
Concepción,08,Biobío,BCN,3,2009-08-27,"MODIFICA ORDENANZA Nº 2, DE 20 DE OCTUBRE DE 1994, SOBRE PLAYAS DE ESTACIONAMIENTO",Tránsito y Transporte,https://www.bcn.cl/leychile/navegar?idNorma=1005471,,,https://datos.bcn.cl/recurso/cl/orz/municipalidad-de-concepcion/2009-08-27/3/datos.json
Concepción,08,Biobío,BCN,1,2009-03-12,"ORDENANZA PARA LA INSTALACIÓN DE ANTENAS, PARÁBOLAS, RADARES Y TORRES PARA CUALQUIER TIPO DE TELECOMUNICACIONES","Urbanismo, Obras y Edificación",https://www.bcn.cl/leychile/navegar?idNorma=287996,,,https://datos.bcn.cl/recurso/cl/orz/municipalidad-de-concepcion/2009-03-12/1/datos.json
Concepción,08,Biobío,BCN,4,2008-12-26,ORDENANZA MUNICIPAL QUE FIJA MONTO DE DERECHOS POR EXTRACCIÓN DE BASURAS Y ADICIONAL DE BASURAS PARA AÑO 2009,Derechos Municipales y Tarifas,https://www.bcn.cl/leychile/navegar?idNorma=283966,,,https://datos.bcn.cl/recurso/cl/orz/municipalidad-de-concepcion/2008-12-26/4/datos.json
Concepción,08,Biobío,BCN,3,2008-06-27,"MODIFICA ORDENANZA MUNICIPAL Nº 9, DE 2004, SOBRE OTORGAMIENTO DE PATENTES DE ALCOHOLES Y FUNCIONAMIENTO DE ESTABLECIMIENTOS DE EXPENDIO DE BEBIDAS ALCOHÓLICAS","Comercio, Alcoholes y Patentes",https://www.bcn.cl/leychile/navegar?idNorma=272934,,,https://datos.bcn.cl/recurso/cl/orz/municipalidad-de-concepcion/2008-06-27/3/datos.json
Concepción,08,Biobío,BCN,1,2008-01-23,ORDENANZA SOBRE FUNCIONAMIENTO DE CAFÉ-ESPECTÁCULO,"Comercio, Alcoholes y Patentes",https://www.bcn.cl/leychile/navegar?idNorma=268801,,,https://datos.bcn.cl/recurso/cl/orz/municipalidad-de-concepcion/2008-01-23/1/datos.json
Concepción,08,Biobío,BCN,2,2008-01-23,ORDENANZA SOBRE ESPECTÁCULOS PÚBLICOS,"Comercio, Alcoholes y Patentes",https://www.bcn.cl/leychile/navegar?idNorma=268802,,,https://datos.bcn.cl/recurso/cl/orz/municipalidad-de-concepcion/2008-01-23/2/datos.json
Concepción,08,Biobío,BCN,5,2008-01-23,ORDENANZA SOBRE COMERCIO EN BIENES NACIONALES DE USO PÚBLICO,"Comercio, Alcoholes y Patentes",https://www.bcn.cl/leychile/navegar?idNorma=268803,,,https://datos.bcn.cl/recurso/cl/orz/municipalidad-de-concepcion/2008-01-23/5/datos.json
Concepción,08,Biobío,BCN,1,2005-03-30,MODIFICA ORDENANZA SOBRE OTORGAMIENTO DE PATENTES DE ALCOHOLES Y FUNCIONAMIENTO DE ESTABLECIMIENTOS DE EXPENDIO DE BEBIDAS ALCOHOLICAS,"Comercio, Alcoholes y Patentes",https://www.bcn.cl/leychile/navegar?idNorma=236674,,,https://datos.bcn.cl/recurso/cl/orz/municipalidad-de-concepcion/2005-03-30/1/datos.json
Concepción,08,Biobío,BCN,11,2004-12-31,"MODIFICA ORDENANZA LOCAL Nº5, DE 2002, SOBRE DERECHOS MUNICIPALES POR CONCESIONES, PERMISOS Y SERVICIOS",Derechos Municipales y Tarifas,https://www.bcn.cl/leychile/navegar?idNorma=234338,,,https://datos.bcn.cl/recurso/cl/orz/municipalidad-de-concepcion/2004-12-31/11/datos.json
Concepción,08,Biobío,BCN,3,2004-12-31,"MODIFICA ORDENANZA NUMERO 4, DE 1996",Normativa General y Otras Materias,https://www.bcn.cl/leychile/navegar?idNorma=234336,,,https://datos.bcn.cl/recurso/cl/orz/municipalidad-de-concepcion/2004-12-31/3/datos.json
Concepción,08,Biobío,BCN,6,2004-12-31,"MODIFICA ORDENANZA LOCAL Nº 5, DE 2002, SOBRE DERECHOS MUNICIPALES POR CONCESIONES, PERMISOS Y SERVICIOS",Derechos Municipales y Tarifas,https://www.bcn.cl/leychile/navegar?idNorma=234337,,,https://datos.bcn.cl/recurso/cl/orz/municipalidad-de-concepcion/2004-12-31/6/datos.json
Concepción,08,Biobío,BCN,1,1996-06-03,"AMPLIA ORDENANZA LOCAL SOBRE DERECHOS MUNICIPALES POR CONCESIONES, PERMISOS Y SERVICIOS",Derechos Municipales y Tarifas,https://www.bcn.cl/leychile/navegar?idNorma=30920,,,https://datos.bcn.cl/recurso/cl/orz/municipalidad-de-concepcion/1996-06-03/1/datos.json
Concepción,08,Biobío,BCN,3,1995-01-23,ORDENANZA SOBRE CONTROL DE BUSES RURALES,Normativa General y Otras Materias,https://www.bcn.cl/leychile/navegar?idNorma=30965,,,https://datos.bcn.cl/recurso/cl/orz/municipalidad-de-concepcion/1995-01-23/3/datos.json
Concepción,08,Biobío,BCN,2,1994-12-06,DICTA ORDENANZA SOBRE PLAYAS DE ESTACIONAMIENTO,Tránsito y Transporte,https://www.bcn.cl/leychile/navegar?idNorma=30938,,,https://datos.bcn.cl/recurso/cl/orz/municipalidad-de-concepcion/1994-12-06/2/datos.json
Concepción,08,Biobío,BCN,3,1993-08-07,"DEJA SIN EFECTO ORDENANZA N° 2, DE 1993",Normativa General y Otras Materias,https://www.bcn.cl/leychile/navegar?idNorma=30958,,,https://datos.bcn.cl/recurso/cl/orz/municipalidad-de-concepcion/1993-08-07/3/datos.json
Concepción,08,Biobío,BCN,1,1993-01-30,"MODIFICA Y AMPLIA ORDENANZA LOCAL SOBRE DERECHOS MUNICIPALES POR CONCESIONES, PERMISOS Y SERVICIOS",Derechos Municipales y Tarifas,https://www.bcn.cl/leychile/navegar?idNorma=30870,,,https://datos.bcn.cl/recurso/cl/orz/municipalidad-de-concepcion/1993-01-30/1/datos.json
Concepción,08,Biobío,BCN,2,1992-08-08,ESTABLECE SENTIDO UNICO DE TRANSITO EN CALLES QUE INDICA,Tránsito y Transporte,https://www.bcn.cl/leychile/navegar?idNorma=85409,,,https://datos.bcn.cl/recurso/cl/orz/municipalidad-de-concepcion/1992-08-08/2/datos.json
Concepción,08,Biobío,BCN,1,1992-01-30,"MODIFICA Y AMPLIA ORDENANZA LOCAL SOBRE DERECHOS MUNICIPALES POR CONCESIONES, PERMISOS Y SERVICIOS",Derechos Municipales y Tarifas,https://www.bcn.cl/leychile/navegar?idNorma=96916,,,https://datos.bcn.cl/recurso/cl/orz/municipalidad-de-concepcion/1992-01-30/1/datos.json
Concepción,08,Biobío,BCN,4,1991-07-20,"AMPLIA ORDENANZA LOCAL SOBRE DERECHOS MUNICIPALES POR CONCESIONES, PERMISOS Y SERVICIOS",Derechos Municipales y Tarifas,https://www.bcn.cl/leychile/navegar?idNorma=30974,,,https://datos.bcn.cl/recurso/cl/orz/municipalidad-de-concepcion/1991-07-20/4/datos.json
Concepción,08,Biobío,BCN,5,1991-07-20,DICTA ORDENANZA SOBRE QUIOSCOS EN LA VIA PUBLICA,"Comercio, Alcoholes y Patentes",https://www.bcn.cl/leychile/navegar?idNorma=30985,,,https://datos.bcn.cl/recurso/cl/orz/municipalidad-de-concepcion/1991-07-20/5/datos.json
Concepción,08,Biobío,BCN,7,1991-07-20,DICTA ORDENANZA DE TERMINALES PRIVADOS DE LOCOMOCION COLECTIVA NO URBANA,"Urbanismo, Obras y Edificación",https://www.bcn.cl/leychile/navegar?idNorma=31012,,,https://datos.bcn.cl/recurso/cl/orz/municipalidad-de-concepcion/1991-07-20/7/datos.json
Concepción,08,Biobío,BCN,6,1991-07-18,DICTA ORDENANZA SOBRE RELOJES CONTROL DE LA LOCOMOCION COLECTIVA,Normativa General y Otras Materias,https://www.bcn.cl/leychile/navegar?idNorma=31003,,,https://datos.bcn.cl/recurso/cl/orz/municipalidad-de-concepcion/1991-07-18/6/datos.json
Concepción,08,Biobío,BCN,2,1991-02-21,"MODIFICA ORDENANZA LOCAL SOBRE DERECHOS MUNICIPALES POR CONCESIONES, PERMISOS Y SERVICIOS",Derechos Municipales y Tarifas,https://www.bcn.cl/leychile/navegar?idNorma=88476,,,https://datos.bcn.cl/recurso/cl/orz/municipalidad-de-concepcion/1991-02-21/2/datos.json
Concepción,08,Biobío,BCN,5,1991-01-29,"DICTA ORDENANZA LOCAL SOBRE DERECHOS MUNICIPALES POR CONCESIONES, PERMISOS Y SERVICIOS",Derechos Municipales y Tarifas,https://www.bcn.cl/leychile/navegar?idNorma=88228,,,https://datos.bcn.cl/recurso/cl/orz/municipalidad-de-concepcion/1991-01-29/5/datos.json
Concepción,08,Biobío,BCN,3,1990-12-04,"MODIFICA ORDENANZA NO. 1, DE 1982",Normativa General y Otras Materias,https://www.bcn.cl/leychile/navegar?idNorma=88015,,,https://datos.bcn.cl/recurso/cl/orz/municipalidad-de-concepcion/1990-12-04/3/datos.json
Concepción,08,Biobío,BCN,2,1990-07-24,DICTA ORDENANZA SOBRE EL TRANSPORTE DE CARGA DENTRO DE LA COMUNA,Tránsito y Transporte,https://www.bcn.cl/leychile/navegar?idNorma=89437,,,https://datos.bcn.cl/recurso/cl/orz/municipalidad-de-concepcion/1990-07-24/2/datos.json
Concepción,08,Biobío,BCN,1,1990-01-31,"MODIFICA ORDENANZA LOCAL SOBRE DERECHOS MUNICIPALES POR CONCESIONES, PERMISOS Y SERVICIOS",Derechos Municipales y Tarifas,https://www.bcn.cl/leychile/navegar?idNorma=204607,,,https://datos.bcn.cl/recurso/cl/orz/municipalidad-de-concepcion/1990-01-31/1/datos.json
Concepción,08,Biobío,BCN,1,1989-05-18,MODIFICA TITULO IV DE LA ORDENANZA LOCAL DE TRANSITO,Tránsito y Transporte,https://www.bcn.cl/leychile/navegar?idNorma=100164,,,https://datos.bcn.cl/recurso/cl/orz/municipalidad-de-concepcion/1989-05-18/1/datos.json
Concepción,08,Biobío,BCN,4,1988-12-10,"MODIFICA ORDENANZA SOBRE DERECHOS MUNICIPALES POR CONCESIONES, PERMISOS Y SERVICIOS",Derechos Municipales y Tarifas,https://www.bcn.cl/leychile/navegar?idNorma=126212,,,https://datos.bcn.cl/recurso/cl/orz/municipalidad-de-concepcion/1988-12-10/4/datos.json
Concepción,08,Biobío,BCN,3,1988-07-14,MODIFICA ORDENANZA SOBRE DERECHOS MUNICIPALES,Derechos Municipales y Tarifas,https://www.bcn.cl/leychile/navegar?idNorma=133430,,,https://datos.bcn.cl/recurso/cl/orz/municipalidad-de-concepcion/1988-07-14/3/datos.json
Concepción,08,Biobío,BCN,1,1987-01-21,"MODIFICA ORDENANZA NO. 1/82, DE 1982",Normativa General y Otras Materias,https://www.bcn.cl/leychile/navegar?idNorma=147330,,,https://datos.bcn.cl/recurso/cl/orz/municipalidad-de-concepcion/1987-01-21/1/datos.json
Concepción,08,Biobío,BCN,1,1986-01-28,"MODIFICA Y AMPLIA ORDENANZA N° 1, DE 1981, SOBRE DERECHOS MUNICIPALES POR CONCESIONES, PERMISOS Y SERVICIOS",Derechos Municipales y Tarifas,https://www.bcn.cl/leychile/navegar?idNorma=160875,,,https://datos.bcn.cl/recurso/cl/orz/municipalidad-de-concepcion/1986-01-28/1/datos.json
Concepción,08,Biobío,BCN,1,1985-01-31,"MODIFICA Y AMPLIA ORDENANZA N° 1, DE 1982",Normativa General y Otras Materias,https://www.bcn.cl/leychile/navegar?idNorma=162616,,,https://datos.bcn.cl/recurso/cl/orz/municipalidad-de-concepcion/1985-01-31/1/datos.json
Concepción,08,Biobío,Municipalidad,3,2026-01-01,Ordenanza Municipal de CONCEPCIÓN — ORDENANZA MUNICIPAL N°3 MODIFICA N°06 MODIFICA TEXTO REFUNDIDO DE LA ORDENANZA LOCAL SOBRE DERECHOS MUNICIPALES POR CONCESIONES PERMISOS Y SERVICIOS,Derechos Municipales y Tarifas,https://concepcion.cl/wp-content/uploads/2024/10/ORDENANZA-MUNICIPAL-N%C2%B03-MODIFICA-N%C2%B006-MODIFICA-TEXTO-REFUNDIDO-DE-LA-ORDENANZA-LOCAL-SOBRE-DERECHOS-MUNICIPALES-POR-CONCESIONES-PERMISOS-Y-SERVICIOS.pdf,https://concepcion.cl/wp-content/uploads/2024/10/ORDENANZA-MUNICIPAL-N°3-MODIFICA-N°06-MODIFICA-TEXTO-REFUNDIDO-DE-LA-ORDENANZA-LOCAL-SOBRE-DERECHOS-MUNICIPALES-POR-CONCESIONES-PERMISOS-Y-SERVICIOS.pdf,a64997c361391c8589260bddc8d974958fa53bb2bf019267512956a6c30ad410,
Coronel,08,Biobío,BCN,3,2011-07-22,ORDENANZA MUNICIPAL SOBRE CIERRO DE SITIOS ERIAZOS Y DE PREDIOS CON ACCESO A VÍAS PÚBLICAS,"Urbanismo, Obras y Edificación",https://www.bcn.cl/leychile/navegar?idNorma=1027983,,,https://datos.bcn.cl/recurso/cl/orz/municipalidad-de-coronel/2011-07-22/3/datos.json
Coronel,08,Biobío,BCN,1,2006-10-31,ORDENANZA SOBRE COBRO DE DERECHOS MUNICIPALES,Derechos Municipales y Tarifas,https://www.bcn.cl/leychile/navegar?idNorma=254872,,,https://datos.bcn.cl/recurso/cl/orz/municipalidad-de-coronel/2006-10-31/1/datos.json
Coronel,08,Biobío,BCN,6,2005-12-16,MODIFICA ORDENANZA SOBRE COBROS DE DERECHOS MUNICIPALES,Derechos Municipales y Tarifas,https://www.bcn.cl/leychile/navegar?idNorma=245215,,,https://datos.bcn.cl/recurso/cl/orz/municipalidad-de-coronel/2005-12-16/6/datos.json
Coronel,08,Biobío,BCN,4,2005-06-24,"ORDENANZA COMUNAL SOBRE INSTALACION DE ANTENAS, TORRES Y PARABOLICAS DE CELULARES Y OTROS MEDIOS DE COMUNICACION","Urbanismo, Obras y Edificación",https://www.bcn.cl/leychile/navegar?idNorma=239407,,,https://datos.bcn.cl/recurso/cl/orz/municipalidad-de-coronel/2005-06-24/4/datos.json
Coronel,08,Biobío,BCN,10,2004-12-30,MODIFICA ORDENANZA SOBRE DERECHOS MUNICIPALES POR PRESTACIONES DEL CEMENTERIO MUNICIPAL,Derechos Municipales y Tarifas,https://www.bcn.cl/leychile/navegar?idNorma=234126,,,https://datos.bcn.cl/recurso/cl/orz/municipalidad-de-coronel/2004-12-30/10/datos.json
Coronel,08,Biobío,BCN,6,2004-05-27,AUTORIZA COMERCIO AMBULANTE EN VIAS PUBLICAS QUE INDICA,"Comercio, Alcoholes y Patentes",https://www.bcn.cl/leychile/navegar?idNorma=225641,,,https://datos.bcn.cl/recurso/cl/orz/municipalidad-de-coronel/2004-05-27/6/datos.json
Coronel,08,Biobío,BCN,3,2003-10-22,DICTA RESOLUCION EN CARACTER DE ORDENANZA MUNICIPAL,Normativa General y Otras Materias,https://www.bcn.cl/leychile/navegar?idNorma=216203,,,https://datos.bcn.cl/recurso/cl/orz/municipalidad-de-coronel/2003-10-22/3/datos.json
Coronel,08,Biobío,BCN,s-n,1999-09-17,"COMPLEMENTA ORDENANZA MUNICIPAL Nº 19, DE 1996",Normativa General y Otras Materias,https://www.bcn.cl/leychile/navegar?idNorma=143498,,,https://datos.bcn.cl/recurso/cl/orz/municipalidad-de-coronel/1999-09-17/s-n/datos.json
Coronel,08,Biobío,BCN,8,1998-10-02,DICTA ORDENANZA SOBRE NOTIFICACIONES Y PUBLICACIONES DE RESOLUCIONES ALCALDICIAS QUE PRODUZCAN EFECTOS FUERA DEL MUNICIPIO,Normativa General y Otras Materias,https://www.bcn.cl/leychile/navegar?idNorma=125224,,,https://datos.bcn.cl/recurso/cl/orz/municipalidad-de-coronel/1998-10-02/8/datos.json
Coronel,08,Biobío,BCN,20,1997-01-08,"ORDENANZA SOBRE CONDICIONES GENERALES PARA DETERMINAR TARIFAS DE ASEO, COBRO Y EXENCIONES",Derechos Municipales y Tarifas,https://www.bcn.cl/leychile/navegar?idNorma=50266,,,https://datos.bcn.cl/recurso/cl/orz/municipalidad-de-coronel/1997-01-08/20/datos.json
Coronel,08,Biobío,BCN,19,1996-12-30,ORDENANZA SOBRE COBRO DE DERECHOS MUNICIPALES,Derechos Municipales y Tarifas,https://www.bcn.cl/leychile/navegar?idNorma=31050,,,https://datos.bcn.cl/recurso/cl/orz/municipalidad-de-coronel/1996-12-30/19/datos.json
Coronel,08,Biobío,BCN,7,1988-07-21,DICTA ORDENANZA SOBRE COBRO DE DERECHOS POR CERTIFICADOS DE EMPADRONAMIENTO DE CARROS Y REMOLQUES,Derechos Municipales y Tarifas,https://www.bcn.cl/leychile/navegar?idNorma=133472,,,https://datos.bcn.cl/recurso/cl/orz/municipalidad-de-coronel/1988-07-21/7/datos.json
Coronel,08,Biobío,BCN,6,1988-07-11,"MODIFICA ORDENANZA MUNICIPAL NO. 5, DE 1987",Normativa General y Otras Materias,https://www.bcn.cl/leychile/navegar?idNorma=133393,,,https://datos.bcn.cl/recurso/cl/orz/municipalidad-de-coronel/1988-07-11/6/datos.json
Coronel,08,Biobío,BCN,1,1988-01-26,"DICTA ORDENANZA LOCAL SOBRE DERECHOS MUNICIPALES POR CONCESIONES, PERMISOS Y SERVICIOS",Derechos Municipales y Tarifas,https://www.bcn.cl/leychile/navegar?idNorma=173370,,,https://datos.bcn.cl/recurso/cl/orz/municipalidad-de-coronel/1988-01-26/1/datos.json
Coronel,08,Biobío,BCN,5,1987-11-25,"DICTA ORDENANZA SOBRE ENTRETENIMIENTOS ELECTRONICOS, POOLES, BILLARES Y OTROS","Comercio, Alcoholes y Patentes",https://www.bcn.cl/leychile/navegar?idNorma=142419,,,https://datos.bcn.cl/recurso/cl/orz/municipalidad-de-coronel/1987-11-25/5/datos.json
Coronel,08,Biobío,BCN,1,1987-02-10,"DICTA ORDENANZA LOCAL SOBRE DERECHOS MUNICIPALES POR CONCESIONES, PERMISOS Y SERVICIOS",Derechos Municipales y Tarifas,https://www.bcn.cl/leychile/navegar?idNorma=141206,,,https://datos.bcn.cl/recurso/cl/orz/municipalidad-de-coronel/1987-02-10/1/datos.json
Coronel,08,Biobío,BCN,2,1986-01-31,"DICTA ORDENANZA LOCAL SOBRE DERECHOS MUNICIPALES POR CONCESIONES, PERMISOS SERVICIOS",Derechos Municipales y Tarifas,https://www.bcn.cl/leychile/navegar?idNorma=161262,,,https://datos.bcn.cl/recurso/cl/orz/municipalidad-de-coronel/1986-01-31/2/datos.json
Coronel,08,Biobío,BCN,6,1985-10-30,DICTA ORDENANZA SOBRE INSTALACION Y FUNCIONAMIENTO DE PLANTAS LAVADORAS DE CARBON,Normativa General y Otras Materias,https://www.bcn.cl/leychile/navegar?idNorma=187001,,,https://datos.bcn.cl/recurso/cl/orz/municipalidad-de-coronel/1985-10-30/6/datos.json
Coronel,08,Biobío,BCN,1,1985-01-26,"DICTA ORDENANZA LOCAL SOBRE DERECHOS MUNICIPALES POR CONCESIONES, PERMISOS Y SERVICIOS EN LA COMUNA DE CORONEL",Derechos Municipales y Tarifas,https://www.bcn.cl/leychile/navegar?idNorma=160859,,,https://datos.bcn.cl/recurso/cl/orz/municipalidad-de-coronel/1985-01-26/1/datos.json
Florida,08,Biobío,BCN,104,2016-03-18,ORDENANZA DE FERIAS LIBRES DE LA COMUNA DE LA FLORIDA,"Comercio, Alcoholes y Patentes",https://www.bcn.cl/leychile/navegar?idNorma=1088513,,,https://datos.bcn.cl/recurso/cl/orz/municipalidad-de-la-florida/2016-03-18/104/datos.json
Florida,08,Biobío,BCN,72,2011-09-10,DICTA ORDENANZA SOBRE REGULACIÓN DE ESTABLECIMIENTOS DE JUEGOS Y ENTRETENIMIENTOS ELECTRÓNICOS DE DESTREZA,"Comercio, Alcoholes y Patentes",https://www.bcn.cl/leychile/navegar?idNorma=1029527,,,https://datos.bcn.cl/recurso/cl/orz/municipalidad-de-la-florida/2011-09-10/72/datos.json
Florida,08,Biobío,BCN,73,2011-09-10,"MODIFICA ORDENANZA Nº 7 BIS PARA LA COBRANZA DE CONTRIBUCIONES, PATENTES, PERMISOS Y DERECHOS MUNICIPALES MOROSOS",Derechos Municipales y Tarifas,https://www.bcn.cl/leychile/navegar?idNorma=1029528,,,https://datos.bcn.cl/recurso/cl/orz/municipalidad-de-la-florida/2011-09-10/73/datos.json
Florida,08,Biobío,BCN,74,2011-09-10,MODIFICA ORDENANZA Nº 8 SOBRE PREVENCIÓN Y CONTROL DE RUIDOS MOLESTOS EN LA COMUNA DE LA FLORIDA,"Aseo, Ornato y Medio Ambiente",https://www.bcn.cl/leychile/navegar?idNorma=1029529,,,https://datos.bcn.cl/recurso/cl/orz/municipalidad-de-la-florida/2011-09-10/74/datos.json
Florida,08,Biobío,BCN,67,2010-12-03,DICTA ORDENANZA QUE REGULA LA TENENCIA RESPONSABLE DE ANIMALES Y CONTROL DE PERROS VAGOS,Tenencia Responsable y Mascotas,https://www.bcn.cl/leychile/navegar?idNorma=1020515,,,https://datos.bcn.cl/recurso/cl/orz/municipalidad-de-la-florida/2010-12-03/67/datos.json
Florida,08,Biobío,BCN,68,2010-12-03,DICTA ORDENANZA QUE MODIFICA LA ORDENANZA MUNICIPAL N° 1 SOBRE DERECHOS MUNICIPALES,Derechos Municipales y Tarifas,https://www.bcn.cl/leychile/navegar?idNorma=1020570,,,https://datos.bcn.cl/recurso/cl/orz/municipalidad-de-la-florida/2010-12-03/68/datos.json
Florida,08,Biobío,BCN,69,2010-12-03,"DICTA ORDENANZA DE ADMINISTRACIÓN, USO Y EXPLOTACIÓN DE ESTACIONAMIENTOS EN LA VÍA PÚBLICA",Tránsito y Transporte,https://www.bcn.cl/leychile/navegar?idNorma=1020516,,,https://datos.bcn.cl/recurso/cl/orz/municipalidad-de-la-florida/2010-12-03/69/datos.json
Florida,08,Biobío,BCN,70,2010-12-03,"MODIFICA LA ORDENANZA MUNICIPAL Nº56 SOBRE ZONAS, EMPLAZAMIENTOS PERMITIDOS Y RESTRINGIDOS PARA EL OTORGAMIENTO DE PATENTES DE ALCOHOLES","Comercio, Alcoholes y Patentes",https://www.bcn.cl/leychile/navegar?idNorma=1020517,,,https://datos.bcn.cl/recurso/cl/orz/municipalidad-de-la-florida/2010-12-03/70/datos.json
Florida,08,Biobío,BCN,s-n,2010-02-18,EXTRACTO DE REGLAMENTO MUNICIPAL DEL FONDO DEPORTIVO CONCURSABLE,Organización y Régimen Interno,https://www.bcn.cl/leychile/navegar?idNorma=1011140,,,https://datos.bcn.cl/recurso/cl/orz/municipalidad-de-florida/2010-02-18/s-n/datos.json
Florida,08,Biobío,BCN,65,2009-08-27,MODIFICA ORDENANZA Nº 46 SOBRE PUBLICIDAD Y PROPAGANDA,"Comercio, Alcoholes y Patentes",https://www.bcn.cl/leychile/navegar?idNorma=1005468,,,https://datos.bcn.cl/recurso/cl/orz/municipalidad-de-la-florida/2009-08-27/65/datos.json
Florida,08,Biobío,BCN,66,2009-07-17,"MODIFICA ORDENANZA Nº7 BIS PARA COBRANZA DE CONTRIBUCIONES, PATENTES, PERMISOS Y DERECHOS MUNICIPALES MOROSOS",Derechos Municipales y Tarifas,https://www.bcn.cl/leychile/navegar?idNorma=1004282,,,https://datos.bcn.cl/recurso/cl/orz/municipalidad-de-la-florida/2009-07-17/66/datos.json
Florida,08,Biobío,BCN,63,2008-06-25,"MODIFICA ORDENANZA MUNICIPAL Nº15, PARA LA APLICACIÓN DEL DL. 3063 DE 1979, SOBRE RENTAS MUNICIPALES, EN LO RELATIVO AL COBRO DEL SERVICIO DOMICILIARIO POR EXTRACCIÓN DE BASURA",Derechos Municipales y Tarifas,https://www.bcn.cl/leychile/navegar?idNorma=272842,,,https://datos.bcn.cl/recurso/cl/orz/municipalidad-de-la-florida/2008-06-25/63/datos.json
Florida,08,Biobío,BCN,59,2007-11-10,"MODIFICA ORDENANZA Nº 30, DE 2000, SOBRE CIERRE DE CALLES, PASAJES Y ESPACIOS PÚBLICOS DE LA COMUNA",Seguridad y Convivencia,https://www.bcn.cl/leychile/navegar?idNorma=266355,,,https://datos.bcn.cl/recurso/cl/orz/municipalidad-de-la-florida/2007-11-10/59/datos.json
Florida,08,Biobío,BCN,57,2006-08-07,"DICTA ORDENANZA Nº 57 QUE MODIFICA LA ORDENANZA 55, DE 2005, MODIFICATORIA DE LA ORDENANZA Nº 15 LOCAL PARA LA APLICACION DEL D.L. Nº 3.063, DE 1979, SOBRE RENTAS MUNICIPALES, EN LO RELATIVO AL COBRO DEL SERVICIO DOMICILIARIO POR EXTRACCION DE BASURA",Derechos Municipales y Tarifas,https://www.bcn.cl/leychile/navegar?idNorma=251995,,,https://datos.bcn.cl/recurso/cl/orz/municipalidad-de-la-florida/2006-08-07/57/datos.json
Florida,08,Biobío,BCN,56,2006-07-05,"APRUEBA ORDENANZA MUNICIPAL SOBRE ZONAS, EMPLAZAMIENTOS PERMITIDOS Y RESTRINGIDOS PARA EL OTORGAMIENTO DE PATENTES DE ALCOHOLES","Comercio, Alcoholes y Patentes",https://www.bcn.cl/leychile/navegar?idNorma=251006,,,https://datos.bcn.cl/recurso/cl/orz/municipalidad-de-la-florida/2006-07-05/56/datos.json
Florida,08,Biobío,BCN,54,2006-06-01,APRUEBA ORDENANZA DE FERIAS LIBRES,"Comercio, Alcoholes y Patentes",https://www.bcn.cl/leychile/navegar?idNorma=250025,,,https://datos.bcn.cl/recurso/cl/orz/municipalidad-de-la-florida/2006-06-01/54/datos.json
Florida,08,Biobío,BCN,55,2006-06-01,"APRUEBA ORDENANZA Nº 55 QUE MODIFICA ORDENANZA Nº 48, DE;2005, MODIFICATORIA DE LA ORDENANZA N° 15 ' LOCAL PARA;LA APLICACIÓN DEL D.L. N° 3.063, DE 1979, SOBRE RENTAS;MUNICIPALES, EN LO RELATIVO AL COBRO DEL  SERVICIO;DOMICILIARIO POR EXTRACCION DE BASURA",Derechos Municipales y Tarifas,https://www.bcn.cl/leychile/navegar?idNorma=250055,,,https://datos.bcn.cl/recurso/cl/orz/municipalidad-de-la-florida/2006-06-01/55/datos.json
Florida,08,Biobío,BCN,120,2006-03-24,REGLAMENTA OTORGAMIENTO DE BECAS PARA ENSEÑANZA SUPERIOR,"Salud, Deporte y Desarrollo Social",https://www.bcn.cl/leychile/navegar?idNorma=248359,,,https://datos.bcn.cl/recurso/cl/orz/municipalidad-de-florida/2006-03-24/120/datos.json
Florida,08,Biobío,BCN,48,2005-11-18,"MODIFICA ORDENANZA Nº 15 'LOCAL PARA LA APLICACION DEL DL 3.063, DE 1979, SOBRE RENTAS MUNICIPALES, EN LO RELATIVO AL COBRO DEL SERVICIO DOMICILIARIO POR EXTRACCION DE BASURA'",Derechos Municipales y Tarifas,https://www.bcn.cl/leychile/navegar?idNorma=244175,,,https://datos.bcn.cl/recurso/cl/orz/municipalidad-de-la-florida/2005-11-18/48/datos.json
Florida,08,Biobío,BCN,52,2005-11-18,APRUEBA ORDENANZA Nº 52 PARA APLICACION DEL ARTICULO TERCERO TRANSITORIO DE LA LEY Nº 20.033,Tránsito y Transporte,https://www.bcn.cl/leychile/navegar?idNorma=244176,,,https://datos.bcn.cl/recurso/cl/orz/municipalidad-de-la-florida/2005-11-18/52/datos.json
Florida,08,Biobío,BCN,47,2005-07-05,MODIFICA ORDENANZA Nº 46 DE PUBLICIDAD Y PROPAGANDA,"Comercio, Alcoholes y Patentes",https://www.bcn.cl/leychile/navegar?idNorma=239839,,,https://datos.bcn.cl/recurso/cl/orz/municipalidad-de-la-florida/2005-07-05/47/datos.json
Florida,08,Biobío,BCN,46,2004-04-27,APRUEBA ORDENANZA SOBRE PUBLICIDAD Y PROPAGANDA,"Comercio, Alcoholes y Patentes",https://www.bcn.cl/leychile/navegar?idNorma=224277,,,https://datos.bcn.cl/recurso/cl/orz/municipalidad-de-la-florida/2004-04-27/46/datos.json
Florida,08,Biobío,BCN,45,2004-02-26,"MODIFICA ORDENANZA Nº 14, SOBRE FERIAS LIBRES","Comercio, Alcoholes y Patentes",https://www.bcn.cl/leychile/navegar?idNorma=221715,,,https://datos.bcn.cl/recurso/cl/orz/municipalidad-de-la-florida/2004-02-26/45/datos.json
Florida,08,Biobío,BCN,41,2002-05-25,MODIFICA ORDENANZA Nº 1 SOBRE DERECHOS MUNICIPALES,Derechos Municipales y Tarifas,https://www.bcn.cl/leychile/navegar?idNorma=198523,,,https://datos.bcn.cl/recurso/cl/orz/municipalidad-de-la-florida/2002-05-25/41/datos.json
Florida,08,Biobío,BCN,40,2001-12-10,"MODIFICA ORDENANZA Nº 1, SOBRE DERECHOS MUNICIPALES",Derechos Municipales y Tarifas,https://www.bcn.cl/leychile/navegar?idNorma=192400,,,https://datos.bcn.cl/recurso/cl/orz/municipalidad-de-la-florida/2001-12-10/40/datos.json
Florida,08,Biobío,BCN,38,2001-08-02,MODIFICA ORDENANZA Nº 37,Normativa General y Otras Materias,https://www.bcn.cl/leychile/navegar?idNorma=188214,,,https://datos.bcn.cl/recurso/cl/orz/municipalidad-de-la-florida/2001-08-02/38/datos.json
Florida,08,Biobío,BCN,37,2001-06-29,"MODIFICA ORDENANZA Nº 15, SOBRE COBRO DE DERECHOS DE ASEO DOMICILIARIOS",Derechos Municipales y Tarifas,https://www.bcn.cl/leychile/navegar?idNorma=187108,,,https://datos.bcn.cl/recurso/cl/orz/municipalidad-de-la-florida/2001-06-29/37/datos.json
Florida,08,Biobío,BCN,36,2001-02-19,"INCORPORA DISPOSICION TRANSITORIA A ORDENANZA Nº 16, DE 1999, QUE FIJA HORARIO PARA EL FUNCIONAMIENTO DE LOS ESTABLECIMIENTOS DE EXPENDIO DE BEBIDAS ALCOHOLICAS","Comercio, Alcoholes y Patentes",https://www.bcn.cl/leychile/navegar?idNorma=181992,,,https://datos.bcn.cl/recurso/cl/orz/municipalidad-de-la-florida/2001-02-19/36/datos.json
Florida,08,Biobío,BCN,35,2000-11-30,MODIFICA ORDENANZA Nº 1 SOBRE DERECHOS MUNICIPALES,Derechos Municipales y Tarifas,https://www.bcn.cl/leychile/navegar?idNorma=178341,,,https://datos.bcn.cl/recurso/cl/orz/municipalidad-de-la-florida/2000-11-30/35/datos.json
Florida,08,Biobío,BCN,34,2000-11-16,MODIFICA ORDENANZA SOBRE OCUPACION DE BIEN NACIONAL DE USO PUBLICO,"Urbanismo, Obras y Edificación",https://www.bcn.cl/leychile/navegar?idNorma=177746,,,https://datos.bcn.cl/recurso/cl/orz/municipalidad-de-la-florida/2000-11-16/34/datos.json
Florida,08,Biobío,BCN,33,2000-10-25,MODIFICA HORARIO DE FUNCIONAMIENTO DE ESTABLECIMIENTOS DE EXPENDIO DE BEBIDAS ALCOHOLICAS,"Comercio, Alcoholes y Patentes",https://www.bcn.cl/leychile/navegar?idNorma=176916,,,https://datos.bcn.cl/recurso/cl/orz/municipalidad-de-la-florida/2000-10-25/33/datos.json
Florida,08,Biobío,BCN,32,2000-08-16,"MODIFICA ORDENANZA Nº 11, SOBRE ACTIVIDAD COMERCIAL, INDUSTRIAL Y DE SERVICIOS","Comercio, Alcoholes y Patentes",https://www.bcn.cl/leychile/navegar?idNorma=174262,,,https://datos.bcn.cl/recurso/cl/orz/municipalidad-de-la-florida/2000-08-16/32/datos.json
Florida,08,Biobío,BCN,31,2000-07-03,"MODIFICA ORDENANZA Nº 13, SOBRE CIERROS","Urbanismo, Obras y Edificación",https://www.bcn.cl/leychile/navegar?idNorma=171709,,,https://datos.bcn.cl/recurso/cl/orz/municipalidad-de-la-florida/2000-07-03/31/datos.json
Florida,08,Biobío,BCN,30,2000-06-28,"DICTA ORDENANZA SOBRE CIERRE DE CALLES, PASAJES Y/O ESPACIOS PUBLICOS",Seguridad y Convivencia,https://www.bcn.cl/leychile/navegar?idNorma=171507,,,https://datos.bcn.cl/recurso/cl/orz/municipalidad-de-la-florida/2000-06-28/30/datos.json
Florida,08,Biobío,BCN,29,2000-06-24,"MODIFICA ORDENANZA Nº 4, SOBRE PROPAGANDA Y PUBLICIDAD","Comercio, Alcoholes y Patentes",https://www.bcn.cl/leychile/navegar?idNorma=171442,,,https://datos.bcn.cl/recurso/cl/orz/municipalidad-de-la-florida/2000-06-24/29/datos.json
Florida,08,Biobío,BCN,27,2000-01-26,MODIFICA ORDENANZA SOBRE PROPAGANDA Y PUBLICIDAD,"Comercio, Alcoholes y Patentes",https://www.bcn.cl/leychile/navegar?idNorma=152277,,,https://datos.bcn.cl/recurso/cl/orz/municipalidad-de-la-florida/2000-01-26/27/datos.json
Florida,08,Biobío,BCN,26,2000-01-05,MODIFICA ORDENANZA LOCAL Nº 1 SOBRE DERECHOS MUNICIPALES,Derechos Municipales y Tarifas,https://www.bcn.cl/leychile/navegar?idNorma=150348,,,https://datos.bcn.cl/recurso/cl/orz/municipalidad-de-la-florida/2000-01-05/26/datos.json
Florida,08,Biobío,BCN,25,1999-12-02,MODIFICA ORDENANZA SOBRE PROPAGANDA Y PUBLICIDAD,"Comercio, Alcoholes y Patentes",https://www.bcn.cl/leychile/navegar?idNorma=148657,,,https://datos.bcn.cl/recurso/cl/orz/municipalidad-de-la-florida/1999-12-02/25/datos.json
Florida,08,Biobío,BCN,22,1999-11-22,MODIFICA ORDENANZA LOCAL Nº 1 SOBRE DERECHOS MUNICIPALES,Derechos Municipales y Tarifas,https://www.bcn.cl/leychile/navegar?idNorma=148010,,,https://datos.bcn.cl/recurso/cl/orz/municipalidad-de-la-florida/1999-11-22/22/datos.json
Florida,08,Biobío,BCN,23,1999-11-22,MODIFICA ORDENANZA LOCAL Nº 4 SOBRE PROPAGANDA Y PUBLICIDAD,"Comercio, Alcoholes y Patentes",https://www.bcn.cl/leychile/navegar?idNorma=148018,,,https://datos.bcn.cl/recurso/cl/orz/municipalidad-de-la-florida/1999-11-22/23/datos.json
Florida,08,Biobío,BCN,24,1999-11-22,"RECTIFICA ORDENANZA Nº 20, DE 1999, SOBRE PARTICIPACION CIUDADANA",Organización y Régimen Interno,https://www.bcn.cl/leychile/navegar?idNorma=148024,,,https://datos.bcn.cl/recurso/cl/orz/municipalidad-de-la-florida/1999-11-22/24/datos.json
Florida,08,Biobío,BCN,20,1999-11-04,APRUEBA ORDENANZA DE PARTICIPACION CIUDADANA,Organización y Régimen Interno,https://www.bcn.cl/leychile/navegar?idNorma=146490,,,https://datos.bcn.cl/recurso/cl/orz/municipalidad-de-la-florida/1999-11-04/20/datos.json
Florida,08,Biobío,BCN,21,1999-10-04,MODIFICA ORDENANZA LOCAL Nº 1 SOBRE TRANSITO Y TRANSPORTE PUBLICO,Tránsito y Transporte,https://www.bcn.cl/leychile/navegar?idNorma=144670,,,https://datos.bcn.cl/recurso/cl/orz/municipalidad-de-la-florida/1999-10-04/21/datos.json
Florida,08,Biobío,BCN,19,1999-05-10,"MODIFICA ORDENANZA Nº 16, DE 1999",Normativa General y Otras Materias,https://www.bcn.cl/leychile/navegar?idNorma=136134,,,https://datos.bcn.cl/recurso/cl/orz/municipalidad-de-la-florida/1999-05-10/19/datos.json
Florida,08,Biobío,BCN,16,1999-04-16,FIJA HORARIO PARA EL FUNCIONAMIENTO DE LOS ESTABLECIMIENTOS DE EXPENDIO DE BEBIDAS ALCOHOLICAS,"Comercio, Alcoholes y Patentes",https://www.bcn.cl/leychile/navegar?idNorma=135027,,,https://datos.bcn.cl/recurso/cl/orz/municipalidad-de-la-florida/1999-04-16/16/datos.json
Florida,08,Biobío,BCN,17,1998-12-31,"MODIFICA ORDENANZA Nº 1, LOCAL SOBRE DERECHOS MUNICIPALES",Derechos Municipales y Tarifas,https://www.bcn.cl/leychile/navegar?idNorma=128904,,,https://datos.bcn.cl/recurso/cl/orz/municipalidad-de-la-florida/1998-12-31/17/datos.json
Florida,08,Biobío,BCN,15,1997-08-18,DICTA ORDENANZA LOCAL SOBRE OCUPACION DE BIENES NACIONALES DE USO PUBLICO QUE CORRESPONDAN A CALLES CIEGAS O PASAJES EN FONDO DE SACO Y QUE PERMITE SU CIERRO,"Urbanismo, Obras y Edificación",https://www.bcn.cl/leychile/navegar?idNorma=75000,,,https://datos.bcn.cl/recurso/cl/orz/municipalidad-de-la-florida/1997-08-18/15/datos.json
Florida,08,Biobío,BCN,1,1996-12-31,ORDENANZA LOCAL SOBRE DERECHOS MUNICIPALES,Derechos Municipales y Tarifas,https://www.bcn.cl/leychile/navegar?idNorma=30924,,,https://datos.bcn.cl/recurso/cl/orz/municipalidad-de-la-florida/1996-12-31/1/datos.json
Florida,08,Biobío,BCN,14,1994-12-09,DICTA ORDENANZA DE FERIAS LIBRES,"Comercio, Alcoholes y Patentes",https://www.bcn.cl/leychile/navegar?idNorma=31041,,,https://datos.bcn.cl/recurso/cl/orz/municipalidad-de-la-florida/1994-12-09/14/datos.json
Florida,08,Biobío,BCN,1,1988-01-26,DICTA ORDENANZA LOCAL SOBRE DERECHOS MUNICIPALES,Derechos Municipales y Tarifas,https://www.bcn.cl/leychile/navegar?idNorma=123496,,,https://datos.bcn.cl/recurso/cl/orz/municipalidad-de-la-florida/1988-01-26/1/datos.json
Florida,08,Biobío,Municipalidad,S/N,2026-01-01,Ordenanza Municipal de FLORIDA — Ordenanza Comercio Ambulante,"Patentes, Comercio y Alcoholes",https://muniflorida.cl/wp-content/uploads/2026/02/Ordenanza-Comercio-Ambulante.pdf,https://muniflorida.cl/ordenanzas-municipales/,e5b8f1bd991ddc4843fae460c7cd33907bfb4edcad8d79ed298114d73a179e73,
Florida,08,Biobío,Municipalidad,S/N-1b5c,2026-01-01,Ordenanza Municipal de FLORIDA — Ordenanza de Patente Provisorias,"Patentes, Comercio y Alcoholes",https://muniflorida.cl/wp-content/uploads/2026/02/Ordenanza-de-Patente-Provisorias.pdf,https://muniflorida.cl/ordenanzas-municipales/,1b5c3d753c1cbedabb25b02bed9b0599b86b46dbc3f611d8147d8e0aab08298d,
Lota,08,Biobío,BCN,1,2006-08-24,"ORDENANZA COMUNAL SOBRE INSTALACION DE ANTENAS, TORRES Y PARABOLICAS DE CELULARES Y OTROS MEDIOS DE COMUNICACIÓN","Urbanismo, Obras y Edificación",https://www.bcn.cl/leychile/navegar?idNorma=252539,,,https://datos.bcn.cl/recurso/cl/orz/municipalidad-de-lota/2006-08-24/1/datos.json
Lota,08,Biobío,BCN,3,2002-03-23,MODIFICA ORDENANZA DEL CEMENTERIO MUNICIPAL,"Salud, Deporte y Desarrollo Social",https://www.bcn.cl/leychile/navegar?idNorma=195898,,,https://datos.bcn.cl/recurso/cl/orz/municipalidad-de-lota/2002-03-23/3/datos.json
Lota,08,Biobío,BCN,1,2002-01-30,DICTA ORDENANZA PARA EL USO Y MANTENCION DE PLAZAS,Normativa General y Otras Materias,https://www.bcn.cl/leychile/navegar?idNorma=194165,,,https://datos.bcn.cl/recurso/cl/orz/municipalidad-de-lota/2002-01-30/1/datos.json
Lota,08,Biobío,BCN,2,2002-01-17,ORDENANZA MUNICIPAL SOBRE CONTROL DE PERROS VAGOS,Tenencia Responsable y Mascotas,https://www.bcn.cl/leychile/navegar?idNorma=193863,,,https://datos.bcn.cl/recurso/cl/orz/municipalidad-de-lota/2002-01-17/2/datos.json
Lota,08,Biobío,BCN,1,1999-06-08,"DICTA ORDENANZA PARA CONCESION DE ESPACIOS, LOCALES Y PUESTOS EN FERIA LIBRE DE LOTA",Derechos Municipales y Tarifas,https://www.bcn.cl/leychile/navegar?idNorma=137435,,,https://datos.bcn.cl/recurso/cl/orz/municipalidad-de-lota/1999-06-08/1/datos.json
Lota,08,Biobío,BCN,884,1994-05-09,FIJA ORDENANZA SOBRE TERMINALES NO URBANOS DE PASAJEROS DE LOCOMOCION COLECTIVA,"Urbanismo, Obras y Edificación",https://www.bcn.cl/leychile/navegar?idNorma=31141,,,https://datos.bcn.cl/recurso/cl/orz/municipalidad-de-lota/1994-05-09/884/datos.json
Lota,08,Biobío,BCN,2,1989-04-11,"MODIFICA ORDENANZA SOBRE FLIPPERS, POOL Y SIMILARES","Comercio, Alcoholes y Patentes",https://www.bcn.cl/leychile/navegar?idNorma=231538,,,https://datos.bcn.cl/recurso/cl/orz/municipalidad-de-lota/1989-04-11/2/datos.json
Lota,08,Biobío,BCN,1,1989-02-27,"DICTA ORDENANZA MUNICIPAL SOBRE FLIPPERS, POOL Y SIMILARES","Comercio, Alcoholes y Patentes",https://www.bcn.cl/leychile/navegar?idNorma=200789,,,https://datos.bcn.cl/recurso/cl/orz/municipalidad-de-lota/1989-02-27/1/datos.json
Lota,08,Biobío,BCN,1,1986-10-24,"DICTA ORDENANZA PARA LA CONCESION Y ADMINISTRACION DE LOCALES, PUESTOS, PISOS Y BODEGAS EN LOS MERCADOS MUNICIPALES Y FERIA LIBRE",Derechos Municipales y Tarifas,https://www.bcn.cl/leychile/navegar?idNorma=159466,,,https://datos.bcn.cl/recurso/cl/orz/municipalidad-de-lota/1986-10-24/1/datos.json
Penco,08,Biobío,Municipalidad,S/N,2026-01-01,Ordenanza Municipal de PENCO — ORDENANZA COBRO DERECHOS V2,Derechos Municipales y Tarifas,https://penco.cl/wp-content/uploads/2026/07/ORDENANZA-COBRO-DERECHOS-V2.pdf,https://penco.cl/wp-content/uploads/2026/07/ORDENANZA-COBRO-DERECHOS-V2.pdf,3a6c52fb12aacc61e667ece566f2cd17c28581a4e51076b1250545c20fd8aaaf,
San Pedro de la Paz,08,Biobío,BCN,35,2011-08-23,"ORDENANZA MUNICIPAL QUE REGULA EL CIERRE O MEDIDAS DE CONTROL DE ACCESO A CALLES Y PASAJES O A CONJUNTOS HABITACIONALES, CON UNA MISMA VÍA DE ACCESO Y SALIDA",Seguridad y Convivencia,https://www.bcn.cl/leychile/navegar?idNorma=1028863,,,https://datos.bcn.cl/recurso/cl/orz/municipalidad-de-san-pedro-de-la-paz/2011-08-23/35/datos.json
San Pedro de la Paz,08,Biobío,BCN,33,2010-01-22,"APRUEBA ORDENANZA MUNICIPAL Nº33, SOBRE TENENCIA DE MASCOTAS EN LA COMUNA DE SAN PEDRO DE LA PAZ",Tenencia Responsable y Mascotas,https://www.bcn.cl/leychile/navegar?idNorma=1010378,,,https://datos.bcn.cl/recurso/cl/orz/municipalidad-de-san-pedro-de-la-paz/2010-01-22/33/datos.json
Talcahuano,08,Biobío,BCN,4,2011-09-28,"APRUEBA 'ORDENANZA MUNICIPAL QUE REGULA LA EXPLOTACIÓN COMERCIAL DE JUEGOS ELECTRÓNICOS, MÁQUINAS DE HABILIDAD O DESTREZA Y JUEGOS DE AZAR'","Comercio, Alcoholes y Patentes",https://www.bcn.cl/leychile/navegar?idNorma=1030249,,,https://datos.bcn.cl/recurso/cl/orz/municipalidad-de-talcahuano/2011-09-28/4/datos.json
Talcahuano,08,Biobío,BCN,2,2011-02-04,APRUEBA ORDENANZA MUNICIPAL SOBRE RUIDOS MOLESTOS,"Aseo, Ornato y Medio Ambiente",https://www.bcn.cl/leychile/navegar?idNorma=1022727,,,https://datos.bcn.cl/recurso/cl/orz/municipalidad-de-talcahuano/2011-02-04/2/datos.json
Talcahuano,08,Biobío,BCN,1,2008-12-06,ORDENANZA LOCAL PARA CONMUTAR MULTAS DE DINERO POR EFECTUAR TRABAJOS EN BENEFICIO DE LA COMUNIDAD,Normativa General y Otras Materias,https://www.bcn.cl/leychile/navegar?idNorma=282887,,,https://datos.bcn.cl/recurso/cl/orz/municipalidad-de-talcahuano/2008-12-06/1/datos.json
Talcahuano,08,Biobío,BCN,4,2008-12-06,APRUEBA ORDENANZA SOBRE INSTALACIÓN DE LÍNEAS DISTRIBUIDORAS DE ENERGÍA ELÉCTRICA Y DE TELECOMUNICACIONES EN LA COMUNA DE TALCAHUANO,Tránsito y Transporte,https://www.bcn.cl/leychile/navegar?idNorma=282888,,,https://datos.bcn.cl/recurso/cl/orz/municipalidad-de-talcahuano/2008-12-06/4/datos.json
Talcahuano,08,Biobío,BCN,1,2006-02-15,ORDENANZA SOBRE APORTE FINANCIERO CON FONDOS MUNICIPALES QUE OPERAN BAJO LA MODALIDAD FONDO CONCURSABLE COMUNITARIO DE SUBVENCIONES,"Salud, Deporte y Desarrollo Social",https://www.bcn.cl/leychile/navegar?idNorma=247309,,,https://datos.bcn.cl/recurso/cl/orz/municipalidad-de-talcahuano/2006-02-15/1/datos.json
Talcahuano,08,Biobío,BCN,2,2005-07-23,ORDENANZA MUNICIPAL PARA EL EMPADRONAMIENTO Y TRANSITO DE VEHICULOS DE TRACCION ANIMAL EN LA COMUNA DE TALCAHUANO,Tránsito y Transporte,https://www.bcn.cl/leychile/navegar?idNorma=240372,,,https://datos.bcn.cl/recurso/cl/orz/municipalidad-de-talcahuano/2005-07-23/2/datos.json
Talcahuano,08,Biobío,BCN,3,2004-11-23,"APRUEBA ORDENANZA CANINA SOBRE CONDICIONES DE PREVENCION, HIGIENE Y SEGURIDAD BASICAS EN LA TENENCIA DE PERROS",Seguridad y Convivencia,https://www.bcn.cl/leychile/navegar?idNorma=232779,,,https://datos.bcn.cl/recurso/cl/orz/municipalidad-de-talcahuano/2004-11-23/3/datos.json
Talcahuano,08,Biobío,BCN,4,2004-11-23,APRUEBA ORDENANZA MUNICIPAL PARA EL EMPADRONAMIENTO Y TRANSITO DE VEHICULOS DE TRACCION ANIMAL EN LA COMUNA DE TALCAHUANO,Tránsito y Transporte,https://www.bcn.cl/leychile/navegar?idNorma=232780,,,https://datos.bcn.cl/recurso/cl/orz/municipalidad-de-talcahuano/2004-11-23/4/datos.json
Talcahuano,08,Biobío,BCN,2,2004-05-24,"COMPLEMENTA ORDENANZA DE DERECHOS MUNICIPALES, VENTA DE CARTEL, ARTICULOS Y PROHIBICIONES LEY DE ALCOHOLES 19.925",Derechos Municipales y Tarifas,https://www.bcn.cl/leychile/navegar?idNorma=225515,,,https://datos.bcn.cl/recurso/cl/orz/municipalidad-de-talcahuano/2004-05-24/2/datos.json
Talcahuano,08,Biobío,BCN,1,2004-04-21,ORDENANZA MUNICIPAL SOBRE REGISTRO DE PERSONAS JURIDICAS RECEPTORAS DE FONDOS PUBLICOS,Normativa General y Otras Materias,https://www.bcn.cl/leychile/navegar?idNorma=224099,,,https://datos.bcn.cl/recurso/cl/orz/municipalidad-de-talcahuano/2004-04-21/1/datos.json
Talcahuano,08,Biobío,BCN,1,1995-03-02,ORDENANZA LOCAL DE DERECHOS MUNICIPALES (MODIFICADA),Derechos Municipales y Tarifas,https://www.bcn.cl/leychile/navegar?idNorma=1043636,,,https://datos.bcn.cl/recurso/cl/orz/municipalidad-de-talcahuano/1995-03-02/1/datos.json
Talcahuano,08,Biobío,BCN,3,1994-11-09,APRUEBA ORDENANZA DE FERIAS LIBRES,"Comercio, Alcoholes y Patentes",https://www.bcn.cl/leychile/navegar?idNorma=30964,,,https://datos.bcn.cl/recurso/cl/orz/municipalidad-de-talcahuano/1994-11-09/3/datos.json
Talcahuano,08,Biobío,BCN,1,1994-01-29,"MODIFICA ORDENANZA LOCAL N° 1, DE 1990, SOBRE
DERECHOS MUNICIPALES",Derechos Municipales y Tarifas,https://www.bcn.cl/leychile/navegar?idNorma=30885,,,https://datos.bcn.cl/recurso/cl/orz/municipalidad-de-talcahuano/1994-01-29/1/datos.json
Talcahuano,08,Biobío,BCN,1,1993-02-11,MODIFICA ORDENANZA DE DERECHOS MUNICIPALES,Derechos Municipales y Tarifas,https://www.bcn.cl/leychile/navegar?idNorma=30873,,,https://datos.bcn.cl/recurso/cl/orz/municipalidad-de-talcahuano/1993-02-11/1/datos.json
Talcahuano,08,Biobío,BCN,1,1992-04-06,"MODIFICA ORDENANZAS LOCALES SOBRE DERECHOS MUNICIPALES QUE
INDICA",Derechos Municipales y Tarifas,https://www.bcn.cl/leychile/navegar?idNorma=95688,,,https://datos.bcn.cl/recurso/cl/orz/municipalidad-de-talcahuano/1992-04-06/1/datos.json
Talcahuano,08,Biobío,BCN,1,1991-10-23,"MODIFICA ORDENANZA Nº1, DE 1983, SOBRE COBRANZA DE PATENTES, DERECHOS O CONTRIBUCIONES MOROSAS",Derechos Municipales y Tarifas,https://www.bcn.cl/leychile/navegar?idNorma=87020,,,https://datos.bcn.cl/recurso/cl/orz/municipalidad-de-talcahuano/1991-10-23/1/datos.json
Talcahuano,08,Biobío,BCN,1,1991-02-07,"MODIFICA ORDENANZA No. 1, DE 1990",Normativa General y Otras Materias,https://www.bcn.cl/leychile/navegar?idNorma=87832,,,https://datos.bcn.cl/recurso/cl/orz/municipalidad-de-talcahuano/1991-02-07/1/datos.json
Talcahuano,08,Biobío,BCN,2,1990-05-17,ORDENANZA SOBRE TRANSPORTES DE CARGA DENTRO DE LA COMUNA,Tránsito y Transporte,https://www.bcn.cl/leychile/navegar?idNorma=89598,,,https://datos.bcn.cl/recurso/cl/orz/municipalidad-de-talcahuano/1990-05-17/2/datos.json
Talcahuano,08,Biobío,BCN,1,1989-02-13,"MODIFICA ORDENANZA NO. 1, SOBRE DERECHOS MUNICIPALES AÑO 1988",Derechos Municipales y Tarifas,https://www.bcn.cl/leychile/navegar?idNorma=120252,,,https://datos.bcn.cl/recurso/cl/orz/municipalidad-de-talcahuano/1989-02-13/1/datos.json
Talcahuano,08,Biobío,BCN,3,1988-07-22,"MODIFICA ORDENANZA NO. 1, SOBRE DERECHOS MUNICIPALES",Derechos Municipales y Tarifas,https://www.bcn.cl/leychile/navegar?idNorma=133521,,,https://datos.bcn.cl/recurso/cl/orz/municipalidad-de-talcahuano/1988-07-22/3/datos.json
Talcahuano,08,Biobío,BCN,2,1988-04-06,"MODIFICA ORDENANZA DE DERECHOS MUNICIPALES NO. 1, DE 1988",Derechos Municipales y Tarifas,https://www.bcn.cl/leychile/navegar?idNorma=133578,,,https://datos.bcn.cl/recurso/cl/orz/municipalidad-de-talcahuano/1988-04-06/2/datos.json
Talcahuano,08,Biobío,BCN,1,1988-03-07,"APRUEBA ORDENANZA LOCAL SOBRE DERECHOS MUNICIPALES POR CONCESIONES, PERMISOS Y SERVICIOS",Derechos Municipales y Tarifas,https://www.bcn.cl/leychile/navegar?idNorma=202058,,,https://datos.bcn.cl/recurso/cl/orz/municipalidad-de-talcahuano/1988-03-07/1/datos.json
Tomé,08,Biobío,Municipalidad,4,2026-01-01,Ordenanza Municipal de TOMÉ — D.A. N° 4.825 Modifica Ordenanza Local sobre derechos municipales por co...,Derechos Municipales y Tarifas,https://static.tome.cl/banners/121/file/D.A.%20N%C2%B0%204.825%20Modifica%20Ordenanza%20Local%20sobre%20derechos%20municipales%20por%20co....pdf,https://static.tome.cl/banners/121/file/D.A. N° 4.825 Modifica Ordenanza Local sobre derechos municipales por co....pdf,eaef3b34482246758c34f76087a8b1ba004a2b0d2219776bf47d37433d89fe0f,
Tomé,08,Biobío,Municipalidad,S/N,2026-01-01,Ordenanza Municipal de TOMÉ — ORDENANZA DE SUBVENCIONES MUNICIPALES NUEVA,Normativa General y Otras Materias,https://static.tome.cl/banners/98/file/ORDENANZA%20DE%20SUBVENCIONES%20MUNICIPALES%20NUEVA.pdf,https://static.tome.cl/banners/98/file/ORDENANZA DE SUBVENCIONES MUNICIPALES NUEVA.pdf,654a424a6f825700bdc770487b7d6afec566ee71671c0ffafb08b296dbd64718,
Tomé,08,Biobío,Municipalidad,S/N,2025-01-01,Ordenanza Municipal de TOMÉ — Ordenanza Municipal de Medio Ambiente 2025 (00000002),"Aseo, Ornato y Medio Ambiente",https://static.tome.cl/identidad/files/Ordenanza_Municipal_de_Medio_Ambiente_2025_(00000002).pdf,https://static.tome.cl/identidad/files/Ordenanza_Municipal_de_Medio_Ambiente_2025_(00000002).pdf,324253caba66afe959033836579f274a49a8d176df0950a0e126a1da5235ac67,
Lebu,08,Biobío,BCN,s-n,2006-06-28,ORDENANZA DE DERECHOS DEL DEPARTAMENTO DE TRANSITO,Derechos Municipales y Tarifas,https://www.bcn.cl/leychile/navegar?idNorma=250858,,,https://datos.bcn.cl/recurso/cl/orz/municipalidad-de-lebu/2006-06-28/s-n/datos.json
Lebu,08,Biobío,BCN,s-n,2002-07-19,ORDENANZA DE DERECHOS MUNICIPALES. DERECHOS MUNICIPALES DEPARTAMENTO DE TRANSITO,Derechos Municipales y Tarifas,https://www.bcn.cl/leychile/navegar?idNorma=200620,,,https://datos.bcn.cl/recurso/cl/orz/municipalidad-de-lebu/2002-07-19/s-n/datos.json
Arauco,08,Biobío,BCN,1,2019-01-26,APRUEBA ORDENANZA SOBRE LA ENTREGA DE SUBVENCIONES MUNICIPALES DE LA COMUNA DE ARAUCO,"Salud, Deporte y Desarrollo Social",https://www.bcn.cl/leychile/navegar?idNorma=1128284,,,https://datos.bcn.cl/recurso/cl/orz/municipalidad-de-arauco/2019-01-26/1/datos.json
Arauco,08,Biobío,BCN,791,2011-03-22,"SUSPENDE TRÁNSITO DE CAMIONES Y VEHÍCULOS, CON CARGA SUPERIOR A 15 TONELADAS, POR CALLES QUE INDICA, DE LA CIUDAD DE ARAUCO",Tránsito y Transporte,https://www.bcn.cl/leychile/navegar?idNorma=1023904,,,https://datos.bcn.cl/recurso/cl/orz/municipalidad-de-arauco/2011-03-22/791/datos.json
Arauco,08,Biobío,BCN,s-n,2004-04-16,APRUEBA ORDENANZA SOBRE SUBVENCIONES MUNICIPALES,"Salud, Deporte y Desarrollo Social",https://www.bcn.cl/leychile/navegar?idNorma=223883,,,https://datos.bcn.cl/recurso/cl/orz/municipalidad-de-arauco/2004-04-16/s-n/datos.json
Arauco,08,Biobío,BCN,240,1990-11-10,DICTA ORDENANZA SOBRE EL TRANSPORTE DE CARGA DENTRO DE LA COMUNA DE ARAUCO,Tránsito y Transporte,https://www.bcn.cl/leychile/navegar?idNorma=89595,,,https://datos.bcn.cl/recurso/cl/orz/municipalidad-de-arauco/1990-11-10/240/datos.json
Arauco,08,Biobío,BCN,168,1990-10-01,"MODIFICA ORDENANZA NO. 237, DE 1986",Normativa General y Otras Materias,https://www.bcn.cl/leychile/navegar?idNorma=88439,,,https://datos.bcn.cl/recurso/cl/orz/municipalidad-de-arauco/1990-10-01/168/datos.json
Arauco,08,Biobío,BCN,236,1986-10-07,DICTA ORDENANZA SOBRE PROHIBICION DE RUIDOS MOLESTOS,"Aseo, Ornato y Medio Ambiente",https://www.bcn.cl/leychile/navegar?idNorma=158722,,,https://datos.bcn.cl/recurso/cl/orz/municipalidad-de-arauco/1986-10-07/236/datos.json
Arauco,08,Biobío,BCN,238,1986-10-07,DICTA ORDENANZA SOBRE LIMPIEZA DE LAS VIAS PUBLICAS,"Aseo, Ornato y Medio Ambiente",https://www.bcn.cl/leychile/navegar?idNorma=158727,,,https://datos.bcn.cl/recurso/cl/orz/municipalidad-de-arauco/1986-10-07/238/datos.json
Arauco,08,Biobío,BCN,237,1986-10-04,DICTA ORDENANZA SOBRE COMERCIO AMBULANTE,"Comercio, Alcoholes y Patentes",https://www.bcn.cl/leychile/navegar?idNorma=157853,,,https://datos.bcn.cl/recurso/cl/orz/municipalidad-de-arauco/1986-10-04/237/datos.json
Arauco,08,Biobío,BCN,244,1986-10-04,DICTA ORDENANZA SOBRE SALAS DE ENTRETENIMIENTOS,Normativa General y Otras Materias,https://www.bcn.cl/leychile/navegar?idNorma=157854,,,https://datos.bcn.cl/recurso/cl/orz/municipalidad-de-arauco/1986-10-04/244/datos.json
Arauco,08,Biobío,Municipalidad,2307,2026-01-01,Becas Municipales Educación Superior Becas Municipales Educación Superior,Normativa General y Otras Materias,https://muniarauco.cl/wp-content/uploads/2026/02/D.A.-2307-Ordenanza-Becas.pdf,https://muniarauco.cl/ordenanzas/,4540ac2d304e3d9d34d4f45b8e8be215410b4c23fc19accf9169198d8cb785a3,
Cañete,08,Biobío,BCN,43,1992-01-31,APRUEBA ORDENANZA LOCAL,Normativa General y Otras Materias,https://www.bcn.cl/leychile/navegar?idNorma=96546,,,https://datos.bcn.cl/recurso/cl/orz/municipalidad-de-canete/1992-01-31/43/datos.json
Contulmo,08,Biobío,Municipalidad,S/N,2026-01-01,Ordenanza Municipal de CONTULMO — Ordenanzas 2026,Normativa General y Otras Materias,https://www.contulmo.cl/Transparencia/Ordenanzas/2026/Ordenanzas_2026.pdf,https://www.contulmo.cl/Transparencia/Ordenanzas/2026/Ordenanzas_2026.pdf,64d379bc81039a03dc8af21701d683b6d63de44d0876786eb8c61e88441cb343,
Curanilahue,08,Biobío,BCN,6980,2009-12-28,"MODIFICA ORDENANZA LOCAL SOBRE DERECHOS MUNICIPALES POR CONCESIONES, PERMISOS Y SERVICIOS",Derechos Municipales y Tarifas,https://www.bcn.cl/leychile/navegar?idNorma=1009640,,,https://datos.bcn.cl/recurso/cl/orz/municipalidad-de-curanilahue/2009-12-28/6980/datos.json
Curanilahue,08,Biobío,BCN,7037,2009-12-28,"MODIFICA ORDENANZA LOCAL SOBRE DERECHOS MUNICIPALES POR CONCESIONES, PERMISOS Y SERVICIOS",Derechos Municipales y Tarifas,https://www.bcn.cl/leychile/navegar?idNorma=1009641,,,https://datos.bcn.cl/recurso/cl/orz/municipalidad-de-curanilahue/2009-12-28/7037/datos.json
Curanilahue,08,Biobío,BCN,623,1990-08-31,DICTA ORDENANZA SOBRE EL TRANSPORTE DE CARGA DENTRO DE LA COMUNA DE CURANILAHUE,Tránsito y Transporte,https://www.bcn.cl/leychile/navegar?idNorma=90865,,,https://datos.bcn.cl/recurso/cl/orz/municipalidad-de-curanilahue/1990-08-31/623/datos.json
Los Álamos,08,Biobío,BCN,732,2012-04-27,DICTA ORDENANZA QUE REGULA EL USO DE ESTACIONAMIENTOS EN LA VÍA PÚBLICA PARA TAXIS COLECTIVOS Y SERVICIO DE TAXIS BÁSICOS,Tránsito y Transporte,https://www.bcn.cl/leychile/navegar?idNorma=1039475,,,https://datos.bcn.cl/recurso/cl/orz/municipalidad-de-los-alamos/2012-04-27/732/datos.json
Los Álamos,08,Biobío,BCN,2183,2000-01-06,DICTA ORDENANZA SOBRE PARTICIPACION CIUDADANA,Organización y Régimen Interno,https://www.bcn.cl/leychile/navegar?idNorma=150489,,,https://datos.bcn.cl/recurso/cl/orz/municipalidad-de-los-alamos/2000-01-06/2183/datos.json
Tirúa,08,Biobío,BCN,s-n,2003-03-19,"ORDENANZA DE DERECHOS MUNICIPALES POR SERVICIOS, CONCESIONES Y PERMISOS",Derechos Municipales y Tarifas,https://www.bcn.cl/leychile/navegar?idNorma=208599,,,https://datos.bcn.cl/recurso/cl/orz/municipalidad-de-tirua/2003-03-19/s-n/datos.json
Los Ángeles,08,Biobío,Municipalidad,2786,2026-01-01,Ordenanza Municipal de LOS ÁNGELES — decreto 2786 ordenanza que regulariza normaliza y reglamenta la numeracion de los inmuebles de la comuna de los angeles,Normativa General y Otras Materias,https://www.losangeles.cl/wp-content/uploads/2025/07/decreto-2786_ordenanza-que-regulariza-normaliza-y-reglamenta-la-numeracion-de-los-inmuebles-de-la-comuna-de-los-angeles.pdf,https://www.losangeles.cl/wp-content/uploads/2025/07/decreto-2786_ordenanza-que-regulariza-normaliza-y-reglamenta-la-numeracion-de-los-inmuebles-de-la-comuna-de-los-angeles.pdf,9ae64734b2b299c88829992f51ec4e64c20a8d6a5c2420c64e9552160a1eb5c1,
Antuco,08,Biobío,BCN,4,2004-01-24,"DICTA ORDENANZA COMUNAL SOBRE DERECHOS MUNICIPALES, PERMISOS, CONCESIONES Y SERVICIOS.",Derechos Municipales y Tarifas,https://www.bcn.cl/leychile/navegar?idNorma=220514,,,https://datos.bcn.cl/recurso/cl/orz/municipalidad-de-antuco/2004-01-24/4/datos.json
Cabrero,08,Biobío,BCN,22,1989-01-13,"APRUEBA ORDENANZA LOCAL, SOBRE DERECHOS MUNICIPALES POR CONCESIONES, PERMISOS Y SERVICIOS",Derechos Municipales y Tarifas,https://www.bcn.cl/leychile/navegar?idNorma=182394,,,https://datos.bcn.cl/recurso/cl/orz/municipalidad-de-cabrero/1989-01-13/22/datos.json
Cabrero,08,Biobío,Municipalidad,S/N,2019-01-01,Ordenanza Municipal de CABRERO — Ordenanza de Participacion Ciudadana y Convivencia Comuna de Cabrero 2019,Seguridad Ciudadana y Convivencia,https://www.cabrero.cl/transparencia_cabrero/documentos/Ordenanza%20de%20Participacion%20Ciudadana%20y%20Convivencia%20Comuna%20de%20Cabrero%202019.PDF,https://www.cabrero.cl/transparencia_cabrero/documentos/Ordenanza de Participacion Ciudadana y Convivencia Comuna de Cabrero 2019.PDF,de2c4c5c4957118062aadde97b8254d12899eeb3cb65c93e2330e9e3cb636d86,
Laja,08,Biobío,BCN,1,2000-05-26,ORDENANZA LOCAL SOBRE PATENTES DE ALCOHOLES Y HORARIOS DE FUNCIONAMIENTO DE ESTABLECIMIENTOS DE EXPENDIO DE BEBIDAS ALCOHOLICAS,"Comercio, Alcoholes y Patentes",https://www.bcn.cl/leychile/navegar?idNorma=169513,,,https://datos.bcn.cl/recurso/cl/orz/municipalidad-de-laja/2000-05-26/1/datos.json
Laja,08,Biobío,Municipalidad,S/N,2026-01-01,Ordenanza Municipal de LAJA — ORDENANZA MUNICIPAL TENENCIA RESPONSABLE DE MASCOTAS,Tenencia Responsable de Mascotas,https://munilaja.cl/w/wp-content/uploads/2024/02/ORDENANZA-MUNICIPAL-TENENCIA-RESPONSABLE-DE-MASCOTAS.pdf,https://munilaja.cl/w/wp-content/uploads/2024/02/ORDENANZA-MUNICIPAL-TENENCIA-RESPONSABLE-DE-MASCOTAS.pdf,346d3a0cd2b9b1b209b3337ce9b9b0232c7d2bf6126bfa124c9a693f0024a614,
Quilaco,08,Biobío,BCN,s-n,2004-06-30,ORDENANZA DE REGISTRO DE PERSONAS JURIDICAS RECEPTORAS DE FONDOS PUBLICOS,Normativa General y Otras Materias,https://www.bcn.cl/leychile/navegar?idNorma=226868,,,https://datos.bcn.cl/recurso/cl/orz/municipalidad-de-quilaco/2004-06-30/s-n/datos.json
Quilaco,08,Biobío,BCN,102,1989-03-11,"MODIFICA ORDENANZA SOBRE DERECHOS MUNICIPALES POR CONCESIONES, PERMISOS Y SERVICIOS",Derechos Municipales y Tarifas,https://www.bcn.cl/leychile/navegar?idNorma=197878,,,https://datos.bcn.cl/recurso/cl/orz/municipalidad-de-quilaco/1989-03-11/102/datos.json
Quilaco,08,Biobío,BCN,26,1986-02-13,"DICTA ORDENANZA SOBRE DERECHOS MUNICIPALES POR CONCESIENES, PERMISOS Y SERVICIOS",Derechos Municipales y Tarifas,https://www.bcn.cl/leychile/navegar?idNorma=156532,,,https://datos.bcn.cl/recurso/cl/orz/municipalidad-de-quilaco/1986-02-13/26/datos.json
San Rosendo,08,Biobío,Municipalidad,S/N,2026-01-01,| Ordenanza Municipal Medio Ambiente,"Aseo, Ornato y Medio Ambiente",https://municipalidadsanrosendo.cl/wp-content/uploads/2024/06/ordenanza-medio-ambiente.pdf,https://municipalidadsanrosendo.cl/ordenanza-tenencia-responsable/,b5bc1b5986edf82f566c3ecd6ae971e89d23ebf1054cf0a68a084efbb5c0dcbe,
Santa Bárbara,08,Biobío,BCN,s-n,1997-12-30,"DISPOSICIONES COMUNES PARA EL COMERCIO, LA INDUSTRIA Y LOS SERVICIOS","Comercio, Alcoholes y Patentes",https://www.bcn.cl/leychile/navegar?idNorma=85935,,,https://datos.bcn.cl/recurso/cl/orz/municipalidad-de-santa-barbara/1997-12-30/s-n/datos.json
Tucapel,08,Biobío,BCN,17,2002-11-22,MODIFICA ORDENANZA Nº16 SOBRE DETERMINACION DE TARIFAS DEL SERVICIO DE ASEO DOMICILIARIO Y EXENCIONES,Derechos Municipales y Tarifas,https://www.bcn.cl/leychile/navegar?idNorma=204889,,,https://datos.bcn.cl/recurso/cl/orz/municipalidad-de-tucapel/2002-11-22/17/datos.json
Tucapel,08,Biobío,BCN,16,1999-12-30,APRUEBA ORDENANZA SOBRE DETERMINACION DE TARIFAS DEL SERVICIO DE ASEO DOMICILIARIO Y EXENCIONES,Derechos Municipales y Tarifas,https://www.bcn.cl/leychile/navegar?idNorma=150092,,,https://datos.bcn.cl/recurso/cl/orz/municipalidad-de-tucapel/1999-12-30/16/datos.json
Tucapel,08,Biobío,BCN,15,1999-12-21,MODIFICA ORDENANZAS QUE INDICA,Normativa General y Otras Materias,https://www.bcn.cl/leychile/navegar?idNorma=149716,,,https://datos.bcn.cl/recurso/cl/orz/municipalidad-de-tucapel/1999-12-21/15/datos.json
Tucapel,08,Biobío,BCN,13,1995-04-04,"INTRODUCE NUMERALES A ORDENANZA MUNICIPAL N° 1 DE 1987, SOBRE DERECHOS MUNICIPALES",Derechos Municipales y Tarifas,https://www.bcn.cl/leychile/navegar?idNorma=31039,,,https://datos.bcn.cl/recurso/cl/orz/municipalidad-de-tucapel/1995-04-04/13/datos.json
Tucapel,08,Biobío,BCN,12,1995-03-06,MODIFICA ORDENANZA QUE INDICA,Normativa General y Otras Materias,https://www.bcn.cl/leychile/navegar?idNorma=31035,,,https://datos.bcn.cl/recurso/cl/orz/municipalidad-de-tucapel/1995-03-06/12/datos.json
Tucapel,08,Biobío,BCN,11,1991-01-22,"MODIFICA ORDENANZA LOCAL NO. 1/87 SOBRE DERECHOS MUNICIPALES POR CONCESIONES, PERMISOS Y SERVICIOS",Derechos Municipales y Tarifas,https://www.bcn.cl/leychile/navegar?idNorma=88744,,,https://datos.bcn.cl/recurso/cl/orz/municipalidad-de-tucapel/1991-01-22/11/datos.json
Tucapel,08,Biobío,BCN,10,1989-01-26,MODIFICA ORDENANZA QUE INDICA,Normativa General y Otras Materias,https://www.bcn.cl/leychile/navegar?idNorma=181480,,,https://datos.bcn.cl/recurso/cl/orz/municipalidad-de-tucapel/1989-01-26/10/datos.json
Tucapel,08,Biobío,BCN,10,1988-12-23,MODIFICA ORDENANZA LOCAL QUE INDICA,Normativa General y Otras Materias,https://www.bcn.cl/leychile/navegar?idNorma=127515,,,https://datos.bcn.cl/recurso/cl/orz/municipalidad-de-tucapel/1988-12-23/10/datos.json
Tucapel,08,Biobío,BCN,8,1988-01-15,DICTA ORDENANZA DE ASEO DE LA COMUNA,"Aseo, Ornato y Medio Ambiente",https://www.bcn.cl/leychile/navegar?idNorma=174165,,,https://datos.bcn.cl/recurso/cl/orz/municipalidad-de-tucapel/1988-01-15/8/datos.json
Tucapel,08,Biobío,BCN,9,1988-01-15,DICTA ORDENANZA SOBRE CONSERVACION DE CAMINOS COMUNALES,Normativa General y Otras Materias,https://www.bcn.cl/leychile/navegar?idNorma=171851,,,https://datos.bcn.cl/recurso/cl/orz/municipalidad-de-tucapel/1988-01-15/9/datos.json
Tucapel,08,Biobío,BCN,2,1987-01-07,DICTA RESOLUCION EN CARACTER DE ORDENANZA,Normativa General y Otras Materias,https://www.bcn.cl/leychile/navegar?idNorma=146055,,,https://datos.bcn.cl/recurso/cl/orz/municipalidad-de-tucapel/1987-01-07/2/datos.json
Tucapel,08,Biobío,BCN,3,1987-01-07,"DICTA ORDENANZA LOCAL SOBRE RUIDOS Y MOLESTIAS PROVOCADOS POR PERSONAS, VEHICULOS, ANIMALES U OTROS","Aseo, Ornato y Medio Ambiente",https://www.bcn.cl/leychile/navegar?idNorma=146056,,,https://datos.bcn.cl/recurso/cl/orz/municipalidad-de-tucapel/1987-01-07/3/datos.json
Tucapel,08,Biobío,BCN,4,1987-01-07,"DICTA ORDENANZA SOBRE ENTRETENIMIENTOS ELECTRONICOS, MANUALES Y OTROS",Normativa General y Otras Materias,https://www.bcn.cl/leychile/navegar?idNorma=146060,,,https://datos.bcn.cl/recurso/cl/orz/municipalidad-de-tucapel/1987-01-07/4/datos.json
Yumbel,08,Biobío,BCN,32,1992-01-31,DICTA ORDENANZA LOCAL DE RENTAS MUNICIPALES,Derechos Municipales y Tarifas,https://www.bcn.cl/leychile/navegar?idNorma=96780,,,https://datos.bcn.cl/recurso/cl/orz/municipalidad-de-yumbel/1992-01-31/32/datos.json
Yumbel,08,Biobío,BCN,91,1987-01-30,"DICTA ORDENANZA SOBRE DERECHOS MUNICIPALES POR PERMISOS, CONCESIONES Y SERVICIOS",Derechos Municipales y Tarifas,https://www.bcn.cl/leychile/navegar?idNorma=148069,,,https://datos.bcn.cl/recurso/cl/orz/municipalidad-de-yumbel/1987-01-30/91/datos.json
Temuco,09,La Araucanía,BCN,1,2005-11-30,DICTA ORDENANZA MUNICIPAL PARA EL COMERCIO AMBULANTE Y ESTACIONADO EN BIENES NACIONALES DE USO PUBLICO,"Comercio, Alcoholes y Patentes",https://www.bcn.cl/leychile/navegar?idNorma=244417,,,https://datos.bcn.cl/recurso/cl/orz/municipalidad-de-temuco/2005-11-30/1/datos.json
Temuco,09,La Araucanía,BCN,1,2005-01-18,APRUEBA ORDENANZA MUNICIPAL SOBRE DISTINCIONES CIUDADANAS Y OTROS GALARDONES,Normativa General y Otras Materias,https://www.bcn.cl/leychile/navegar?idNorma=234831,,,https://datos.bcn.cl/recurso/cl/orz/municipalidad-de-temuco/2005-01-18/1/datos.json
Temuco,09,La Araucanía,BCN,2,2001-04-06,DICTA ORDENANZA SOBRE ESTACIONAMIENTOS REGULADOS,Tránsito y Transporte,https://www.bcn.cl/leychile/navegar?idNorma=183664,,,https://datos.bcn.cl/recurso/cl/orz/municipalidad-de-temuco/2001-04-06/2/datos.json
Temuco,09,La Araucanía,BCN,4,1999-12-20,DICTA ORDENANZA SOBRE PARTICIPACION CIUDADANA,Organización y Régimen Interno,https://www.bcn.cl/leychile/navegar?idNorma=149640,,,https://datos.bcn.cl/recurso/cl/orz/municipalidad-de-temuco/1999-12-20/4/datos.json
Temuco,09,La Araucanía,BCN,3,1999-11-30,DICTA ORDENANZA SOBRE ESTACIONAMIENTOS REGULADOS MEDIANTE PARQUIMETROS,Tránsito y Transporte,https://www.bcn.cl/leychile/navegar?idNorma=148436,,,https://datos.bcn.cl/recurso/cl/orz/municipalidad-de-temuco/1999-11-30/3/datos.json
Temuco,09,La Araucanía,BCN,1,1995-01-18,"MODIFICA ORDENANZA Nº 2 DE 1993, SOBRE DERECHOS MUNICIPALES",Derechos Municipales y Tarifas,https://www.bcn.cl/leychile/navegar?idNorma=193574,,,https://datos.bcn.cl/recurso/cl/orz/municipalidad-de-temuco/1995-01-18/1/datos.json
Temuco,09,La Araucanía,BCN,2,1994-01-08,"ORDENANZA LOCAL SOBRE DERECHOS MUNICIPALES POR CONCESIONES, PERMISOS, OCUPACION DE BIENES NACIONALES DE USO PUBLICO, PROPAGANDA Y OTROS SERVICIOS",Derechos Municipales y Tarifas,https://www.bcn.cl/leychile/navegar?idNorma=30935,,,https://datos.bcn.cl/recurso/cl/orz/municipalidad-de-temuco/1994-01-08/2/datos.json
Temuco,09,La Araucanía,BCN,2,1993-01-25,MODIFICA ORDENANZA QUE SEÑALA,Normativa General y Otras Materias,https://www.bcn.cl/leychile/navegar?idNorma=30930,,,https://datos.bcn.cl/recurso/cl/orz/municipalidad-de-temuco/1993-01-25/2/datos.json
Temuco,09,La Araucanía,BCN,5,1992-02-07,"MODIFICA ORDENANZA LOCAL SOBRE DERECHOS MUNICIPALES POR CONCESIONES, PERMISOS, OCUPACION DE BIENES DE USO PUBLICO, PROPAGANDA Y OTROS SERVICIOS",Derechos Municipales y Tarifas,https://www.bcn.cl/leychile/navegar?idNorma=96167,,,https://datos.bcn.cl/recurso/cl/orz/municipalidad-de-temuco/1992-02-07/5/datos.json
Temuco,09,La Araucanía,BCN,1,1991-01-19,"MODIFICA ORDENANZA MUNICIPAL NO. 01, DE 1986",Normativa General y Otras Materias,https://www.bcn.cl/leychile/navegar?idNorma=88175,,,https://datos.bcn.cl/recurso/cl/orz/municipalidad-de-temuco/1991-01-19/1/datos.json
Temuco,09,La Araucanía,BCN,1,1990-01-31,MODIFICA ORDENANZA NO. 01 DEL 30.01.86,Normativa General y Otras Materias,https://www.bcn.cl/leychile/navegar?idNorma=207840,,,https://datos.bcn.cl/recurso/cl/orz/municipalidad-de-temuco/1990-01-31/1/datos.json
Temuco,09,La Araucanía,BCN,1,1989-01-30,"ORDENANZA LOCAL SOBRE MODIFICACIONES EFECTUADAS A LA ORDENANZA NO. 1 DE 1986, Y SUS MODIFICACIONES POSTERIORES",Normativa General y Otras Materias,https://www.bcn.cl/leychile/navegar?idNorma=181710,,,https://datos.bcn.cl/recurso/cl/orz/municipalidad-de-temuco/1989-01-30/1/datos.json
Temuco,09,La Araucanía,BCN,2,1988-01-29,MODIFICA ORDENANZA LOCAL SOBRE DERECHOS MUNICIPALES,Derechos Municipales y Tarifas,https://www.bcn.cl/leychile/navegar?idNorma=174053,,,https://datos.bcn.cl/recurso/cl/orz/municipalidad-de-temuco/1988-01-29/2/datos.json
Temuco,09,La Araucanía,BCN,1,1987-06-24,MUNICIPALIDAD DE TEMUCO APRUEBA ORDENANZA DE ASEO,"Aseo, Ornato y Medio Ambiente",https://www.bcn.cl/leychile/navegar?idNorma=148526,,,https://datos.bcn.cl/recurso/cl/orz/municipalidad-de-temuco/1987-06-24/1/datos.json
Temuco,09,La Araucanía,BCN,2,1987-01-28,"DICTA ORDENANZA LOCAL SOBRE MODIFICACIONES EFECTUADAS A LA ORDENANZA MUNICIPAL NO. 1, DE 1986",Normativa General y Otras Materias,https://www.bcn.cl/leychile/navegar?idNorma=147978,,,https://datos.bcn.cl/recurso/cl/orz/municipalidad-de-temuco/1987-01-28/2/datos.json
Temuco,09,La Araucanía,BCN,1,1986-02-10,"DICTA ORDENANZA LOCAL, SOBRE DERECHOS MUNICIPALES POR CONCESIONES, PERMISOS, OCUPACION DE BIENES NACIONALES DE USO PUBLICO, PROPAGANDA Y OTROS SERVICIOS",Derechos Municipales y Tarifas,https://www.bcn.cl/leychile/navegar?idNorma=185806,,,https://datos.bcn.cl/recurso/cl/orz/municipalidad-de-temuco/1986-02-10/1/datos.json
Temuco,09,La Araucanía,BCN,5,1985-12-24,DICTA ORDENANZA SOBRE TERMINALES DE BUSES DE LOCOMOCION COLECTIVA NO URBANA,"Urbanismo, Obras y Edificación",https://www.bcn.cl/leychile/navegar?idNorma=166537,,,https://datos.bcn.cl/recurso/cl/orz/municipalidad-de-temuco/1985-12-24/5/datos.json
Temuco,09,La Araucanía,BCN,1,1985-01-31,"DICTA ORDENANZA LOCAL SOBRE DERECHOS MUNICIPALES POR CONCESIONES, PERMISOS Y SERVICIOS",Derechos Municipales y Tarifas,https://www.bcn.cl/leychile/navegar?idNorma=161718,,,https://datos.bcn.cl/recurso/cl/orz/municipalidad-de-temuco/1985-01-31/1/datos.json
Temuco,09,La Araucanía,Municipalidad,001,2001-01-01,"Ordenanza Municipal de TEMUCO — ordenanza 001 ,05 ene 2001",Normativa General y Otras Materias,"https://transparencia.temuco.cl/g_resoluciones/ordenanzas/2001/ordenanza%20001%20,05%20ene%202001.PDF",https://transparencia.temuco.cl/g_resoluciones/ordenanzas/index.htm,2d3818828003a0ef6a94d485d5a6d0002cec723c5f2bbafa1f3f4cf5cd976266,
Temuco,09,La Araucanía,Municipalidad,002,2001-01-01,"Ordenanza Municipal de TEMUCO — ordenanza 002 ,13 mar 2001",Normativa General y Otras Materias,"https://transparencia.temuco.cl/g_resoluciones/ordenanzas/2001/ordenanza%20002%20,13%20mar%202001.PDF",https://transparencia.temuco.cl/g_resoluciones/ordenanzas/index.htm,6a93b46c2059f52fd90698bdb8e5a03b20104f4b22f856213a4469d81ea88c17,
Temuco,09,La Araucanía,Municipalidad,003,2001-01-01,"Ordenanza Municipal de TEMUCO — ordenanza 003 , 21 dic 2001",Normativa General y Otras Materias,"https://transparencia.temuco.cl/g_resoluciones/ordenanzas/2001/ordenanza%20003%20,%2021%20dic%202001.PDF",https://transparencia.temuco.cl/g_resoluciones/ordenanzas/index.htm,a3e51a39d3ed50e0ac35345924fa341c5dc2be98d62fc6b1fc2ac2d232a086f2,
Temuco,09,La Araucanía,Municipalidad,001,2004-01-01,Ordenanza Municipal de TEMUCO — ordenanza 001 03 dic 2004,Normativa General y Otras Materias,https://transparencia.temuco.cl/g_resoluciones/ordenanzas/2004/ordenanza_001_03_dic_2004.PDF,https://transparencia.temuco.cl/g_resoluciones/ordenanzas/index.htm,9408d51dd7896a1ae87f5b035aa3347568de3a560943664931d961b8be004957,
Temuco,09,La Araucanía,Municipalidad,001,2005-01-01,"Ordenanza Municipal de TEMUCO — ORDENANZA Nº 001, 28 OCT 2005",Normativa General y Otras Materias,"https://transparencia.temuco.cl/g_resoluciones/ordenanzas/2005/ORDENANZA%20N%C2%BA%20001,%2028%20OCT%202005.PDF",https://transparencia.temuco.cl/g_resoluciones/ordenanzas/index.htm,1b7cd644bcebc392d72fd98f16ae5a29b8bc85c4a43b6a120d55f1393e162d9d,
Temuco,09,La Araucanía,Municipalidad,002,2005-01-01,Ordenanza Municipal de TEMUCO — ordenanza 002 2005,Normativa General y Otras Materias,https://transparencia.temuco.cl/g_resoluciones/ordenanzas/2005/ordenanza_002_2005.pdf,https://transparencia.temuco.cl/g_resoluciones/ordenanzas/index.htm,c12f70082044b851233807657bd986df746c7ebcbeadb0954f97866da45ba441,
Temuco,09,La Araucanía,Municipalidad,003,2005-01-01,Ordenanza Municipal de TEMUCO — ordenanza 003 2005,Normativa General y Otras Materias,https://transparencia.temuco.cl/g_resoluciones/ordenanzas/2005/ordenanza_003_2005.pdf,https://transparencia.temuco.cl/g_resoluciones/ordenanzas/index.htm,194ff513f0617815acac66f64feeb38bc2102ddab09231e919a72e6ac160bbb1,
Temuco,09,La Araucanía,Municipalidad,001,2006-01-01,Ordenanza Municipal de TEMUCO — ordenanza 001 2006,Normativa General y Otras Materias,https://transparencia.temuco.cl/g_resoluciones/ordenanzas/2006/ordenanza_001_2006.pdf,https://transparencia.temuco.cl/g_resoluciones/ordenanzas/index.htm,9c86484311900893c49b744a544ae52b41b2b1aded7c9013e3179d50cc224ef8,
Temuco,09,La Araucanía,Municipalidad,002,2006-01-01,Ordenanza Municipal de TEMUCO — ordenanza 002 2006,Normativa General y Otras Materias,https://transparencia.temuco.cl/g_resoluciones/ordenanzas/2006/ordenanza_002_2006.pdf,https://transparencia.temuco.cl/g_resoluciones/ordenanzas/index.htm,b8edace8a9d0624609bb4d50f8926c795b7ddc970c8a2f0aab05d6c4c18982ce,
Temuco,09,La Araucanía,Municipalidad,003,2006-01-01,Ordenanza Municipal de TEMUCO — ordenanza 003 2006,Normativa General y Otras Materias,https://transparencia.temuco.cl/g_resoluciones/ordenanzas/2006/ordenanza_003_2006.pdf,https://transparencia.temuco.cl/g_resoluciones/ordenanzas/index.htm,9676b071aa4f55cb8593f088b343db330a136b0bdff0150cf95b15f1cc965593,
Temuco,09,La Araucanía,Municipalidad,001,2007-01-01,Ordenanza Municipal de TEMUCO — ordenanza 001 2007,Normativa General y Otras Materias,https://transparencia.temuco.cl/g_resoluciones/ordenanzas/2007/ordenanza_001_2007.pdf,https://transparencia.temuco.cl/g_resoluciones/ordenanzas/index.htm,cc4e021402210ad6d18810c067b2e8a3d79817176b1586c6016c72160ab44666,
Temuco,09,La Araucanía,Municipalidad,002,2007-01-01,Ordenanza Municipal de TEMUCO — ordenanza 002 2007,Normativa General y Otras Materias,https://transparencia.temuco.cl/g_resoluciones/ordenanzas/2007/ordenanza_002_2007.pdf,https://transparencia.temuco.cl/g_resoluciones/ordenanzas/index.htm,52f1ec0911e244262212efaf20eae58cd572891aed4ed187fa22a759c872e3c1,
Temuco,09,La Araucanía,Municipalidad,003,2026-01-01,Ordenanza Municipal de TEMUCO — ORDENANZA 003,Normativa General y Otras Materias,https://transparencia.temuco.cl/g_resoluciones/ordenanzas/2009/ORDENANZA_003.pdf,https://transparencia.temuco.cl/g_resoluciones/ordenanzas/index.htm,f5c8dc068007b382b99374da61f22652eca0785def6eaa7ce2ca89146d983453,
Temuco,09,La Araucanía,Municipalidad,001,2009-01-01,"Ordenanza Municipal de TEMUCO — ordenanza Nº 001, 26 ene  2009",Normativa General y Otras Materias,"https://transparencia.temuco.cl/g_resoluciones/ordenanzas/2009/ordenanza%20N%C2%BA%20001,%2026%20ene%20%202009.PDF",https://transparencia.temuco.cl/g_resoluciones/ordenanzas/index.htm,6f58aeea03dc2607c193fd6da2135d19220280d495652cce56a577bd1d2d1f9b,
Temuco,09,La Araucanía,Municipalidad,002,2026-01-01,Ordenanza Municipal de TEMUCO — ordenanza 002,Normativa General y Otras Materias,https://transparencia.temuco.cl/g_resoluciones/ordenanzas/2009/ordenanza_002.pdf,https://transparencia.temuco.cl/g_resoluciones/ordenanzas/index.htm,f9b809c13870d1effea138211c2001cb42979c01f6e16e62f012891f28704fd3,
Temuco,09,La Araucanía,Municipalidad,004,2009-01-01,Ordenanza Municipal de TEMUCO — ordenanza 004 2009,Normativa General y Otras Materias,https://transparencia.temuco.cl/g_resoluciones/ordenanzas/2009/ordenanza_004_2009.pdf,https://transparencia.temuco.cl/g_resoluciones/ordenanzas/index.htm,08827caf44c136d0fbc1904e28c3878bde6127f33289ba85a68e6b3d5f838c7b,
Temuco,09,La Araucanía,Municipalidad,1,2010-01-01,Ordenanza Municipal de TEMUCO — Ordenanza 1 2010,Normativa General y Otras Materias,https://transparencia.temuco.cl/g_resoluciones/ordenanzas/2010/Ordenanza_1_2010.pdf,https://transparencia.temuco.cl/g_resoluciones/ordenanzas/index.htm,d251b3fe7f1585dceec33ecd5fca2d1084a134ae09d01ee3d052447369748013,
Temuco,09,La Araucanía,Municipalidad,2,2010-01-01,Ordenanza Municipal de TEMUCO — Ordenanza 2 2010,Normativa General y Otras Materias,https://transparencia.temuco.cl/g_resoluciones/ordenanzas/2010/Ordenanza_2_2010.pdf,https://transparencia.temuco.cl/g_resoluciones/ordenanzas/index.htm,72aeebcacc017a1946ccd05d08fbc64131e379c6d7e7ea04c649f3ff25cdfe97,
Temuco,09,La Araucanía,Municipalidad,3,2010-01-01,Ordenanza Municipal de TEMUCO — Ordenanza 3 2010,Normativa General y Otras Materias,https://transparencia.temuco.cl/g_resoluciones/ordenanzas/2010/Ordenanza_3_2010.pdf,https://transparencia.temuco.cl/g_resoluciones/ordenanzas/index.htm,373721baf3375163d257ed765bd3fda50645f9802d9f1a21266d906530ffe1b6,
Temuco,09,La Araucanía,Municipalidad,4,2010-01-01,Ordenanza Municipal de TEMUCO — Ordenanza 4 2010,Normativa General y Otras Materias,https://transparencia.temuco.cl/g_resoluciones/ordenanzas/2010/Ordenanza_4_2010.pdf,https://transparencia.temuco.cl/g_resoluciones/ordenanzas/index.htm,104c0ff83773d1ae7d91736086c98393a1a87b680006d7d7125c33275df36e6b,
Temuco,09,La Araucanía,Municipalidad,5,2010-01-01,Ordenanza Municipal de TEMUCO — Ordenanza 5 2010,Normativa General y Otras Materias,https://transparencia.temuco.cl/g_resoluciones/ordenanzas/2010/Ordenanza_5_2010.pdf,https://transparencia.temuco.cl/g_resoluciones/ordenanzas/index.htm,011d6ab1e8bdb79d074a8c4a276ac82c6d38c8d9fd8e24bc7523e303b0f649e5,
Temuco,09,La Araucanía,Municipalidad,001,2011-01-01,Ordenanza Municipal de TEMUCO — ordenanza 001 2011,Normativa General y Otras Materias,https://transparencia.temuco.cl/g_resoluciones/ordenanzas/2011/ordenanza_001_2011.pdf,https://transparencia.temuco.cl/g_resoluciones/ordenanzas/index.htm,fa75d1f9b67392825a248569114f0f348b0769056b2a031e37c4c34d147b132d,
Temuco,09,La Araucanía,Municipalidad,002,2011-01-01,Ordenanza Municipal de TEMUCO — ordenanza 002 2011,Normativa General y Otras Materias,https://transparencia.temuco.cl/g_resoluciones/ordenanzas/2011/ordenanza_002_2011.pdf,https://transparencia.temuco.cl/g_resoluciones/ordenanzas/index.htm,0ea2a63425254a9a06c4c21013e66e22b9df6ebe9e78f8cfcc89fdc97425e089,
Temuco,09,La Araucanía,Municipalidad,003,2011-01-01,Ordenanza Municipal de TEMUCO — ordenanza 003 2011,Normativa General y Otras Materias,https://transparencia.temuco.cl/g_resoluciones/ordenanzas/2011/ordenanza_003_2011.pdf,https://transparencia.temuco.cl/g_resoluciones/ordenanzas/index.htm,90a294eb0c37a737b745eb7bbd4363bd89c5dc4e748954277c5abb3705f29510,
Temuco,09,La Araucanía,Municipalidad,004,2011-01-01,Ordenanza Municipal de TEMUCO — ordenanza 004 2011,Normativa General y Otras Materias,https://transparencia.temuco.cl/g_resoluciones/ordenanzas/2011/ordenanza_004_2011.pdf,https://transparencia.temuco.cl/g_resoluciones/ordenanzas/index.htm,dae4888f35795350e3f564559bc8261527cc8aa68cac69087bcd45a19964349b,
Temuco,09,La Araucanía,Municipalidad,001,2012-01-01,Ordenanza Municipal de TEMUCO — ORDENANZA 001 2012,Normativa General y Otras Materias,https://transparencia.temuco.cl/g_resoluciones/ordenanzas/2012/ORDENANZA_001_2012.pdf,https://transparencia.temuco.cl/g_resoluciones/ordenanzas/index.htm,6eadc0edf84d4b379d321680ac1acf5637589d694cc7214489ef408c6cb2f0d9,
Temuco,09,La Araucanía,Municipalidad,002,2012-01-01,Ordenanza Municipal de TEMUCO — ordenanza 002 2012,Normativa General y Otras Materias,https://transparencia.temuco.cl/g_resoluciones/ordenanzas/2012/ordenanza_002_2012.pdf,https://transparencia.temuco.cl/g_resoluciones/ordenanzas/index.htm,7338c3149842cdb33ddf371fa9d3a698029bab0526d7c7974f9b617eb01b7c22,
Temuco,09,La Araucanía,Municipalidad,001,2013-01-01,Ordenanza Municipal de TEMUCO — ordenanza 001 2013,Normativa General y Otras Materias,https://transparencia.temuco.cl/g_resoluciones/ordenanzas/2013/ordenanza_001_2013.pdf,https://transparencia.temuco.cl/g_resoluciones/ordenanzas/index.htm,1897eb44cbe9e6b4d1dfceea1da6032c0172fe5bc95791488815da16b39f9429,
Temuco,09,La Araucanía,Municipalidad,001,2014-01-01,Ordenanza Municipal de TEMUCO — ordenanza 001 2014,Normativa General y Otras Materias,https://transparencia.temuco.cl/g_resoluciones/ordenanzas/2014/ordenanza_001_2014.pdf,https://transparencia.temuco.cl/g_resoluciones/ordenanzas/index.htm,0160611d190beaede4fd50427932a1e8a5e2dfa334c8fa4a727c8134cbfe32ee,
Temuco,09,La Araucanía,Municipalidad,002,2014-01-01,Ordenanza Municipal de TEMUCO — ordenanza 002 2014,Normativa General y Otras Materias,https://transparencia.temuco.cl/g_resoluciones/ordenanzas/2014/ordenanza_002_2014.pdf,https://transparencia.temuco.cl/g_resoluciones/ordenanzas/index.htm,7f12ed81224c11cf6277a0455c1128ba30c2effaeaa6436e6aadfcaa28fdb7e5,
Temuco,09,La Araucanía,Municipalidad,003,2014-01-01,Ordenanza Municipal de TEMUCO — ordenanza 003 2014,Normativa General y Otras Materias,https://transparencia.temuco.cl/g_resoluciones/ordenanzas/2014/ordenanza_003_2014.pdf,https://transparencia.temuco.cl/g_resoluciones/ordenanzas/index.htm,ed8dae6380c8ab2a67cda9825238090fc4ed0eab3e1e61bb5bf879c900f1f59e,
Temuco,09,La Araucanía,Municipalidad,001,2015-01-01,Ordenanza Municipal de TEMUCO — ordenanza 001 2015,Normativa General y Otras Materias,https://transparencia.temuco.cl/g_resoluciones/ordenanzas/2015/ordenanza_001_2015.pdf,https://transparencia.temuco.cl/g_resoluciones/ordenanzas/index.htm,e08a3db39eefa64ee6792779a3637cd39baa052b2f543e27db58d5faddcf3e68,
Temuco,09,La Araucanía,Municipalidad,002,2015-01-01,Ordenanza Municipal de TEMUCO — ordenanza 002 2015,Normativa General y Otras Materias,https://transparencia.temuco.cl/g_resoluciones/ordenanzas/2015/ordenanza_002_2015.pdf,https://transparencia.temuco.cl/g_resoluciones/ordenanzas/index.htm,af8f0ea0b511d64e1434079922b0253ae5a2931df72060a2db69836dc127ae60,
Temuco,09,La Araucanía,Municipalidad,003,2015-01-01,Ordenanza Municipal de TEMUCO — ordenanza 003 2015,Normativa General y Otras Materias,https://transparencia.temuco.cl/g_resoluciones/ordenanzas/2015/ordenanza_003_2015.pdf,https://transparencia.temuco.cl/g_resoluciones/ordenanzas/index.htm,d6fb2ba7bfa323d26983391f38e9582dfb7fc9831f6b4dd6149598efd02ca58c,
Temuco,09,La Araucanía,Municipalidad,003,2016-01-01,Ordenanza Municipal de TEMUCO — Ordenanza 003 2016,Normativa General y Otras Materias,https://transparencia.temuco.cl/g_resoluciones/ordenanzas/2016/Ordenanza_003_2016.pdf,https://transparencia.temuco.cl/g_resoluciones/ordenanzas/index.htm,e0eca125eb07c22ff66e70ef4d18a81ded7a4b469e219f6df0d7ae052395a3f0,
Temuco,09,La Araucanía,Municipalidad,004,2016-01-01,Ordenanza Municipal de TEMUCO — Ordenanza 004 2016,Normativa General y Otras Materias,https://transparencia.temuco.cl/g_resoluciones/ordenanzas/2016/Ordenanza_004_2016.pdf,https://transparencia.temuco.cl/g_resoluciones/ordenanzas/index.htm,7eee9f5166e6afec69cb16ef981fced958f8b3f2da039253dc02f0fc1160c814,
Temuco,09,La Araucanía,Municipalidad,001,2016-01-01,Ordenanza Municipal de TEMUCO — ordenanza 001 2016,Normativa General y Otras Materias,https://transparencia.temuco.cl/g_resoluciones/ordenanzas/2016/ordenanza_001_2016.pdf,https://transparencia.temuco.cl/g_resoluciones/ordenanzas/index.htm,68d79ae66e79f1d6f6dafb7a7f7199bdc5028e5c31f1aca903d4b169f9200a85,
Temuco,09,La Araucanía,Municipalidad,002,2016-01-01,Ordenanza Municipal de TEMUCO — ordenanza 002 2016,Normativa General y Otras Materias,https://transparencia.temuco.cl/g_resoluciones/ordenanzas/2016/ordenanza_002_2016.pdf,https://transparencia.temuco.cl/g_resoluciones/ordenanzas/index.htm,fa2af78b58744f5d73eb99d5d6e81ca631ac7636c1c0af398a43a52dfb2f0421,
Temuco,09,La Araucanía,Municipalidad,005,2016-01-01,Ordenanza Municipal de TEMUCO — ordenanza 005 2016,Normativa General y Otras Materias,https://transparencia.temuco.cl/g_resoluciones/ordenanzas/2016/ordenanza_005_2016.pdf,https://transparencia.temuco.cl/g_resoluciones/ordenanzas/index.htm,6cc935d03b318e33d4ea5aea6410480fa2d538e85235e95340b05f0eae8d3296,
Temuco,09,La Araucanía,Municipalidad,006,2016-01-01,Ordenanza Municipal de TEMUCO — ordenanza 006 2016,Normativa General y Otras Materias,https://transparencia.temuco.cl/g_resoluciones/ordenanzas/2016/ordenanza_006_2016.pdf,https://transparencia.temuco.cl/g_resoluciones/ordenanzas/index.htm,580e1fd2f8c59dde2c1cc6fa3ea3256a8bf08e73219d948c7d64b6af17a9b66e,
Temuco,09,La Araucanía,Municipalidad,001,2017-01-01,Ordenanza Municipal de TEMUCO — ordenanza 001 15.09.2017,Normativa General y Otras Materias,https://transparencia.temuco.cl/g_resoluciones/ordenanzas/2017/ordenanza_001_15.09.2017.pdf,https://transparencia.temuco.cl/g_resoluciones/ordenanzas/index.htm,bdb81918fa4d11d82d44e2d42fc83f98e697a604f322d824f102df88891335b5,
Temuco,09,La Araucanía,Municipalidad,003,2018-01-01,Ordenanza Municipal de TEMUCO — Ordenanza N° 003 2018,Normativa General y Otras Materias,https://transparencia.temuco.cl/g_resoluciones/ordenanzas/2018/Ordenanza%20N%C2%B0%20003_2018.pdf,https://transparencia.temuco.cl/g_resoluciones/ordenanzas/index.htm,ff892786311e13cf369b033a5cf6c68a53297a8a2e7e5fe54b62980c64f6d1eb,
Temuco,09,La Araucanía,Municipalidad,002,2018-01-01,Ordenanza Municipal de TEMUCO — Ordenanza n° 002 2018,Normativa General y Otras Materias,https://transparencia.temuco.cl/g_resoluciones/ordenanzas/2018/Ordenanza%20n%C2%B0_002_2018.pdf,https://transparencia.temuco.cl/g_resoluciones/ordenanzas/index.htm,405f5213fd0d3094aaeb513a2ca9509701a93d495b873792efc17961c694791f,
Temuco,09,La Araucanía,Municipalidad,001,2018-01-01,Ordenanza Municipal de TEMUCO — Ordenanza 001 2018,Normativa General y Otras Materias,https://transparencia.temuco.cl/g_resoluciones/ordenanzas/2018/Ordenanza_001_2018.pdf,https://transparencia.temuco.cl/g_resoluciones/ordenanzas/index.htm,d44fd80b935bf3c5e808b977295aee19c49c62d497dbeb51d728ce5107360665,
Temuco,09,La Araucanía,Municipalidad,004,2018-01-01,Ordenanza Municipal de TEMUCO — Ordenanza N° 004 2018,Normativa General y Otras Materias,https://transparencia.temuco.cl/g_resoluciones/ordenanzas/2018/Ordenanza_N%C2%B0_004_2018.pdf,https://transparencia.temuco.cl/g_resoluciones/ordenanzas/index.htm,38513509c004edbfc44ee13f59e7c31ba419cbf70c16ac0643dea0382be8f93c,
Temuco,09,La Araucanía,Municipalidad,001,2019-01-01,Ordenanza Municipal de TEMUCO — ORDENANZA N°001 2019,Normativa General y Otras Materias,https://transparencia.temuco.cl/g_resoluciones/ordenanzas/2019/ORDENANZA%20N%C2%B0001%202019.pdf,https://transparencia.temuco.cl/g_resoluciones/ordenanzas/index.htm,cac11a6f90e657cf463914f3010e6abf463b1ffe90e79676621b722a8d873015,
Temuco,09,La Araucanía,Municipalidad,002,2019-01-01,Ordenanza Municipal de TEMUCO — Ordenanza Nº 002 2019,Normativa General y Otras Materias,https://transparencia.temuco.cl/g_resoluciones/ordenanzas/2019/Ordenanza%20N%C2%BA%20002_2019.pdf,https://transparencia.temuco.cl/g_resoluciones/ordenanzas/index.htm,1d4ae72587dde9ec4b70ae2d956d9b2d5671fb3efbb2ce582442da59b3fa1da1,
Temuco,09,La Araucanía,Municipalidad,1,2020-01-01,Ordenanza Municipal de TEMUCO — Ordenanza n°1 2020,Normativa General y Otras Materias,https://transparencia.temuco.cl/g_resoluciones/ordenanzas/2020/Ordenanza%20n%C2%B01%202020.pdf,https://transparencia.temuco.cl/g_resoluciones/ordenanzas/index.htm,e7de26a2c833be2a5ad6f04c6419b73e546367c295650021c9ceb2427509602b,
Temuco,09,La Araucanía,Municipalidad,2,2020-01-01,Ordenanza Municipal de TEMUCO — Ordenanza n°2 2020,Normativa General y Otras Materias,https://transparencia.temuco.cl/g_resoluciones/ordenanzas/2020/Ordenanza%20n%C2%B02_2020.pdf,https://transparencia.temuco.cl/g_resoluciones/ordenanzas/index.htm,79658527f0f39f27dd7302d2d5e44ea9622109100c3b92a80977144dc2fa7d15,
Temuco,09,La Araucanía,Municipalidad,2021,2021-01-01,Ordenanza Municipal de TEMUCO — 001 ordenanza 2021,Normativa General y Otras Materias,https://transparencia.temuco.cl/g_resoluciones/ordenanzas/2021/001%20ordenanza_2021.pdf,https://transparencia.temuco.cl/g_resoluciones/ordenanzas/index.htm,752edbeada6d43371740e0d2b76d65fcf38886405078a82f31deab85fbd1dce1,
Temuco,09,La Araucanía,Municipalidad,2021-0f2c,2021-01-01,Ordenanza Municipal de TEMUCO — 002 ordenanza 2021,Normativa General y Otras Materias,https://transparencia.temuco.cl/g_resoluciones/ordenanzas/2021/002%20ordenanza_2021.pdf,https://transparencia.temuco.cl/g_resoluciones/ordenanzas/index.htm,0f2cfb1be17487c9abd4e823ef84f8568b55993bd49ce30d8051f964c4309c62,
Temuco,09,La Araucanía,Municipalidad,2021-373c,2021-01-01,Ordenanza Municipal de TEMUCO — 003 ordenanza 2021,Normativa General y Otras Materias,https://transparencia.temuco.cl/g_resoluciones/ordenanzas/2021/003%20ordenanza_2021.pdf,https://transparencia.temuco.cl/g_resoluciones/ordenanzas/index.htm,373c37b51ac7bc051ee79618fc26bc78b5f4c9b78691b1d3a2f5e6e7a8a34cb4,
Temuco,09,La Araucanía,Municipalidad,2021-2981,2021-01-01,Ordenanza Municipal de TEMUCO — 004 Ordenanza 2021,Normativa General y Otras Materias,https://transparencia.temuco.cl/g_resoluciones/ordenanzas/2021/004%20Ordenanza_2021.pdf,https://transparencia.temuco.cl/g_resoluciones/ordenanzas/index.htm,298145e5694fb36e2eefd7142f9a7396828488099995450364c62588b0337e53,
Temuco,09,La Araucanía,Municipalidad,2021-ca8b,2021-01-01,Ordenanza Municipal de TEMUCO — 005 Ordenanza 2021,Normativa General y Otras Materias,https://transparencia.temuco.cl/g_resoluciones/ordenanzas/2021/005%20Ordenanza_2021.pdf,https://transparencia.temuco.cl/g_resoluciones/ordenanzas/index.htm,ca8b31f516db8b9ad1016431adc1e86fd9e99c22717f2937640eed8941d7c8ab,
Temuco,09,La Araucanía,Municipalidad,2021-5576,2021-01-01,Ordenanza Municipal de TEMUCO — 006 Ordenanza 2021,Normativa General y Otras Materias,https://transparencia.temuco.cl/g_resoluciones/ordenanzas/2021/006_Ordenanza_2021.pdf,https://transparencia.temuco.cl/g_resoluciones/ordenanzas/index.htm,55762dacc4345eaccf46311a43a3a75e9f5d9b81dfebe84f6a304e94bfd248f4,
Temuco,09,La Araucanía,Municipalidad,S/N,2022-01-01,Ordenanza Municipal de TEMUCO — 001 ORD 2022,Normativa General y Otras Materias,https://transparencia.temuco.cl/g_resoluciones/ordenanzas/2022/001_ORD_2022.pdf,https://transparencia.temuco.cl/g_resoluciones/ordenanzas/index.htm,2d8cdaae55a6cca48496c67950cebcdd76f3de69964ce8eb08033190fb369a56,
Temuco,09,La Araucanía,Municipalidad,S/N-12d1,2022-01-01,Ordenanza Municipal de TEMUCO — 002 ORD 2022,Normativa General y Otras Materias,https://transparencia.temuco.cl/g_resoluciones/ordenanzas/2022/002_ORD_2022.pdf,https://transparencia.temuco.cl/g_resoluciones/ordenanzas/index.htm,12d14dabeaecf84e1668690f45cfda3e262b4012113922027a3cd03d2bc6212e,
Temuco,09,La Araucanía,Municipalidad,S/N-ab5b,2022-01-01,Ordenanza Municipal de TEMUCO — 003 ORD 2022,Normativa General y Otras Materias,https://transparencia.temuco.cl/g_resoluciones/ordenanzas/2022/003_ORD_2022.pdf,https://transparencia.temuco.cl/g_resoluciones/ordenanzas/index.htm,ab5bdff92ec6b281ad8486b11f7b6ae3b7e19c32e33565997c10719bcf9e0032,
Temuco,09,La Araucanía,Municipalidad,S/N-d837,2022-01-01,Ordenanza Municipal de TEMUCO — 004 ORD 2022,Normativa General y Otras Materias,https://transparencia.temuco.cl/g_resoluciones/ordenanzas/2022/004_ORD_2022.pdf,https://transparencia.temuco.cl/g_resoluciones/ordenanzas/index.htm,d83707bbab0738bdb235d571d51445adb524fec16c31a3b32675e25a02a14950,
Temuco,09,La Araucanía,Municipalidad,S/N-42c9,2022-01-01,Ordenanza Municipal de TEMUCO — 005 ORD 2022,Normativa General y Otras Materias,https://transparencia.temuco.cl/g_resoluciones/ordenanzas/2022/005_ORD_2022.pdf,https://transparencia.temuco.cl/g_resoluciones/ordenanzas/index.htm,42c9e1956f4dc6b504a9136cf658b55d48520c597e8b4b2c6af6abd937a83adb,
Temuco,09,La Araucanía,Municipalidad,S/N-43d3,2022-01-01,Ordenanza Municipal de TEMUCO — 006 ORD 2022,Normativa General y Otras Materias,https://transparencia.temuco.cl/g_resoluciones/ordenanzas/2022/006_ORD_2022.pdf,https://transparencia.temuco.cl/g_resoluciones/ordenanzas/index.htm,43d3ed0533dd8778b83667a0cdf82532dee20d36eca4a3c5a2ba32e594657011,
Temuco,09,La Araucanía,Municipalidad,S/N-9d3b,2022-01-01,Ordenanza Municipal de TEMUCO — 007 ORD 2022,Normativa General y Otras Materias,https://transparencia.temuco.cl/g_resoluciones/ordenanzas/2022/007_ORD_2022.pdf,https://transparencia.temuco.cl/g_resoluciones/ordenanzas/index.htm,9d3b4880b2e8cc121e8caaf1849537dd8d2766c00280f18b631d88a60da0339e,
Temuco,09,La Araucanía,Municipalidad,S/N,2023-01-01,Ordenanza Municipal de TEMUCO — 001 ORD 2023,Normativa General y Otras Materias,https://transparencia.temuco.cl/g_resoluciones/ordenanzas/2023/001_ORD_2023.pdf,https://transparencia.temuco.cl/g_resoluciones/ordenanzas/index.htm,648fe3a5e8eb0dfbd0ac6859aa4803e22e938292e0c41da219ef09a3a4324fc1,
Temuco,09,La Araucanía,Municipalidad,S/N-076d,2023-01-01,Ordenanza Municipal de TEMUCO — 003 ORD 2023,Normativa General y Otras Materias,https://transparencia.temuco.cl/g_resoluciones/ordenanzas/2023/003_ORD_2023.pdf,https://transparencia.temuco.cl/g_resoluciones/ordenanzas/index.htm,076d497f842df0de005fe434767ded16ecf0cfcdebaf2d41c787ddfe79fcc166,
Temuco,09,La Araucanía,Municipalidad,S/N-eb55,2023-01-01,Ordenanza Municipal de TEMUCO — 02 ORD 2023,Normativa General y Otras Materias,https://transparencia.temuco.cl/g_resoluciones/ordenanzas/2023/02_ORD_2023.pdf,https://transparencia.temuco.cl/g_resoluciones/ordenanzas/index.htm,eb5569a8708da702ca9ee4be0dc6e204631d5af940ff4f5c3a9f96dbd0389bbb,
Temuco,09,La Araucanía,Municipalidad,S/N,2024-01-01,Ordenanza Municipal de TEMUCO — 001 ORD 2024,Normativa General y Otras Materias,https://transparencia.temuco.cl/g_resoluciones/ordenanzas/2024/001_ORD_2024.pdf,https://transparencia.temuco.cl/g_resoluciones/ordenanzas/index.htm,9cb40c97cc918903e9a41675a2510e16be72bcfe3c6a45ebcc1557e0bc7529ca,
Temuco,09,La Araucanía,Municipalidad,S/N-0d09,2024-01-01,Ordenanza Municipal de TEMUCO — 004 ORD 2024,Normativa General y Otras Materias,https://transparencia.temuco.cl/g_resoluciones/ordenanzas/2024/004_ORD_2024.pdf,https://transparencia.temuco.cl/g_resoluciones/ordenanzas/index.htm,0d09f7114edb49fba5206bc28f73d44747831aecb84a697213fcda05ebff2ea5,
Temuco,09,La Araucanía,Municipalidad,S/N-994d,2024-01-01,Ordenanza Municipal de TEMUCO — 02 ORD 2024,Normativa General y Otras Materias,https://transparencia.temuco.cl/g_resoluciones/ordenanzas/2024/02_ORD_2024.pdf,https://transparencia.temuco.cl/g_resoluciones/ordenanzas/index.htm,994dd9f9500fcf5a0813f941945c2d91c69502429129b68d17c7fae2f434dd69,
Temuco,09,La Araucanía,Municipalidad,S/N-88c6,2024-01-01,Ordenanza Municipal de TEMUCO — 03 ORD 2024,Normativa General y Otras Materias,https://transparencia.temuco.cl/g_resoluciones/ordenanzas/2024/03_ORD_2024.pdf,https://transparencia.temuco.cl/g_resoluciones/ordenanzas/index.htm,88c637f97c31f35e76a906055957fe6c0b8c9f38f3964f95c3a9615cdb3b66b8,
Temuco,09,La Araucanía,Municipalidad,S/N,2025-01-01,Ordenanza Municipal de TEMUCO — 01 ORD 2025,Normativa General y Otras Materias,https://transparencia.temuco.cl/g_resoluciones/ordenanzas/2025/01_ORD_2025.pdf,https://transparencia.temuco.cl/g_resoluciones/ordenanzas/index.htm,63e05e9f21d34b17866c968bf1d7ac1cf15c047c57e06cf07aecfc30a04e34de,
Temuco,09,La Araucanía,Municipalidad,S/N-a601,2025-01-01,Ordenanza Municipal de TEMUCO — 02 ORD 2025,Normativa General y Otras Materias,https://transparencia.temuco.cl/g_resoluciones/ordenanzas/2025/02_ORD_2025.pdf,https://transparencia.temuco.cl/g_resoluciones/ordenanzas/index.htm,a6019652ee8add790816a6b130af1baef391b204303ddaa7553c165c0ac783f5,
Temuco,09,La Araucanía,Municipalidad,S/N-058b,2025-01-01,Ordenanza Municipal de TEMUCO — 03 ORD 2025,Normativa General y Otras Materias,https://transparencia.temuco.cl/g_resoluciones/ordenanzas/2025/03_ORD_2025.pdf,https://transparencia.temuco.cl/g_resoluciones/ordenanzas/index.htm,058bec4070fdb4916c535e76b0d39c1512b7ff6633d7c32774d73e2ed5708593,
Temuco,09,La Araucanía,Municipalidad,2,2026-01-01,Ordenanza Municipal de TEMUCO — Nueva Ordenanza Derechos Municipales N2 1993,Derechos Municipales y Tarifas,https://transparencia.temuco.cl/g_resoluciones/ordenanzas/Nueva_Ordenanza_Derechos_Municipales_N2_1993.pdf,https://transparencia.temuco.cl/g_resoluciones/ordenanzas/index.htm,a6e0a05bc7fb4dfe831575dbc48677b19cbd8e5a95f143fe507fad3c01a74f3d,
Temuco,09,La Araucanía,Municipalidad,S/N,2026-01-01,1991 No 3 06/11/1991 Ordenanza de instalación y funcionamiento de salas de pool y locales de entretención electrónicos.,Normativa General y Otras Materias,https://transparencia.temuco.cl/g_resoluciones/ordenanzas/odernanza_n%C2%BA_003_06_nov_1991.PDF,https://transparencia.temuco.cl/g_resoluciones/ordenanzas/index.htm,5824db7f08f4adf5ad17617e32e6c305b3d4c2d266432cf312696953bf6ffdc8,
Temuco,09,La Araucanía,Municipalidad,07,2026-01-01,1983 No 7 21/12/1983 Ordenanza de contaminación acústica urbana.,Normativa General y Otras Materias,https://transparencia.temuco.cl/g_resoluciones/ordenanzas/ordenanza_07_14_dic_1983.PDF,https://transparencia.temuco.cl/g_resoluciones/ordenanzas/index.htm,fb0119e493ec121c101583d51edd4445402ae8b1a3b154ec9aec6ba997951ddc,
Temuco,09,La Araucanía,Municipalidad,01,2026-01-01,1987 No 1 01/06/1987 Ordenanza de limpieza en la vía publica.,Normativa General y Otras Materias,https://transparencia.temuco.cl/g_resoluciones/ordenanzas/ordenanza_N_01_1987.PDF,https://transparencia.temuco.cl/g_resoluciones/ordenanzas/index.htm,9869e87df3bf45264c44e04aab07d50012cd89fb8d639ee2dbf00e70097ee9e2,
Temuco,09,La Araucanía,Municipalidad,S/N,2011-01-01,"2011 Ordenanza de Cierre de Calle, Pasajes y Conjuntos Habitacionales por Motivos de Seguridad Ciudadana",Seguridad Ciudadana y Convivencia,https://transparencia.temuco.cl/g_resoluciones/ordenanzas/ordenanza_cierrepasajes.pdf,https://transparencia.temuco.cl/g_resoluciones/ordenanzas/index.htm,46867ae275a26f898b6ad9e3eb213a97c4712c064d1cedb59884aae3b9f74c07,
Temuco,09,La Araucanía,Municipalidad,2-250c,2010-01-01,2010 N°2 Ordenanza de Derechos Municipales,Derechos Municipales y Tarifas,https://transparencia.temuco.cl/g_resoluciones/ordenanzas/ordenanza_derechos_2010.pdf,https://transparencia.temuco.cl/g_resoluciones/ordenanzas/index.htm,250c074be3df855f7ad1e9910d9521fcbda0b4984840d0a48342720c97d9bb86,
Temuco,09,La Araucanía,Municipalidad,S/N-0770,2026-01-01,1996 14/08/1996 Ordenanza de funcionamiento del mercado municipal año1996.,Normativa General y Otras Materias,https://transparencia.temuco.cl/g_resoluciones/ordenanzas/ordenanza_funcionamiento_merc_municp.PDF,https://transparencia.temuco.cl/g_resoluciones/ordenanzas/index.htm,0770d10ea4daf718df035d16e72393b2f655f611f377d0d9def81aeb2ab6ed8f,
Temuco,09,La Araucanía,Municipalidad,S/N,2009-05-12,2009 12/05/2009 Ordenanza de la Leña.,Normativa General y Otras Materias,https://transparencia.temuco.cl/g_resoluciones/ordenanzas/ordenanza_le%C3%B1a.pdf,https://transparencia.temuco.cl/g_resoluciones/ordenanzas/index.htm,554b5a187303c372c163125cc7dda8e29af6dfe29b91ff68735d8c0fd91c69f2,
Temuco,09,La Araucanía,Municipalidad,S/N-f4b9,2026-01-01,1991 No 2 11/03/1991 Ordenanza de manutención de áreas verdes y especies vegetales en la vía publica.,Normativa General y Otras Materias,https://transparencia.temuco.cl/g_resoluciones/ordenanzas/ordenanza_n%C2%BA_002_11_mar_1991.PDF,https://transparencia.temuco.cl/g_resoluciones/ordenanzas/index.htm,f4b9109cf79e702aa2e2d53d515738b7d98ba208b739fc0da9c710b962ecf616,
Temuco,09,La Araucanía,Municipalidad,S/N-d671,2026-01-01,1999 No 4 14/12/1999 Ordenanza sobre participación ciudadana.,Normativa General y Otras Materias,https://transparencia.temuco.cl/g_resoluciones/ordenanzas/ordenanza_n%C2%BA_004_14_dic_1999.PDF,https://transparencia.temuco.cl/g_resoluciones/ordenanzas/index.htm,d671c86e9da4de61552205c9db019b7c8fa7eb63fcf6a44dc53dc9b9d781355e,
Temuco,09,La Araucanía,Municipalidad,S/N-3354,2026-01-01,1991 No4 27/12/1991 Ordenanza sobre propaganda en la vía publica y otros lugares.,"Patentes, Comercio y Alcoholes",https://transparencia.temuco.cl/g_resoluciones/ordenanzas/ordenanza_n%C2%BA_004_de_propag_en_la_via_publica.pdf,https://transparencia.temuco.cl/g_resoluciones/ordenanzas/index.htm,335463a341be134fae4982fab9a74e52c2190f28a21974a4faf90ca0661a5120,
Temuco,09,La Araucanía,Municipalidad,S/N-ed4f,2026-01-01,1997 01/08/1997 Ordenanza del plan regulador comuna de Temuco año 1997.,"Urbanismo, Obras y Edificación",https://transparencia.temuco.cl/g_resoluciones/ordenanzas/ordenanza_plan_regulador_1.pdf,https://transparencia.temuco.cl/g_resoluciones/ordenanzas/index.htm,ed4ffd7ad76560568d5a61130578142c4a73e54e33996e90051ca1a6f7fb9680,
Curarrehue,09,La Araucanía,Municipalidad,S/N,2019-01-01,Ordenanza Municipal de CURARREHUE — ORDENANZA MODIFICACIONES 2019 REFUNDIDA,Normativa General y Otras Materias,https://curarrehue.cl/transparencia/ordenanzas/ORDENANZA%20MODIFICACIONES%202019%20REFUNDIDA.pdf,https://curarrehue.cl/transparencia/ordenanzas/ORDENANZA%20MODIFICACIONES%202019%20REFUNDIDA.pdf,f39121729a847a19709742881ac50bebc6327492125ed5740e0068cb282fcb6e,
Curarrehue,09,La Araucanía,Municipalidad,S/N,2026-01-01,Ordenanza Municipal de CURARREHUE — ordenanza sobre subvenciones municipales,Normativa General y Otras Materias,https://www.curarrehue.cl/transparencia/ordenanzas/ordenanza-sobre-subvenciones-municipales.pdf,https://www.curarrehue.cl/transparencia/ordenanzas/ordenanza-sobre-subvenciones-municipales.pdf,347102123609f536c0509fe5f1872292d2e70c2c2f5a9724e29d69fe5df8720b,
Curarrehue,09,La Araucanía,Municipalidad,S/N-6eae,2019-01-01,Ordenanza Municipal de CURARREHUE — Decreto Ord. 2019,Normativa General y Otras Materias,https://curarrehue.cl/transparencia/ordenanzas/Decreto%20Ord.%202019.pdf,https://curarrehue.cl/on/documents/decreto-exento-153/,6eaecf479e78325a510a0d8a3463dd422d6462fd437d7f88f92b2e9a0e13dd3d,
Curarrehue,09,La Araucanía,Municipalidad,153,2026-01-01,Ordenanza Municipal de CURARREHUE — decreto exento 153,Normativa General y Otras Materias,https://www.curarrehue.cl/transparencia/ordenanzas/decreto-exento-153.pdf,https://curarrehue.cl/on/documents/decreto-exento-153/,a649f90bc251447a8ff292289000bd800aa4dd4cecb01936cf6a70613eb4928a,
Curarrehue,09,La Araucanía,Municipalidad,S/N,2041-01-01,Ordenanza Municipal de CURARREHUE — DECRETO EXENTO 2041 medio ambiente,"Aseo, Ornato y Medio Ambiente",https://curarrehue.cl/biblioteca/decretos/DECRETO%20EXENTO%202041%20medio%20ambiente.pdf,https://curarrehue.cl/on/documents/decreto-exento-153/,36d9e917e71587ac8d01468935d21028744a7ad8717eea5f46ca849e6020f48b,
Curarrehue,09,La Araucanía,Municipalidad,S/N,2042-01-01,Ordenanza Municipal de CURARREHUE — DECRETO EXENTO 2042,Normativa General y Otras Materias,https://curarrehue.cl/biblioteca/decretos/DECRETO_EXENTO_2042.pdf,https://curarrehue.cl/on/documents/decreto-exento-153/,e41bb27aaa61049bb4c90963d7a06677693541783d06f0292266222f1354d08c,
Curarrehue,09,La Araucanía,Municipalidad,S/N-cb9c,2026-01-01,Ordenanza cobro derechos municipales.pdf Ordenanza cobro derechos municipales.pdf (644 kB),Derechos Municipales y Tarifas,https://curarrehue.cl/on/wp-content/uploads/2022/01/ordenanza.pdf,https://curarrehue.cl/on/documents/decreto-exento-153/,cb9ce4c29c599ea2452294084d8d1edcb1ffae428e0504fc41ea224978329cd7,
Curarrehue,09,La Araucanía,Municipalidad,S/N-1681,2026-01-01,Ordenanza Municipal de CURARREHUE — D.E Ordenaza Municipal,Normativa General y Otras Materias,https://curarrehue.cl/on/wp-content/uploads/2022/11/D.E-Ordenaza-Municipal.pdf,https://curarrehue.cl/on/documents/decreto-exento-153/,1681ab940d1bec39fa508db9d307596f1c4cf4612949ac866625d44562514075,
Curarrehue,09,La Araucanía,Municipalidad,1883,2022-01-01,Ordenanza Municipal de CURARREHUE — decreto exento 1883 07 011 2022 nueva ordenanza turismo,Normativa General y Otras Materias,https://curarrehue.cl/on/wp-content/uploads/2022/11/decreto-exento-1883-07-011-2022-nueva-ordenanza-turismo.pdf,https://curarrehue.cl/on/documents/decreto-exento-153/,2170bf52dd117cf4f5473183b4c9b00de92547f560571ab770ac64ed3685390a,
Curarrehue,09,La Araucanía,Municipalidad,1486,2026-01-01,Ordenanza Municipal de CURARREHUE — decreto exento 1486 ordenanza de alcoholes,"Patentes, Comercio y Alcoholes",https://curarrehue.cl/on/wp-content/uploads/2023/06/decreto-exento-1486-ordenanza-de-alcoholes.pdf,https://curarrehue.cl/on/documents/decreto-exento-153/,7c56608df1ce1df1235528eb1d84b53646ce45370dc7c208fab79cdb0a3914ce,
Curarrehue,09,La Araucanía,Municipalidad,1863,2026-01-01,Ordenanza Municipal de CURARREHUE — decreto exento 1863,Normativa General y Otras Materias,https://curarrehue.cl/on/wp-content/uploads/2023/06/decreto-exento-1863.pdf,https://curarrehue.cl/on/documents/decreto-exento-153/,687c3ca69f041c2a7b88a3f5070241bfe57a00d543b083cec91c239c71cd5095,
Curarrehue,09,La Araucanía,Municipalidad,1,2026-01-01,Ordenanza Municipal de CURARREHUE — DECRETO 1.130 APROBACION ORDENANZA,Normativa General y Otras Materias,https://curarrehue.cl/on/wp-content/uploads/2023/07/DECRETO-1.130-APROBACION-ORDENANZA.pdf,https://curarrehue.cl/on/documents/decreto-exento-153/,13ed0aa3c63c959662445e60e7373cefff367033031fb2dd088d0c7abce5f6e3,
Curarrehue,09,La Araucanía,Municipalidad,1578,2026-01-01,Ordenanza Municipal de CURARREHUE — Decreto Exento 1578 Art. Transitorio,Tránsito y Transporte,https://curarrehue.cl/on/wp-content/uploads/2023/10/Decreto-Exento-1578-Art.-Transitorio.pdf,https://curarrehue.cl/on/documents/decreto-exento-153/,c0e387bc3dba061ad80bf2339a9dcd3bf4bf0363554d665831cbf2d39e6e57fb,
Curarrehue,09,La Araucanía,Municipalidad,1644,2023-10-19,Ordenanza Municipal de CURARREHUE — Decreto Exento 1644 19 10 2023 Aprueba modificacion ordenanza,Normativa General y Otras Materias,https://curarrehue.cl/on/wp-content/uploads/2023/10/Decreto-Exento-1644-19-10-2023-Aprueba-modificacion-ordenanza.pdf,https://curarrehue.cl/on/documents/decreto-exento-153/,72d9d276b643c0119e5c7afa5e3034c727c799aa82f5bf6229a66667f46bd253,
Curarrehue,09,La Araucanía,Municipalidad,2024,2024-01-01,Ordenanza Municipal de CURARREHUE — Ordenanza de Turismo 2024,Normativa General y Otras Materias,https://curarrehue.cl/on/wp-content/uploads/2023/12/Ordenanza-de-Turismo-2024.pdf,https://curarrehue.cl/on/documents/decreto-exento-153/,ba0c6662e962114f07dff0dac0006762148039ee07a6a13b1564961c8e10968a,
Curarrehue,09,La Araucanía,Municipalidad,S/N-1d6a,2026-01-01,Ordenanza Municipal de CURARREHUE — ordenanza apicola municipal,"Aseo, Ornato y Medio Ambiente",https://curarrehue.cl/on/wp-content/uploads/2024/02/ordenanza-apicola-municipal.pdf,https://curarrehue.cl/on/documents/decreto-exento-153/,1d6a218ec468b9e74677500329cd5be722b2a0e3cac0acd70e952f1d057056f5,
Curarrehue,09,La Araucanía,Municipalidad,S/N-7911,2026-01-01,Ordenanza Municipal de CURARREHUE — Decreto Exento1945,Normativa General y Otras Materias,https://curarrehue.cl/on/wp-content/uploads/2024/10/Decreto-Exento1945.pdf,https://curarrehue.cl/on/documents/decreto-exento-153/,79117693f9e112c77bcc4e3ad52d4290d7bf21e41d0e16ed643a57dd9f3a9136,
Curarrehue,09,La Araucanía,Municipalidad,1947,2026-01-01,Ordenanza Municipal de CURARREHUE — Decreto Exento 1947,Normativa General y Otras Materias,https://curarrehue.cl/on/wp-content/uploads/2024/11/Decreto-Exento-1947.pdf,https://curarrehue.cl/on/documents/decreto-exento-153/,fcaccf107fabf8c3315239cecfd9af61635de6f175cd1966ab607d8dbf75982e,
Curarrehue,09,La Araucanía,Municipalidad,2102,2024-11-19,Ordenanza Municipal de CURARREHUE — decreto exento 2102 19 11 2024 aprueba modificaciones ordenanza turismo,Normativa General y Otras Materias,https://curarrehue.cl/on/wp-content/uploads/2025/05/decreto-exento-2102-19-11-2024-aprueba-modificaciones-ordenanza-turismo.pdf,https://curarrehue.cl/on/documents/decreto-exento-153/,a88bc43741c912f6a478ad39c1fc1a7b63dae64688a3c474aacb8131dbdf90c0,
Curarrehue,09,La Araucanía,Municipalidad,1466,2025-10-29,Ordenanza Municipal de CURARREHUE — decreto exento 1466 29 10 2025 aprueba ordenanza otorgamiento patentes comerciales,"Patentes, Comercio y Alcoholes",https://curarrehue.cl/on/wp-content/uploads/2025/11/decreto-exento-1466-29-10-2025-aprueba-ordenanza-otorgamiento-patentes-comerciales.pdf,https://curarrehue.cl/on/documents/decreto-exento-153/,63e0a2484f1fc6b4636d437bcadc0f48b780b3d9987b77124219d40c69908ed3,
Curarrehue,09,La Araucanía,Municipalidad,1467,2025-10-29,Ordenanza Municipal de CURARREHUE — decreto exento 1467 29 10 2025 aprueba ordenanza regulacion eventos,Normativa General y Otras Materias,https://curarrehue.cl/on/wp-content/uploads/2025/11/decreto-exento-1467-29-10-2025-aprueba-ordenanza-regulacion-eventos.pdf,https://curarrehue.cl/on/documents/decreto-exento-153/,55948a95752fb3528991c401446a6fd3c601f737e6227c0e0b137d3f00d5ef3c,
Curarrehue,09,La Araucanía,Municipalidad,1475,2025-11-03,Ordenanza Municipal de CURARREHUE — decreto exento 1475 03 11 2025 aprueba modificacion ordenanza general,Normativa General y Otras Materias,https://curarrehue.cl/on/wp-content/uploads/2025/11/decreto-exento-1475-03-11-2025-aprueba-modificacion-ordenanza-general.pdf,https://curarrehue.cl/on/documents/decreto-exento-153/,f769f6f65fccc515211b929bfcc4e86b6297825c74eeb5406267c9984369e1db,
Curarrehue,09,La Araucanía,Municipalidad,1474,2025-11-03,Ordenanza Municipal de CURARREHUE — decreto exento 1474 03 11 2025 aprueba ordenanza subvenciones municipales,Normativa General y Otras Materias,https://curarrehue.cl/on/wp-content/uploads/2026/01/decreto-exento-1474-03-11-2025-aprueba-ordenanza-subvenciones-municipales.pdf,https://curarrehue.cl/on/documents/decreto-exento-153/,11311ecfba2882396ce9fa4b49128316ba543aa777c09564321b46dad1c334ef,
Curarrehue,09,La Araucanía,Municipalidad,20,2026-01-01,Ordenanza Municipal de CURARREHUE — Ordenanza Tenencia Responsable Mascotas,Tenencia Responsable de Mascotas,https://curarrehue.cl/transparencia/ordenanzas/Ordenanza_Tenencia%20Responsable%20Mascotas%20.pdf,https://curarrehue.cl/on/documents/decreto-exento-153/,9a2804980628a9f15b8aff67bfd52b8e32790429095f022badf8efb4b3ea48ed,
Freire,09,La Araucanía,BCN,s/n,2017-11-08,"APRUEBA MODIFICACIÓN DE ORDENANZA POR DERECHOS MUNICIPALES DE SERVICIOS, CONCESIONES Y PERMISOS",Derechos Municipales y Tarifas,https://www.bcn.cl/leychile/navegar?idNorma=1110282,,,https://datos.bcn.cl/recurso/cl/orz/municipalidad-de-freire/2017-11-08/s/n/datos.json
Freire,09,La Araucanía,BCN,s-n,1999-11-24,INFORME DE LA SESION DE LA COMISION DE TRABAJO DEL CONCEJO MUNICIPAL SOBRE ORDENANZA DE FUNCIONAMIENTO DE LOCALES DE ALCOHOLES,"Comercio, Alcoholes y Patentes",https://www.bcn.cl/leychile/navegar?idNorma=148234,,,https://datos.bcn.cl/recurso/cl/orz/municipalidad-de-freire/1999-11-24/s-n/datos.json
Galvarino,09,La Araucanía,BCN,249,2004-05-26,ORDENANZA SOBRE REGISTRO DE PERSONAS JURIDICAS RECEPTORAS DE FONDOS PUBLICOS,Normativa General y Otras Materias,https://www.bcn.cl/leychile/navegar?idNorma=225597,,,https://datos.bcn.cl/recurso/cl/orz/municipalidad-de-galvarino/2004-05-26/249/datos.json
Gorbea,09,La Araucanía,BCN,1,2011-08-27,APRUEBA ORDENANZA DE PARTICIPACIÓN CIUDADANA,Organización y Régimen Interno,https://www.bcn.cl/leychile/navegar?idNorma=1028933,,,https://datos.bcn.cl/recurso/cl/orz/municipalidad-de-gorbea/2011-08-27/1/datos.json
Gorbea,09,La Araucanía,BCN,2,2010-12-27,ORDENANZA SOBRE PROCEDIMIENTO PARA ENTREGA GRATUITA Y/O TRASLADO DE ÁRIDOS EN BENEFICIO DE LA COMUNIDAD LOCAL MÁS NECESITADA DE LA COMUNA DE GORBEA,Normativa General y Otras Materias,https://www.bcn.cl/leychile/navegar?idNorma=1021520,,,https://datos.bcn.cl/recurso/cl/orz/municipalidad-de-gorbea/2010-12-27/2/datos.json
Gorbea,09,La Araucanía,BCN,1,2007-10-02,APRUEBA MODIFICACIÓN DE LA ORDENANZA QUE FIJA CONDICIONES GENERALES PARA DETERMINAR LAS TARIFAS DE ASEO Y EXENCIONES,Derechos Municipales y Tarifas,https://www.bcn.cl/leychile/navegar?idNorma=265204,,,https://datos.bcn.cl/recurso/cl/orz/municipalidad-de-gorbea/2007-10-02/1/datos.json
Gorbea,09,La Araucanía,BCN,1,2005-04-28,MODIFICA ORDENANZA SOBRE EL PREMIO JOSE AGUSTIN GOMEZ,Normativa General y Otras Materias,https://www.bcn.cl/leychile/navegar?idNorma=237417,,,https://datos.bcn.cl/recurso/cl/orz/municipalidad-de-gorbea/2005-04-28/1/datos.json
Gorbea,09,La Araucanía,BCN,7,2004-05-12,MODIFICA ORDENANZA QUE FIJA CONDICIONES GENERALES PARA DETERMINAR TARIFAS DE ASEO Y EXENCIONES,Derechos Municipales y Tarifas,https://www.bcn.cl/leychile/navegar?idNorma=225032,,,https://datos.bcn.cl/recurso/cl/orz/municipalidad-de-gorbea/2004-05-12/7/datos.json
Gorbea,09,La Araucanía,BCN,1,2004-04-08,CREA PREMIO JOSE AGUSTIN GOMEZ,Normativa General y Otras Materias,https://www.bcn.cl/leychile/navegar?idNorma=223475,,,https://datos.bcn.cl/recurso/cl/orz/municipalidad-de-gorbea/2004-04-08/1/datos.json
Gorbea,09,La Araucanía,BCN,2,2004-04-08,CREA PREMIO ANDRES ANTONIO GORBEA,Normativa General y Otras Materias,https://www.bcn.cl/leychile/navegar?idNorma=223478,,,https://datos.bcn.cl/recurso/cl/orz/municipalidad-de-gorbea/2004-04-08/2/datos.json
Gorbea,09,La Araucanía,BCN,3,2004-04-08,CREA PREMIO 'CIUDAD DE GORBEA',Normativa General y Otras Materias,https://www.bcn.cl/leychile/navegar?idNorma=223479,,,https://datos.bcn.cl/recurso/cl/orz/municipalidad-de-gorbea/2004-04-08/3/datos.json
Gorbea,09,La Araucanía,BCN,4,2004-01-06,ORDENANZA SOBRE REGISTRO DE PERSONAS JURIDICAS RECEPTORAS DE FONDOS PUBLICOS,Normativa General y Otras Materias,https://www.bcn.cl/leychile/navegar?idNorma=219774,,,https://datos.bcn.cl/recurso/cl/orz/municipalidad-de-gorbea/2004-01-06/4/datos.json
Gorbea,09,La Araucanía,BCN,2,1996-11-20,DICTA ORDENANZA LOCAL SOBRE EL MEDIO AMBIENTE,"Aseo, Ornato y Medio Ambiente",https://www.bcn.cl/leychile/navegar?idNorma=30952,,,https://datos.bcn.cl/recurso/cl/orz/municipalidad-de-gorbea/1996-11-20/2/datos.json
Gorbea,09,La Araucanía,BCN,1,1996-06-05,FIJA CONDICIONES GENERALES PARA DETERMINAR TARIFAS DE ASEO Y EXENCIONES,Derechos Municipales y Tarifas,https://www.bcn.cl/leychile/navegar?idNorma=30921,,,https://datos.bcn.cl/recurso/cl/orz/municipalidad-de-gorbea/1996-06-05/1/datos.json
Lautaro,09,La Araucanía,BCN,9,1993-01-25,DICTA ORDENANZA DE FERIAS LIBRES Y DE CHACAREROS,"Comercio, Alcoholes y Patentes",https://www.bcn.cl/leychile/navegar?idNorma=31026,,,https://datos.bcn.cl/recurso/cl/orz/municipalidad-de-lautaro/1993-01-25/9/datos.json
Loncoche,09,La Araucanía,Municipalidad,S/N,2026-01-01,Ordenanza Municipal de LONCOCHE — ORDENANZA,Normativa General y Otras Materias,https://muniloncoche.cl/wp-content/uploads/2020/04/ORDENANZA.pdf,https://muniloncoche.cl/category/ordenanzas-municipales/,eb05460d00a27d98ea087b45a27255230735d27a8c803cbefc6da4ff937a9069,
Loncoche,09,La Araucanía,Municipalidad,311,2026-01-01,Ordenanza Municipal de LONCOCHE — DECRETO 311 APRUEBA COBRO ORDENANZA DERECHO ASEO DOMICILIARIO Y COMERCIAL,Derechos Municipales y Tarifas,https://muniloncoche.cl/wp-content/uploads/2026/05/DECRETO-311-APRUEBA-COBRO-ORDENANZA-DERECHO-ASEO-DOMICILIARIO-Y-COMERCIAL.pdf,https://muniloncoche.cl/category/ordenanzas-municipales/,8a12e56f3b3034457658e9aff834324afc384725eff29133495d71d0faa946da,
Melipeuco,09,La Araucanía,BCN,s-n,2005-06-30,APRUEBA ORDENANZA DE REGISTRO DE PERSONAS JURIDICAS RECEPTORAS DE FONDOS PUBLICOS,Normativa General y Otras Materias,https://www.bcn.cl/leychile/navegar?idNorma=239605,,,https://datos.bcn.cl/recurso/cl/orz/municipalidad-de-melipeuco/2005-06-30/s-n/datos.json
Melipeuco,09,La Araucanía,BCN,s-n,1986-05-07,"DICTA ORDENANZA LOCAL SOBRE DERECHOS MUNICIPALES POR CONCESIONES, PERMISOS Y SERVICIOS",Derechos Municipales y Tarifas,https://www.bcn.cl/leychile/navegar?idNorma=157756,,,https://datos.bcn.cl/recurso/cl/orz/municipalidad-de-melipeuco/1986-05-07/s-n/datos.json
Padre Las Casas,09,La Araucanía,BCN,27,2011-08-04,APRUEBA NUEVA ORDENANZA DE ALCOHOLES,"Comercio, Alcoholes y Patentes",https://www.bcn.cl/leychile/navegar?idNorma=1028384,,,https://datos.bcn.cl/recurso/cl/orz/municipalidad-de-padre-las-casas/2011-08-04/27/datos.json
Padre Las Casas,09,La Araucanía,BCN,25,2010-03-26,APRUEBA Y ESTABLECE TEXTO DEFINITIVO DE ORDENANZA MUNICIPAL SOBRE COMERCIALIZACIÓN DE LA LEÑA,"Comercio, Alcoholes y Patentes",https://www.bcn.cl/leychile/navegar?idNorma=1012028,,,https://datos.bcn.cl/recurso/cl/orz/municipalidad-de-padre-las-casas/2010-03-26/25/datos.json
Padre Las Casas,09,La Araucanía,BCN,20,2005-10-31,"EXTRACTO DE ORDENANZA Nº 20, DE 25 DE OCTUBRE DE 2005",Normativa General y Otras Materias,https://www.bcn.cl/leychile/navegar?idNorma=243395,,,https://datos.bcn.cl/recurso/cl/orz/municipalidad-de-padre-las-casas/2005-10-31/20/datos.json
Padre Las Casas,09,La Araucanía,BCN,18,2004-09-16,DICTA ORDENANZA SOBRE TRABAJOS COMUNITARIOS PARA CUMPLIR SENTENCIAS JUDICIALES,Normativa General y Otras Materias,https://www.bcn.cl/leychile/navegar?idNorma=230380,,,https://datos.bcn.cl/recurso/cl/orz/municipalidad-de-padre-las-casas/2004-09-16/18/datos.json
Padre Las Casas,09,La Araucanía,BCN,17,2004-05-17,PROMULGA ORDENANZA LOCAL SOBRE MEDIO AMBIENTE,"Aseo, Ornato y Medio Ambiente",https://www.bcn.cl/leychile/navegar?idNorma=225261,,,https://datos.bcn.cl/recurso/cl/orz/municipalidad-de-padre-las-casas/2004-05-17/17/datos.json
Padre Las Casas,09,La Araucanía,BCN,16,2003-12-30,ORDENANZA DE REGISTRO DE PERSONAS JURIDICAS RECEPTORAS DE FONDOS PUBLICOS,Normativa General y Otras Materias,https://www.bcn.cl/leychile/navegar?idNorma=219529,,,https://datos.bcn.cl/recurso/cl/orz/municipalidad-de-padre-las-casas/2003-12-30/16/datos.json
Padre Las Casas,09,La Araucanía,BCN,5,2000-06-05,"EXTRACTO ORDENANZA Nº 5, DE 7 DE FEBRERO DE 2000",Normativa General y Otras Materias,https://www.bcn.cl/leychile/navegar?idNorma=170223,,,https://datos.bcn.cl/recurso/cl/orz/municipalidad-de-padre-las-casas/2000-06-05/5/datos.json
Perquenco,09,La Araucanía,Municipalidad,201,2026-01-01,Ordenanza Municipal de PERQUENCO — Decr. Ex. 1.876   Modifica Ordenanza Derechos Municipales,Derechos Municipales y Tarifas,https://www.perquenco.cl/files/2025/Transparencia/actos%20y%20resoluciones/ordenanzas/2025/Decr.%20Ex.%201.876%20-%20Modifica%20Ordenanza%20Derechos%20Municipales.pdf,https://www.perquenco.cl/actualizacion-ordenanzas-municipales-2025/,597556b80c390b96461fe5c372b61d52985d40b1654f9b0e007221a643efe733,
Perquenco,09,La Araucanía,Municipalidad,201-fb93,2026-01-01,Ordenanza Municipal de PERQUENCO — Decr. Ex. 1.878   Modif. Ordenanza Comercio Ambulante,"Patentes, Comercio y Alcoholes",https://www.perquenco.cl/files/2025/Transparencia/actos%20y%20resoluciones/ordenanzas/2025/Decr.%20Ex.%201.878%20-%20Modif.%20Ordenanza%20Comercio%20Ambulante.pdf,https://www.perquenco.cl/actualizacion-ordenanzas-municipales-2025/,fb93e7c8c44c45f3156e8285fe203e10961522f60eebc400c2ecb0d7dcff495a,
Perquenco,09,La Araucanía,Municipalidad,201-7e29,2026-01-01,Ordenanza Municipal de PERQUENCO — Decr. Ex. 1.879   Modif. Ordenanza Particip. Ciudadana,Normativa General y Otras Materias,https://www.perquenco.cl/files/2025/Transparencia/actos%20y%20resoluciones/ordenanzas/2025/Decr.%20Ex.%201.879%20-%20Modif.%20Ordenanza%20Particip.%20Ciudadana.pdf,https://www.perquenco.cl/actualizacion-ordenanzas-municipales-2025/,7e29b837ed8eb637a7de7c2038e51485b272d28aec19b0399568be8c496f60fe,
Perquenco,09,La Araucanía,Municipalidad,201,2025-01-01,Ordenanza Municipal de PERQUENCO — Decreto Ex. 1.877 del 29.10.2025   Modif. Ordenanza Cementerio Municipal,Normativa General y Otras Materias,https://www.perquenco.cl/files/2025/Transparencia/actos%20y%20resoluciones/ordenanzas/2025/Decreto%20Ex.%201.877%20del%2029.10.2025%20-%20Modif.%20Ordenanza%20Cementerio%20Municipal.pdf,https://www.perquenco.cl/actualizacion-ordenanzas-municipales-2025/,0ea74cb77b6601b5732ab7f3389738d4e043f45274d7da8bb3f531be61383ed8,
Perquenco,09,La Araucanía,Municipalidad,219,2026-01-01,Ordenanza Municipal de PERQUENCO — Decreto Ex N219  Modifica y Refunde Ordenanza Derechos Municipales Concesiones Arriendos,Derechos Municipales y Tarifas,https://www.perquenco.cl/files/2025/Transparencia/actos%20y%20resoluciones/ordenanzas/Decreto%20Ex%20N219%20%20Modifica%20y%20Refunde%20Ordenanza%20Derechos%20Municipales%20Concesiones%20Arriendos.pdf,https://www.perquenco.cl/actualizacion-ordenanzas-municipales-2025/,a5739f4723fa5244ffe05d447acb477c9ef4f3b9777f35ecd7e6e7ddd6c7a386,
Perquenco,09,La Araucanía,Municipalidad,S/N,2026-01-01,Ordenanza Municipal de PERQUENCO — Decreto Aprueba Plan de Accion Comunal Cambio Climatico PERQUENCO,Normativa General y Otras Materias,https://www.perquenco.cl/files/2025/Transparencia/medio%20ambiente/Decreto%20Aprueba%20Plan%20de%20Accion%20Comunal%20Cambio%20Climatico%20PERQUENCO.pdf,https://www.perquenco.cl/actualizacion-ordenanzas-municipales-2025/,4a101cd4461f292df46a82b51f1730f08958a48f8b39d4574906822fc09f9c32,
Perquenco,09,La Araucanía,Municipalidad,S/N-f590,2026-01-01,Ordenanza Municipal de PERQUENCO — concurso apoyo familiar,Normativa General y Otras Materias,https://www.perquenco.cl/files/2025/concursos%20publicos/dideco/apollo%20familiar%20integral/concurso%20apoyo%20familiar.pdf,https://www.perquenco.cl/actualizacion-ordenanzas-municipales-2025/,f5905a16172b7d56c3c26e8bd82d3eccb7cdd66a5e1e856c35d4657b39e8c4d7,
Perquenco,09,La Araucanía,Municipalidad,658,2026-01-01,Ordenanza Municipal de PERQUENCO — Decreto Exento N658 Establece horario de atencion a publico,Normativa General y Otras Materias,https://www.perquenco.cl/files/2025/decreto%20horario%20atencion/Decreto%20Exento%20N658%20Establece%20horario%20de%20atencion%20a%20publico.pdf,https://www.perquenco.cl/actualizacion-ordenanzas-municipales-2025/,931faa45fa757be0f24a242fe25f14dbd4d1e279531e403ccf57a378916de91e,
Perquenco,09,La Araucanía,Municipalidad,S/N-ed94,2026-01-01,Ordenanza Municipal de PERQUENCO — guiat2025,Normativa General y Otras Materias,https://www.perquenco.cl/files/2025/tramites/guiat2025.pdf,https://www.perquenco.cl/actualizacion-ordenanzas-municipales-2025/,ed94783a02d61873e3579f939ecd2e2e06467a03d1caa41f0e76464beabd92ae,
Perquenco,09,La Araucanía,Municipalidad,S/N-5042,2026-01-01,Ordenanza Municipal de PERQUENCO — PLASAM PERQUENCO 2026,Normativa General y Otras Materias,https://www.perquenco.cl/files/2026/banners/PLASAM%20PERQUENCO%202026.pdf,https://www.perquenco.cl/actualizacion-ordenanzas-municipales-2025/,50422182002fc923fa468bdeb870cc2af5a7c8046806ab46f8b56c091555dd6c,
Perquenco,09,La Araucanía,Municipalidad,S/N-b109,2026-01-01,Ordenanza Municipal de PERQUENCO — Concurso CCC Cuidador remunerado,Normativa General y Otras Materias,https://www.perquenco.cl/files/2026/concursos/agosto/Concurso%20CCC%20Cuidador%20remunerado.pdf,https://www.perquenco.cl/actualizacion-ordenanzas-municipales-2025/,b109ca1c4b6bc7b5746282f0e2769323167ef04c50d55b8f724976f1567c6207,
Perquenco,09,La Araucanía,Municipalidad,S/N-2c57,2026-01-01,Ordenanza Municipal de PERQUENCO — Diagnostico local de ninez y adolescencia de la comuna de Perquenco 2026,Normativa General y Otras Materias,https://www.perquenco.cl/files/2026/oln/Diagnostico%20local%20de%20ninez%20y%20adolescencia%20de%20la%20comuna%20de%20Perquenco%202026.pdf,https://www.perquenco.cl/actualizacion-ordenanzas-municipales-2025/,2c575e9cb3f480330c9bf28e03f522ae7cde1a17e93aea6d4df2e0f10ca37331,
Perquenco,09,La Araucanía,Municipalidad,S/N-0f47,2026-01-01,"Ordenanza Municipal de PERQUENCO — RESUMEN DIAGNoSTICO PARTICIPATIVO DE NInOS, NInAS Y ADOLESCENTES 2026",Normativa General y Otras Materias,https://www.perquenco.cl/files/2026/oln/RESUMEN%20DIAGNoSTICO%20PARTICIPATIVO%20DE%20NInOS%2C%20NInAS%20Y%20ADOLESCENTES%202026.pdf,https://www.perquenco.cl/actualizacion-ordenanzas-municipales-2025/,0f47b233796684b161915de9a18e44d775fa2ff9f0334efafd161d5e9ebfccb7,
Perquenco,09,La Araucanía,Municipalidad,S/N,2019-01-01,Ordenanza Municipal de PERQUENCO — GUIA COMERCIAL UDEL 2019,"Patentes, Comercio y Alcoholes",https://www.perquenco.cl/web/perquenco/files/GUIA%20COMERCIAL%20UDEL%202019.pdf,https://www.perquenco.cl/actualizacion-ordenanzas-municipales-2025/,b1193e93988a3a93b3d877966fcabbaab7708bb4405a8ccfecfc5347afd6fec6,
Perquenco,09,La Araucanía,Municipalidad,S/N-5fab,2026-01-01,Ordenanza Municipal de PERQUENCO — Decreto Exento 0169 Aprueba ordenanza prohibe uso de fuego,Normativa General y Otras Materias,https://www.perquenco.cl/web/perquenco/files/documentos/2023/Decreto%20Exento%200169%20Aprueba%20ordenanza%20prohibe%20uso%20de%20fuego.pdf,https://www.perquenco.cl/actualizacion-ordenanzas-municipales-2025/,5fab8d044028da65e358a224bc58534dc6c2578acee91b156957275432358ec8,
Perquenco,09,La Araucanía,Municipalidad,2030,2030-01-01,Ordenanza Municipal de PERQUENCO — Reglamento 30 CTA,Normativa General y Otras Materias,https://www.perquenco.cl/web/perquenco/files/documentos/banner%20comite%20cta/Reglamento%2030%20CTA.pdf,https://www.perquenco.cl/actualizacion-ordenanzas-municipales-2025/,380c38cd82112540f8288e95c8cab51e9e5e08c83739cee39786626178af37a5,
Perquenco,09,La Araucanía,Municipalidad,80,2021-01-01,Ordenanza Municipal de PERQUENCO — Ordenanza Apícola Decreto Ex. Nº 80 del 01.02.2021,Normativa General y Otras Materias,https://www.perquenco.cl/web/perquenco/files/documentos/ordenanzas22/Ordenanza%20Ap%C3%ADcola%20Decreto%20Ex.%20N%C2%BA%2080%20del%2001.02.2021.pdf,https://www.perquenco.cl/actualizacion-ordenanzas-municipales-2025/,4a9f74f36374737dbe32ad94198c1c75801c189f25a9a5df06e6c1957d36149a,
Perquenco,09,La Araucanía,Municipalidad,S/N-94d5,2026-01-01,Ordenanza Municipal de PERQUENCO — Ordenanza Municipal de Tenencia responsable de animales,Tenencia Responsable de Mascotas,https://www.perquenco.cl/web/perquenco/files/documentos/ordenanzas22/Ordenanza%20Municipal%20de%20Tenencia%20responsable%20de%20animales.pdf,https://www.perquenco.cl/actualizacion-ordenanzas-municipales-2025/,94d5438b90d8deda0e8f6272516da57438b6ea52e125d7898b309daa0dc0ac86,
Perquenco,09,La Araucanía,Municipalidad,20,2026-01-01,Ordenanza Municipal de PERQUENCO — Reglamento Clinica Veterinaria,Normativa General y Otras Materias,https://www.perquenco.cl/web/perquenco/files/documentos/reglamento%20clinica/Reglamento%20Clinica%20Veterinaria%20.pdf,https://www.perquenco.cl/actualizacion-ordenanzas-municipales-2025/,7e5a2458be585f099eafab8effd388f12e21476cfd85a1723e22746a4e82386d,
Perquenco,09,La Araucanía,Municipalidad,S/N-7e84,2026-01-01,Ordenanza Municipal de PERQUENCO — Cuentos Ilustrados Quillem,Normativa General y Otras Materias,https://www.perquenco.cl/web/perquenco/files/files/documentos/relatos%20quillem/Cuentos%20Ilustrados%20Quillem.pdf,https://www.perquenco.cl/actualizacion-ordenanzas-municipales-2025/,7e8477ae572726ae6b29ae3073c8d37276464ec7901fc36aa927da6856909d9e,
Perquenco,09,La Araucanía,Municipalidad,S/N,2020-01-01,Ordenanza Municipal de PERQUENCO — ROLREAVALUO AGRICOLA 09206 2020,Normativa General y Otras Materias,https://www.perquenco.cl/web/perquenco/files/roles%20acaluo%202020/ROLREAVALUO_AGRICOLA-09206_2020.pdf,https://www.perquenco.cl/actualizacion-ordenanzas-municipales-2025/,df499bcdd285c7c79e98458c359f56ae0b0f399d3b4248acb2ff961d66dce1b7,
Pucón,09,La Araucanía,BCN,s-n,2004-01-06,ORDENANZA MUNICIPAL DE REGISTRO DE PERSONAS JURIDICAS RECEPTORAS DE FONDOS PUBLICOS,Normativa General y Otras Materias,https://www.bcn.cl/leychile/navegar?idNorma=219775,,,https://datos.bcn.cl/recurso/cl/orz/municipalidad-de-pucon/2004-01-06/s-n/datos.json
Pucón,09,La Araucanía,BCN,2,1988-01-06,APRUEBA ORDENANZA LOCAL DE DERECHOS MUNICIPALES,Derechos Municipales y Tarifas,https://www.bcn.cl/leychile/navegar?idNorma=171543,,,https://datos.bcn.cl/recurso/cl/orz/municipalidad-de-pucon/1988-01-06/2/datos.json
Pucón,09,La Araucanía,BCN,115,1987-06-23,"APRUEBA ORDENANZA LOCAL DE DERECHOS MUNICIPALES POR SERVICIOS, CONCESIONES O PERMISOS",Derechos Municipales y Tarifas,https://www.bcn.cl/leychile/navegar?idNorma=148516,,,https://datos.bcn.cl/recurso/cl/orz/municipalidad-de-pucon/1987-06-23/115/datos.json
Saavedra,09,La Araucanía,BCN,2,2006-12-29,MODIFICA ORDENANZA MUNICIPAL Nº 2,Normativa General y Otras Materias,https://www.bcn.cl/leychile/navegar?idNorma=257030,,,https://datos.bcn.cl/recurso/cl/orz/municipalidad-de-saavedra/2006-12-29/2/datos.json
Saavedra,09,La Araucanía,BCN,4,2004-01-26,ORDENANZA SOBRE REGISTRO DE PERSONAS JURIDICAS RECEPTORAS DE FONDOS PUBLICOS,Normativa General y Otras Materias,https://www.bcn.cl/leychile/navegar?idNorma=220473,,,https://datos.bcn.cl/recurso/cl/orz/municipalidad-de-saavedra/2004-01-26/4/datos.json
Saavedra,09,La Araucanía,Municipalidad,S/N,2018-01-01,Ordenanza Municipal de SAAVEDRA — Ordenanza Municipal de Gestion Medioambiental 2018 Compressed,"Aseo, Ornato y Medio Ambiente",https://munisaavedra.cl/wp-content/uploads/2019/05/Ordenanza-Municipal-de-Gestion-Medioambiental-2018_Compressed.pdf,https://munisaavedra.cl/wp-content/uploads/2019/05/Ordenanza-Municipal-de-Gestion-Medioambiental-2018_Compressed.pdf,1933edba211c1783e9309392bd779b658242fbb248bc49efba8f4539276b870b,
Saavedra,09,La Araucanía,Municipalidad,S/N,2026-01-01,Ordenanza Municipal de SAAVEDRA — ORDENANZA MUNICIPAL TENENCIA DE MASCOTAS,Tenencia Responsable de Mascotas,https://munisaavedra.cl/wp-content/uploads/2024/06/ORDENANZA-MUNICIPAL-TENENCIA-DE-MASCOTAS.pdf,https://munisaavedra.cl/wp-content/uploads/2024/06/ORDENANZA-MUNICIPAL-TENENCIA-DE-MASCOTAS.pdf,37e788f5783225f096c2b06e859937d196ca38da108233ab4849497853f68f82,
Saavedra,09,La Araucanía,Municipalidad,2024,2024-01-01,Ordenanza Municipal de SAAVEDRA — ORDENANZA MEDIO AMBIENTE 2024,"Aseo, Ornato y Medio Ambiente",https://munisaavedra.cl/wp-content/uploads/2024/11/ORDENANZA-MEDIO-AMBIENTE-2024.pdf,https://munisaavedra.cl/wp-content/uploads/2024/11/ORDENANZA-MEDIO-AMBIENTE-2024.pdf,eaddcf493596da50d9c148ef9d2e49a1bc6c554253b65eb37c6dc0bfaae0f0f0,
Saavedra,09,La Araucanía,Municipalidad,S/N-6aa0,2026-01-01,Ordenanza Municipal de SAAVEDRA — ORDENANZA TENENCIA RESPONBLE,Normativa General y Otras Materias,https://munisaavedra.cl/wp-content/uploads/2024/11/ORDENANZA-TENENCIA-RESPONBLE.pdf,https://munisaavedra.cl/wp-content/uploads/2024/11/ORDENANZA-TENENCIA-RESPONBLE.pdf,6aa0d8ca43810b469d4187935d4ee4752b6d2cb91d308b506dabf0425e4a4b39,
Saavedra,09,La Araucanía,Municipalidad,02,2026-01-01,Ordenanza Municipal de SAAVEDRA — 02 ORDENANZA INTERCULTURAL,Normativa General y Otras Materias,https://munisaavedra.cl/wp-content/uploads/2025/01/02-ORDENANZA-INTERCULTURAL.pdf,https://munisaavedra.cl/wp-content/uploads/2025/01/02-ORDENANZA-INTERCULTURAL.pdf,f7d77c898ef16ccc93197eddfcfc125478b63bb92dde1a17580ac3a7f4feea6c,
Teodoro Schmidt,09,La Araucanía,BCN,8,2011-09-26,EXTRACTO DE ORDENANZA MUNICIPAL DE PARTICIPACIÓN CIUDADANA Nº 8,Organización y Régimen Interno,https://www.bcn.cl/leychile/navegar?idNorma=1030207,,,https://datos.bcn.cl/recurso/cl/orz/municipalidad-de-teodoro-schmidt/2011-09-26/8/datos.json
Teodoro Schmidt,09,La Araucanía,BCN,7,2004-06-22,DICTA ORDENANZA SOBRE TRABAJOS EN BENEFICIO DE LA COMUNIDAD PARA CUMPLIR SENTENCIAS DICTADAS POR EL JUEZ DE POLICIA LOCAL,Normativa General y Otras Materias,https://www.bcn.cl/leychile/navegar?idNorma=226659,,,https://datos.bcn.cl/recurso/cl/orz/municipalidad-de-teodoro-schmidt/2004-06-22/7/datos.json
Teodoro Schmidt,09,La Araucanía,BCN,5,2001-01-11,"INFORMA SOBRE ORDENANZA Nº 5, DE 2000",Normativa General y Otras Materias,https://www.bcn.cl/leychile/navegar?idNorma=180028,,,https://datos.bcn.cl/recurso/cl/orz/municipalidad-de-teodoro-schmidt/2001-01-11/5/datos.json
Teodoro Schmidt,09,La Araucanía,BCN,4,1988-01-30,DICTA ORDENANZA DE ASEO DE LA COMUNA,"Aseo, Ornato y Medio Ambiente",https://www.bcn.cl/leychile/navegar?idNorma=174094,,,https://datos.bcn.cl/recurso/cl/orz/municipalidad-de-teodoro-schmidt/1988-01-30/4/datos.json
Teodoro Schmidt,09,La Araucanía,BCN,2,1986-11-10,DICTA ORDENANZA MUNICIPAL SOBRE NORMAS SANITARIAS BASICAS,Normativa General y Otras Materias,https://www.bcn.cl/leychile/navegar?idNorma=158380,,,https://datos.bcn.cl/recurso/cl/orz/municipalidad-de-teodoro-schmidt/1986-11-10/2/datos.json
Teodoro Schmidt,09,La Araucanía,BCN,3,1986-11-10,"DICTA ORDENANZA PARA LA COBRANZA DE CONTRIBUCIONES, PATENTES, PERMISOS Y DERECHOS MUNICIPALES MOROSOS",Derechos Municipales y Tarifas,https://www.bcn.cl/leychile/navegar?idNorma=158395,,,https://datos.bcn.cl/recurso/cl/orz/municipalidad-de-teodoro-schmidt/1986-11-10/3/datos.json
Vilcún,09,La Araucanía,BCN,2-exenta,1988-01-29,DICTA ORDENANZA COMUNAL SOBRE DERECHOS MUNICIPALES,Derechos Municipales y Tarifas,https://www.bcn.cl/leychile/navegar?idNorma=206446,,,https://datos.bcn.cl/recurso/cl/orz/municipalidad-de-vilcun/1988-01-29/2-exenta/datos.json
Vilcún,09,La Araucanía,Municipalidad,S/N,2026-01-01,Ordenanza Municipal de VILCÚN — ORDENANZA DE PARTICIPACION CIUDADANA VILCUN,Normativa General y Otras Materias,https://www.vilcuntransparente.cl/inicio/normativa/ORDENANZA_DE_PARTICIPACION_CIUDADANA_VILCUN.pdf,https://www.vilcun.cl/web/base/informaciones-y-documentos-2/ordenanza/,1113a9aa779d87ded2240a3ebb401333a396f75359e9e76cd7dcef73c9c57499,
Villarrica,09,La Araucanía,BCN,1,2005-04-28,"MODIFICA ORDENANZA MUNICIPAL Nº 1, DE 2001",Normativa General y Otras Materias,https://www.bcn.cl/leychile/navegar?idNorma=237418,,,https://datos.bcn.cl/recurso/cl/orz/municipalidad-de-villarrica/2005-04-28/1/datos.json
Villarrica,09,La Araucanía,BCN,1,1991-12-20,"DICTA ORDENANZA SOBRE EXPLOTACION DE ESPACIOS DE ESTACIONAMIENTO, A TRAVES DEL MECANISMO DE COBRO TARIFARIO EN BASE A TARJETAS",Derechos Municipales y Tarifas,https://www.bcn.cl/leychile/navegar?idNorma=86758,,,https://datos.bcn.cl/recurso/cl/orz/municipalidad-de-villarrica/1991-12-20/1/datos.json
Villarrica,09,La Araucanía,BCN,1,1987-01-27,"DICTA ORDENANZA LOCAL SOBRE DERECHOS MUNICIPALES POR CONCESIONES, PERMISOS, OCUPACION DE BIENES NACIONALES DE USO PUBLICO, PROPAGANDA Y OTROS SERVICIOS",Derechos Municipales y Tarifas,https://www.bcn.cl/leychile/navegar?idNorma=70787,,,https://datos.bcn.cl/recurso/cl/orz/municipalidad-de-villarrica/1987-01-27/1/datos.json
Villarrica,09,La Araucanía,Municipalidad,10,2026-01-01,Ordenanza Municipal de VILLARRICA — ordenanza 10,Normativa General y Otras Materias,https://www.munivillarrica.cl/wp-content/uploads/2019/03/ordenanza_10.pdf,https://www.munivillarrica.cl/wp-content/uploads/2019/03/ordenanza_10.pdf,6a9b63e16a984da13408ed646e58181dfb613a0d97f0846db74342148de50f94,
Villarrica,09,La Araucanía,Municipalidad,11,2026-01-01,Ordenanza Municipal de VILLARRICA — ordenanza 11,Normativa General y Otras Materias,https://www.munivillarrica.cl/wp-content/uploads/2019/03/ordenanza_11.pdf,https://www.munivillarrica.cl/wp-content/uploads/2019/03/ordenanza_11.pdf,f0014aef94e951d609fde5c4cfcb9912f28f3ba294d9694912844603a44133a6,
Villarrica,09,La Araucanía,Municipalidad,12,2026-01-01,Ordenanza Municipal de VILLARRICA — ordenanza 12,Normativa General y Otras Materias,https://www.munivillarrica.cl/wp-content/uploads/2019/03/ordenanza_12.pdf,https://www.munivillarrica.cl/wp-content/uploads/2019/03/ordenanza_12.pdf,db34ae8195a1dc4a1cbfc4337ab58e447b5d9c2ea98d4cf8ab88cbc3e99faee6,
Villarrica,09,La Araucanía,Municipalidad,14,2026-01-01,Ordenanza Municipal de VILLARRICA — ordenanza 14,Normativa General y Otras Materias,https://www.munivillarrica.cl/wp-content/uploads/2019/03/ordenanza_14.pdf,https://www.munivillarrica.cl/wp-content/uploads/2019/03/ordenanza_14.pdf,1f94107bdfedbd48bfce1f4270962c7e64efa6bd08d7284f7d17f2f32fef56cb,
Villarrica,09,La Araucanía,Municipalidad,15,2026-01-01,Ordenanza Municipal de VILLARRICA — ordenanza 15,Normativa General y Otras Materias,https://www.munivillarrica.cl/wp-content/uploads/2019/03/ordenanza_15.pdf,https://www.munivillarrica.cl/wp-content/uploads/2019/03/ordenanza_15.pdf,6e3737f57675194cbd8e4db050396b8e885a91e28182202d9e16b167df6d0e1c,
Villarrica,09,La Araucanía,Municipalidad,16,2026-01-01,Ordenanza Municipal de VILLARRICA — ordenanza 16,Normativa General y Otras Materias,https://www.munivillarrica.cl/wp-content/uploads/2019/03/ordenanza_16.pdf,https://www.munivillarrica.cl/wp-content/uploads/2019/03/ordenanza_16.pdf,bb65b47a6d3ab7dac0452fb8532ed66f93cb97b1ef8d333fbcfeaf7bc553b310,
Villarrica,09,La Araucanía,Municipalidad,17,2026-01-01,Ordenanza Municipal de VILLARRICA — ordenanza 17,Normativa General y Otras Materias,https://www.munivillarrica.cl/wp-content/uploads/2019/03/ordenanza_17.pdf,https://www.munivillarrica.cl/wp-content/uploads/2019/03/ordenanza_17.pdf,45fb6bbc268ef9b25e9bbbaffd585a71bd86a898a30e3420a298ff7875e9e411,
Villarrica,09,La Araucanía,Municipalidad,18,2026-01-01,Ordenanza Municipal de VILLARRICA — ordenanza 18,Normativa General y Otras Materias,https://www.munivillarrica.cl/wp-content/uploads/2019/03/ordenanza_18.pdf,https://www.munivillarrica.cl/wp-content/uploads/2019/03/ordenanza_18.pdf,6a1199920f640201045a2f2a68e6cee3f83a60c3746abfe81d23bf1f42d1392b,
Collipulli,09,La Araucanía,BCN,s-n,2009-04-01,ORDENANZA MUNICIPAL SOBRE OTORGAMIENTO DE BECAS,"Salud, Deporte y Desarrollo Social",https://www.bcn.cl/leychile/navegar?idNorma=288492,,,https://datos.bcn.cl/recurso/cl/orz/municipalidad-de-collipulli/2009-04-01/s-n/datos.json
Collipulli,09,La Araucanía,BCN,s-n,1994-01-17,MODIFICA Y AMPLIA ORDENANZA LOCAL SOBRE DERECHOS MUNICIPALES,Derechos Municipales y Tarifas,https://www.bcn.cl/leychile/navegar?idNorma=31161,,,https://datos.bcn.cl/recurso/cl/orz/municipalidad-de-collipulli/1994-01-17/s-n/datos.json
Collipulli,09,La Araucanía,BCN,s-n,1993-01-30,"DICTA ORDENANZA LOCAL SOBRE DERECHOS MUNICIPALES POR CONCESIONES, PERMISOS Y SERVICIOS",Derechos Municipales y Tarifas,https://www.bcn.cl/leychile/navegar?idNorma=31151,,,https://datos.bcn.cl/recurso/cl/orz/municipalidad-de-collipulli/1993-01-30/s-n/datos.json
Collipulli,09,La Araucanía,BCN,s-n,1992-01-30,"MODIFICA ORDENANZA LOCAL SOBRE DERECHOS MUNICIPALES POR CONCESIONES, PERMISOS Y SERVICIOS",Derechos Municipales y Tarifas,https://www.bcn.cl/leychile/navegar?idNorma=96921,,,https://datos.bcn.cl/recurso/cl/orz/municipalidad-de-collipulli/1992-01-30/s-n/datos.json
Collipulli,09,La Araucanía,BCN,1,1991-01-29,"ORDENANZA LOCAL SOBRE DERECHOS MUNICIPALES POR CONCESIONES, PERMISOS Y SERVICIOS",Derechos Municipales y Tarifas,https://www.bcn.cl/leychile/navegar?idNorma=88560,,,https://datos.bcn.cl/recurso/cl/orz/municipalidad-de-collipulli/1991-01-29/1/datos.json
Collipulli,09,La Araucanía,BCN,4,1990-01-03,MODIFICA ORDENANZA LOCAL SOBRE DERECHOS MUNICIPALES,Derechos Municipales y Tarifas,https://www.bcn.cl/leychile/navegar?idNorma=92419,,,https://datos.bcn.cl/recurso/cl/orz/municipalidad-de-collipulli/1990-01-03/4/datos.json
Collipulli,09,La Araucanía,BCN,4,1988-04-11,FIJA NORMAS DE FUNCIONAMIENTO DE SALAS DE ENTRETENIMIENTOS,Normativa General y Otras Materias,https://www.bcn.cl/leychile/navegar?idNorma=133977,,,https://datos.bcn.cl/recurso/cl/orz/municipalidad-de-collipulli/1988-04-11/4/datos.json
Collipulli,09,La Araucanía,BCN,2,1988-02-17,APRUEBA ORDENANZA MUNICIPAL PARA LA REALIZACION DE PROPAGANDA Y PUBLICIDAD EN LA COMUNA,"Comercio, Alcoholes y Patentes",https://www.bcn.cl/leychile/navegar?idNorma=142635,,,https://datos.bcn.cl/recurso/cl/orz/municipalidad-de-collipulli/1988-02-17/2/datos.json
Collipulli,09,La Araucanía,BCN,3,1988-01-27,"MODIFICA ORDENANZAS LOCALES NºS. 1, DE 1986 Y NºS. 1 Y 2, DE 1987",Normativa General y Otras Materias,https://www.bcn.cl/leychile/navegar?idNorma=173353,,,https://datos.bcn.cl/recurso/cl/orz/municipalidad-de-collipulli/1988-01-27/3/datos.json
Collipulli,09,La Araucanía,BCN,2,1987-06-30,"MODIFICA ORDENANZAS LOCALES NO. 1, DE 1986 Y NO. 1, DE 1987",Normativa General y Otras Materias,https://www.bcn.cl/leychile/navegar?idNorma=148541,,,https://datos.bcn.cl/recurso/cl/orz/municipalidad-de-collipulli/1987-06-30/2/datos.json
Collipulli,09,La Araucanía,BCN,1,1987-01-28,"MODIFICA ORDENANZA LOCAL NO. 1, DE 1986",Normativa General y Otras Materias,https://www.bcn.cl/leychile/navegar?idNorma=147995,,,https://datos.bcn.cl/recurso/cl/orz/municipalidad-de-collipulli/1987-01-28/1/datos.json
Collipulli,09,La Araucanía,BCN,s-n,1986-01-31,MODIFICACIONES A LA ORDENANZA LOCAL,Normativa General y Otras Materias,https://www.bcn.cl/leychile/navegar?idNorma=161268,,,https://datos.bcn.cl/recurso/cl/orz/municipalidad-de-collipulli/1986-01-31/s-n/datos.json
Collipulli,09,La Araucanía,Municipalidad,S/N,2026-01-01,Ordenanza Municipal de COLLIPULLI — Ordenanza,Normativa General y Otras Materias,https://municipalidadcollipulli.cl/wp-content/uploads/2015/11/Ordenanza.pdf,https://municipalidadcollipulli.cl/wp-content/uploads/2015/11/Ordenanza.pdf,d362566422533b6700420fe203a6e191571d6d0f7ecf3fca48e30d53fc45ea3a,
Collipulli,09,La Araucanía,Municipalidad,579,2026-01-01,Ordenanza Municipal de COLLIPULLI — Decreto Nº 579 Ordenanza,Normativa General y Otras Materias,https://municipalidadcollipulli.cl/wp-content/uploads/2017/04/Decreto-N%C2%BA-579-Ordenanza.pdf,https://municipalidadcollipulli.cl/wp-content/uploads/2017/04/Decreto-Nº-579-Ordenanza.pdf,e5b21672f549003a42b9c079dc2b60aae3e94adf9cac6e94cf4c628624ecbde7,
Collipulli,09,La Araucanía,Municipalidad,S/N-a54f,2026-01-01,Ordenanza Municipal de COLLIPULLI — ORDENANZA FUNCIONAMIENTO QUIOSCOS Y FOODTRUCK,Normativa General y Otras Materias,https://municipalidadcollipulli.cl/wp-content/uploads/2019/02/ORDENANZA-FUNCIONAMIENTO-QUIOSCOS-Y-FOODTRUCK.pdf,https://municipalidadcollipulli.cl/wp-content/uploads/2019/02/ORDENANZA-FUNCIONAMIENTO-QUIOSCOS-Y-FOODTRUCK.pdf,a54f87a45b57e0c16e3e26243159d1c648da3fae8c603616b1ba03f0c425fb85,
Collipulli,09,La Araucanía,Municipalidad,3135,2026-01-01,Ordenanza Municipal de COLLIPULLI — 3135Ordenanza,Normativa General y Otras Materias,https://municipalidadcollipulli.cl/wp-content/uploads/2020/06/3135Ordenanza.pdf,https://municipalidadcollipulli.cl/wp-content/uploads/2020/06/3135Ordenanza.pdf,8394b32824b7d3a4d3404087df012af14d10c198cb4231fd9e14dbd0fed98af2,
Collipulli,09,La Araucanía,Municipalidad,3332,2026-01-01,Ordenanza Municipal de COLLIPULLI — 3332Ordenanza,Normativa General y Otras Materias,https://municipalidadcollipulli.cl/wp-content/uploads/2022/10/3332Ordenanza.pdf,https://municipalidadcollipulli.cl/wp-content/uploads/2022/10/3332Ordenanza.pdf,bf342054648817ce08ada58c11183adc7bc45247ca3cf7ab49175b947b7f64fe,
Collipulli,09,La Araucanía,Municipalidad,1,2026-01-01,Ordenanza Municipal de COLLIPULLI — ORDENANZA MASCOTAS Y ANIMALES DE COMPANIA 1,Tenencia Responsable de Mascotas,https://municipalidadcollipulli.cl/wp-content/uploads/2023/07/ORDENANZA-MASCOTAS-Y-ANIMALES-DE-COMPANIA-1.pdf,https://municipalidadcollipulli.cl/wp-content/uploads/2023/07/ORDENANZA-MASCOTAS-Y-ANIMALES-DE-COMPANIA-1.pdf,0f6745405722244dc16560f17bed76a69bd2aaf96cc9c7bd31d6b61ce5e32d9e,
Ercilla,09,La Araucanía,BCN,1,2000-10-30,MODIFICA ORDENANZA LOCAL DE DERECHOS MUNICIPALES,Derechos Municipales y Tarifas,https://www.bcn.cl/leychile/navegar?idNorma=177016,,,https://datos.bcn.cl/recurso/cl/orz/municipalidad-de-ercilla/2000-10-30/1/datos.json
Ercilla,09,La Araucanía,BCN,2,1996-05-14,FIJA NORMAS DE FUNCIONAMIENTO DE SALAS DE ENTRETENIMIENTOS,Normativa General y Otras Materias,https://www.bcn.cl/leychile/navegar?idNorma=30950,,,https://datos.bcn.cl/recurso/cl/orz/municipalidad-de-ercilla/1996-05-14/2/datos.json
Ercilla,09,La Araucanía,BCN,1,1986-03-04,"DICTA ORDENANZA SOBRE DERECHOS MUNICIPALES POR CONCESIONES, PERMISOS Y SERVICIOS",Derechos Municipales y Tarifas,https://www.bcn.cl/leychile/navegar?idNorma=183068,,,https://datos.bcn.cl/recurso/cl/orz/municipalidad-de-ercilla/1986-03-04/1/datos.json
Lonquimay,09,La Araucanía,BCN,4,1985-11-27,"MODIFICA DECRETO MUNICIPAL NO. 14, DE 1982",Normativa General y Otras Materias,https://www.bcn.cl/leychile/navegar?idNorma=166484,,,https://datos.bcn.cl/recurso/cl/orz/municipalidad-de-lonquimay/1985-11-27/4/datos.json
Los Sauces,09,La Araucanía,BCN,147,2001-06-16,MODIFICA ORDENANZA MUNICIPAL Nº 3 QUE FIJA HORARIO DE FUNCIONAMIENTO DE NEGOCIOS DE EXPENDIO DE BEBIDAS ALCOHOLICAS,"Comercio, Alcoholes y Patentes",https://www.bcn.cl/leychile/navegar?idNorma=186574,,,https://datos.bcn.cl/recurso/cl/orz/municipalidad-de-los-sauces/2001-06-16/147/datos.json
Los Sauces,09,La Araucanía,BCN,3,2001-03-19,FIJA HORARIO DE FUNCIONAMIENTO DE NEGOCIOS DE EXPENDIO DE BEBIDAS ALCOHOLICAS,"Comercio, Alcoholes y Patentes",https://www.bcn.cl/leychile/navegar?idNorma=182886,,,https://datos.bcn.cl/recurso/cl/orz/municipalidad-de-los-sauces/2001-03-19/3/datos.json
Lumaco,09,La Araucanía,BCN,2,2006-03-30,MODIFICA ORDENANZA DE PARTICIPACION CIUDADANA,Organización y Régimen Interno,https://www.bcn.cl/leychile/navegar?idNorma=248544,,,https://datos.bcn.cl/recurso/cl/orz/municipalidad-de-lumaco/2006-03-30/2/datos.json
Lumaco,09,La Araucanía,BCN,1,1995-02-16,"MODIFICA ORDENANZA SOBRE DERECHOS MUNICIPALES POR CONCESIONES, PERMISOS Y SERVICIOS",Derechos Municipales y Tarifas,https://www.bcn.cl/leychile/navegar?idNorma=30907,,,https://datos.bcn.cl/recurso/cl/orz/municipalidad-de-lumaco/1995-02-16/1/datos.json
Lumaco,09,La Araucanía,BCN,1,1992-11-05,"MODIFICA Y COMPLEMENTA ORDENANZA NO. 1, DE 1989, SOBRE DERECHOS MUNICIPALES, PERMISOS Y SERVICIOS",Derechos Municipales y Tarifas,https://www.bcn.cl/leychile/navegar?idNorma=85711,,,https://datos.bcn.cl/recurso/cl/orz/municipalidad-de-lumaco/1992-11-05/1/datos.json
Lumaco,09,La Araucanía,BCN,1,1991-06-28,"MODIFICA Y COMPLEMENTA ORDENANZA N° 1 DE 1989 SOBRE DERECHOS MUNICIPALES, PERMISOS Y SERVICIOS",Derechos Municipales y Tarifas,https://www.bcn.cl/leychile/navegar?idNorma=30863,,,https://datos.bcn.cl/recurso/cl/orz/municipalidad-de-lumaco/1991-06-28/1/datos.json
Lumaco,09,La Araucanía,BCN,1,1990-08-30,"MODIFICA Y COMPLEMENTA ORDENANZA NO. 1, DE 1989",Normativa General y Otras Materias,https://www.bcn.cl/leychile/navegar?idNorma=90858,,,https://datos.bcn.cl/recurso/cl/orz/municipalidad-de-lumaco/1990-08-30/1/datos.json
Lumaco,09,La Araucanía,BCN,1,1989-03-21,"MODIFICA ORDENANZA SOBRE DERECHOS MUNICIPALES POR CONCESIONES, PERMISOS Y SERVICIOS",Derechos Municipales y Tarifas,https://www.bcn.cl/leychile/navegar?idNorma=200098,,,https://datos.bcn.cl/recurso/cl/orz/municipalidad-de-lumaco/1989-03-21/1/datos.json
Lumaco,09,La Araucanía,BCN,3,1988-09-22,"MODIFICA ORDENANZA SOBRE DERECHOS MUNICIPALES POR CONCESIONES, PERMISOS Y SERVICIOS",Derechos Municipales y Tarifas,https://www.bcn.cl/leychile/navegar?idNorma=130644,,,https://datos.bcn.cl/recurso/cl/orz/municipalidad-de-lumaco/1988-09-22/3/datos.json
Lumaco,09,La Araucanía,BCN,1,1988-01-19,DICTA ORDENANZA SOBRE USO DE RECINTOS MUNICIPALES,Normativa General y Otras Materias,https://www.bcn.cl/leychile/navegar?idNorma=173193,,,https://datos.bcn.cl/recurso/cl/orz/municipalidad-de-lumaco/1988-01-19/1/datos.json
Purén,09,La Araucanía,Municipalidad,S/N,2026-01-01,Ordenanza Municipal de PURÉN — Ordenanza de Participacion Ciudadana,Normativa General y Otras Materias,https://munipuren.cl/wp-content/uploads/2023/01/Ordenanza-de-Participacion-Ciudadana.pdf,https://munipuren.cl/wp-content/uploads/2023/01/Ordenanza-de-Participacion-Ciudadana.pdf,624332953c3e41d07b490cf60f925b3f6f471e871b030d2d096595ff3cb586fb,
Renaico,09,La Araucanía,BCN,2,1991-01-21,"DICTA ORDENANZA SOBRE COBROS DE DERECHOS MUNICIPALES POR SERVICIOS, CONCESIONES Y PERMISOS",Derechos Municipales y Tarifas,https://www.bcn.cl/leychile/navegar?idNorma=88593,,,https://datos.bcn.cl/recurso/cl/orz/municipalidad-de-renaico/1991-01-21/2/datos.json
Renaico,09,La Araucanía,BCN,1,1988-01-07,"DICTA ORDENANZA SOBRE COBROS DE DERECHOS MUNICIPALES POR SERVICIOS, CONCESIONES Y PERMISOS",Derechos Municipales y Tarifas,https://www.bcn.cl/leychile/navegar?idNorma=171558,,,https://datos.bcn.cl/recurso/cl/orz/municipalidad-de-renaico/1988-01-07/1/datos.json
Traiguén,09,La Araucanía,BCN,43,2010-06-24,"DICTA ORDENANZA PARA LA TENENCIA RESPONSABLE, PROTECCIÓN Y CONTROL DE LA POBLACIÓN CANINA Y OTROS ANIMALES DOMÉSTICOS DE LA COMUNA DE TRAIGUÉN",Tenencia Responsable y Mascotas,https://www.bcn.cl/leychile/navegar?idNorma=1014749,,,https://datos.bcn.cl/recurso/cl/orz/municipalidad-de-traiguen/2010-06-24/43/datos.json
Traiguén,09,La Araucanía,BCN,39,2005-06-30,DICTA ORDENANZA SOBRE TRABAJOS EN BENEFICIO DE LA COMUNIDAD PARA CUMPLIR SENTENCIAS DICTADAS POR EL JUEZ DE POLICIA LOCAL,Normativa General y Otras Materias,https://www.bcn.cl/leychile/navegar?idNorma=239609,,,https://datos.bcn.cl/recurso/cl/orz/municipalidad-de-traiguen/2005-06-30/39/datos.json
Traiguén,09,La Araucanía,BCN,37,2004-01-10,"MODIFICA ORDENANZA DE DERECHOS MUNICIPALES POR CONCESIONES, PERMISOS Y SERVICIOS",Derechos Municipales y Tarifas,https://www.bcn.cl/leychile/navegar?idNorma=219981,,,https://datos.bcn.cl/recurso/cl/orz/municipalidad-de-traiguen/2004-01-10/37/datos.json
Traiguén,09,La Araucanía,BCN,36,2003-12-02,"MODIFICA ORDENANZAS Nº 6 DE 1984, Y Nº 16 DE 1989, SOBRE TRANSITO Y SOBRE SENTIDO DEL TRANSITO EN LAS CALLES DE LA CIUDAD DE TRAIGUEN, Y DISPONE SU REFUNDICION",Tránsito y Transporte,https://www.bcn.cl/leychile/navegar?idNorma=218090,,,https://datos.bcn.cl/recurso/cl/orz/municipalidad-de-traiguen/2003-12-02/36/datos.json
Traiguén,09,La Araucanía,BCN,35,2003-06-28,REGLAMENTA EL OTORGAMIENTO DE BECAS PARA CURSAR ESTUDIOS SUPERIORES,"Salud, Deporte y Desarrollo Social",https://www.bcn.cl/leychile/navegar?idNorma=211823,,,https://datos.bcn.cl/recurso/cl/orz/municipalidad-de-traiguen/2003-06-28/35/datos.json
Traiguén,09,La Araucanía,BCN,33,2002-01-08,"MODIFICA ORDENANZA LOCAL SOBRE DERECHOS MUNICIPALES POR CONCESIONES, PERMISOS Y SERVICIOS",Derechos Municipales y Tarifas,https://www.bcn.cl/leychile/navegar?idNorma=193397,,,https://datos.bcn.cl/recurso/cl/orz/municipalidad-de-traiguen/2002-01-08/33/datos.json
Traiguén,09,La Araucanía,BCN,27,1999-01-22,"MODIFICA ORDENANZA PARA DETERMINAR TARIFA DE ASEO, COBRO Y EXENCIONES",Derechos Municipales y Tarifas,https://www.bcn.cl/leychile/navegar?idNorma=130613,,,https://datos.bcn.cl/recurso/cl/orz/municipalidad-de-traiguen/1999-01-22/27/datos.json
Traiguén,09,La Araucanía,BCN,28,1999-01-22,"MODIFICA ORDENANZA LOCAL SOBRE DERECHOS MUNICIPALES POR CONCESIONES, PERMISOS Y SERVICIOS",Derechos Municipales y Tarifas,https://www.bcn.cl/leychile/navegar?idNorma=130614,,,https://datos.bcn.cl/recurso/cl/orz/municipalidad-de-traiguen/1999-01-22/28/datos.json
Traiguén,09,La Araucanía,BCN,25,1998-01-29,"MODIFICA Y COMPLEMENTA ORDENANZA Nº 2, DE 1983",Normativa General y Otras Materias,https://www.bcn.cl/leychile/navegar?idNorma=90057,,,https://datos.bcn.cl/recurso/cl/orz/municipalidad-de-traiguen/1998-01-29/25/datos.json
Traiguén,09,La Araucanía,BCN,26,1998-01-29,"MODIFICA ORDENANZA PARA DETERMINAR TARIFA DE ASEO, COBRO Y EXENCIONES",Derechos Municipales y Tarifas,https://www.bcn.cl/leychile/navegar?idNorma=90073,,,https://datos.bcn.cl/recurso/cl/orz/municipalidad-de-traiguen/1998-01-29/26/datos.json
Traiguén,09,La Araucanía,BCN,24,1996-02-12,MODIFICA ORDENANZA NUMERO 02,Normativa General y Otras Materias,https://www.bcn.cl/leychile/navegar?idNorma=31055,,,https://datos.bcn.cl/recurso/cl/orz/municipalidad-de-traiguen/1996-02-12/24/datos.json
Traiguén,09,La Araucanía,BCN,s-n,1995-02-17,MODIFICA ORDENANZA QUE INDICA,Normativa General y Otras Materias,https://www.bcn.cl/leychile/navegar?idNorma=31169,,,https://datos.bcn.cl/recurso/cl/orz/municipalidad-de-traiguen/1995-02-17/s-n/datos.json
Traiguén,09,La Araucanía,BCN,s-n,1995-02-04,MODIFICA ORDENANZA MUNICIPAL,Normativa General y Otras Materias,https://www.bcn.cl/leychile/navegar?idNorma=31168,,,https://datos.bcn.cl/recurso/cl/orz/municipalidad-de-traiguen/1995-02-04/s-n/datos.json
Traiguén,09,La Araucanía,BCN,23,1994-01-31,"MODIFICA ORDENANZA NUMERO 2, DE 1983",Normativa General y Otras Materias,https://www.bcn.cl/leychile/navegar?idNorma=2091,,,https://datos.bcn.cl/recurso/cl/orz/municipalidad-de-traiguen/1994-01-31/23/datos.json
Traiguén,09,La Araucanía,BCN,2,1993-01-18,MODIFICA ORDENANZA NUMERO 2,Normativa General y Otras Materias,https://www.bcn.cl/leychile/navegar?idNorma=30929,,,https://datos.bcn.cl/recurso/cl/orz/municipalidad-de-traiguen/1993-01-18/2/datos.json
Traiguén,09,La Araucanía,BCN,21,1992-09-04,"MODIFICA Y COMPLEMENTA ORDENANZA LOCAL SOBRE DERECHOS MUNICIPALES POR CONCESIONES, PERMISOS Y SERVICIOS",Derechos Municipales y Tarifas,https://www.bcn.cl/leychile/navegar?idNorma=84102,,,https://datos.bcn.cl/recurso/cl/orz/municipalidad-de-traiguen/1992-09-04/21/datos.json
Traiguén,09,La Araucanía,BCN,19,1990-12-11,"MODIFICA Y COMPLEMENTA ORDENANZA LOCAL SOBRE DERECHOS MUNICIPALES POR CONCESIONES, PERMISOS Y SERVICIOS",Derechos Municipales y Tarifas,https://www.bcn.cl/leychile/navegar?idNorma=88676,,,https://datos.bcn.cl/recurso/cl/orz/municipalidad-de-traiguen/1990-12-11/19/datos.json
Traiguén,09,La Araucanía,BCN,18,1990-07-18,"MODIFICA Y COMPLEMENTA ORDENANZA NO. 2 DE 1983 SOBRE DERECHOS MUNICIPALES, PERMISOS Y SERVICIOS",Derechos Municipales y Tarifas,https://www.bcn.cl/leychile/navegar?idNorma=89179,,,https://datos.bcn.cl/recurso/cl/orz/municipalidad-de-traiguen/1990-07-18/18/datos.json
Traiguén,09,La Araucanía,BCN,15,1989-05-31,"MODIFICA Y COMPLEMENTA ORDENANZA No. 2, DE 1983",Normativa General y Otras Materias,https://www.bcn.cl/leychile/navegar?idNorma=1039435,,,https://datos.bcn.cl/recurso/cl/orz/municipalidad-de-traiguen/1989-05-31/15/datos.json
Traiguén,09,La Araucanía,BCN,12,1988-01-28,"MODIFICA ORDENANZA Nº 2, DE 1983, SOBRE DERECHOS MUNICIPALES",Derechos Municipales y Tarifas,https://www.bcn.cl/leychile/navegar?idNorma=174042,,,https://datos.bcn.cl/recurso/cl/orz/municipalidad-de-traiguen/1988-01-28/12/datos.json
Traiguén,09,La Araucanía,BCN,8,1986-01-18,"MODIFICA Y COMPLEMENTA ORDENANZA N° 2 DE 1983, SOBRE DERECHOS MUNICIPALES",Derechos Municipales y Tarifas,https://www.bcn.cl/leychile/navegar?idNorma=160360,,,https://datos.bcn.cl/recurso/cl/orz/municipalidad-de-traiguen/1986-01-18/8/datos.json
Traiguén,09,La Araucanía,BCN,7,1985-01-26,MODIFICA Y COMPLEMENTA ORDENZA N° 2 DE 1983,Normativa General y Otras Materias,https://www.bcn.cl/leychile/navegar?idNorma=160872,,,https://datos.bcn.cl/recurso/cl/orz/municipalidad-de-traiguen/1985-01-26/7/datos.json
Traiguén,09,La Araucanía,BCN,2,1984-01-09,"ORDENANZA LOCAL SOBRE DERECHOS MUNICIPALES POR CONCESIONES, PERMISOS Y SERVICIOS PARA EL AÑO 1984",Derechos Municipales y Tarifas,https://www.bcn.cl/leychile/navegar?idNorma=125928,,,https://datos.bcn.cl/recurso/cl/orz/municipalidad-de-traiguen/1984-01-09/2/datos.json
Victoria,09,La Araucanía,BCN,15,1991-01-22,"MODIFICASE ORDENANZA LOCAL NO. 13 SOBRE DERECHOS MUNICIPALES POR CONCESIONES, PERMISOS Y SERVICIOS",Derechos Municipales y Tarifas,https://www.bcn.cl/leychile/navegar?idNorma=88785,,,https://datos.bcn.cl/recurso/cl/orz/municipalidad-de-victoria/1991-01-22/15/datos.json
Victoria,09,La Araucanía,BCN,1,1990-05-22,"MODIFICA ORDENANZA LOCAL Nº 1, DE 1988, SOBRE DERECHOS MUNICIPALES",Derechos Municipales y Tarifas,https://www.bcn.cl/leychile/navegar?idNorma=89768,,,https://datos.bcn.cl/recurso/cl/orz/municipalidad-de-victoria/1990-05-22/1/datos.json
Victoria,09,La Araucanía,BCN,1,1988-01-29,"DICTA ORDENANZA LOCAL SOBRE DERECHOS MUNICIPALES POR CONCESIONES, PERMISOS Y SERVICIOS",Derechos Municipales y Tarifas,https://www.bcn.cl/leychile/navegar?idNorma=182700,,,https://datos.bcn.cl/recurso/cl/orz/municipalidad-de-victoria/1988-01-29/1/datos.json
Victoria,09,La Araucanía,BCN,2,1987-09-09,"DICTA ORDENANZA LOCAL SOBRE REALIZACION DE BENEFICIOS BAILABLES O NO, PEÑAS FOLKLORICAS U OTRAS ACTIVIDADES SIMILARES EN RECINTOS PUBLICOS O PRIVADOS",Normativa General y Otras Materias,https://www.bcn.cl/leychile/navegar?idNorma=180075,,,https://datos.bcn.cl/recurso/cl/orz/municipalidad-de-victoria/1987-09-09/2/datos.json
Valdivia,14,Los Ríos,BCN,1871,1997-01-25,"MODIFICA ORDENANZA SOBRE DERECHOS, PERMISOS O CONCESIONES",Derechos Municipales y Tarifas,https://www.bcn.cl/leychile/navegar?idNorma=60320,,,https://datos.bcn.cl/recurso/cl/orz/municipalidad-de-valdivia/1997-01-25/1871/datos.json
Valdivia,14,Los Ríos,BCN,s-n,1996-01-23,SIN TITULO,Normativa General y Otras Materias,https://www.bcn.cl/leychile/navegar?idNorma=31180,,,https://datos.bcn.cl/recurso/cl/orz/municipalidad-de-valdivia/1996-01-23/s-n/datos.json
Valdivia,14,Los Ríos,BCN,2,1995-05-29,ORDENANZA MUNICIPAL DE TERMINAL DE BUSES,Normativa General y Otras Materias,https://www.bcn.cl/leychile/navegar?idNorma=30943,,,https://datos.bcn.cl/recurso/cl/orz/municipalidad-de-valdivia/1995-05-29/2/datos.json
Valdivia,14,Los Ríos,BCN,1,1995-01-28,ORDENANZA LOCAL SOBRE MEDIO AMBIENTE,"Aseo, Ornato y Medio Ambiente",https://www.bcn.cl/leychile/navegar?idNorma=30897,,,https://datos.bcn.cl/recurso/cl/orz/municipalidad-de-valdivia/1995-01-28/1/datos.json
Valdivia,14,Los Ríos,BCN,s-n,1995-01-28,"MODIFICA ORDENANZA SOBRE DERECHOS, PERMISOS O CONCESIONES",Derechos Municipales y Tarifas,https://www.bcn.cl/leychile/navegar?idNorma=31166,,,https://datos.bcn.cl/recurso/cl/orz/municipalidad-de-valdivia/1995-01-28/s-n/datos.json
Valdivia,14,Los Ríos,BCN,400,1994-03-28,MODIFICA ORDENANZA SOBRE VALOR DE DERECHOS CEMENTERIO MUNICIPAL,Derechos Municipales y Tarifas,https://www.bcn.cl/leychile/navegar?idNorma=31137,,,https://datos.bcn.cl/recurso/cl/orz/municipalidad-de-valdivia/1994-03-28/400/datos.json
Valdivia,14,Los Ríos,BCN,s-n,1993-02-04,MODIFICA ORDENANZA SOBRE DERECHOS DE PERMISOS O CONCESION,Derechos Municipales y Tarifas,https://www.bcn.cl/leychile/navegar?idNorma=31155,,,https://datos.bcn.cl/recurso/cl/orz/municipalidad-de-valdivia/1993-02-04/s-n/datos.json
Valdivia,14,Los Ríos,BCN,s-n,1991-03-07,MUNICIPALIDAD DE VALDIVIA MODIFICA ORDENANZA SOBRE DERECHOS DEL CEMENTERIO GENERAL,Derechos Municipales y Tarifas,https://www.bcn.cl/leychile/navegar?idNorma=88142,,,https://datos.bcn.cl/recurso/cl/orz/municipalidad-de-valdivia/1991-03-07/s-n/datos.json
Valdivia,14,Los Ríos,BCN,219,1991-02-08,MODIFICA ORDENANZA SOBRE DERECHOS DE PERMISO O CONCESION,Derechos Municipales y Tarifas,https://www.bcn.cl/leychile/navegar?idNorma=87922,,,https://datos.bcn.cl/recurso/cl/orz/municipalidad-de-valdivia/1991-02-08/219/datos.json
Valdivia,14,Los Ríos,BCN,228,1991-02-08,ORDENANZA SOBRE VALOR DERECHOS CEMUVAL AÑO 1991,Derechos Municipales y Tarifas,https://www.bcn.cl/leychile/navegar?idNorma=87971,,,https://datos.bcn.cl/recurso/cl/orz/municipalidad-de-valdivia/1991-02-08/228/datos.json
Valdivia,14,Los Ríos,BCN,s-n,1990-01-31,MODIFICA ORDENANZA SOBRE DERECHOS DE PERMISO O CONCESION,Derechos Municipales y Tarifas,https://www.bcn.cl/leychile/navegar?idNorma=95786,,,https://datos.bcn.cl/recurso/cl/orz/municipalidad-de-valdivia/1990-01-31/s-n/datos.json
Valdivia,14,Los Ríos,BCN,3,1989-12-13,ORDENANZA SOBRE LIMITE HORARIO PARA ESTACIONAMIENTO DE VEHICULOS,Tránsito y Transporte,https://www.bcn.cl/leychile/navegar?idNorma=95884,,,https://datos.bcn.cl/recurso/cl/orz/municipalidad-de-valdivia/1989-12-13/3/datos.json
Valdivia,14,Los Ríos,BCN,s-n,1989-02-22,MODIFICA ORDENANZA MUNICIPAL SOBRE DERECHOS DE PERMISO O;CONCESION,Derechos Municipales y Tarifas,https://www.bcn.cl/leychile/navegar?idNorma=200692,,,https://datos.bcn.cl/recurso/cl/orz/municipalidad-de-valdivia/1989-02-22/s-n/datos.json
Valdivia,14,Los Ríos,BCN,219,1988-02-04,MODIFICA ORDENANZA SOBRE DERECHO DE PERMISO O CONCESION NÚM. 219.-,Derechos Municipales y Tarifas,https://www.bcn.cl/leychile/navegar?idNorma=140308,,,https://datos.bcn.cl/recurso/cl/orz/municipalidad-de-valdivia/1988-02-04/219/datos.json
Valdivia,14,Los Ríos,BCN,s-n,1985-01-31,MODIFICA ORDENANZA DERECHOS MUNICIPALES O CONCESIONES,Derechos Municipales y Tarifas,https://www.bcn.cl/leychile/navegar?idNorma=162584,,,https://datos.bcn.cl/recurso/cl/orz/municipalidad-de-valdivia/1985-01-31/s-n/datos.json
Corral,14,Los Ríos,BCN,540,1999-11-12,DICTA ORDENANZA SOBRE PATENTES DE ALCOHOLES Y HORARIO DE FUNCIONAMIENTO DE ESTABLECIMIENTOS DE EXPENDIO DE BEBIDAS ALCOHOLICAS,"Comercio, Alcoholes y Patentes",https://www.bcn.cl/leychile/navegar?idNorma=147458,,,https://datos.bcn.cl/recurso/cl/orz/municipalidad-de-corral/1999-11-12/540/datos.json
Lanco,14,Los Ríos,Municipalidad,2025,2025-01-01,Ordenanza Municipal de LANCO — 1 home?download=261:ordenanza 2025&start=240,Normativa General y Otras Materias,https://munilanco.cl/index.php/documentos-home/1-home?download=261:ordenanza-2025&start=240,https://munilanco.cl/index.php/documentos-home/1-home?download=261:ordenanza-2025&start=240,8bf38ee9d1de113d5b56b2242e358c7cedeb5d08dbd5f1810716be9546c61389,
Lanco,14,Los Ríos,Municipalidad,3689,2024-01-01,Ordenanza Municipal de LANCO — 1 home?download=30:decreto exento n3689 2024 aprueba el texto actualizado y refundido de la ordenanza sobre el funcionamiento de ferias libres,"Patentes, Comercio y Alcoholes",https://munilanco.cl/index.php/documentos-home/1-home?download=30:decreto-exento-n3689-2024-aprueba-el-texto-actualizado-y-refundido-de-la-ordenanza-sobre-el-funcionamiento-de-ferias-libres,https://munilanco.cl/index.php/documentos-home/1-home?download=30:decreto-exento-n3689-2024-aprueba-el-texto-actualizado-y-refundido-de-la-ordenanza-sobre-el-funcionamiento-de-ferias-libres,e43aa162507a7d32259d30ce6d2b8b3f18388e25950224a47a9eb491c51f3c92,
Los Lagos,14,Los Ríos,Municipalidad,S/N,2026-01-01,Ordenanza Municipal de LOS LAGOS — Ordenanza Participacion Ciudadana,Normativa General y Otras Materias,https://muniloslagos.cl/documentos/2023/ordenanzas/Ordenanza_Participacion_Ciudadana_.pdf,https://muniloslagos.cl/documentos/2023/ordenanzas/Ordenanza_Participacion_Ciudadana_.pdf,28c080199fcb09485946e5aecbe886f1d060e8a8e6d0fb736c51f46c3dc5e9a2,
Los Lagos,14,Los Ríos,Municipalidad,S/N-61d4,2026-01-01,Ordenanza Municipal de LOS LAGOS — Ordenanza de Tenencia Responsable de Mascotas,Tenencia Responsable de Mascotas,https://muniloslagos.cl/documentos/2023/ordenanzas/Ordenanza_de_Tenencia_Responsable_de_Mascotas.pdf,https://muniloslagos.cl/documentos/2023/ordenanzas/Ordenanza_de_Tenencia_Responsable_de_Mascotas.pdf,61d4054d5f94d0cde96287d861c063e1589649f753f8ac34c9ee30b0fe3e47c6,
Los Lagos,14,Los Ríos,Municipalidad,S/N-deb9,2026-01-01,Ordenanza Municipal de LOS LAGOS — Ordenanza Humedales,"Aseo, Ornato y Medio Ambiente",https://muniloslagos.cl/wp-content/uploads/2024/02/Ordenanza_Humedales.pdf,https://muniloslagos.cl/wp-content/uploads/2024/02/Ordenanza_Humedales.pdf,deb96287cd690ad0b9dc93b3dac0968d763635ee54c9912f1e4e68cd61ddc2e3,
Los Lagos,14,Los Ríos,Municipalidad,S/N-d57c,2026-01-01,Ordenanza Municipal de LOS LAGOS — Ordenanza carros Food Truck,Normativa General y Otras Materias,https://muniloslagos.cl/wp-content/uploads/2025/07/Ordenanza-carros-Food-Truck.pdf,https://muniloslagos.cl/wp-content/uploads/2025/07/Ordenanza-carros-Food-Truck.pdf,d57c0c455b34c74965d71ae7b3b3a33315d29d99016d80879ca94a8547185b46,
Los Lagos,14,Los Ríos,Municipalidad,1417,2025-01-01,Ordenanza Municipal de LOS LAGOS — EX 1417 2025 Actualizaci n Ordenanza Humedales,"Aseo, Ornato y Medio Ambiente",https://transparencia.muniloslagos.cl/documentos/2025/9/244/EX-1417-2025_Actualizaci__n_Ordenanza_Humedales.pdf,https://transparencia.muniloslagos.cl/documentos/2025/9/244/EX-1417-2025_Actualizaci__n_Ordenanza_Humedales.pdf,c19f53d8cc5cdc527ac78cb577027f60bddf29939c9a9f6c42c9137c20a5cf52,
Los Lagos,14,Los Ríos,Municipalidad,S/N-e90a,2026-01-01,Ordenanza Municipal de LOS LAGOS — DECRETO ORDENANZA MUNICIPAL BECA MUNICIPAL,Normativa General y Otras Materias,https://transparencia.muniloslagos.cl/documentos/2026/3/244/DECRETO_ORDENANZA_MUNICIPAL_BECA_MUNICIPAL.pdf,https://transparencia.muniloslagos.cl/documentos/2026/3/244/DECRETO_ORDENANZA_MUNICIPAL_BECA_MUNICIPAL.pdf,e90a5f60a312c604488a945335fd0422baa838e6efaaa250c79187741c5b6b41,
Máfil,14,Los Ríos,BCN,1,1997-09-10,DICTA ORDENANZA DE SERVICIO DOMICILIARIO DE ASEO,"Aseo, Ornato y Medio Ambiente",https://www.bcn.cl/leychile/navegar?idNorma=75621,,,https://datos.bcn.cl/recurso/cl/orz/municipalidad-de-mafil/1997-09-10/1/datos.json
Mariquina,14,Los Ríos,Municipalidad,S/N,2026-01-01,Ordenanza Municipal de MARIQUINA — Ordenanza local derechos municipales,Derechos Municipales y Tarifas,https://munimariquina.cl/wp-content/uploads/2025/10/Ordenanza-local-derechos-municipales.pdf,https://munimariquina.cl/wp-content/uploads/2025/10/Ordenanza-local-derechos-municipales.pdf,36f66c44baaed88417c8525b7d66c8f3294544dae674b012e20c41aa15c5754e,
Paillaco,14,Los Ríos,BCN,1,1991-02-18,DICTA ORDENANZA LOCAL SOBRE TERMINALES DE LOCOMOCION COLECTIVA NO URBANO,"Urbanismo, Obras y Edificación",https://www.bcn.cl/leychile/navegar?idNorma=88049,,,https://datos.bcn.cl/recurso/cl/orz/municipalidad-de-paillaco/1991-02-18/1/datos.json
Paillaco,14,Los Ríos,BCN,1,1988-05-28,"DICTA ORDENANZA LOCAL SOBRE DERECHOS MUNICIPALES POR CONCESIONES, PERMISOS Y SERVICIO",Derechos Municipales y Tarifas,https://www.bcn.cl/leychile/navegar?idNorma=140828,,,https://datos.bcn.cl/recurso/cl/orz/municipalidad-de-paillaco/1988-05-28/1/datos.json
Paillaco,14,Los Ríos,Municipalidad,S/N,2026-01-01,Ordenanza que Regula Autorización y Explotación Comercial de Máquinas de Habilidad y Destreza o Juegos Similares,"Patentes, Comercio y Alcoholes",https://www.munipaillaco.cl/wp-content/uploads/2018/09/Modifica-ordenanza-que-regula-autorizaci%C3%B3n-y-explotaci%C3%B3n-comercial-de-m%C3%A1quinas-de-habilidad-y-destreza-o-juegos-similares.pdf,https://www.munipaillaco.cl/ordenanzas/,1f3ca445b640a856c247a15ef72a0f6000ba88bb3a9325902c6d41c30d13a19d,
Paillaco,14,Los Ríos,Municipalidad,S/N-5f51,2026-01-01,Ordenanza Sobre Manejo Integral de Residuos Domiciliarios y el Uso de Bolsas Plásticas,"Aseo, Ornato y Medio Ambiente",https://www.munipaillaco.cl/wp-content/uploads/2018/09/Modifica-ordenanza-sobre-manejo-integral-de-residuos-domiciliarios-y-el-uso-de-bolsas-pl%C3%A1sticas-en-la-comuna-de-Paillaco-.pdf,https://www.munipaillaco.cl/ordenanzas/,5f5196be0b279c4c82cd022383ea8ae37df4938ae4c8834f82b4217809d65d8b,
Paillaco,14,Los Ríos,Municipalidad,S/N-2eb4,2026-01-01,Ordenanza sobre Microbasurales,"Aseo, Ornato y Medio Ambiente",https://www.munipaillaco.cl/wp-content/uploads/2018/09/Ordenanza-sobre-microbasurales.pdf,https://www.munipaillaco.cl/ordenanzas/,2eb4447e5a2e5f32ba4f0d2ae2936dbc93779d61784a97811e8105a7294c0c9d,
Paillaco,14,Los Ríos,Municipalidad,S/N-ae34,2026-01-01,Ordenanza Protección del Medio Ambiente,"Aseo, Ornato y Medio Ambiente",https://www.munipaillaco.cl/wp-content/uploads/2018/09/Ordenanza-sobre-protecci%C3%B3n-del-medio-ambiente.pdf,https://www.munipaillaco.cl/ordenanzas/,ae34315d95b7753a45bb18720c1cb75def39bcea0d1ed701368f6b2f596006c5,
Paillaco,14,Los Ríos,Municipalidad,S/N-f3d5,2026-01-01,Ordenanza Tenencia Responsable de Animales,Tenencia Responsable de Mascotas,https://www.munipaillaco.cl/wp-content/uploads/2018/09/Ordenanza-tenencia-responsable-de-mascotas.pdf,https://www.munipaillaco.cl/ordenanzas/,f3d597f0ea00bd45133559c950838cb3978e24a07e68d92c1f3922ba5a9bbb18,
Paillaco,14,Los Ríos,Municipalidad,S/N-dc68,2026-01-01,Ordenanza de Sonidos y Ruidos Molestos,Seguridad Ciudadana y Convivencia,https://www.munipaillaco.cl/wp-content/uploads/2018/10/Ordenanza-sobre-ruidos-molestos.pdf,https://www.munipaillaco.cl/ordenanzas/,dc684dbb2de74491576866e134666bc7fd33c7cab60249c3f69f1b5c57c679a2,
Paillaco,14,Los Ríos,Municipalidad,S/N-526a,2026-01-01,Ordenanza de Registro de Personas Jurídicas Receptoras de Fondos Públicos,Normativa General y Otras Materias,https://www.munipaillaco.cl/wp-content/uploads/2020/03/Modifica-Ordenanza-de-Registro-de-Personas-Juri%CC%81dicas-Receptoras-de-Fondos-Pu%CC%81blicos.pdf,https://www.munipaillaco.cl/ordenanzas/,526a8afbce3478dc6f392aea67073b3a5d0c4052546c10b1d3d39c91eb967b82,
Paillaco,14,Los Ríos,Municipalidad,2022,2022-01-01,Ordenanza Modificación Plan Regulador,"Urbanismo, Obras y Edificación",https://www.munipaillaco.cl/wp-content/uploads/2022/11/Ordenanza-Modificacion-Plan-Regulkador-Paillaco_CORREGIDA-ENERO-2022.pdf,https://www.munipaillaco.cl/ordenanzas/,eb58c088284e2062a6b30ccab8f1b6d8a47aec0208c1ccb35248a8c179a52ec6,
Paillaco,14,Los Ríos,Municipalidad,1502,2026-01-01,"Ordenanza sobre Derechos Municipales por Concesiones, Permisos o Servicios 2026",Derechos Municipales y Tarifas,https://www.munipaillaco.cl/wp-content/uploads/2025/12/Decreto-N%C2%B0-1502-de-30.10.25-Aprueba-Ordenanza-Municipal-2026.pdf,https://www.munipaillaco.cl/ordenanzas/,c27c1758c1c945a1b8ce8e813fc7ac524d60f979f0b6b963d712eb54c51a2a60,
Paillaco,14,Los Ríos,Municipalidad,1503,2026-01-01,"Ordenanza de Ferias Libres de la Comuna de Paillaco, año 2026","Patentes, Comercio y Alcoholes",https://www.munipaillaco.cl/wp-content/uploads/2025/12/Decreto-N%C2%B0-1503-de-30.10.25-Aprueba-Ordenanza-Ferias-Libres-2026.pdf,https://www.munipaillaco.cl/ordenanzas/,94514db34db519345d5d243e6cb1084ed7f412f4b44a73c3340f2c77db75275b,
Paillaco,14,Los Ríos,Municipalidad,1504,2026-01-01,"Ordenanza Local para el Otorgamiento de Patentes Provisorias en la Comuna de Paillaco, Año 2026","Patentes, Comercio y Alcoholes",https://www.munipaillaco.cl/wp-content/uploads/2025/12/Decreto-N%C2%B0-1504-de-30.10.25-Ordenanza-Local-otorgamiento-patentes-provisorias-2026.pdf,https://www.munipaillaco.cl/ordenanzas/,c69840814c331d92f672f7171e22c7cde07c48884ca58c006e77944914bb9191,
Paillaco,14,Los Ríos,Municipalidad,1505,2026-01-01,Ordenanza Eventos de Carácter Costumbrista y Cultural – Gastronómico y Productivo Comuna de Paillaco 2026,Normativa General y Otras Materias,https://www.munipaillaco.cl/wp-content/uploads/2025/12/Decreto-N%C2%B0-1505-de-fecha-30.10.2025-Aprueba-Ordenanza-Evento-contumbrista-y-Cultural-2026.pdf,https://www.munipaillaco.cl/ordenanzas/,5238db1a81586e895119eeb897b56bc47954d9bae857fd9e377d4811084ad5b4,
Paillaco,14,Los Ríos,Municipalidad,S/N-f50e,2026-01-01,Ordenanza para el Retiro y Depósito de Vehículos en el Corral Municipal,Tránsito y Transporte,https://www.munipaillaco.cl/wp-content/uploads/2026/01/Ordenanza-para-el-retiro-y-deposito-de-vehiculos-en-el-corral-municipal.pdf,https://www.munipaillaco.cl/ordenanzas/,f50eaea8bd76e58d7dd94b825889fb06b0056892bf208494e089ffde168b5735,
Paillaco,14,Los Ríos,Municipalidad,S/N-0020,2026-01-01,Ordenanza que Determina Zonas o Espacios Libres de Humo de la Comuna de Paillaco,Normativa General y Otras Materias,https://www.munipaillaco.cl/wp-content/uploads/2026/01/Ordenanza-que-determina-zonas-o-espacios-libres-de-humo-de-la-comuna-de-Paillaco.pdf,https://www.munipaillaco.cl/ordenanzas/,00201294ae45541cd2f2325693ca3e55af1c3d40e89761496577833e38d2e0c5,
Panguipulli,14,Los Ríos,BCN,1,2007-08-21,ESTABLECE HORARIO PARA DESCARGA DE SUSTANCIAS PELIGROSAS,Tránsito y Transporte,https://www.bcn.cl/leychile/navegar?idNorma=263997,,,https://datos.bcn.cl/recurso/cl/orz/municipalidad-de-panguipulli/2007-08-21/1/datos.json
Panguipulli,14,Los Ríos,BCN,2,2006-07-24,ORDENANZA LOCAL PARA APICULTORES,Normativa General y Otras Materias,https://www.bcn.cl/leychile/navegar?idNorma=251567,,,https://datos.bcn.cl/recurso/cl/orz/municipalidad-de-panguipulli/2006-07-24/2/datos.json
Panguipulli,14,Los Ríos,BCN,17,2000-12-01,FIJA HORARIO DE FUNCIONAMIENTO DE NEGOCIOS QUE EXPENDEN BEBIDAS ALCOHOLICAS,"Comercio, Alcoholes y Patentes",https://www.bcn.cl/leychile/navegar?idNorma=178344,,,https://datos.bcn.cl/recurso/cl/orz/municipalidad-de-panguipulli/2000-12-01/17/datos.json
Panguipulli,14,Los Ríos,BCN,8,2000-07-06,"COMPLEMENTA ORDENANZA Nº 3, DE 1982, SOBRE DERECHOS POR;CONCESIONES,PERMISOS Y SERVICIOS",Derechos Municipales y Tarifas,https://www.bcn.cl/leychile/navegar?idNorma=172097,,,https://datos.bcn.cl/recurso/cl/orz/municipalidad-de-panguipulli/2000-07-06/8/datos.json
Panguipulli,14,Los Ríos,BCN,5,1996-03-19,DICTA ORDENANZA SOBRE COBRO DE SERVICIO DOMICILIARIO POR EXTRACCION DE BASURA,Derechos Municipales y Tarifas,https://www.bcn.cl/leychile/navegar?idNorma=31002,,,https://datos.bcn.cl/recurso/cl/orz/municipalidad-de-panguipulli/1996-03-19/5/datos.json
Panguipulli,14,Los Ríos,BCN,6,1996-03-19,DICTA ORDENANZA SOBRE LA FORMA DE MEDIR LA DISTANCIA MINIMA A QUE SE REFIERE EL INCISO PRIMERO DEL ARTICULO 153° DE LA LEY DE ALCOHOLES,"Comercio, Alcoholes y Patentes",https://www.bcn.cl/leychile/navegar?idNorma=31010,,,https://datos.bcn.cl/recurso/cl/orz/municipalidad-de-panguipulli/1996-03-19/6/datos.json
Panguipulli,14,Los Ríos,BCN,1,1994-04-06,ORDENANZA MUNICIPAL DEL TERMINAL DE BUSES PANGUIPULLI,Normativa General y Otras Materias,https://www.bcn.cl/leychile/navegar?idNorma=30889,,,https://datos.bcn.cl/recurso/cl/orz/municipalidad-de-panguipulli/1994-04-06/1/datos.json
Panguipulli,14,Los Ríos,BCN,4,1991-04-22,DICTA ORDENANZA SOBRE TERMINALES DE LOCOMOCION COLECTIVA NO URBANA,"Urbanismo, Obras y Edificación",https://www.bcn.cl/leychile/navegar?idNorma=87575,,,https://datos.bcn.cl/recurso/cl/orz/municipalidad-de-panguipulli/1991-04-22/4/datos.json
Panguipulli,14,Los Ríos,BCN,2,1987-06-04,"MODIFICA ORDENANZA MUNICIPAL NO. 03, DE 1982",Normativa General y Otras Materias,https://www.bcn.cl/leychile/navegar?idNorma=145302,,,https://datos.bcn.cl/recurso/cl/orz/municipalidad-de-panguipulli/1987-06-04/2/datos.json
Panguipulli,14,Los Ríos,BCN,8,1985-09-14,"REEMPLAZA ARTICULO 3° DE LA ORDENANZA NO. 2, DE 1984",Normativa General y Otras Materias,https://www.bcn.cl/leychile/navegar?idNorma=200085,,,https://datos.bcn.cl/recurso/cl/orz/municipalidad-de-panguipulli/1985-09-14/8/datos.json
Panguipulli,14,Los Ríos,BCN,4,1985-06-27,DICTA NORMAS ESPECIFICAS SOBRE ASPECTOS QUE INDICA,Normativa General y Otras Materias,https://www.bcn.cl/leychile/navegar?idNorma=164276,,,https://datos.bcn.cl/recurso/cl/orz/municipalidad-de-panguipulli/1985-06-27/4/datos.json
Panguipulli,14,Los Ríos,BCN,3,1982-07-21,"DEJA SIN EFECTO ORDENANZA Nº 6, DE 1980, Y DICTA ORDENANZA LOCAL SOBRE DERECHOS MUNICIPALES POR CONCESIONES, PERMISOS Y SERVICIOS",Derechos Municipales y Tarifas,https://www.bcn.cl/leychile/navegar?idNorma=173173,,,https://datos.bcn.cl/recurso/cl/orz/municipalidad-de-panguipulli/1982-07-21/3/datos.json
La Unión,14,Los Ríos,BCN,s-n,1996-07-20,"DICTA ORDENANZA SOBRE CONDICIONES GENERALES PARA DETERMINAR TARIFAS DE ASEO, COBRO Y EXENCIONES",Derechos Municipales y Tarifas,https://www.bcn.cl/leychile/navegar?idNorma=30860,,,https://datos.bcn.cl/recurso/cl/orz/municipalidad-de-la-union/1996-07-20/s-n/datos.json
Futrono,14,Los Ríos,BCN,6,1988-06-11,PROHIBE EFECTUAR CONSTRUCCIONES EN SECTORES QUE SEÑALA,"Urbanismo, Obras y Edificación",https://www.bcn.cl/leychile/navegar?idNorma=132543,,,https://datos.bcn.cl/recurso/cl/orz/municipalidad-de-futrono/1988-06-11/6/datos.json
Futrono,14,Los Ríos,BCN,5,1987-05-15,"MODIFICA ORDENANZAS MUNICIPALES N° 1, DE 1980 Y N° 2, DE 1985",Normativa General y Otras Materias,https://www.bcn.cl/leychile/navegar?idNorma=142765,,,https://datos.bcn.cl/recurso/cl/orz/municipalidad-de-futrono/1987-05-15/5/datos.json
Futrono,14,Los Ríos,BCN,5,1987-01-28,"MODIFICA ORDENANZAS MUNICIPALES NO. 1, DE 1980 Y NO. 2, DE 1985",Normativa General y Otras Materias,https://www.bcn.cl/leychile/navegar?idNorma=147989,,,https://datos.bcn.cl/recurso/cl/orz/municipalidad-de-futrono/1987-01-28/5/datos.json
Futrono,14,Los Ríos,BCN,2,1986-02-07,"MODIFICA LA ORDENANZA SOBRE DERECHOS MUNICIPALES POR CONCESIONES, PERMISOS Y SERVICIOS",Derechos Municipales y Tarifas,https://www.bcn.cl/leychile/navegar?idNorma=156313,,,https://datos.bcn.cl/recurso/cl/orz/municipalidad-de-futrono/1986-02-07/2/datos.json
Futrono,14,Los Ríos,BCN,3,1986-02-07,DICTA ORDENANZAS QUE INDICA,Normativa General y Otras Materias,https://www.bcn.cl/leychile/navegar?idNorma=156316,,,https://datos.bcn.cl/recurso/cl/orz/municipalidad-de-futrono/1986-02-07/3/datos.json
Futrono,14,Los Ríos,BCN,4,1986-02-07,DICTA ORDENANZAS QUE INDICA,Normativa General y Otras Materias,https://www.bcn.cl/leychile/navegar?idNorma=156318,,,https://datos.bcn.cl/recurso/cl/orz/municipalidad-de-futrono/1986-02-07/4/datos.json
Lago Ranco,14,Los Ríos,BCN,2,2004-10-08,DICTA ORDENANZA SOBRE TRABAJOS EN BENEFICIO DE LA COMUNIDAD PARA CUMPLIR SENTENCIA DICTADA POR EL JUEZ DE POLICIA LOCAL,Normativa General y Otras Materias,https://www.bcn.cl/leychile/navegar?idNorma=231187,,,https://datos.bcn.cl/recurso/cl/orz/municipalidad-de-lago-ranco/2004-10-08/2/datos.json
Río Bueno,14,Los Ríos,BCN,6,1987-02-28,DICTA ORDENANZA PARLA EL COMERCIO ESTACIONADO Y AMBULANTE EN LA VIA PUBLICA Y DEL FUNCIONAMIENTO DE FERIA LIBRE DE CHACAREROS,"Comercio, Alcoholes y Patentes",https://www.bcn.cl/leychile/navegar?idNorma=141657,,,https://datos.bcn.cl/recurso/cl/orz/municipalidad-de-rio-bueno/1987-02-28/6/datos.json
Río Bueno,14,Los Ríos,BCN,5,1986-05-31,"DICTA ORDENANZA PARA LA COBRANZA DE PATENTES, PERMISOS Y DERECHOS MUNICIPALES MOROSOS",Derechos Municipales y Tarifas,https://www.bcn.cl/leychile/navegar?idNorma=158655,,,https://datos.bcn.cl/recurso/cl/orz/municipalidad-de-rio-bueno/1986-05-31/5/datos.json
Río Bueno,14,Los Ríos,BCN,4,1986-01-17,MODIFICA DERECHOS MUNICIPALES A COBRAR POR EL DEPARTAMENTO DE RENTAS Y PATENTES,Derechos Municipales y Tarifas,https://www.bcn.cl/leychile/navegar?idNorma=158815,,,https://datos.bcn.cl/recurso/cl/orz/municipalidad-de-rio-bueno/1986-01-17/4/datos.json
Río Bueno,14,Los Ríos,Municipalidad,2024,2024-01-01,Ordenanza Municipal de RÍO BUENO — MODIFICACION ORDENANZA DE TENENCIA RESPONSABLE FEB 2024,Tenencia Responsable de Mascotas,https://muniriobueno.cl/wp-content/uploads/2024/06/MODIFICACION-ORDENANZA-DE-TENENCIA-RESPONSABLE-FEB-2024.pdf,https://muniriobueno.cl/wp-content/uploads/2024/06/MODIFICACION-ORDENANZA-DE-TENENCIA-RESPONSABLE-FEB-2024.pdf,8208de3d11c924288a65d3b54626d7857892316adbe38d67994ad20c9902ca9c,
Puerto Montt,10,Los Lagos,BCN,5,2010-12-02,REGULA AUTORIZACIÓN Y EXPLOTACIÓN COMERCIAL DE MÁQUINAS DE HABILIDAD Y DESTREZA O JUEGOS SIMILARES,"Comercio, Alcoholes y Patentes",https://www.bcn.cl/leychile/navegar?idNorma=1020426,,,https://datos.bcn.cl/recurso/cl/orz/municipalidad-de-puerto-montt/2010-12-02/5/datos.json
Puerto Montt,10,Los Lagos,BCN,2,2007-11-13,ORDENANZA MUNICIPAL DE PARTICIPACIÓN CIUDADANA DE LA ILUSTRE MUNICIPALIDAD DE PUERTO MONTT,Organización y Régimen Interno,https://www.bcn.cl/leychile/navegar?idNorma=266594,,,https://datos.bcn.cl/recurso/cl/orz/municipalidad-de-puerto-montt/2007-11-13/2/datos.json
Puerto Montt,10,Los Lagos,BCN,6,2005-11-22,DICTA ORDENANZA SOBRE INSTALACION DE LINEAS DISTRIBUIDORAS DE ENERGIA ELECTRICA Y DE TELECOMUNICACIONES,Tránsito y Transporte,https://www.bcn.cl/leychile/navegar?idNorma=244234,,,https://datos.bcn.cl/recurso/cl/orz/municipalidad-de-puerto-montt/2005-11-22/6/datos.json
Puerto Montt,10,Los Lagos,BCN,10,2004-01-19,"DICTA ORDENANZA USO DE AREAS VERDES COLINDANTES CON LAS OBRAS COMPLEMENTARIAS DE SUPERFICIE Y DE OBRAS COMPLEMENTARIAS DE SUPERFICIE RESPECTO DE LA CONCESION PARA LA CONSTRUCCION, EXPLOTACIÓN Y MANTENCION DE UN ESTACIONAMIENTO SUBTERRANEO EN EL CENTRO DE PUERTO MONTT",Derechos Municipales y Tarifas,https://www.bcn.cl/leychile/navegar?idNorma=220291,,,https://datos.bcn.cl/recurso/cl/orz/municipalidad-de-puerto-montt/2004-01-19/10/datos.json
Puerto Montt,10,Los Lagos,BCN,8,2004-01-19,DICTA ORDENANZA AREA DE RESTRICCION Y PROTECCION PARA ESTACIONAMIENTO EN VIAS PUBLICAS,Tránsito y Transporte,https://www.bcn.cl/leychile/navegar?idNorma=220289,,,https://datos.bcn.cl/recurso/cl/orz/municipalidad-de-puerto-montt/2004-01-19/8/datos.json
Puerto Montt,10,Los Lagos,BCN,9,2004-01-19,DICTA ORDENANZA SOBRE REGLAMENTACION DEL CONTROL Y FISCALIZACIÓN DE AREA DE RESTRICCION PARA ESTACIONAMIENTO DE VEHICULOS EN EL CENTRO DE PUERTO MONTT,Tránsito y Transporte,https://www.bcn.cl/leychile/navegar?idNorma=220290,,,https://datos.bcn.cl/recurso/cl/orz/municipalidad-de-puerto-montt/2004-01-19/9/datos.json
Puerto Montt,10,Los Lagos,BCN,1,2003-01-29,ORDENANZA SOBRE TRABAJOS EN BENEFICIO DE LA COMUNIDAD PARA CUMPLIR SENTENCIAS DICTADAS POR EL JUEZ DE POLICIA LOCAL,Normativa General y Otras Materias,https://www.bcn.cl/leychile/navegar?idNorma=207122,,,https://datos.bcn.cl/recurso/cl/orz/municipalidad-de-puerto-montt/2003-01-29/1/datos.json
Puerto Montt,10,Los Lagos,BCN,4,1999-06-15,DICTA ORDENANZA PARA EL HORARIO DE FUNCIONAMIENTO DE NEGOCIOS DE BEBIDAS ALCOHOLICAS,"Comercio, Alcoholes y Patentes",https://www.bcn.cl/leychile/navegar?idNorma=137675,,,https://datos.bcn.cl/recurso/cl/orz/municipalidad-de-puerto-montt/1999-06-15/4/datos.json
Puerto Montt,10,Los Lagos,BCN,3,1997-11-05,DICTA ORDENANZA MUNICIPAL SOBRE KIOSCOS Y CABINAS TELEFONICAS EMPLAZADAS EN LA VIA PUBLICA,"Comercio, Alcoholes y Patentes",https://www.bcn.cl/leychile/navegar?idNorma=76798,,,https://datos.bcn.cl/recurso/cl/orz/municipalidad-de-puerto-montt/1997-11-05/3/datos.json
Puerto Montt,10,Los Lagos,BCN,1,1995-01-31,"REGULA EL MONTO DE LOS DERECHOS MUNICIPALES QUE DEBEN PAGAR LAS PERSONAS NATURALES Y JURIDICAS DE DERECHO PUBLICO, POR LAS CONCESIONES, PERMISOS Y SERVICIOS QUE OBTENGAN DE LA MUNICIPALIDAD",Derechos Municipales y Tarifas,https://www.bcn.cl/leychile/navegar?idNorma=30903,,,https://datos.bcn.cl/recurso/cl/orz/municipalidad-de-puerto-montt/1995-01-31/1/datos.json
Puerto Montt,10,Los Lagos,BCN,1,1994-01-31,REGULA MONTO DE DERECHOS MUNICIPALES,Derechos Municipales y Tarifas,https://www.bcn.cl/leychile/navegar?idNorma=30887,,,https://datos.bcn.cl/recurso/cl/orz/municipalidad-de-puerto-montt/1994-01-31/1/datos.json
Puerto Montt,10,Los Lagos,BCN,1,1993-01-29,"DICTA ORDENANZA SOBRE DERECHOS MUNICIPALES POR; CONCESIONES, PERMISOS Y SERVICIOS",Derechos Municipales y Tarifas,https://www.bcn.cl/leychile/navegar?idNorma=30926,,,https://datos.bcn.cl/recurso/cl/orz/municipalidad-de-puerto-montt/1993-01-29/1/datos.json
Puerto Montt,10,Los Lagos,BCN,2,1991-05-25,DICTA ORDENANZA SOBRE EL TRANSPORTE DE CARGA DENTRO DE LA COMUNA,Tránsito y Transporte,https://www.bcn.cl/leychile/navegar?idNorma=30927,,,https://datos.bcn.cl/recurso/cl/orz/municipalidad-de-puerto-montt/1991-05-25/2/datos.json
Puerto Montt,10,Los Lagos,BCN,1,1990-12-29,"MODIFICA ORDENANZA NO. 15, DE 1987",Normativa General y Otras Materias,https://www.bcn.cl/leychile/navegar?idNorma=89252,,,https://datos.bcn.cl/recurso/cl/orz/municipalidad-de-puerto-montt/1990-12-29/1/datos.json
Puerto Montt,10,Los Lagos,BCN,3,1990-01-06,"MODIFICA ORDENANZA NO. 15, DE 1987",Normativa General y Otras Materias,https://www.bcn.cl/leychile/navegar?idNorma=92549,,,https://datos.bcn.cl/recurso/cl/orz/municipalidad-de-puerto-montt/1990-01-06/3/datos.json
Puerto Montt,10,Los Lagos,BCN,2,1989-08-24,"MODIFICA ORDENANZA NO. 15, DE 1987, SOBRE DERECHOS MUNICIPALES POR CONCESIONES, PERMISOS Y SERVICIOS",Derechos Municipales y Tarifas,https://www.bcn.cl/leychile/navegar?idNorma=211372,,,https://datos.bcn.cl/recurso/cl/orz/municipalidad-de-puerto-montt/1989-08-24/2/datos.json
Puerto Montt,10,Los Lagos,BCN,6,1989-01-18,"MODIFICA DERECHOS MUNICIPALES POR CONCESIONES, PERMISOS Y SERVICIOS",Derechos Municipales y Tarifas,https://www.bcn.cl/leychile/navegar?idNorma=181760,,,https://datos.bcn.cl/recurso/cl/orz/municipalidad-de-puerto-montt/1989-01-18/6/datos.json
Puerto Montt,10,Los Lagos,BCN,5,1988-06-24,"AGREGA A ORDENANZA NO. 15, DE 1987, DERECHOS QUE INDICA",Derechos Municipales y Tarifas,https://www.bcn.cl/leychile/navegar?idNorma=133037,,,https://datos.bcn.cl/recurso/cl/orz/municipalidad-de-puerto-montt/1988-06-24/5/datos.json
Puerto Montt,10,Los Lagos,BCN,3,1988-02-26,"AGREGA DERECHOS MUNICIPALES A ORDENANZA Nº 15, DE 1987",Derechos Municipales y Tarifas,https://www.bcn.cl/leychile/navegar?idNorma=175839,,,https://datos.bcn.cl/recurso/cl/orz/municipalidad-de-puerto-montt/1988-02-26/3/datos.json
Puerto Montt,10,Los Lagos,BCN,1,1988-02-10,"ACTUALIZA ORDENANZA NO. 15, DE 1987",Normativa General y Otras Materias,https://www.bcn.cl/leychile/navegar?idNorma=142407,,,https://datos.bcn.cl/recurso/cl/orz/municipalidad-de-puerto-montt/1988-02-10/1/datos.json
Puerto Montt,10,Los Lagos,BCN,15,1988-01-06,"DICTA ORDENANZA SOBRE DERECHOS MUNICIPALES POR CONCESIONES, PERMISOS Y SERVICIOS",Derechos Municipales y Tarifas,https://www.bcn.cl/leychile/navegar?idNorma=171544,,,https://datos.bcn.cl/recurso/cl/orz/municipalidad-de-puerto-montt/1988-01-06/15/datos.json
Puerto Montt,10,Los Lagos,BCN,12,1987-03-09,"MODIFICA ORDENANZA LOCAL SOBRE DERECHOS MUNICIPALES POR CONCESIONES, PERMISOS O SERVICIOS",Derechos Municipales y Tarifas,https://www.bcn.cl/leychile/navegar?idNorma=143676,,,https://datos.bcn.cl/recurso/cl/orz/municipalidad-de-puerto-montt/1987-03-09/12/datos.json
Puerto Montt,10,Los Lagos,BCN,11,1987-01-10,"MODIFICA ORDENANZA LOCAL NO. 6, DE 1985",Normativa General y Otras Materias,https://www.bcn.cl/leychile/navegar?idNorma=146134,,,https://datos.bcn.cl/recurso/cl/orz/municipalidad-de-puerto-montt/1987-01-10/11/datos.json
Puerto Montt,10,Los Lagos,BCN,6,1986-01-06,"DICTA ORDENANZA SOBRE DERECHOS MUNICIPALES POR CONCESIONES, PERMISOS Y SERVICIOS",Derechos Municipales y Tarifas,https://www.bcn.cl/leychile/navegar?idNorma=158007,,,https://datos.bcn.cl/recurso/cl/orz/municipalidad-de-puerto-montt/1986-01-06/6/datos.json
Puerto Montt,10,Los Lagos,Municipalidad,S/N,2026-01-01,Descarga aquí Descarga aquí,Tenencia Responsable de Mascotas,https://www.puertomontt.cl/wp-content/uploads/2023/11/Ordenanza-Tenencia-Responsable-de-Mascotas.pdf,https://www.puertomontt.cl/ordenanzas-y-decretos/,b1904ee1f04ad0f87b40ab4423a9e627eb7443e67d7b05b9ed848d46500c3d28,
Puerto Montt,10,Los Lagos,Municipalidad,S/N-5caf,2026-01-01,Descarga aquí Descarga aquí,Normativa General y Otras Materias,https://www.puertomontt.cl/wp-content/uploads/2023/11/Ordenanza-de-Aridos.pdf,https://www.puertomontt.cl/ordenanzas-y-decretos/,5caf4ac3d44a4fa5be33c06d4895593f3666924a358617bc71da471657bc0ee2,
Puerto Montt,10,Los Lagos,Municipalidad,S/N-92dc,2026-01-01,Descarga aquí Descarga aquí,"Aseo, Ornato y Medio Ambiente",https://www.puertomontt.cl/wp-content/uploads/2023/11/Ordenanza-de-Aseo-y-Ornato.pdf,https://www.puertomontt.cl/ordenanzas-y-decretos/,92dc8fd4428ff41ff90eb27ede7261288335808643d985de2099294bad896daa,
Puerto Montt,10,Los Lagos,Municipalidad,S/N-f07f,2026-01-01,Descarga aquí Descarga aquí,Normativa General y Otras Materias,https://www.puertomontt.cl/wp-content/uploads/2023/11/Ordenanza-para-la-Eliminacion-Progresiva-de-Bolsas-Plasticas-Biodegradables-en-la-comuna-de-Puerto-Montt.pdf,https://www.puertomontt.cl/ordenanzas-y-decretos/,f07f8a7bcf673f70bebb215dd575f4dc5c61605a2304ad24fcb81caed15c907c,
Calbuco,10,Los Lagos,BCN,2,2002-10-23,DICTA ORDENANZA SOBRE TRABAJOS EN BENEFICIO DE LA COMUNIDAD PARA CUMPLIR SENTENCIAS DICTADAS POR EL JUEZ DE POLICIA LOCAL,Normativa General y Otras Materias,https://www.bcn.cl/leychile/navegar?idNorma=203835,,,https://datos.bcn.cl/recurso/cl/orz/municipalidad-de-calbuco/2002-10-23/2/datos.json
Calbuco,10,Los Lagos,BCN,3,2002-04-06,DICTA ORDENANZA SOBRE PATENTES DE ALCOHOLES Y HORARIO DE FUNCIONAMIENTO DE ESTABLECIMIENTOS DE EXPENDIO DE BEBIDAS ALCOHOLICAS,"Comercio, Alcoholes y Patentes",https://www.bcn.cl/leychile/navegar?idNorma=196490,,,https://datos.bcn.cl/recurso/cl/orz/municipalidad-de-calbuco/2002-04-06/3/datos.json
Calbuco,10,Los Lagos,BCN,2,2000-02-08,APRUEBA ORDENANZA DE PARTICIPACION CIUDADANA,Organización y Régimen Interno,https://www.bcn.cl/leychile/navegar?idNorma=155081,,,https://datos.bcn.cl/recurso/cl/orz/municipalidad-de-calbuco/2000-02-08/2/datos.json
Calbuco,10,Los Lagos,BCN,1,1996-03-19,DICTA ORDENANZA SOBRE CONDICIONES GENERALES DE TARIFAS DEL SERVICIO DOMICILIARIO DE ASEO,Derechos Municipales y Tarifas,https://www.bcn.cl/leychile/navegar?idNorma=30918,,,https://datos.bcn.cl/recurso/cl/orz/municipalidad-de-calbuco/1996-03-19/1/datos.json
Calbuco,10,Los Lagos,BCN,2,1993-07-13,"'ORDENANZA LOCAL SOBRE DERECHOS MUNICIPALES POR CONCESIONES, PERMISOS Y SERVICIOS'",Derechos Municipales y Tarifas,https://www.bcn.cl/leychile/navegar?idNorma=30932,,,https://datos.bcn.cl/recurso/cl/orz/municipalidad-de-calbuco/1993-07-13/2/datos.json
Calbuco,10,Los Lagos,BCN,1,1991-01-21,DICTA ORDENANZA SOBRE EL TRANSPORTE DE CARGA DENTRO DE LA COMUNA,Tránsito y Transporte,https://www.bcn.cl/leychile/navegar?idNorma=88499,,,https://datos.bcn.cl/recurso/cl/orz/municipalidad-de-calbuco/1991-01-21/1/datos.json
Calbuco,10,Los Lagos,BCN,4,1985-09-25,MODIFICA ORDENANZA MUNICIPAL SOBRE ASEO DE LA COMUNA DE CALBUCO,"Aseo, Ornato y Medio Ambiente",https://www.bcn.cl/leychile/navegar?idNorma=198602,,,https://datos.bcn.cl/recurso/cl/orz/municipalidad-de-calbuco/1985-09-25/4/datos.json
Calbuco,10,Los Lagos,Municipalidad,4159,2018-01-01,Ordenanza Municipal de Calbuco — Ordenanza 4159 2018,Normativa General y Otras Materias,https://transparencia.municipalidadcalbuco.cl/Ordenanza%204159-2018.pdf,https://transparencia.municipalidadcalbuco.cl/actos_terceros_ordenanzas.htm,6fa39b4866715e2e5f4db5d758884051c9c183630b6718500b8441cbcc9f6674,
Calbuco,10,Los Lagos,Municipalidad,3066,2019-01-01,Ordenanza Municipal de Calbuco — Ordenanza 3066 2019,Normativa General y Otras Materias,https://transparencia.municipalidadcalbuco.cl/Ordenanza-3066-2019.pdf,https://transparencia.municipalidadcalbuco.cl/actos_terceros_ordenanzas.htm,fe631226df24d0d42a02c56fe8c20cbbb0acf3de1750343cb8aa6adb50be18c7,
Calbuco,10,Los Lagos,Municipalidad,7325,2021-01-01,Ordenanza Municipal de Calbuco — modifica ordenanza 7325 2021,Normativa General y Otras Materias,https://transparencia.municipalidadcalbuco.cl/modifica%20ordenanza%207325-2021.pdf,https://transparencia.municipalidadcalbuco.cl/actos_terceros_ordenanzas.htm,1b4b3de6276f9f325d26a1fb967a03333535434bf1ca5cbfe1d2627605ba03dd,
Calbuco,10,Los Lagos,Municipalidad,7326,2021-01-01,Ordenanza Municipal de Calbuco — modifica ordenanza 7326 2021,Normativa General y Otras Materias,https://transparencia.municipalidadcalbuco.cl/modifica%20ordenanza%207326-2021.pdf,https://transparencia.municipalidadcalbuco.cl/actos_terceros_ordenanzas.htm,0d67b756a7dfd0769e9e1fe27dd097012d02a0396686d9d76c37c991ed5027bf,
Calbuco,10,Los Lagos,Municipalidad,7327,2021-01-01,Ordenanza Municipal de Calbuco — modifica ordenanza 7327 2021,Normativa General y Otras Materias,https://transparencia.municipalidadcalbuco.cl/modifica%20ordenanza%207327-2021.pdf,https://transparencia.municipalidadcalbuco.cl/actos_terceros_ordenanzas.htm,90ce62d2421b839366feea57d30981de81d5b63b7ce779a6341817944c9e5c11,
Calbuco,10,Los Lagos,Municipalidad,S/N,2026-01-01,Ordenanza Municipal de Calbuco — ord10,Normativa General y Otras Materias,https://transparencia.municipalidadcalbuco.cl/ord10.pdf,https://transparencia.municipalidadcalbuco.cl/actos_terceros_ordenanzas.htm,d590a3dbc2116db37473426e6adc62a7c091555d27162634bab841fb791e6eba,
Calbuco,10,Los Lagos,Municipalidad,2013,2013-01-01,Ordenanza Municipal de Calbuco — ord13172 2013,Normativa General y Otras Materias,https://transparencia.municipalidadcalbuco.cl/ord13172-2013.pdf,https://transparencia.municipalidadcalbuco.cl/actos_terceros_ordenanzas.htm,0d86d9a0b36852b3df1ed158a4263cbff9eb0552c2f1c536134bb488e15d45dd,
Calbuco,10,Los Lagos,Municipalidad,S/N-0faa,2026-01-01,Ordenanza Municipal de Calbuco — ord14,Normativa General y Otras Materias,https://transparencia.municipalidadcalbuco.cl/ord14.pdf,https://transparencia.municipalidadcalbuco.cl/actos_terceros_ordenanzas.htm,0faa40464a1ea24b5c732c22613b2c61c65380ca77c21ef1e3715f57140c944f,
Calbuco,10,Los Lagos,Municipalidad,S/N-7c75,2026-01-01,Ordenanza Municipal de Calbuco — ord15,Normativa General y Otras Materias,https://transparencia.municipalidadcalbuco.cl/ord15.pdf,https://transparencia.municipalidadcalbuco.cl/actos_terceros_ordenanzas.htm,7c75f9365a53141cb82e9fde610522081f1477209f0d4968d911e668943c2a8a,
Calbuco,10,Los Lagos,Municipalidad,S/N-6918,2026-01-01,Ordenanza Municipal de Calbuco — ord17,Normativa General y Otras Materias,https://transparencia.municipalidadcalbuco.cl/ord17.pdf,https://transparencia.municipalidadcalbuco.cl/actos_terceros_ordenanzas.htm,6918cf8d141bebd9a7a1a14d756dc5e5836c3d064ba12a58a3c5428ed692150b,
Calbuco,10,Los Lagos,Municipalidad,S/N-ac83,2026-01-01,Ordenanza Municipal de Calbuco — ord18,Normativa General y Otras Materias,https://transparencia.municipalidadcalbuco.cl/ord18.pdf,https://transparencia.municipalidadcalbuco.cl/actos_terceros_ordenanzas.htm,ac83fd7d2e491e9225e4a3e7e0728e835a3373c3bbf47b6c116d2ba99f5f32bb,
Calbuco,10,Los Lagos,Municipalidad,S/N-db92,2026-01-01,Ordenanza Municipal de Calbuco — ord5,Normativa General y Otras Materias,https://transparencia.municipalidadcalbuco.cl/ord5.pdf,https://transparencia.municipalidadcalbuco.cl/actos_terceros_ordenanzas.htm,db92901a306cae1935a9af7f5b62a062bc802dacabc8ccf4e5995af65a4b4175,
Calbuco,10,Los Lagos,Municipalidad,1744,2021-01-01,Ordenanza Municipal de Calbuco — ordenanza 1744 2021,Normativa General y Otras Materias,https://transparencia.municipalidadcalbuco.cl/ordenanza%201744-2021.pdf,https://transparencia.municipalidadcalbuco.cl/actos_terceros_ordenanzas.htm,2d3b280912d77cd10b8ee5aeb62f9f3cdc88932538285ddddce278115be8f16c,
Calbuco,10,Los Lagos,Municipalidad,2748,2021-01-01,Ordenanza Municipal de Calbuco — ordenanza 2748 2021,Normativa General y Otras Materias,https://transparencia.municipalidadcalbuco.cl/ordenanza%202748-2021.pdf,https://transparencia.municipalidadcalbuco.cl/actos_terceros_ordenanzas.htm,849add6c8213932a358c60c0bd3d7093560a09bc6950a61728ebed1e97d30608,
Calbuco,10,Los Lagos,Municipalidad,2896,2020-01-01,Ordenanza Municipal de Calbuco — ordenanza 2896 2020,Normativa General y Otras Materias,https://transparencia.municipalidadcalbuco.cl/ordenanza%202896-2020.pdf,https://transparencia.municipalidadcalbuco.cl/actos_terceros_ordenanzas.htm,ee0c1f83a1b3c6b4326222b9adbb569cf9562c30eb87f373d93b9586aa58480d,
Calbuco,10,Los Lagos,Municipalidad,3028,2020-01-01,Ordenanza Municipal de Calbuco — ordenanza 3028 2020,Normativa General y Otras Materias,https://transparencia.municipalidadcalbuco.cl/ordenanza%203028-2020.pdf,https://transparencia.municipalidadcalbuco.cl/actos_terceros_ordenanzas.htm,8e9a3f35d0fbb3ef1073ea6d96ec5bb6a377561a2818b0a39fb550dec2fbded1,
Calbuco,10,Los Lagos,Municipalidad,3029,2020-01-01,Ordenanza Municipal de Calbuco — ordenanza 3029 2020,Normativa General y Otras Materias,https://transparencia.municipalidadcalbuco.cl/ordenanza%203029-2020.pdf,https://transparencia.municipalidadcalbuco.cl/actos_terceros_ordenanzas.htm,b8bf35dc6a3b6b207bac1d567f7fc99be27a95b38e6e370546a9bb696d63cd56,
Calbuco,10,Los Lagos,Municipalidad,3374,2020-01-01,Ordenanza Municipal de Calbuco — ordenanza 3374 2020,Normativa General y Otras Materias,https://transparencia.municipalidadcalbuco.cl/ordenanza%203374-2020.pdf,https://transparencia.municipalidadcalbuco.cl/actos_terceros_ordenanzas.htm,8fa570b98576f37ae038fec36bfe4f51aa13948f2e823fccddce87663b3ac0a7,
Calbuco,10,Los Lagos,Municipalidad,3431,2020-01-01,Ordenanza Municipal de Calbuco — ordenanza 3431 2020,Normativa General y Otras Materias,https://transparencia.municipalidadcalbuco.cl/ordenanza%203431-2020.pdf,https://transparencia.municipalidadcalbuco.cl/actos_terceros_ordenanzas.htm,bfd39a2fe88ec0a7806851e2d7f9f8223cde484ff14a965850476613e597a7ec,
Calbuco,10,Los Lagos,Municipalidad,3823,2019-01-01,Ordenanza Municipal de Calbuco — ordenanza 3823 2019,Normativa General y Otras Materias,https://transparencia.municipalidadcalbuco.cl/ordenanza%203823-2019.pdf,https://transparencia.municipalidadcalbuco.cl/actos_terceros_ordenanzas.htm,13bc7f48ea31580a454882d1de84b5d5516c6afa02602767eca0c395be27f2e1,
Calbuco,10,Los Lagos,Municipalidad,4794,2020-01-01,Ordenanza Municipal de Calbuco — ordenanza 4794 2020,Normativa General y Otras Materias,https://transparencia.municipalidadcalbuco.cl/ordenanza%204794-2020.pdf,https://transparencia.municipalidadcalbuco.cl/actos_terceros_ordenanzas.htm,dff5c2f5210b4a2ee13f93ecfc1aefd52d8747430a375ecfe47e3c9baa995a1d,
Calbuco,10,Los Lagos,Municipalidad,5143,2019-01-01,Ordenanza Municipal de Calbuco — ordenanza 5143 2019,Normativa General y Otras Materias,https://transparencia.municipalidadcalbuco.cl/ordenanza%205143-2019.pdf,https://transparencia.municipalidadcalbuco.cl/actos_terceros_ordenanzas.htm,fbe76e007770c9712340332f80d59e8af378b47e3b7c4f9671f34e09b0b8f202,
Calbuco,10,Los Lagos,Municipalidad,5403,2019-01-01,Ordenanza Municipal de Calbuco — ordenanza 5403 2019,Normativa General y Otras Materias,https://transparencia.municipalidadcalbuco.cl/ordenanza%205403-2019.pdf,https://transparencia.municipalidadcalbuco.cl/actos_terceros_ordenanzas.htm,4bd371b9238cf92161748c281d8ff31256eeccb2436fd14867e8f144d1af123e,
Calbuco,10,Los Lagos,Municipalidad,5503,2020-01-01,Ordenanza Municipal de Calbuco — ordenanza 5503 2020,Normativa General y Otras Materias,https://transparencia.municipalidadcalbuco.cl/ordenanza%205503-2020,https://transparencia.municipalidadcalbuco.cl/actos_terceros_ordenanzas.htm,96021acd714a86eb079c5de88b4e3c45ddb19a85411e4ef4f4010fb32ba6972c,
Calbuco,10,Los Lagos,Municipalidad,558,2018-01-01,Ordenanza Municipal de Calbuco — ordenanza 558 2018,Normativa General y Otras Materias,https://transparencia.municipalidadcalbuco.cl/ordenanza%20558-2018,https://transparencia.municipalidadcalbuco.cl/actos_terceros_ordenanzas.htm,c877f0e6dcdd65c7083bc4be993b42b07cc3d3d9c635137551dadcfe2f5a453b,
Calbuco,10,Los Lagos,Municipalidad,5822,2016-01-01,Ordenanza Municipal de Calbuco — ordenanza 5822 2016,Normativa General y Otras Materias,https://transparencia.municipalidadcalbuco.cl/ordenanza%205822-2016.pdf,https://transparencia.municipalidadcalbuco.cl/actos_terceros_ordenanzas.htm,c1acf258429e34540c62f33a5fcd78c550d168c0ef0d7b9323247e34f6825cb3,
Calbuco,10,Los Lagos,Municipalidad,6620,2019-01-01,Ordenanza Municipal de Calbuco — ordenanza 6620 2019,Normativa General y Otras Materias,https://transparencia.municipalidadcalbuco.cl/ordenanza%206620-2019.pdf,https://transparencia.municipalidadcalbuco.cl/actos_terceros_ordenanzas.htm,6842f11eb8998b9fe06917fa31122811fadd8dcd12a566181780d4c970729cc4,
Calbuco,10,Los Lagos,Municipalidad,6678,2020-01-01,Ordenanza Municipal de Calbuco — ordenanza 6678 2020,Normativa General y Otras Materias,https://transparencia.municipalidadcalbuco.cl/ordenanza%206678-2020,https://transparencia.municipalidadcalbuco.cl/actos_terceros_ordenanzas.htm,ce0f5e46471e0c68fc80b9cb3b28e7e0df31fa6c1d90f4b52cb105fe7ac40c74,
Calbuco,10,Los Lagos,Municipalidad,6747,2020-01-01,Ordenanza Municipal de Calbuco — ordenanza 6747 2020,Normativa General y Otras Materias,https://transparencia.municipalidadcalbuco.cl/ordenanza%206747-2020,https://transparencia.municipalidadcalbuco.cl/actos_terceros_ordenanzas.htm,26a16a7c060d460ef31a9040c0e966750e9be11a6d8c084f9a0d81c0f1bd6787,
Calbuco,10,Los Lagos,Municipalidad,6779,2020-01-01,Ordenanza Municipal de Calbuco — ordenanza 6779 2020,Normativa General y Otras Materias,https://transparencia.municipalidadcalbuco.cl/ordenanza%206779-2020,https://transparencia.municipalidadcalbuco.cl/actos_terceros_ordenanzas.htm,36d2ab923cd46e80db3f20b4924a0bd40cef6dcc06b9fa87af8f6f0e1b200e3f,
Calbuco,10,Los Lagos,Municipalidad,7027,2020-01-01,Ordenanza Municipal de Calbuco — ordenanza 7027 2020,Normativa General y Otras Materias,https://transparencia.municipalidadcalbuco.cl/ordenanza%207027-2020.pdf,https://transparencia.municipalidadcalbuco.cl/actos_terceros_ordenanzas.htm,c1a87c5b26f0ea8d5df8acebfe38d06a7bfbbbd24e2f79a1507a2d7e01a0e295,
Calbuco,10,Los Lagos,Municipalidad,4741,2018-01-01,Ordenanza Municipal de Calbuco — ordenanza4741 2018,Normativa General y Otras Materias,https://transparencia.municipalidadcalbuco.cl/ordenanza4741-2018.pdf,https://transparencia.municipalidadcalbuco.cl/actos_terceros_ordenanzas.htm,e00886f784fc313cf31dbef85f56f03f363c835b990617a59485f0a3ce0d1b48,
Calbuco,10,Los Lagos,Municipalidad,3254,2014-01-01,Ordenanza Municipal de Calbuco — ordenanza 3254 2014,Normativa General y Otras Materias,https://transparencia.municipalidadcalbuco.cl/ordenanza_3254-2014.pdf,https://transparencia.municipalidadcalbuco.cl/actos_terceros_ordenanzas.htm,39a6f5cc69ee7a3c7c8fb16ab2d889aa3e9096a6a20020944289b2c50327c631,
Calbuco,10,Los Lagos,Municipalidad,4951,2017-01-01,Ordenanza Municipal de Calbuco — ordenanza 4951 2017,Normativa General y Otras Materias,https://transparencia.municipalidadcalbuco.cl/ordenanza_4951-2017.pdf,https://transparencia.municipalidadcalbuco.cl/actos_terceros_ordenanzas.htm,a79963f1ceb9a8792dc5910b8cc5591c5be31bf4a261390b7927bae9edd4f89e,
Calbuco,10,Los Lagos,Municipalidad,5461,2018-01-01,Ordenanza Municipal de Calbuco — ordenanza 5461 2018,Normativa General y Otras Materias,https://transparencia.municipalidadcalbuco.cl/ordenanza_5461-2018.pdf,https://transparencia.municipalidadcalbuco.cl/actos_terceros_ordenanzas.htm,620de8758174c37c2863d9677a24454277fb2e7b7a6534c5596695c8d2f2bf02,
Calbuco,10,Los Lagos,Municipalidad,6056,2025-01-01,Ordenanza Municipal de Calbuco — Modificacion Ordenanza 6056 2025,Normativa General y Otras Materias,https://transparencia.municipalidadcalbuco.cl/Modificacion%20Ordenanza%206056-2025.pdf,https://transparencia.municipalidadcalbuco.cl/actos_terceros_ordenanzas.htm,02ca93c95845bd2319501c980ac8b1d84abbc4d27e5bc082bc99990ff274dbc6,
Calbuco,10,Los Lagos,Municipalidad,01,2025-01-01,Ordenanza Municipal de Calbuco — Ordenanza 01 2025,Normativa General y Otras Materias,https://transparencia.municipalidadcalbuco.cl/Ordenanza%2001-2025.pdf,https://transparencia.municipalidadcalbuco.cl/actos_terceros_ordenanzas.htm,8f8dbc3c6c1d37f5aa4ffcbd9b1b7ea8063a4ee42b8cd767473ed0eeeed808d5,
Calbuco,10,Los Lagos,Municipalidad,02,2025-01-01,Ordenanza Municipal de Calbuco — Ordenanza 02 2025,Normativa General y Otras Materias,https://transparencia.municipalidadcalbuco.cl/Ordenanza%2002-2025.pdf,https://transparencia.municipalidadcalbuco.cl/actos_terceros_ordenanzas.htm,7ea83b3cedb272730069c9f3bbe9d7414d72b685efdef6fa55a59ea0a58f0378,
Calbuco,10,Los Lagos,Municipalidad,1,2024-01-01,Ordenanza Municipal de Calbuco — Ordenanza 1 2024,Normativa General y Otras Materias,https://transparencia.municipalidadcalbuco.cl/Ordenanza%201-2024.pdf,https://transparencia.municipalidadcalbuco.cl/actos_terceros_ordenanzas.htm,afc1dfb2fd3e1a6e84e5d5167955d95eaafd3b660a3dcec66889058b51aa3b05,
Calbuco,10,Los Lagos,Municipalidad,2,2024-01-01,Ordenanza Municipal de Calbuco — Ordenanza 2 2024,Normativa General y Otras Materias,https://transparencia.municipalidadcalbuco.cl/Ordenanza%202-2024.pdf,https://transparencia.municipalidadcalbuco.cl/actos_terceros_ordenanzas.htm,b9c02f2ca8f683a69fcbba9672a4b2bd8d94224f62f39ce2d6f83be9d905e04c,
Calbuco,10,Los Lagos,Municipalidad,8645,2024-01-01,Ordenanza Municipal de Calbuco — Ordenanza 8645 2024,Normativa General y Otras Materias,https://transparencia.municipalidadcalbuco.cl/Ordenanza%208645-2024.pdf,https://transparencia.municipalidadcalbuco.cl/actos_terceros_ordenanzas.htm,8e56bea94cd7226532cc33f2b5aaa72069f3f9a2e078d31560338cea312ec1da,
Calbuco,10,Los Lagos,Municipalidad,8646,2024-01-01,Ordenanza Municipal de Calbuco — Ordenanza 8646 2024,Normativa General y Otras Materias,https://transparencia.municipalidadcalbuco.cl/Ordenanza%208646-2024.pdf,https://transparencia.municipalidadcalbuco.cl/actos_terceros_ordenanzas.htm,95077cfa4c038fc2b0cae1b1094eb80ff5e430ebe31d1c722736b9939d92bc7a,
Calbuco,10,Los Lagos,Municipalidad,8647,2024-01-01,Ordenanza Municipal de Calbuco — Ordenanza 8647 2024,Normativa General y Otras Materias,https://transparencia.municipalidadcalbuco.cl/Ordenanza%208647-2024.pdf,https://transparencia.municipalidadcalbuco.cl/actos_terceros_ordenanzas.htm,d31712eaa67e40de469b4c27bf823508b677aa0d478c366270dcb765d9b13175,
Calbuco,10,Los Lagos,Municipalidad,2025,2025-01-01,Ordenanza Municipal de Calbuco — decreto alcaldicio 10684 2025,Normativa General y Otras Materias,https://transparencia.municipalidadcalbuco.cl/decreto%20alcaldicio%2010684-2025.pdf,https://transparencia.municipalidadcalbuco.cl/actos_terceros_ordenanzas.htm,d8c862df0559a99f690f3213a20775ab2494349a7fffd92bae1a52f95139b1c1,
Calbuco,10,Los Lagos,Municipalidad,2025-3db7,2025-01-01,Ordenanza Municipal de Calbuco — decreto alcaldicio 10685 2025,Normativa General y Otras Materias,https://transparencia.municipalidadcalbuco.cl/decreto%20alcaldicio%2010685-2025.pdf,https://transparencia.municipalidadcalbuco.cl/actos_terceros_ordenanzas.htm,3db7f2a4082f3cb373d066652631224724e921eb3db7465408d9e5f46818957c,
Calbuco,10,Los Lagos,Municipalidad,2025-6b95,2025-01-01,Ordenanza Municipal de Calbuco — decreto alcaldicio 10686 2025,Normativa General y Otras Materias,https://transparencia.municipalidadcalbuco.cl/decreto%20alcaldicio%2010686-2025.pdf,https://transparencia.municipalidadcalbuco.cl/actos_terceros_ordenanzas.htm,6b95af4a3eb09b4718a141fac34316248fe70057f9e818a8921484cad4a11d8f,
Calbuco,10,Los Lagos,Municipalidad,2025-b06d,2025-01-01,Ordenanza Municipal de Calbuco — decreto alcaldicio 10687 2025,Normativa General y Otras Materias,https://transparencia.municipalidadcalbuco.cl/decreto%20alcaldicio%2010687-2025.pdf,https://transparencia.municipalidadcalbuco.cl/actos_terceros_ordenanzas.htm,b06d7d09d0f900b84ded3b3dd2bd85e5130f05469e75daa17ea03812d75d1462,
Calbuco,10,Los Lagos,Municipalidad,2025-5ba1,2025-01-01,Ordenanza Municipal de Calbuco — decreto alcaldicio 10688 2025,Normativa General y Otras Materias,https://transparencia.municipalidadcalbuco.cl/decreto%20alcaldicio%2010688-2025.pdf,https://transparencia.municipalidadcalbuco.cl/actos_terceros_ordenanzas.htm,5ba190506bca4e934a3de8f01f8bd6719819f9726962ba4db1034796b31d3374,
Calbuco,10,Los Lagos,Municipalidad,2025-40fc,2025-01-01,Ordenanza Municipal de Calbuco — decreto alcaldicio 11323 2025,Normativa General y Otras Materias,https://transparencia.municipalidadcalbuco.cl/decreto%20alcaldicio%2011323-2025.pdf,https://transparencia.municipalidadcalbuco.cl/actos_terceros_ordenanzas.htm,40fcdd4b1cea6c287d4a89832380c78811d7fef396278b4c6e99a58b687c1c7a,
Calbuco,10,Los Lagos,Municipalidad,S/N-ca11,2026-01-01,Ordenanza Municipal de Calbuco — decreto aseo 10737,"Aseo, Ornato y Medio Ambiente",https://transparencia.municipalidadcalbuco.cl/decreto_aseo_10737.pdf,https://transparencia.municipalidadcalbuco.cl/actos_terceros_ordenanzas.htm,ca116c5ee18282410b6b01526d52b416b07df941d00faf014edd2a52c10cc255,
Calbuco,10,Los Lagos,Municipalidad,S/N,2023-01-01,Ordenanza Municipal de Calbuco — mod aseo ord 04 2023,"Aseo, Ornato y Medio Ambiente",https://transparencia.municipalidadcalbuco.cl/mod_aseo_ord_04_2023.pdf,https://transparencia.municipalidadcalbuco.cl/actos_terceros_ordenanzas.htm,5556d9d8d8848a3ff4f5001b683c5c7481c6740535eab0a22c0b2e4fb65b2d89,
Calbuco,10,Los Lagos,Municipalidad,10738,2026-01-01,Ordenanza Municipal de Calbuco — mod cementerio decreto 10738,Normativa General y Otras Materias,https://transparencia.municipalidadcalbuco.cl/mod_cementerio_decreto_10738.pdf,https://transparencia.municipalidadcalbuco.cl/actos_terceros_ordenanzas.htm,2583efd41f2f992a2b460a67d43d70a2c3b95e3dd7ecc33e29a342fdd0e314c3,
Calbuco,10,Los Lagos,Municipalidad,S/N-d126,2023-01-01,Ordenanza Municipal de Calbuco — mod comercializacion ord 03 2023,"Patentes, Comercio y Alcoholes",https://transparencia.municipalidadcalbuco.cl/mod_comercializacion_ord_03_2023.pdf,https://transparencia.municipalidadcalbuco.cl/actos_terceros_ordenanzas.htm,d1269ec0e5675f18223ed4e7577ed661e91d430a77c5663eb5067668a88779aa,
Calbuco,10,Los Lagos,Municipalidad,10739,2026-01-01,Ordenanza Municipal de Calbuco — mod derechos muni decreto 10739,Derechos Municipales y Tarifas,https://transparencia.municipalidadcalbuco.cl/mod_derechos_muni_decreto_10739.pdf,https://transparencia.municipalidadcalbuco.cl/actos_terceros_ordenanzas.htm,67c27f92fd9e8fe66449dda0cdb4a94b3b25fd8d43c3ca0d09bfedb9e8c390f2,
Calbuco,10,Los Lagos,Municipalidad,S/N-4540,2023-01-01,Ordenanza Municipal de Calbuco — mod ord medio ambiente 02 2023,"Aseo, Ornato y Medio Ambiente",https://transparencia.municipalidadcalbuco.cl/mod_ord_medio_ambiente_02_2023.pdf,https://transparencia.municipalidadcalbuco.cl/actos_terceros_ordenanzas.htm,45400a38bcc8cdca62e09caa354514ee59f26127e73cce7e98fa20df1df06bdc,
Calbuco,10,Los Lagos,Municipalidad,7429,2022-01-01,Ordenanza Municipal de Calbuco — modifica ordenanza 7429 2022,Normativa General y Otras Materias,https://transparencia.municipalidadcalbuco.cl/modifica%20ordenanza%207429-2022.pdf,https://transparencia.municipalidadcalbuco.cl/actos_terceros_ordenanzas.htm,fd29843c9e87e0b2eaef9f3b23beb82b7ec619ca7f825f5aed0619fb7431e75e,
Calbuco,10,Los Lagos,Municipalidad,7430,2022-01-01,Ordenanza Municipal de Calbuco — modifica ordenanza 7430 2022,Normativa General y Otras Materias,https://transparencia.municipalidadcalbuco.cl/modifica%20ordenanza%207430-2022.pdf,https://transparencia.municipalidadcalbuco.cl/actos_terceros_ordenanzas.htm,b11bbc598c93c2d7e32f665fcf1d00c661c0e8fa2785380cb3ec5775a4192959,
Calbuco,10,Los Lagos,Municipalidad,7431,2022-01-01,Ordenanza Municipal de Calbuco — modifica ordenanza 7431 2022,Normativa General y Otras Materias,https://transparencia.municipalidadcalbuco.cl/modifica%20ordenanza%207431-2022.pdf,https://transparencia.municipalidadcalbuco.cl/actos_terceros_ordenanzas.htm,85b6feb08e265c59068ed55da65dfe2c5009e4b94705d2465dd4fb4e35e7c8de,
Calbuco,10,Los Lagos,Municipalidad,S/N-bc3c,2023-01-01,Ordenanza Municipal de Calbuco — modifica ord subvenciones 01 2023,Normativa General y Otras Materias,https://transparencia.municipalidadcalbuco.cl/modifica_ord_subvenciones_01_2023.pdf,https://transparencia.municipalidadcalbuco.cl/actos_terceros_ordenanzas.htm,bc3ca214891323b5ffe3822b9b74c3333fae19c527315b4be6071f37328f1d2e,
Calbuco,10,Los Lagos,Municipalidad,04,2025-01-01,Ordenanza Municipal de Calbuco — ordenanza 04 2025,Normativa General y Otras Materias,https://transparencia.municipalidadcalbuco.cl/ordenanza-04-2025.pdf,https://transparencia.municipalidadcalbuco.cl/actos_terceros_ordenanzas.htm,bd363e6f0b88018ff88fb7c70847154e1fdd53f9506f152fb95d6621190912a0,
Cochamó,10,Los Lagos,BCN,s/n,2020-02-12,DICTA ORDENANZA ÁREA DE RESTRICCIÓN Y PROTECCIÓN PARA ESTACIONAMIENTO EN VÍA,Tránsito y Transporte,https://www.bcn.cl/leychile/navegar?idNorma=1142303,,,https://datos.bcn.cl/recurso/cl/orz/municipalidad-de-cochamo/2020-02-12/s/n/datos.json
Cochamó,10,Los Lagos,BCN,257,1985-02-07,REACTUALIZA ORDENANZA SOBRE DERECHOS MUNICIPALES,Derechos Municipales y Tarifas,https://www.bcn.cl/leychile/navegar?idNorma=164393,,,https://datos.bcn.cl/recurso/cl/orz/municipalidad-de-cochamo/1985-02-07/257/datos.json
Fresia,10,Los Lagos,BCN,1,1993-01-08,ORDENANZA N° 1 SOBRE INSTALACION DE KIOSCOS,"Comercio, Alcoholes y Patentes",https://www.bcn.cl/leychile/navegar?idNorma=30864,,,https://datos.bcn.cl/recurso/cl/orz/municipalidad-de-fresia/1993-01-08/1/datos.json
Frutillar,10,Los Lagos,BCN,s-n,1998-12-14,DICTA ORDENANZA PARA TERMINAL DE LOCOMOCION NO URBANA,"Urbanismo, Obras y Edificación",https://www.bcn.cl/leychile/navegar?idNorma=128125,,,https://datos.bcn.cl/recurso/cl/orz/municipalidad-de-frutillar/1998-12-14/s-n/datos.json
Frutillar,10,Los Lagos,Municipalidad,S/N,2026-01-01,Ordenanza Municipal de FRUTILLAR — Decreto Ordenanza Prohibicion bolsas Plasticas Frutillar,Normativa General y Otras Materias,https://munifrutillar.cl/wp-content/uploads/2026/03/Decreto-Ordenanza-Prohibicion-bolsas-Plasticas-Frutillar.pdf,https://munifrutillar.cl/municipalidad-2/ordenanzas-municipales/,2141cd19a498947980b405a480da06e61c79f3c07c5db58e9294705f12141421,
Frutillar,10,Los Lagos,Municipalidad,1,2026-01-01,Ordenanza Municipal de FRUTILLAR — Ordenanza sobre Tenencia responsable de mascotas y crianza de animales en la comuna de Frutillar 1,Tenencia Responsable de Mascotas,https://munifrutillar.cl/wp-content/uploads/2026/03/Ordenanza-sobre-Tenencia-responsable-de-mascotas-y-crianza-de-animales-en-la-comuna-de-Frutillar-1.pdf,https://munifrutillar.cl/municipalidad-2/ordenanzas-municipales/,3c9f6c1b6a27854e86d1776fb1a27e5fd77fdd483a1dc2c5989f3269bd7328a6,
Los Muermos,10,Los Lagos,BCN,3,2004-10-05,COMPLEMENTA ORDENANZA MUNICIPAL DE JULIO DE 1989,Normativa General y Otras Materias,https://www.bcn.cl/leychile/navegar?idNorma=231071,,,https://datos.bcn.cl/recurso/cl/orz/municipalidad-de-los-muermos/2004-10-05/3/datos.json
Maullín,10,Los Lagos,BCN,39-exenta,1991-02-12,DICTA ORDENANZA PARA TERMINALES DE LOCOMOCION COLECTIVA NO URBANA,"Urbanismo, Obras y Edificación",https://www.bcn.cl/leychile/navegar?idNorma=87952,,,https://datos.bcn.cl/recurso/cl/orz/municipalidad-de-maullin/1991-02-12/39-exenta/datos.json
Maullín,10,Los Lagos,Municipalidad,S/N,2026-01-01,Haz click aqui para ver Ordenanza Haz click aqui para ver Ordenanza,Normativa General y Otras Materias,https://munimaullin.cl/wp-content/uploads/2022/12/Ordenanza-de-A%CC%81ridos_compressed.pdf,https://munimaullin.cl/ordenanzas/,746c4197b6c5e2bd237917e9e87fef686bd1f933153ecd550c3bc621b12227d9,
Maullín,10,Los Lagos,Municipalidad,S/N-f363,2026-01-01,Haz click aqui para ver Ordenanza Haz click aqui para ver Ordenanza,"Patentes, Comercio y Alcoholes",https://munimaullin.cl/wp-content/uploads/2025/02/ordenanza-alcohol.pdf,https://munimaullin.cl/ordenanzas/,f3631abb77e7bbf28c8a955e965db1f3da8df396c4df37846d83a089ab9a369a,
Maullín,10,Los Lagos,Municipalidad,S/N-ea9a,2026-01-01,Ordenanza Municipal de MAULLÍN — MODIFICACION A ORDENANZA DE EXPLOTACION Y EXTRACCION DE ARIDOS,Normativa General y Otras Materias,https://munimaullin.cl/wp-content/uploads/2025/10/MODIFICACION-A-ORDENANZA-DE-EXPLOTACION-Y-EXTRACCION-DE-ARIDOS.pdf,https://munimaullin.cl/ordenanzas/,ea9adda3beafd7cc2e151fc3527e986e1daa5bb20ac7e05c8f87dc10286d2257,
Maullín,10,Los Lagos,Municipalidad,S/N-b0f0,2026-01-01,Decreto EXENTO 2139 Decreto EXENTO 2139,Normativa General y Otras Materias,https://munimaullin.cl/wp-content/uploads/2025/11/Ordenanza-Municpal-de-Turismo-Sustentable-con-Decreto-Municpal.pdf,https://munimaullin.cl/ordenanzas/,b0f0412223d0cb771a145a10fe18acff4e329a108d4db9da2f3dba366a68cc16,
Maullín,10,Los Lagos,Municipalidad,3128,2026-01-01,Decreto EXENTO 3128 Decreto EXENTO 3128 Beca Enseñanza Superior,Normativa General y Otras Materias,https://munimaullin.cl/wp-content/uploads/2025/12/decreto-3128-que-aprueba-ordenanza-beca-municipal.pdf,https://munimaullin.cl/ordenanzas/,84944519dd3139780928b952ca231fb821fad2e2f3a6ce7bd7b41489543e990a,
Maullín,10,Los Lagos,Municipalidad,S/N-cc8b,2026-01-01,Beca Enseñanza Superior Decreto EXENTO 3128 Beca Enseñanza Superior,Normativa General y Otras Materias,https://munimaullin.cl/wp-content/uploads/2025/12/ordenanza-municipal-beca-ensen%CC%83anza-superior.pdf,https://munimaullin.cl/ordenanzas/,cc8bdbf38d600c83a3bb20480f400246994afc38f42befbef7c171bf6f2dadb3,
Maullín,10,Los Lagos,Municipalidad,3555,2026-01-01,Haz click aqui para ver Ordenanza Haz click aqui para ver Ordenanza,Normativa General y Otras Materias,https://www.munimaullin.cl/portada/images/transparencia_2019/decretos/ordenanza2019/ORDENANZA_3555.pdf,https://munimaullin.cl/ordenanzas/,fdd628d05b2b6beb3c2af1f9f23cfbd31657bbf56a4ebae3578dcd332cdc1f9d,
Puerto Varas,10,Los Lagos,BCN,2,1992-01-04,MODIFICA ORDENANZA NO. 1 DE 1987 SOBRE DERECHOS MUNICIPALES,Derechos Municipales y Tarifas,https://www.bcn.cl/leychile/navegar?idNorma=86211,,,https://datos.bcn.cl/recurso/cl/orz/municipalidad-de-puerto-varas/1992-01-04/2/datos.json
Puerto Varas,10,Los Lagos,BCN,1,1988-01-15,"DICTA ORDENANZA LOCAL SOBRE DERECHOS MUNICIPALES POR CONCESIONES, PERMISOS, OCUPACION DE BIEN NACIONAL DE USO PUBLICO, PROPAGANDA Y OTROS SERVICIOS",Derechos Municipales y Tarifas,https://www.bcn.cl/leychile/navegar?idNorma=207021,,,https://datos.bcn.cl/recurso/cl/orz/municipalidad-de-puerto-varas/1988-01-15/1/datos.json
Castro,10,Los Lagos,BCN,5,1993-01-30,DICTA ORDENANZA LOCAL SOBRE FUNCIONAMIENTO DE FERIA LIBRE,"Comercio, Alcoholes y Patentes",https://www.bcn.cl/leychile/navegar?idNorma=30986,,,https://datos.bcn.cl/recurso/cl/orz/municipalidad-de-castro/1993-01-30/5/datos.json
Castro,10,Los Lagos,BCN,4,1990-09-24,DICTA ORDENANZA MUNICIPAL PARA LA REALIZACION DE PROPAGANDA EN LA VIA PUBLICA Y OTROS LUGARES DE ACCESO AL PUBLICO,"Comercio, Alcoholes y Patentes",https://www.bcn.cl/leychile/navegar?idNorma=89396,,,https://datos.bcn.cl/recurso/cl/orz/municipalidad-de-castro/1990-09-24/4/datos.json
Castro,10,Los Lagos,BCN,3,1988-01-30,DICTA ORDENANZA SOBRE ASEO Y ORNATO,"Aseo, Ornato y Medio Ambiente",https://www.bcn.cl/leychile/navegar?idNorma=174133,,,https://datos.bcn.cl/recurso/cl/orz/municipalidad-de-castro/1988-01-30/3/datos.json
Castro,10,Los Lagos,BCN,1,1986-04-11,DICTA ORDENANZA PARA REGULARIZAR FORMA DE COBRO Y MONTO DE DERECHOS MUNICIPALES,Derechos Municipales y Tarifas,https://www.bcn.cl/leychile/navegar?idNorma=163913,,,https://datos.bcn.cl/recurso/cl/orz/municipalidad-de-castro/1986-04-11/1/datos.json
Castro,10,Los Lagos,BCN,2,1986-04-10,DICTA ORDENANZA PARA REGULARIZAR EL FUNCIONAMIENTO DE TERMINALES DE LOCOMOCION COLECTIVA,Normativa General y Otras Materias,https://www.bcn.cl/leychile/navegar?idNorma=163897,,,https://datos.bcn.cl/recurso/cl/orz/municipalidad-de-castro/1986-04-10/2/datos.json
Ancud,10,Los Lagos,BCN,9,2010-08-09,"ORDENANZA MUNICIPAL SOBRE TENENCIA RESPONSABLE DE MASCOTAS O ANIMALES DE COMPAÑÍA, COMUNA DE ANCUD",Tenencia Responsable y Mascotas,https://www.bcn.cl/leychile/navegar?idNorma=1016064,,,https://datos.bcn.cl/recurso/cl/orz/municipalidad-de-ancud/2010-08-09/9/datos.json
Chonchi,10,Los Lagos,Municipalidad,S/N,2026-01-01,Ordenanza Municipal de CHONCHI — DECRETO ORDENANZA MEDIO AMBIENTE,"Aseo, Ornato y Medio Ambiente",https://municipalidadchonchi.cl/web/wp-content/uploads/2022/02/DECRETO-ORDENANZA-MEDIO-AMBIENTE.pdf,https://municipalidadchonchi.cl/web/wp-content/uploads/2022/02/DECRETO-ORDENANZA-MEDIO-AMBIENTE.pdf,66af5af16d6df1cc854dd52ae7ec3de7306eb2362e764881cca9e224bdb5a276,
Chonchi,10,Los Lagos,Municipalidad,09,2026-01-01,Ordenanza Municipal de CHONCHI — ORDENANZA 09,Normativa General y Otras Materias,https://municipalidadchonchi.cl/web/wp-content/uploads/2022/02/ORDENANZA-09.pdf,https://municipalidadchonchi.cl/web/wp-content/uploads/2022/02/ORDENANZA-09.pdf,b745bee9a1a438420d959f0a22062a77e225b028db902a60b0aa7ce9acffad69,
Chonchi,10,Los Lagos,Municipalidad,07,2024-01-01,Ordenanza Municipal de CHONCHI — ORDENANZA ALCOHOLES ACTUALIZADA N° 07 DEL 12.11.2024,"Patentes, Comercio y Alcoholes",https://municipalidadchonchi.cl/web/wp-content/uploads/2022/02/ORDENANZA-ALCOHOLES-ACTUALIZADA-N%C2%B0-07-DEL-12.11.2024.pdf,https://municipalidadchonchi.cl/web/wp-content/uploads/2022/02/ORDENANZA-ALCOHOLES-ACTUALIZADA-N°-07-DEL-12.11.2024.pdf,9143ed656f18eba3922b97e9debc7ac67258f60f1e5cea8faeeb61523c7b9c93,
Chonchi,10,Los Lagos,Municipalidad,1,2026-01-01,Ordenanza Municipal de CHONCHI — ORDENANZA DE EXTRACCION DE ARIDOS DE LA COMUNA DE CHONCHI 1,Normativa General y Otras Materias,https://municipalidadchonchi.cl/web/wp-content/uploads/2022/02/ORDENANZA-DE-EXTRACCION-DE-ARIDOS-DE-LA-COMUNA-DE-CHONCHI-1.pdf,https://municipalidadchonchi.cl/web/wp-content/uploads/2022/02/ORDENANZA-DE-EXTRACCION-DE-ARIDOS-DE-LA-COMUNA-DE-CHONCHI-1.pdf,8216a9db75068fb2cc2904bfae192e11006a80456879b92fc7992fc3d0e6903e,
Chonchi,10,Los Lagos,Municipalidad,03,2024-01-01,Ordenanza Municipal de CHONCHI — ORDENANZA LOCAL 03 DEL 09.08.2024,Normativa General y Otras Materias,https://municipalidadchonchi.cl/web/wp-content/uploads/2022/02/ORDENANZA-LOCAL-03-DEL-09.08.2024.pdf,https://municipalidadchonchi.cl/web/wp-content/uploads/2022/02/ORDENANZA-LOCAL-03-DEL-09.08.2024.pdf,a0b418beabec3ae18c8f07d633a91d3f18c87fd925d2da9ce55da33ac1b7679b,
Chonchi,10,Los Lagos,Municipalidad,01,2023-01-01,Ordenanza Municipal de CHONCHI — ORDENANZA LOCAL N°01 2023 10.01.2023,Normativa General y Otras Materias,https://municipalidadchonchi.cl/web/wp-content/uploads/2022/02/ORDENANZA-LOCAL-N%C2%B001-2023-10.01.2023.pdf,https://municipalidadchonchi.cl/web/wp-content/uploads/2022/02/ORDENANZA-LOCAL-N°01-2023-10.01.2023.pdf,e2578c787e1fb19d22c3343c9ba92c110e8e78eb7eaf21ebf27fd9742b3948d1,
Chonchi,10,Los Lagos,Municipalidad,03,2022-01-01,Ordenanza Municipal de CHONCHI — ORDENANZA LOCAL N°03 2022 31.03.2022,Normativa General y Otras Materias,https://municipalidadchonchi.cl/web/wp-content/uploads/2022/02/ORDENANZA-LOCAL-N%C2%B003-2022-31.03.2022.pdf,https://municipalidadchonchi.cl/web/wp-content/uploads/2022/02/ORDENANZA-LOCAL-N°03-2022-31.03.2022.pdf,8c08201d66fbe04c38066be7d2add203e6e99874442b2e7e022bda1bc2a14ac8,
Chonchi,10,Los Lagos,Municipalidad,05,2024-01-01,Ordenanza Municipal de CHONCHI — ORDENANZA LOCAL N°05 2024 del 29.10.2024 Derechos Municipales Concesiones o Permisos,Derechos Municipales y Tarifas,https://municipalidadchonchi.cl/web/wp-content/uploads/2022/02/ORDENANZA-LOCAL-N%C2%B005-2024-del-29.10.2024-Derechos-Municipales-Concesiones-o-Permisos.pdf,https://municipalidadchonchi.cl/web/wp-content/uploads/2022/02/ORDENANZA-LOCAL-N°05-2024-del-29.10.2024-Derechos-Municipales-Concesiones-o-Permisos.pdf,68c1e00e7ab91e7c7a030675ae8562097dc40ced18fddb1ade2d2f5766918de7,
Chonchi,10,Los Lagos,Municipalidad,2020,2020-01-01,Ordenanza Municipal de CHONCHI — ORDENANZA MUNICIPAL 2020 2,Normativa General y Otras Materias,https://municipalidadchonchi.cl/web/wp-content/uploads/2022/02/ORDENANZA-MUNICIPAL-2020-2.pdf,https://municipalidadchonchi.cl/web/wp-content/uploads/2022/02/ORDENANZA-MUNICIPAL-2020-2.pdf,5cb9c15acf693fcd81e72b842d40a919ae26619def7df591ebd4c4609a99a3e6,
Chonchi,10,Los Lagos,Municipalidad,4,2026-01-01,Ordenanza Municipal de CHONCHI — ORDENANZA N4 TENENCIA RESPONSABLE DE MASCOTAS,Tenencia Responsable de Mascotas,https://municipalidadchonchi.cl/web/wp-content/uploads/2022/02/ORDENANZA-N4-TENENCIA-RESPONSABLE-DE-MASCOTAS.pdf,https://municipalidadchonchi.cl/web/wp-content/uploads/2022/02/ORDENANZA-N4-TENENCIA-RESPONSABLE-DE-MASCOTAS.pdf,19d126856b8ecfc3e83b2bc6af25ff216a6b5e9ac338fa4c5ec80a2b7093ebe6,
Chonchi,10,Los Lagos,Municipalidad,02,2026-01-01,Ordenanza Municipal de CHONCHI — ORDENANZA N°02 2026 del 06.05.2026 MAQUINAS DE JUEGOS HABILIDAD O DESTREZA COMUNA CHONCHI,Normativa General y Otras Materias,https://municipalidadchonchi.cl/web/wp-content/uploads/2022/02/ORDENANZA-N%C2%B002-2026-del-06.05.2026-MAQUINAS-DE-JUEGOS-HABILIDAD-O-DESTREZA-COMUNA-CHONCHI.pdf,https://municipalidadchonchi.cl/web/wp-content/uploads/2022/02/ORDENANZA-N°02-2026-del-06.05.2026-MAQUINAS-DE-JUEGOS-HABILIDAD-O-DESTREZA-COMUNA-CHONCHI.pdf,367232b2d6fbbbde4c26e0277521b830b22b7c65e0d4d89c39ec710ecdcf8081,
Chonchi,10,Los Lagos,Municipalidad,06,2024-01-01,Ordenanza Municipal de CHONCHI — ORDENANZA N°06 2024 del 29.10.2024 FERIA ARTESANAL Y MERCADO MUNICIPAL DE CHONCHI,"Patentes, Comercio y Alcoholes",https://municipalidadchonchi.cl/web/wp-content/uploads/2022/02/ORDENANZA-N%C2%B006-2024-del-29.10.2024-FERIA-ARTESANAL-Y-MERCADO-MUNICIPAL-DE-CHONCHI.pdf,https://municipalidadchonchi.cl/web/wp-content/uploads/2022/02/ORDENANZA-N°06-2024-del-29.10.2024-FERIA-ARTESANAL-Y-MERCADO-MUNICIPAL-DE-CHONCHI.pdf,8a0c3225860256c1bf093504d62760522f7434b11f9eb67d9afda2d26182ac50,
Chonchi,10,Los Lagos,Municipalidad,2,2026-01-01,Ordenanza Municipal de CHONCHI — Ordenanza N2 subvenciones municipales 15 mayo,Normativa General y Otras Materias,https://municipalidadchonchi.cl/web/wp-content/uploads/2022/02/Ordenanza-N2-subvenciones-municipales-15-mayo.pdf,https://municipalidadchonchi.cl/web/wp-content/uploads/2022/02/Ordenanza-N2-subvenciones-municipales-15-mayo.pdf,715dddddb4681922dac6c12c1e40e6138a1e1a7524f5bb3d2d08bdcdba955b78,
Chonchi,10,Los Lagos,Municipalidad,6,2026-01-01,Ordenanza Municipal de CHONCHI — ordenanza 6,Normativa General y Otras Materias,https://municipalidadchonchi.cl/web/wp-content/uploads/2022/02/ordenanza-6.pdf,https://municipalidadchonchi.cl/web/wp-content/uploads/2022/02/ordenanza-6.pdf,f92a12062671c0841f46a3cc776600805624f31ae51ea5589e3578e93cfac326,
Chonchi,10,Los Lagos,Municipalidad,7,2026-01-01,Ordenanza Municipal de CHONCHI — ordenanza 7,Normativa General y Otras Materias,https://municipalidadchonchi.cl/web/wp-content/uploads/2022/02/ordenanza-7.pdf,https://municipalidadchonchi.cl/web/wp-content/uploads/2022/02/ordenanza-7.pdf,30982be4aa0a7f64ca7ddc365db7ed3299c9a50c8f91ae7809abff4023a37e2b,
Curaco de Vélez,10,Los Lagos,BCN,1,2005-03-22,APRUEBA ORDENANZA SOBRE EXPENDIO Y CONSUMO DE BEBIDAS ALCOHOLICAS,"Comercio, Alcoholes y Patentes",https://www.bcn.cl/leychile/navegar?idNorma=236511,,,https://datos.bcn.cl/recurso/cl/orz/municipalidad-de-curaco-de-velez/2005-03-22/1/datos.json
Dalcahue,10,Los Lagos,BCN,3,1997-01-17,"MODIFICA ORDENANZA LOCAL SOBRE DERECHOS MUNICIPALES POR CONCESIONES, PERMISOS Y SERVICIOS",Derechos Municipales y Tarifas,https://www.bcn.cl/leychile/navegar?idNorma=60123,,,https://datos.bcn.cl/recurso/cl/orz/municipalidad-de-dalcahue/1997-01-17/3/datos.json
Dalcahue,10,Los Lagos,BCN,2,1993-12-29,"DICTA ORDENANZA LOCAL SOBRE DERECHOS MUNICIPALES POR CONCESIONES, PERMISOS Y SERVICIOS",Derechos Municipales y Tarifas,https://www.bcn.cl/leychile/navegar?idNorma=30934,,,https://datos.bcn.cl/recurso/cl/orz/municipalidad-de-dalcahue/1993-12-29/2/datos.json
Dalcahue,10,Los Lagos,Municipalidad,S/N,2026-01-01,Ordenanza Municipal de DALCAHUE — 202005 Ordenanza Local de Mascarillas y Distanciamiento Social,Normativa General y Otras Materias,https://www.munidalcahue.cl/transparencia/inicio/documentos/06%20Actos%20y%20Resoluciones/04%20Ordenanzas/202005%20Ordenanza%20Local%20de%20Mascarillas%20y%20Distanciamiento%20Social.pdf,https://www.munidalcahue.cl/transparencia/inicio/documentos/06%20Actos%20y%20Resoluciones/04%20Ordenanzas/202005%20Ordenanza%20Local%20de%20Mascarillas%20y%20Distanciamiento%20Social.pdf,44b78dee36d71218be83200ed29e1c428d970dd4e773e3727bd783f1b528fda9,
Dalcahue,10,Los Lagos,Municipalidad,S/N-6c70,2026-01-01,Ordenanza Municipal de DALCAHUE — ComerciodeArtesaniasenbienesdeusopublico,"Patentes, Comercio y Alcoholes",https://www.munidalcahue.cl/transparencia/inicio/documentos/06%20Actos%20y%20Resoluciones/04%20Ordenanzas/ComerciodeArtesaniasenbienesdeusopublico.pdf,https://www.munidalcahue.cl/transparencia/inicio/documentos/06%20Actos%20y%20Resoluciones/04%20Ordenanzas/ComerciodeArtesaniasenbienesdeusopublico.pdf,6c70fb4ab56d508963ffb8131d21d6c71638cce489ce363dccef60544213b602,
Dalcahue,10,Los Lagos,Municipalidad,04,2022-01-01,Ordenanza Municipal de DALCAHUE — ORDENANZA CEMENTERIO 2022 04,Normativa General y Otras Materias,https://www.munidalcahue.cl/transparencia/inicio/documentos/06%20Actos%20y%20Resoluciones/04%20Ordenanzas/ORDENANZA%20CEMENTERIO%202022-04.pdf,https://www.munidalcahue.cl/transparencia/inicio/documentos/06%20Actos%20y%20Resoluciones/04%20Ordenanzas/ORDENANZA%20CEMENTERIO%202022-04.pdf,b7f7a75f8a8c8a029d1e33623b86a83f736a818afcce84dbacc4492b0679f817,
Dalcahue,10,Los Lagos,Municipalidad,S/N-ac35,2026-01-01,Ordenanza Municipal de DALCAHUE — ORDENANZA COCINERIAS,Normativa General y Otras Materias,https://www.munidalcahue.cl/transparencia/inicio/documentos/06%20Actos%20y%20Resoluciones/04%20Ordenanzas/ORDENANZA%20COCINERIAS.pdf,https://www.munidalcahue.cl/transparencia/inicio/documentos/06%20Actos%20y%20Resoluciones/04%20Ordenanzas/ORDENANZA%20COCINERIAS.pdf,ac35e4a1ff345c148f5b91027dbdc90cf67db58505d63c1e375ab0986917f101,
Dalcahue,10,Los Lagos,Municipalidad,S/N-1f9b,2026-01-01,Ordenanza Municipal de DALCAHUE — ORDENANZADECOMERCIODEARTESANIASOCTUBRE2019,"Patentes, Comercio y Alcoholes",https://www.munidalcahue.cl/transparencia/inicio/documentos/06%20Actos%20y%20Resoluciones/04%20Ordenanzas/ORDENANZADECOMERCIODEARTESANIASOCTUBRE2019.pdf,https://www.munidalcahue.cl/transparencia/inicio/documentos/06%20Actos%20y%20Resoluciones/04%20Ordenanzas/ORDENANZADECOMERCIODEARTESANIASOCTUBRE2019.pdf,1f9bec73c4a3a0843833a0327cac91fe269adaf0207752696d9146e1de10b2d3,
Dalcahue,10,Los Lagos,Municipalidad,20,2014-01-01,Ordenanza Municipal de DALCAHUE — Ordenanza Aseo (Actualizada Octubre 2014),"Aseo, Ornato y Medio Ambiente",https://www.munidalcahue.cl/transparencia/inicio/documentos/06%20Actos%20y%20Resoluciones/04%20Ordenanzas/Ordenanza%20Aseo%20(Actualizada%20Octubre%202014).pdf,https://www.munidalcahue.cl/transparencia/inicio/documentos/06%20Actos%20y%20Resoluciones/04%20Ordenanzas/Ordenanza%20Aseo%20(Actualizada%20Octubre%202014).pdf,204e0c9833066142d19c3519e49f8e0efb72112d61a01291bae7471a6a2b9f2d,
Dalcahue,10,Los Lagos,Municipalidad,20-1a16,2014-01-01,Ordenanza Municipal de DALCAHUE — Ordenanza Medio Ambiental (Actualizada Octubre 2014),"Aseo, Ornato y Medio Ambiente",https://www.munidalcahue.cl/transparencia/inicio/documentos/06%20Actos%20y%20Resoluciones/04%20Ordenanzas/Ordenanza%20Medio%20Ambiental%20(Actualizada%20Octubre%202014).pdf,https://www.munidalcahue.cl/transparencia/inicio/documentos/06%20Actos%20y%20Resoluciones/04%20Ordenanzas/Ordenanza%20Medio%20Ambiental%20(Actualizada%20Octubre%202014).pdf,1a1627991d258f4428ac336ea5cf95f4838e48520ad257759e98efa19e1e1ad9,
Dalcahue,10,Los Lagos,Municipalidad,14,2026-01-01,Ordenanza Municipal de DALCAHUE — OrdenanzaLocaln14,Normativa General y Otras Materias,https://www.munidalcahue.cl/transparencia/inicio/documentos/06%20Actos%20y%20Resoluciones/04%20Ordenanzas/OrdenanzaLocaln14.pdf,https://www.munidalcahue.cl/transparencia/inicio/documentos/06%20Actos%20y%20Resoluciones/04%20Ordenanzas/OrdenanzaLocaln14.pdf,c873b790b2161fc895733a7c9cc081fa4e774613e5a27405bc72a2d3d7cb986c,
Dalcahue,10,Los Lagos,Municipalidad,1,2026-01-01,Ordenanza Municipal de DALCAHUE — OrdenanzaN1TenenciaResponsable,Normativa General y Otras Materias,https://www.munidalcahue.cl/transparencia/inicio/documentos/06%20Actos%20y%20Resoluciones/04%20Ordenanzas/OrdenanzaN1TenenciaResponsable.pdf,https://www.munidalcahue.cl/transparencia/inicio/documentos/06%20Actos%20y%20Resoluciones/04%20Ordenanzas/OrdenanzaN1TenenciaResponsable.pdf,ed225820946e9f067379636a19c7484a761280146da53bcb287e5b6241a95d9f,
Dalcahue,10,Los Lagos,Municipalidad,12,2026-01-01,Ordenanza Municipal de DALCAHUE — mod ord local n12,Normativa General y Otras Materias,https://www.munidalcahue.cl/transparencia/inicio/documentos/06%20Actos%20y%20Resoluciones/04%20Ordenanzas/mod%20ord%20local%20n12%20.pdf,https://www.munidalcahue.cl/transparencia/inicio/documentos/06%20Actos%20y%20Resoluciones/04%20Ordenanzas/mod%20ord%20local%20n12%20.pdf,a1011288e1ea06c826ef041eab25fd25ab67d7460c6aa4effa92f623d3a2bff6,
Dalcahue,10,Los Lagos,Municipalidad,S/N-9793,2026-01-01,Ordenanza Municipal de DALCAHUE — modifica ordenanza artesania 201710,Normativa General y Otras Materias,https://www.munidalcahue.cl/transparencia/inicio/documentos/06%20Actos%20y%20Resoluciones/04%20Ordenanzas/modifica%20ordenanza%20artesania%20201710.pdf,https://www.munidalcahue.cl/transparencia/inicio/documentos/06%20Actos%20y%20Resoluciones/04%20Ordenanzas/modifica%20ordenanza%20artesania%20201710.pdf,9793a36cf78427691f24966d1b2642119ebd02eaaa25be8e32b0ca9cf702a395,
Dalcahue,10,Los Lagos,Municipalidad,14-b6ca,2026-01-01,Ordenanza Municipal de DALCAHUE — modificaORDENANZALOCALN14,Normativa General y Otras Materias,https://www.munidalcahue.cl/transparencia/inicio/documentos/06%20Actos%20y%20Resoluciones/04%20Ordenanzas/modificaORDENANZALOCALN14.pdf,https://www.munidalcahue.cl/transparencia/inicio/documentos/06%20Actos%20y%20Resoluciones/04%20Ordenanzas/modificaORDENANZALOCALN14.pdf,b6cae2ab6b8c9b478ffa80584599a1b5c5dc326d9ee3b4667545c289e480867f,
Dalcahue,10,Los Lagos,Municipalidad,S/N-a2f7,2026-01-01,Ordenanza Municipal de DALCAHUE — ord com ambulante,Normativa General y Otras Materias,https://www.munidalcahue.cl/transparencia/inicio/documentos/06%20Actos%20y%20Resoluciones/04%20Ordenanzas/ord%20com%20ambulante.pdf,https://www.munidalcahue.cl/transparencia/inicio/documentos/06%20Actos%20y%20Resoluciones/04%20Ordenanzas/ord%20com%20ambulante.pdf,a2f779ab09517324d87416196445167bc9b2c1cc706d49da1d8f0dae9efda84f,
Dalcahue,10,Los Lagos,Municipalidad,S/N-281a,2026-01-01,Ordenanza Municipal de DALCAHUE — ordenanza alcoholes,"Patentes, Comercio y Alcoholes",https://www.munidalcahue.cl/transparencia/inicio/documentos/06%20Actos%20y%20Resoluciones/04%20Ordenanzas/ordenanza%20alcoholes.pdf,https://www.munidalcahue.cl/transparencia/inicio/documentos/06%20Actos%20y%20Resoluciones/04%20Ordenanzas/ordenanza%20alcoholes.pdf,281a04d9500f9bd710cb50e57b32572d9221b6f39672fd7ba9b1f3e945210389,
Dalcahue,10,Los Lagos,Municipalidad,2014,2014-01-01,Ordenanza Municipal de DALCAHUE — 2014 primera modificaci n manual compras dalcahue,Normativa General y Otras Materias,https://www.munidalcahue.cl/transparencia/inicio/documentos/06%20Actos%20y%20Resoluciones/04%20Ordenanzas/2014%20primera%20modificaci_n%20manual%20compras%20dalcahue.pdf,https://www.munidalcahue.cl/transparencia/inicio/index.php?page=2&dir=06 Actos y Resoluciones/04 Ordenanzas/,ed0041845f8c02c7252982abe85a353578cead18090cf4c0679d36b4034f7adf,
Dalcahue,10,Los Lagos,Municipalidad,01,2026-01-01,Ordenanza Municipal de DALCAHUE — 202410ordenanza01COCINERIAS,Normativa General y Otras Materias,https://www.munidalcahue.cl/transparencia/inicio/documentos/06%20Actos%20y%20Resoluciones/04%20Ordenanzas/202410ordenanza01COCINERIAS.pdf,https://www.munidalcahue.cl/transparencia/inicio/index.php?page=2&dir=06 Actos y Resoluciones/04 Ordenanzas/,704a48f97cecd475d7b871bae93e11d9c6e515c4af5fd0610c6907e1dd210882,
Dalcahue,10,Los Lagos,Municipalidad,02,2026-01-01,Ordenanza Municipal de DALCAHUE — 202410ordenanza02MODALCOHOLES,"Patentes, Comercio y Alcoholes",https://www.munidalcahue.cl/transparencia/inicio/documentos/06%20Actos%20y%20Resoluciones/04%20Ordenanzas/202410ordenanza02MODALCOHOLES.pdf,https://www.munidalcahue.cl/transparencia/inicio/index.php?page=2&dir=06 Actos y Resoluciones/04 Ordenanzas/,8792d7805af0bc3cf7d4370a4c7ad830865943f76146cf4e681fb64dd5e76c2d,
Dalcahue,10,Los Lagos,Municipalidad,03,2026-01-01,Ordenanza Municipal de DALCAHUE — 202410ordenanza03MODCEMENTERIO,Normativa General y Otras Materias,https://www.munidalcahue.cl/transparencia/inicio/documentos/06%20Actos%20y%20Resoluciones/04%20Ordenanzas/202410ordenanza03MODCEMENTERIO.pdf,https://www.munidalcahue.cl/transparencia/inicio/index.php?page=2&dir=06 Actos y Resoluciones/04 Ordenanzas/,07bcce3b76a17840df567c9220eedb336188d6b44e44738cdb5826f4d3e65405,
Dalcahue,10,Los Lagos,Municipalidad,04,2026-01-01,Ordenanza Municipal de DALCAHUE — 202410ordenanza04MODLOCALN14,Normativa General y Otras Materias,https://www.munidalcahue.cl/transparencia/inicio/documentos/06%20Actos%20y%20Resoluciones/04%20Ordenanzas/202410ordenanza04MODLOCALN14.pdf,https://www.munidalcahue.cl/transparencia/inicio/index.php?page=2&dir=06 Actos y Resoluciones/04 Ordenanzas/,d900382020bd1b5d702c2014f8eb7f8b0af99b056d1dba13e562209f2fdd5e19,
Dalcahue,10,Los Lagos,Municipalidad,05,2026-01-01,Ordenanza Municipal de DALCAHUE — 202410ordenanza05FUNCIONAMIENTOCOMERCIOAMBULANTE,"Patentes, Comercio y Alcoholes",https://www.munidalcahue.cl/transparencia/inicio/documentos/06%20Actos%20y%20Resoluciones/04%20Ordenanzas/202410ordenanza05FUNCIONAMIENTOCOMERCIOAMBULANTE.pdf,https://www.munidalcahue.cl/transparencia/inicio/index.php?page=2&dir=06 Actos y Resoluciones/04 Ordenanzas/,7e1afca89a7cd943e48dea01d7c411b5211352aeca316f3d685081bdeac72fd7,
Dalcahue,10,Los Lagos,Municipalidad,03202,2026-01-01,Ordenanza Municipal de DALCAHUE — 202510MODIFICACIONORDENANZAN032024CEMENTERIOMUNICIPAL2,Normativa General y Otras Materias,https://www.munidalcahue.cl/transparencia/inicio/documentos/06%20Actos%20y%20Resoluciones/04%20Ordenanzas/202510MODIFICACIONORDENANZAN032024CEMENTERIOMUNICIPAL2.pdf,https://www.munidalcahue.cl/transparencia/inicio/index.php?page=2&dir=06 Actos y Resoluciones/04 Ordenanzas/,23c2345e7d8e8a110196d5dfa0cb9157fdb2c1f4f4eb0e963c76ae6a874ed29c,
Dalcahue,10,Los Lagos,Municipalidad,0,2026-01-01,Ordenanza Municipal de DALCAHUE — 202512ORDENANZAMARYTIERRA2025(P. final2.0),Normativa General y Otras Materias,https://www.munidalcahue.cl/transparencia/inicio/documentos/06%20Actos%20y%20Resoluciones/04%20Ordenanzas/202512ORDENANZAMARYTIERRA2025%28P.%20final2.0%29.pdf,https://www.munidalcahue.cl/transparencia/inicio/index.php?page=2&dir=06 Actos y Resoluciones/04 Ordenanzas/,a8681edd2376af2bbc525027d6c24ec10d05a3853078d8b2d0897e32cffbc315,
Dalcahue,10,Los Lagos,Municipalidad,S/N-f370,2026-01-01,Ordenanza Municipal de DALCAHUE — 202512ORDENANZAMUNICIPALSOBRETRABAJOSENBENEFICIODELACOMUNIDAD,Normativa General y Otras Materias,https://www.munidalcahue.cl/transparencia/inicio/documentos/06%20Actos%20y%20Resoluciones/04%20Ordenanzas/202512ORDENANZAMUNICIPALSOBRETRABAJOSENBENEFICIODELACOMUNIDAD.pdf,https://www.munidalcahue.cl/transparencia/inicio/index.php?page=2&dir=06 Actos y Resoluciones/04 Ordenanzas/,f370561ecbfc42d4bce5c3b00de097c328826411957211c59ab7b4f3268f2723,
Dalcahue,10,Los Lagos,Municipalidad,S/N-13bf,2026-01-01,Ordenanza Municipal de DALCAHUE — 202512ordenanzaparticipacciudadana,Normativa General y Otras Materias,https://www.munidalcahue.cl/transparencia/inicio/documentos/06%20Actos%20y%20Resoluciones/04%20Ordenanzas/202512ordenanzaparticipacciudadana.pdf,https://www.munidalcahue.cl/transparencia/inicio/index.php?page=2&dir=06 Actos y Resoluciones/04 Ordenanzas/,13bf4f70a738dc66271961d6d9fdd1e367b0435dcc36a84335453eb671128f99,
Dalcahue,10,Los Lagos,Municipalidad,S/N-8df8,2026-01-01,Ordenanza Municipal de DALCAHUE — 202608ORDENANZANro012026juegoshabilidadydestreza,Normativa General y Otras Materias,https://www.munidalcahue.cl/transparencia/inicio/documentos/06%20Actos%20y%20Resoluciones/04%20Ordenanzas/202608ORDENANZANro012026juegoshabilidadydestreza.pdf,https://www.munidalcahue.cl/transparencia/inicio/index.php?page=2&dir=06 Actos y Resoluciones/04 Ordenanzas/,8df8e06c395a8c87f3e8fdef24949bd81fc931c1bebc9e1e57d7858195a8f29e,
Dalcahue,10,Los Lagos,Municipalidad,S/N-b49d,2026-01-01,Ordenanza Municipal de DALCAHUE — ART.12ORDENANZA,Normativa General y Otras Materias,https://www.munidalcahue.cl/transparencia/inicio/documentos/06%20Actos%20y%20Resoluciones/04%20Ordenanzas/ART.12ORDENANZA.pdf,https://www.munidalcahue.cl/transparencia/inicio/index.php?page=2&dir=06 Actos y Resoluciones/04 Ordenanzas/,b49da73b3fcc86f19e25ce047f737c41afc55f94e5c78b8cf5d9fc7f9773663e,
Dalcahue,10,Los Lagos,Municipalidad,S/N-3299,2026-01-01,Ordenanza Municipal de DALCAHUE — ART.14ORDENANZA,Normativa General y Otras Materias,https://www.munidalcahue.cl/transparencia/inicio/documentos/06%20Actos%20y%20Resoluciones/04%20Ordenanzas/ART.14ORDENANZA.pdf,https://www.munidalcahue.cl/transparencia/inicio/index.php?page=2&dir=06 Actos y Resoluciones/04 Ordenanzas/,329946c021cf49fcb4e8d3e6a0787d5c35f808f8fd19fabcc98872ed6e5bd560,
Dalcahue,10,Los Lagos,Municipalidad,2006,2015-01-01,Ordenanza Municipal de DALCAHUE — MANUAL DE PROCEDIMIENTOS 06 11 2015,Normativa General y Otras Materias,https://www.munidalcahue.cl/transparencia/inicio/documentos/06%20Actos%20y%20Resoluciones/04%20Ordenanzas/MANUAL%20DE%20PROCEDIMIENTOS%2006-11-2015.pdf,https://www.munidalcahue.cl/transparencia/inicio/index.php?page=2&dir=06 Actos y Resoluciones/04 Ordenanzas/,50e9334bb447995c4a941ee78958a22d2d0507c70257ae9a840776590e854531,
Dalcahue,10,Los Lagos,Municipalidad,2012,2026-01-01,Ordenanza Municipal de DALCAHUE — Modific Ordenanza2012,Normativa General y Otras Materias,https://www.munidalcahue.cl/transparencia/inicio/documentos/06%20Actos%20y%20Resoluciones/04%20Ordenanzas/Modific%20Ordenanza2012.pdf,https://www.munidalcahue.cl/transparencia/inicio/index.php?page=2&dir=06 Actos y Resoluciones/04 Ordenanzas/,db36c88c4bdeb42b7d8d1a2c11245b5a6f8c921fd0b7d0c9ea297d0cac71d6cf,
Dalcahue,10,Los Lagos,Municipalidad,S/N,2024-01-01,Ordenanza Municipal de DALCAHUE — ORDENANZA DE TARIFA ASEO DALCAHUE 2024,Derechos Municipales y Tarifas,https://www.munidalcahue.cl/transparencia/inicio/documentos/06%20Actos%20y%20Resoluciones/04%20Ordenanzas/ORDENANZA%20DE%20TARIFA%20ASEO%20DALCAHUE%202024.pdf,https://www.munidalcahue.cl/transparencia/inicio/index.php?page=2&dir=06 Actos y Resoluciones/04 Ordenanzas/,742d349e956303bd9c762217b55ea44189179868b46d913e9fb96b223ae0694e,
Dalcahue,10,Los Lagos,Municipalidad,10,2026-01-01,Ordenanza Municipal de DALCAHUE — ORDENANZA LOCAL N10,Normativa General y Otras Materias,https://www.munidalcahue.cl/transparencia/inicio/documentos/06%20Actos%20y%20Resoluciones/04%20Ordenanzas/ORDENANZA%20LOCAL%20N10.pdf,https://www.munidalcahue.cl/transparencia/inicio/index.php?page=2&dir=06 Actos y Resoluciones/04 Ordenanzas/,3581c40d945b33fcf60281eef6231c8d9e84d8d7539336276df1e8e7b2059965,
Dalcahue,10,Los Lagos,Municipalidad,S/N-e695,2026-01-01,Ordenanza Municipal de DALCAHUE — REGLAMENTO ACCESO INF PUBLICA,Normativa General y Otras Materias,https://www.munidalcahue.cl/transparencia/inicio/documentos/06%20Actos%20y%20Resoluciones/04%20Ordenanzas/REGLAMENTO%20ACCESO%20INF%20PUBLICA.pdf,https://www.munidalcahue.cl/transparencia/inicio/index.php?page=2&dir=06 Actos y Resoluciones/04 Ordenanzas/,e69508eba6c339759a2c2d1c8a09e84da05eebb2e645b0a3d4b7fe717fd1d514,
Dalcahue,10,Los Lagos,Municipalidad,S/N-bb59,2026-01-01,Ordenanza Municipal de DALCAHUE — REGLAMENTO DE CARROSmarzo2017,Normativa General y Otras Materias,https://www.munidalcahue.cl/transparencia/inicio/documentos/06%20Actos%20y%20Resoluciones/04%20Ordenanzas/REGLAMENTO%20DE%20CARROSmarzo2017.pdf,https://www.munidalcahue.cl/transparencia/inicio/index.php?page=2&dir=06 Actos y Resoluciones/04 Ordenanzas/,bb59d6ff0d45a36878c88d124bac48c8fd54c011991c25693840d3cdaa493aec,
Dalcahue,10,Los Lagos,Municipalidad,S/N-35f5,2026-01-01,Ordenanza Municipal de DALCAHUE — REGLAMENTO DE FUNCIONAMIENTO DE FERIA,"Patentes, Comercio y Alcoholes",https://www.munidalcahue.cl/transparencia/inicio/documentos/06%20Actos%20y%20Resoluciones/04%20Ordenanzas/REGLAMENTO%20DE%20FUNCIONAMIENTO%20DE%20FERIA.pdf,https://www.munidalcahue.cl/transparencia/inicio/index.php?page=2&dir=06 Actos y Resoluciones/04 Ordenanzas/,35f567371d3ff016738299affbe1427c5914cb94c51aa6adffe39cbd7feaca8b,
Dalcahue,10,Los Lagos,Municipalidad,S/N-e61b,2026-01-01,Ordenanza Municipal de DALCAHUE — REGLAMENTO RELOJ CONTROL,Normativa General y Otras Materias,https://www.munidalcahue.cl/transparencia/inicio/documentos/06%20Actos%20y%20Resoluciones/04%20Ordenanzas/REGLAMENTO%20RELOJ%20CONTROL.pdf,https://www.munidalcahue.cl/transparencia/inicio/index.php?page=2&dir=06 Actos y Resoluciones/04 Ordenanzas/,e61b187be50234d52a5cfc0fc8d5467a3b35932823400922b2ca182301c4a41e,
Dalcahue,10,Los Lagos,Municipalidad,S/N-c57b,2026-01-01,Ordenanza Municipal de DALCAHUE — REGLAMENTOanteriora2015,Normativa General y Otras Materias,https://www.munidalcahue.cl/transparencia/inicio/documentos/06%20Actos%20y%20Resoluciones/04%20Ordenanzas/REGLAMENTOanteriora2015.pdf,https://www.munidalcahue.cl/transparencia/inicio/index.php?page=2&dir=06 Actos y Resoluciones/04 Ordenanzas/,c57b3bdd3a6a86a317d54578de69eaa99f495e794c0ad9443e611f8ee4b6c8f5,
Dalcahue,10,Los Lagos,Municipalidad,S/N-86a5,2026-01-01,Ordenanza Municipal de DALCAHUE — ordenanza participac ciudadana,Normativa General y Otras Materias,https://www.munidalcahue.cl/transparencia/inicio/documentos/06%20Actos%20y%20Resoluciones/04%20Ordenanzas/ordenanza%20participac%20ciudadana.pdf,https://www.munidalcahue.cl/transparencia/inicio/index.php?page=2&dir=06 Actos y Resoluciones/04 Ordenanzas/,86a599d219ba3ba42fbe37b43b6664d6096bdaf9c3b07e6a1037e3e74383ed85,
Dalcahue,10,Los Lagos,Municipalidad,S/N-646b,2026-01-01,Ordenanza Municipal de DALCAHUE — ordlocal,Normativa General y Otras Materias,https://www.munidalcahue.cl/transparencia/inicio/documentos/06%20Actos%20y%20Resoluciones/04%20Ordenanzas/ordlocal.pdf,https://www.munidalcahue.cl/transparencia/inicio/index.php?page=2&dir=06 Actos y Resoluciones/04 Ordenanzas/,646b754ee374d68557513f658d77e6809df701b2ba044a5ac7e469ac525fff54,
Dalcahue,10,Los Lagos,Municipalidad,S/N-4bbc,2026-01-01,Ordenanza Municipal de DALCAHUE — ordmedio,Normativa General y Otras Materias,https://www.munidalcahue.cl/transparencia/inicio/documentos/06%20Actos%20y%20Resoluciones/04%20Ordenanzas/ordmedio.pdf,https://www.munidalcahue.cl/transparencia/inicio/index.php?page=2&dir=06 Actos y Resoluciones/04 Ordenanzas/,4bbcc0999ac6555c66e9ae4cf4ad7f67127335e5d298c3e882a1d2cb657cbbe2,
Dalcahue,10,Los Lagos,Municipalidad,S/N-6f5e,2026-01-01,Ordenanza Municipal de DALCAHUE — primer manual de adquisiciones,Normativa General y Otras Materias,https://www.munidalcahue.cl/transparencia/inicio/documentos/06%20Actos%20y%20Resoluciones/04%20Ordenanzas/primer%20manual%20de%20adquisiciones.pdf,https://www.munidalcahue.cl/transparencia/inicio/index.php?page=2&dir=06 Actos y Resoluciones/04 Ordenanzas/,6f5e20463955b18a29b11680857cdc4d660c87aa92cfae3fe49c6e05fd7109be,
Dalcahue,10,Los Lagos,Municipalidad,2016,2016-01-01,Ordenanza Municipal de DALCAHUE — regl.salaconcejo2015 2016,Normativa General y Otras Materias,https://www.munidalcahue.cl/transparencia/inicio/documentos/06%20Actos%20y%20Resoluciones/04%20Ordenanzas/regl.salaconcejo2015-2016.pdf,https://www.munidalcahue.cl/transparencia/inicio/index.php?page=2&dir=06 Actos y Resoluciones/04 Ordenanzas/,5c1fa886bc5b0b22291eeb854f8c7f226fa0455168f716da56f642c80b9098ed,
Dalcahue,10,Los Lagos,Municipalidad,S/N-4899,2026-01-01,Ordenanza Municipal de DALCAHUE — reglamento cosoc,Normativa General y Otras Materias,https://www.munidalcahue.cl/transparencia/inicio/documentos/06%20Actos%20y%20Resoluciones/04%20Ordenanzas/reglamento%20cosoc.pdf,https://www.munidalcahue.cl/transparencia/inicio/index.php?page=2&dir=06 Actos y Resoluciones/04 Ordenanzas/,4899894cf2eb81fa45ff0faffce9b024a73168326415697ea06d7251454fd782,
Puqueldón,10,Los Lagos,Municipalidad,1,2026-01-01,Ordenanza Municipal de PUQUELDÓN — Anexo 1. Ordenanza Municipal de No Uso de bolsas Plasticas,Normativa General y Otras Materias,https://munipuqueldon.cl/wp-content/uploads/2022/05/Anexo-1.-Ordenanza-Municipal-de-No-Uso-de-bolsas-Plasticas.pdf,https://munipuqueldon.cl/municipio/ordenanzas/,12ebb7a8e7c2e8a9ad831c92783c7de7a5251e35c3c2029f6d5b107601af5d3e,
Puqueldón,10,Los Lagos,Municipalidad,S/N,2026-01-01,Ordenanza Municipal de PUQUELDÓN — Ordenanza,Normativa General y Otras Materias,https://munipuqueldon.cl/wp-content/uploads/2022/05/Ordenanza.pdf,https://munipuqueldon.cl/municipio/ordenanzas/,eb1e795aff83bfd34b1192f27ab379087c1a92a760e33081b8aebf4e995bb3a9,
Puqueldón,10,Los Lagos,Municipalidad,S/N-9eda,2026-01-01,Ordenanza Municipal de PUQUELDÓN — Ordenanza medio ambiente,"Aseo, Ornato y Medio Ambiente",https://munipuqueldon.cl/wp-content/uploads/2022/10/Ordenanza-medio-ambiente.pdf,https://munipuqueldon.cl/municipio/ordenanzas/,9edad7b6a7be139110398033b52f5ddccdbfed495d9b4663c3050e64172154e9,
Queilén,10,Los Lagos,BCN,s-n,2009-06-05,"ORDENANZA MUNICIPAL SOBRE CONDICIONES GENERALES DE EXTRACCIÓN DE RESIDUOS DOMICILIARIOS, DETERMINACIÓN DE TARIFA, COBRO Y EXENCIONES TOTALES Y/O PARCIALES",Derechos Municipales y Tarifas,https://www.bcn.cl/leychile/navegar?idNorma=1003089,,,https://datos.bcn.cl/recurso/cl/orz/municipalidad-de-queilen/2009-06-05/s-n/datos.json
Queilén,10,Los Lagos,Municipalidad,1256,2026-01-01,Ordenanza Municipal de QUEILÉN — 1256. ORDENANZA MEDIO AMBIENTE,"Aseo, Ornato y Medio Ambiente",https://muniqueilen.cl/wp-content/uploads/2026/03/1256.-ORDENANZA-MEDIO-AMBIENTE.pdf,https://muniqueilen.cl/wp-content/uploads/2026/03/1256.-ORDENANZA-MEDIO-AMBIENTE.pdf,09287146c3a971a4375a60960532c7e62c28b61a7be282edfd9d43dc11e8149b,
Queilén,10,Los Lagos,Municipalidad,S/N,2026-01-01,Ordenanza Municipal de QUEILÉN — DE 2637 ordenanza derechos municipales concesiones y servicios,Derechos Municipales y Tarifas,https://muniqueilen.cl/wp-content/uploads/2026/03/DE_2637_ordenanza_derechos_municipales_concesiones_y_servicios.pdf,https://muniqueilen.cl/wp-content/uploads/2026/03/DE_2637_ordenanza_derechos_municipales_concesiones_y_servicios.pdf,356ac242f84d51103c7bcc8ef665c264f7ac9035662eb16ca054ea6aec990dc9,
Queilén,10,Los Lagos,Municipalidad,S/N-cd0f,2026-01-01,Ordenanza Municipal de QUEILÉN — Modificacion ordenanza de ayudas sociales,Normativa General y Otras Materias,https://muniqueilen.cl/wp-content/uploads/2026/03/Modificacion-ordenanza-de-ayudas-sociales.pdf,https://muniqueilen.cl/wp-content/uploads/2026/03/Modificacion-ordenanza-de-ayudas-sociales.pdf,cd0f9e0fde76d08d6841ffcd6d730ff59b0cbcef437ba5fe7029004bc0edd2c2,
Queilén,10,Los Lagos,Municipalidad,S/N-bae4,2026-01-01,Ordenanza Municipal de QUEILÉN — Ordenanza Ayudas sociales,Normativa General y Otras Materias,https://muniqueilen.cl/wp-content/uploads/2026/03/Ordenanza-Ayudas-sociales.pdf,https://muniqueilen.cl/wp-content/uploads/2026/03/Ordenanza-Ayudas-sociales.pdf,bae4de5aafa9370dda5b02a8b5c5be3998f8ced9d381355e1e70d909efd858e5,
Queilén,10,Los Lagos,Municipalidad,S/N-2e7c,2026-01-01,Ordenanza Municipal de QUEILÉN — Ordenanza Medio Ambiente,"Aseo, Ornato y Medio Ambiente",https://muniqueilen.cl/wp-content/uploads/2026/03/Ordenanza-Medio-Ambiente.pdf,https://muniqueilen.cl/wp-content/uploads/2026/03/Ordenanza-Medio-Ambiente.pdf,2e7c3abda20e19422ee06d73cef5fe66a4eb44c4016f530b32dca116676dabdf,
Queilén,10,Los Lagos,Municipalidad,S/N-2264,2026-01-01,Ordenanza Municipal de QUEILÉN — Ordenanza Participacion Ciudadana Modif,Normativa General y Otras Materias,https://muniqueilen.cl/wp-content/uploads/2026/03/Ordenanza-Participacion-Ciudadana_Modif.pdf,https://muniqueilen.cl/wp-content/uploads/2026/03/Ordenanza-Participacion-Ciudadana_Modif.pdf,2264166078eb51a52fd53676ea9aa2ed64e66eb4944b3aab12e393ea9fdd02ad,
Queilén,10,Los Lagos,Municipalidad,S/N-3986,2026-01-01,Ordenanza Municipal de QUEILÉN — Ordenanza Subvenciones y rendicion de cuentas,Normativa General y Otras Materias,https://muniqueilen.cl/wp-content/uploads/2026/03/Ordenanza-Subvenciones-y-rendicion-de-cuentas.pdf,https://muniqueilen.cl/wp-content/uploads/2026/03/Ordenanza-Subvenciones-y-rendicion-de-cuentas.pdf,3986daa5b84cdc9b8a28240c6cf822a8eab0e1d998fa61e67494562f63dd999b,
Queilén,10,Los Lagos,Municipalidad,S/N-2d9d,2026-01-01,Ordenanza Municipal de QUEILÉN — Ordenanza Taxis Basicos y Ejecutivos Queilen,Normativa General y Otras Materias,https://muniqueilen.cl/wp-content/uploads/2026/03/Ordenanza-Taxis-Basicos-y-Ejecutivos-Queilen.pdf,https://muniqueilen.cl/wp-content/uploads/2026/03/Ordenanza-Taxis-Basicos-y-Ejecutivos-Queilen.pdf,2d9d5faacb0a0e9dda408cef6ad0ff78c3677336044858eba3aba773f6b66560,
Queilén,10,Los Lagos,Municipalidad,1,2026-01-01,Ordenanza Municipal de QUEILÉN — Ordenanza Trabajos comunitarios 1,Normativa General y Otras Materias,https://muniqueilen.cl/wp-content/uploads/2026/03/Ordenanza-Trabajos-comunitarios-1.pdf,https://muniqueilen.cl/wp-content/uploads/2026/03/Ordenanza-Trabajos-comunitarios-1.pdf,fb5b77fcbef25172362403222c651a28905bd0a6a2ab15b3773334ae71f3527e,
Queilén,10,Los Lagos,Municipalidad,S/N-b0cb,2026-01-01,Ordenanza Municipal de QUEILÉN — Ordenanza autorizacion transporte de basura desechos escombros o residuos,"Aseo, Ornato y Medio Ambiente",https://muniqueilen.cl/wp-content/uploads/2026/03/Ordenanza-autorizacion-transporte-de-basura-desechos-escombros-o-residuos.pdf,https://muniqueilen.cl/wp-content/uploads/2026/03/Ordenanza-autorizacion-transporte-de-basura-desechos-escombros-o-residuos.pdf,b0cb873848981692f005337b549841675dfb0e85dafcc2959231b9357da7c953,
Queilén,10,Los Lagos,Municipalidad,S/N-9360,2026-01-01,Ordenanza Municipal de QUEILÉN — Ordenanza de Cementerio,Normativa General y Otras Materias,https://muniqueilen.cl/wp-content/uploads/2026/03/Ordenanza-de-Cementerio.pdf,https://muniqueilen.cl/wp-content/uploads/2026/03/Ordenanza-de-Cementerio.pdf,93604feed223d6a31756f5eee033c2f1fad0dd671cd59db117fe613172e9f7c6,
Queilén,10,Los Lagos,Municipalidad,S/N-71b2,2026-01-01,Ordenanza Municipal de QUEILÉN — Ordenanza de Comodatos,Normativa General y Otras Materias,https://muniqueilen.cl/wp-content/uploads/2026/03/Ordenanza-de-Comodatos.pdf,https://muniqueilen.cl/wp-content/uploads/2026/03/Ordenanza-de-Comodatos.pdf,71b2b1cf1aeee28952c10284969beed8167cceb2712f524089cd7b143f35f33f,
Queilén,10,Los Lagos,Municipalidad,S/N-a371,2026-01-01,Ordenanza Municipal de QUEILÉN — Ordenanza de animales sueltos,Tenencia Responsable de Mascotas,https://muniqueilen.cl/wp-content/uploads/2026/03/Ordenanza-de-animales-sueltos.pdf,https://muniqueilen.cl/wp-content/uploads/2026/03/Ordenanza-de-animales-sueltos.pdf,a37153a2fed59895eb7edd7d7e52129033ade2d5206f5f651af99cf6dcb76a67,
Queilén,10,Los Lagos,Municipalidad,S/N-7aeb,2026-01-01,Ordenanza Municipal de QUEILÉN — Ordenanza de derechos municipales MODIF,Derechos Municipales y Tarifas,https://muniqueilen.cl/wp-content/uploads/2026/03/Ordenanza-de-derechos-municipales_MODIF.pdf,https://muniqueilen.cl/wp-content/uploads/2026/03/Ordenanza-de-derechos-municipales_MODIF.pdf,7aeb085d22fbae8e4a47feb5c660ed5bbe40527343fc3d89f2db28ae870fccd6,
Queilén,10,Los Lagos,Municipalidad,S/N-ebcb,2026-01-01,Ordenanza Municipal de QUEILÉN — Ordenanza modificacion plano regulador Queilen,Normativa General y Otras Materias,https://muniqueilen.cl/wp-content/uploads/2026/03/Ordenanza_modificacion_plano_regulador_Queilen.pdf,https://muniqueilen.cl/wp-content/uploads/2026/03/Ordenanza_modificacion_plano_regulador_Queilen.pdf,ebcb6cd2d86d357d0c6f6e2f5f985d0555fcdcc4b71b3fe20bbe578289df5834,
Quellón,10,Los Lagos,BCN,1,1986-02-12,DICTA ORDENANZA PARA EL COMERCIO ESTACIONADO Y AMBULANTE EN LA VIA PUBLICA,"Comercio, Alcoholes y Patentes",https://www.bcn.cl/leychile/navegar?idNorma=156087,,,https://datos.bcn.cl/recurso/cl/orz/municipalidad-de-quellon/1986-02-12/1/datos.json
Quellón,10,Los Lagos,BCN,2,1986-02-12,APRUEBA ORDENANZA LOCAL SOBRE DERECHOS MUNICIPALES,Derechos Municipales y Tarifas,https://www.bcn.cl/leychile/navegar?idNorma=156088,,,https://datos.bcn.cl/recurso/cl/orz/municipalidad-de-quellon/1986-02-12/2/datos.json
Quellón,10,Los Lagos,Municipalidad,S/N,2026-01-01,Ordenanza Municipal de QUELLÓN — Acuerdo3 CierroSitiosEriazos,Normativa General y Otras Materias,https://muniquellon.cl/ordenanzas/ordenanzas2023/Acuerdo3_CierroSitiosEriazos.pdf,https://muniquellon.cl/ordenanzas-municipales/,3b24b4bb76b87896b6a64442da3cbe6faeb2883ef14a4e5aa4db733f4d79f7a3,
Quellón,10,Los Lagos,Municipalidad,S/N-a94b,2026-01-01,Ordenanza Municipal de QUELLÓN — Acuerdo4 CapturaVacunos,Normativa General y Otras Materias,https://muniquellon.cl/ordenanzas/ordenanzas2023/Acuerdo4_CapturaVacunos.pdf,https://muniquellon.cl/ordenanzas-municipales/,a94b4812fda6b3cea1422481aea21596baf7a3013e954155be4f549a7b7dca8e,
Quellón,10,Los Lagos,Municipalidad,S/N-4d5b,2026-01-01,Ordenanza Municipal de QUELLÓN — Acuerdo5 TenenciaResponsable,Normativa General y Otras Materias,https://muniquellon.cl/ordenanzas/ordenanzas2023/Acuerdo5_TenenciaResponsable.pdf,https://muniquellon.cl/ordenanzas-municipales/,4d5b1cba94c2fbe2aa04dd5ec5f93935f723f928bfb56bcdb6addb51b4ff2b1c,
Quellón,10,Los Lagos,Municipalidad,S/N-bde0,2026-01-01,Ordenanza Municipal de QUELLÓN — Acuerdo6 Subvenciones,Normativa General y Otras Materias,https://muniquellon.cl/ordenanzas/ordenanzas2023/Acuerdo6_Subvenciones.pdf,https://muniquellon.cl/ordenanzas-municipales/,bde0cf4d660aeccd6e74ca310f43816afedd514cec231f21160db5a8e0188930,
Quellón,10,Los Lagos,Municipalidad,S/N-b2fa,2026-01-01,Ordenanza Municipal de QUELLÓN — Acuerdo8 DerechosMunicipales,Derechos Municipales y Tarifas,https://muniquellon.cl/ordenanzas/ordenanzas2023/Acuerdo8_DerechosMunicipales.pdf,https://muniquellon.cl/ordenanzas-municipales/,b2fa31636924950196823b1713a08b73db0d3501abeb8c89b28f75e78dd214ce,
Quellón,10,Los Lagos,Municipalidad,S/N-ed9f,2026-01-01,ORDENANZA MUNICIPAL SOBRE CIERRO SITIOS ERIAZOS ORDENANZA MUNICIPAL SOBRE CIERRO SITIOS ERIAZOS,Normativa General y Otras Materias,https://muniquellon.cl/ordenanzas/ordenanzas2023/cierrositioseriazos.pdf,https://muniquellon.cl/ordenanzas-municipales/,ed9fbe9abc22bb258fa9714e1e83fc9d8bb93dc54d7481b916a4b090661d61fc,
Quellón,10,Los Lagos,Municipalidad,4,2026-01-01,ORDENANZAS DE SUBVENCIONES MUNICIPALES ORDENANZAS DE SUBVENCIONES MUNICIPALES,Normativa General y Otras Materias,https://muniquellon.cl/ordenanzas/ordenanzas2023/ordenanza4.pdf,https://muniquellon.cl/ordenanzas-municipales/,081d9de89d7d6355ae601ae2e4e4570e64242f11fa80cdb4163c8da505e65e73,
Quellón,10,Los Lagos,Municipalidad,S/N-939b,2026-01-01,Ordenanza Municipal de QUELLÓN — ordenanzamedioambiente1,"Aseo, Ornato y Medio Ambiente",https://muniquellon.cl/ordenanzas/ordenanzas2023/ordenanzamedioambiente1.pdf,https://muniquellon.cl/ordenanzas-municipales/,939b3f7ad622b806063d2f916eb242d321aa1d5d9d6c2af7aa65ae1579cf30e3,
Quellón,10,Los Lagos,Municipalidad,S/N-32e6,2026-01-01,Ordenanza Municipal de QUELLÓN — tenenciacontrolvacunos,Normativa General y Otras Materias,https://muniquellon.cl/ordenanzas/ordenanzas2023/tenenciacontrolvacunos.pdf,https://muniquellon.cl/ordenanzas-municipales/,32e6587466562a7ab55890acacf617b96ffa9d2c8215633e64125da885eea36b,
Quellón,10,Los Lagos,Municipalidad,S/N-5428,2026-01-01,Ordenanza Municipal de QUELLÓN — tenenciamascotasyanimales,Tenencia Responsable de Mascotas,https://muniquellon.cl/ordenanzas/ordenanzas2023/tenenciamascotasyanimales.pdf,https://muniquellon.cl/ordenanzas-municipales/,5428607aa61891a3cf7fa2dcfd0c2181cdf0c1f0dd11aee67c1a332bf03b2b36,
Quellón,10,Los Lagos,Municipalidad,2,2026-01-01,"Ordenanza Municipal de QUELLÓN — texto refundido, organizado y sistematizado  de la Ordenanza Municipal Nº2  por Derechos Municipales de Cobros por  Concesiones,  Prestaciones  o Servicios",Derechos Municipales y Tarifas,"https://muniquellon.cl/ordenanzas/ordenanzas2023/texto%20refundido,%20organizado%20y%20sistematizado%20%20de%20la%20Ordenanza%20Municipal%20N%C2%BA2%20%20por%20Derechos%20Municipales%20de%20Cobros%20por%20%20Concesiones,%20%20Prestaciones%20%20o%20Servicios.pdf",https://muniquellon.cl/ordenanzas-municipales/,b154a83c7fbae6948a33b9dd1b99410c8aa4b2b2a6cf4d09c835f107e34c572b,
Quemchi,10,Los Lagos,BCN,s-n,2010-08-14,ORDENANZA LOCAL PARA CONMUTAR MULTAS DE DINERO POR EFECTUAR TRABAJOS EN BENEFICIO DE LA COMUNIDAD,Normativa General y Otras Materias,https://www.bcn.cl/leychile/navegar?idNorma=1016234,,,https://datos.bcn.cl/recurso/cl/orz/municipalidad-de-quemchi/2010-08-14/s-n/datos.json
Quinchao,10,Los Lagos,BCN,2153,2010-10-15,ORDENANZA SOBRE TRABAJOS EN BENEFICIO DE LA COMUNIDAD PARA CUMPLIR SENTENCIAS DICTADAS POR EL JUEZ DE POLICÍA LOCAL,Normativa General y Otras Materias,https://www.bcn.cl/leychile/navegar?idNorma=1017823,,,https://datos.bcn.cl/recurso/cl/orz/municipalidad-de-quinchao/2010-10-15/2153/datos.json
Osorno,10,Los Lagos,BCN,89,2011-07-06,ORDENANZA Nº 89 SOBRE EL ESTABLECIMIENTO DE ÁREAS VERDES Y LA ARBORIZACIÓN URBANA EN NUEVOS CONJUNTOS RESIDENCIALES,"Aseo, Ornato y Medio Ambiente",https://www.bcn.cl/leychile/navegar?idNorma=1027485,,,https://datos.bcn.cl/recurso/cl/orz/municipalidad-de-osorno/2011-07-06/89/datos.json
Osorno,10,Los Lagos,BCN,84,2009-10-19,"MODIFICA ORDENANZA Nº83, DE 2007, SOBRE SISTEMA DE GESTIÓN AMBIENTAL",Normativa General y Otras Materias,https://www.bcn.cl/leychile/navegar?idNorma=1007282,,,https://datos.bcn.cl/recurso/cl/orz/municipalidad-de-osorno/2009-10-19/84/datos.json
Osorno,10,Los Lagos,BCN,79,2004-12-29,"MODIFICA ORDENANZA SOBRE DERECHOS MUNICIPALES POR CONCESIONES, PERMISOS Y SERVICIOS",Derechos Municipales y Tarifas,https://www.bcn.cl/leychile/navegar?idNorma=234072,,,https://datos.bcn.cl/recurso/cl/orz/municipalidad-de-osorno/2004-12-29/79/datos.json
Osorno,10,Los Lagos,BCN,78,2004-10-08,"MODIFICA ORDENANZA Nº 35, DE 1993",Normativa General y Otras Materias,https://www.bcn.cl/leychile/navegar?idNorma=231188,,,https://datos.bcn.cl/recurso/cl/orz/municipalidad-de-osorno/2004-10-08/78/datos.json
Osorno,10,Los Lagos,BCN,72,2002-12-31,ORDENANZA SOBRE EL TENDIDO DE REDES DE TELECOMUNICACIONES Y OTRAS APOYADAS EN POSTES DE PROPIEDAD MUNICIPAL O BIENES NACIONALES DE USO PUBLICO,Normativa General y Otras Materias,https://www.bcn.cl/leychile/navegar?idNorma=206534,,,https://datos.bcn.cl/recurso/cl/orz/municipalidad-de-osorno/2002-12-31/72/datos.json
Osorno,10,Los Lagos,BCN,71,2002-10-24,APRUEBA ORDENANZA AMBIENTAL DE ANIMALES DOMESTICOS,Tenencia Responsable y Mascotas,https://www.bcn.cl/leychile/navegar?idNorma=203869,,,https://datos.bcn.cl/recurso/cl/orz/municipalidad-de-osorno/2002-10-24/71/datos.json
Osorno,10,Los Lagos,BCN,70,2002-08-14,DICTA ORDENANZA SOBRE TRABAJOS EN BENEFICIO DE LA COMUNIDAD PARA CUMPLIR SENTENCIAS DICTADAS POR EL JUEZ DE POLICIA LOCAL,Normativa General y Otras Materias,https://www.bcn.cl/leychile/navegar?idNorma=201420,,,https://datos.bcn.cl/recurso/cl/orz/municipalidad-de-osorno/2002-08-14/70/datos.json
Osorno,10,Los Lagos,BCN,68,2001-12-05,DICTA ORDENANZA LOCAL PARA LA MEDICION DE DISTANCIAS DE NEGOCIOS DE ALCOHOLES,"Comercio, Alcoholes y Patentes",https://www.bcn.cl/leychile/navegar?idNorma=192269,,,https://datos.bcn.cl/recurso/cl/orz/municipalidad-de-osorno/2001-12-05/68/datos.json
Osorno,10,Los Lagos,BCN,64,2001-08-06,DICTA ORDENANZA SOBRE BIENES NACIONALES DE USO PUBLICO,Normativa General y Otras Materias,https://www.bcn.cl/leychile/navegar?idNorma=188270,,,https://datos.bcn.cl/recurso/cl/orz/municipalidad-de-osorno/2001-08-06/64/datos.json
Osorno,10,Los Lagos,BCN,65,2001-08-06,"REGLAMENTA LA INSTALACION DE LINEAS DISTRIBUIDORAS DE ENERGIA ELECTRICA, TRANSMISORAS DE SEÑALES, DISTRIBUCION DE GAS NATURAL Y ALUMBRADO PUBLICO",Tránsito y Transporte,https://www.bcn.cl/leychile/navegar?idNorma=188281,,,https://datos.bcn.cl/recurso/cl/orz/municipalidad-de-osorno/2001-08-06/65/datos.json
Osorno,10,Los Lagos,BCN,66,2001-08-06,DICTA ORDENANZA SOBRE PROPAGANDA Y PUBLICIDAD,"Comercio, Alcoholes y Patentes",https://www.bcn.cl/leychile/navegar?idNorma=188282,,,https://datos.bcn.cl/recurso/cl/orz/municipalidad-de-osorno/2001-08-06/66/datos.json
Osorno,10,Los Lagos,BCN,67,2001-08-06,MODIFICA ORDENANZA Nº 60 SOBRE HORARIO DE FUNCIONAMIENTO DE LOCALES DE EXPENDIO DE BEBIDAS ALCOHOLICAS,"Comercio, Alcoholes y Patentes",https://www.bcn.cl/leychile/navegar?idNorma=188283,,,https://datos.bcn.cl/recurso/cl/orz/municipalidad-de-osorno/2001-08-06/67/datos.json
Osorno,10,Los Lagos,BCN,63,2001-01-19,MODIFICA ORDENANZA Nº 60 SOBRE HORARIO DE FUNCIONAMIENTO DE ESTABLECIMIENTOS DE EXPENDIO DE BEBIDAS ALCOHOLICAS,"Comercio, Alcoholes y Patentes",https://www.bcn.cl/leychile/navegar?idNorma=180527,,,https://datos.bcn.cl/recurso/cl/orz/municipalidad-de-osorno/2001-01-19/63/datos.json
Osorno,10,Los Lagos,BCN,60,2000-07-28,FIJA HORARIO DE FUNCIONAMIENTO DE ESTABLECIMIENTOS DE EXPENDIO DE BEBIDAS ALCOHOLICAS,"Comercio, Alcoholes y Patentes",https://www.bcn.cl/leychile/navegar?idNorma=173491,,,https://datos.bcn.cl/recurso/cl/orz/municipalidad-de-osorno/2000-07-28/60/datos.json
Osorno,10,Los Lagos,BCN,59,2000-07-24,"DEJA SIN EFECTO ORDENANZA Nº 57, DE 2000, QUE FIJA HORARIO DE FUNCIONAMIENTO DE ESTABLECIMIENTOS DE EXPENDIO DE BEBIDAS ALCOHOLICAS","Comercio, Alcoholes y Patentes",https://www.bcn.cl/leychile/navegar?idNorma=173253,,,https://datos.bcn.cl/recurso/cl/orz/municipalidad-de-osorno/2000-07-24/59/datos.json
Osorno,10,Los Lagos,BCN,57,2000-06-29,FIJA HORARIO DE FUNCIONAMIENTO DE ESTABLECIMIENTOS DE EXPENDIO DE BEBIDAS ALCOHOLICAS,"Comercio, Alcoholes y Patentes",https://www.bcn.cl/leychile/navegar?idNorma=171553,,,https://datos.bcn.cl/recurso/cl/orz/municipalidad-de-osorno/2000-06-29/57/datos.json
Osorno,10,Los Lagos,BCN,48,1996-12-31,"MODIFICA ORDENANZA SOBRE CONDICIONES GENERALES PARA DETERMINAR TARIFAS DE ASEO, COBRO Y EXENCIONES",Derechos Municipales y Tarifas,https://www.bcn.cl/leychile/navegar?idNorma=31076,,,https://datos.bcn.cl/recurso/cl/orz/municipalidad-de-osorno/1996-12-31/48/datos.json
Osorno,10,Los Lagos,BCN,46,1996-09-17,"MODIFICA ORDENANZA N° 35 DE 1993, QUE REGLAMENTA Y ORDENA EL USO DE VIAS POR VEHICULOS DE CARGA",Tránsito y Transporte,https://www.bcn.cl/leychile/navegar?idNorma=31075,,,https://datos.bcn.cl/recurso/cl/orz/municipalidad-de-osorno/1996-09-17/46/datos.json
Osorno,10,Los Lagos,BCN,45,1996-06-17,"MODIFICA ORDENANZA N° 43 DE 1996, SOBRE CONDICIONES GENERALES PARA DETERMINAR TARIFAS DE ASEO, COBRO Y EXENCIONES",Derechos Municipales y Tarifas,https://www.bcn.cl/leychile/navegar?idNorma=31073,,,https://datos.bcn.cl/recurso/cl/orz/municipalidad-de-osorno/1996-06-17/45/datos.json
Osorno,10,Los Lagos,BCN,43,1996-01-31,"CONDICIONES GENERALES PARA DETERMINAR TARIFAS DE ASEO, COBRO Y EXENCIONES",Derechos Municipales y Tarifas,https://www.bcn.cl/leychile/navegar?idNorma=31071,,,https://datos.bcn.cl/recurso/cl/orz/municipalidad-de-osorno/1996-01-31/43/datos.json
Osorno,10,Los Lagos,BCN,41,1995-08-09,"MODIFICA ORDENANZA N° 39, SOBRE DERECHOS MUNICIPALES POR CONCESIONES, PERMISOS Y SERVICIOS",Derechos Municipales y Tarifas,https://www.bcn.cl/leychile/navegar?idNorma=31070,,,https://datos.bcn.cl/recurso/cl/orz/municipalidad-de-osorno/1995-08-09/41/datos.json
Osorno,10,Los Lagos,BCN,39,1995-01-30,"DICTA ORDENANZA SOBRE DERECHOS MUNICIPALES POR CONCESIONES, PERMISOS Y SERVICIOS",Derechos Municipales y Tarifas,https://www.bcn.cl/leychile/navegar?idNorma=31068,,,https://datos.bcn.cl/recurso/cl/orz/municipalidad-de-osorno/1995-01-30/39/datos.json
Osorno,10,Los Lagos,BCN,38,1995-01-21,DICTA ORDENANZA LOCAL SOBRE TERMINALES DE LOCOMOCION COLECTIVA NO URBANA,"Urbanismo, Obras y Edificación",https://www.bcn.cl/leychile/navegar?idNorma=31067,,,https://datos.bcn.cl/recurso/cl/orz/municipalidad-de-osorno/1995-01-21/38/datos.json
Osorno,10,Los Lagos,BCN,37,1994-06-15,MODIFICA ORDENANZA N° 35 QUE REGLAMENTA Y ORDENA EL USO DE VIAS POR VEHICULOS DE CARGA,Tránsito y Transporte,https://www.bcn.cl/leychile/navegar?idNorma=31065,,,https://datos.bcn.cl/recurso/cl/orz/municipalidad-de-osorno/1994-06-15/37/datos.json
Osorno,10,Los Lagos,BCN,36,1994-01-29,"PRORROGA PARA EL AÑO 1994 Y MODIFICA ORDENANZA N° 32 SOBRE DERECHOS MUNICIPALES POR CONCESIONES, PERMISOS Y SERVICIOS",Derechos Municipales y Tarifas,https://www.bcn.cl/leychile/navegar?idNorma=31064,,,https://datos.bcn.cl/recurso/cl/orz/municipalidad-de-osorno/1994-01-29/36/datos.json
Osorno,10,Los Lagos,BCN,34,1993-05-10,"'RECTIFICACION DE ORDENANZA MUNICIPAL N°32 DE FECHA 21.01.93, PUBLICADA EN EL DIARIO OFICIAL DE 30.01.93, SOBRE DERECHOS MUNICIPALES POR CONCESIONES, PERMISOS Y SERVICIOS'",Derechos Municipales y Tarifas,https://www.bcn.cl/leychile/navegar?idNorma=31062,,,https://datos.bcn.cl/recurso/cl/orz/municipalidad-de-osorno/1993-05-10/34/datos.json
Osorno,10,Los Lagos,BCN,32,1993-01-30,"DICTA ORDENANZA DE DERECHOS MUNICIPALES POR CONCESIONES, PERMISOS Y SERVICIOS",Derechos Municipales y Tarifas,https://www.bcn.cl/leychile/navegar?idNorma=31060,,,https://datos.bcn.cl/recurso/cl/orz/municipalidad-de-osorno/1993-01-30/32/datos.json
Osorno,10,Los Lagos,BCN,28,1992-01-22,"PRORROGA PARA EL AÑO 1992 Y MODIFICA ORDENANZA NO. 27 SOBRE 'DERECHOS MUNICIPALES POR CONCESIONES, PERMISOS Y SERVICIOS'",Derechos Municipales y Tarifas,https://www.bcn.cl/leychile/navegar?idNorma=96174,,,https://datos.bcn.cl/recurso/cl/orz/municipalidad-de-osorno/1992-01-22/28/datos.json
Osorno,10,Los Lagos,BCN,27,1991-01-30,"DICTA ORDENANZA SOBRE DERECHOS MUNICIPALES POR CONCESIONES, PERMISOS Y SERVICIOS",Derechos Municipales y Tarifas,https://www.bcn.cl/leychile/navegar?idNorma=88324,,,https://datos.bcn.cl/recurso/cl/orz/municipalidad-de-osorno/1991-01-30/27/datos.json
Osorno,10,Los Lagos,BCN,25,1990-07-19,"PRORROGA ORDENANZA NO. 21 SOBRE DERECHOS MUNICIPALES POR CONCESIONES, PERMISOS Y SERVICIOS",Derechos Municipales y Tarifas,https://www.bcn.cl/leychile/navegar?idNorma=89187,,,https://datos.bcn.cl/recurso/cl/orz/municipalidad-de-osorno/1990-07-19/25/datos.json
Osorno,10,Los Lagos,BCN,23,1989-02-13,"PRORROGA POR AÑO 1989 VIGENCIA DE ORDENANZA NO. 21, DE 1988 Y SU MODIFICACION POR ORDENANZA NO. 22, DE 1988.",Normativa General y Otras Materias,https://www.bcn.cl/leychile/navegar?idNorma=120263,,,https://datos.bcn.cl/recurso/cl/orz/municipalidad-de-osorno/1989-02-13/23/datos.json
Osorno,10,Los Lagos,BCN,22,1988-06-18,"MODIFICA ORDENANZA SOBRE DERECHOS MUNICIPALES POR CONCESIONES, PERMISOS Y SERVICIOS",Derechos Municipales y Tarifas,https://www.bcn.cl/leychile/navegar?idNorma=132933,,,https://datos.bcn.cl/recurso/cl/orz/municipalidad-de-osorno/1988-06-18/22/datos.json
Osorno,10,Los Lagos,BCN,21,1988-02-19,"DERECHOS MUNICIPALES POR CONCESIONES, PERMISOS Y SERVICIOS",Derechos Municipales y Tarifas,https://www.bcn.cl/leychile/navegar?idNorma=173208,,,https://datos.bcn.cl/recurso/cl/orz/municipalidad-de-osorno/1988-02-19/21/datos.json
Osorno,10,Los Lagos,BCN,15,1986-01-28,"DICTA ORDENANZA SOBRE DERECHOS MUNICIPALES POR CONCESIONES, PERMISOS Y SERVICIOS",Derechos Municipales y Tarifas,https://www.bcn.cl/leychile/navegar?idNorma=160874,,,https://datos.bcn.cl/recurso/cl/orz/municipalidad-de-osorno/1986-01-28/15/datos.json
Osorno,10,Los Lagos,BCN,14,1985-08-08,"MODIFICA ORDENANZA SOBRE DERECHOS MUNICIPALES POR CONCESIONES, PERMISOS Y SERVICIOS",Derechos Municipales y Tarifas,https://www.bcn.cl/leychile/navegar?idNorma=198475,,,https://datos.bcn.cl/recurso/cl/orz/municipalidad-de-osorno/1985-08-08/14/datos.json
Osorno,10,Los Lagos,BCN,12,1985-06-18,"MODIFICA ORDENANZA SOBRE DERECHOS MUNICIPALES POR CONCESIONES, PERMISOS Y SERVICIOS",Derechos Municipales y Tarifas,https://www.bcn.cl/leychile/navegar?idNorma=164095,,,https://datos.bcn.cl/recurso/cl/orz/municipalidad-de-osorno/1985-06-18/12/datos.json
Osorno,10,Los Lagos,BCN,9,1985-02-22,"DICTA ORDENANZA SOBRE DERECHOS MUNICIPALES POR CONCESIONES, PERMISOS, Y SERVICIOS",Derechos Municipales y Tarifas,https://www.bcn.cl/leychile/navegar?idNorma=210633,,,https://datos.bcn.cl/recurso/cl/orz/municipalidad-de-osorno/1985-02-22/9/datos.json
Purranque,10,Los Lagos,BCN,5,1995-12-29,"ORDENANZA MUNICIPAL PARA TERMINAL DE LOCOMOCION COLECTIVA NO URBANA, COMUNA DE PURRANQUE","Urbanismo, Obras y Edificación",https://www.bcn.cl/leychile/navegar?idNorma=30998,,,https://datos.bcn.cl/recurso/cl/orz/municipalidad-de-purranque/1995-12-29/5/datos.json
Purranque,10,Los Lagos,BCN,6,1995-12-29,"MODIFICA ORDENANZAS N° 2 Y 3, DE 1993",Normativa General y Otras Materias,https://www.bcn.cl/leychile/navegar?idNorma=31006,,,https://datos.bcn.cl/recurso/cl/orz/municipalidad-de-purranque/1995-12-29/6/datos.json
Purranque,10,Los Lagos,BCN,7,1995-12-29,"MODIFICA ORDENANZA SOBRE DERECHOS MUNICIPALES POR CONCESIONES, PERMISOS Y SERVICIOS",Derechos Municipales y Tarifas,https://www.bcn.cl/leychile/navegar?idNorma=31017,,,https://datos.bcn.cl/recurso/cl/orz/municipalidad-de-purranque/1995-12-29/7/datos.json
Purranque,10,Los Lagos,BCN,1,1995-11-21,"DICTA ORDENANZA SOBRE DERECHOS MUNICIPALES POR CONCESIONES, PERMISOS Y SERVICIOS",Derechos Municipales y Tarifas,https://www.bcn.cl/leychile/navegar?idNorma=30906,,,https://datos.bcn.cl/recurso/cl/orz/municipalidad-de-purranque/1995-11-21/1/datos.json
Purranque,10,Los Lagos,BCN,2,1995-03-25,"MODIFICA ORDENANZA SOBRE DERECHOS MUNICIPALES POR CONCESIONES, PERMISOS Y SERVICIOS",Derechos Municipales y Tarifas,https://www.bcn.cl/leychile/navegar?idNorma=30941,,,https://datos.bcn.cl/recurso/cl/orz/municipalidad-de-purranque/1995-03-25/2/datos.json
Purranque,10,Los Lagos,BCN,1,1994-08-06,DICTA ORDENANZA SOBRE EMPLAZAMIENTO Y FUNCIONAMIENTO DE KIOSCOS,"Comercio, Alcoholes y Patentes",https://www.bcn.cl/leychile/navegar?idNorma=30891,,,https://datos.bcn.cl/recurso/cl/orz/municipalidad-de-purranque/1994-08-06/1/datos.json
Purranque,10,Los Lagos,BCN,1,1992-03-12,"MUNICIPALIDAD DE PURRANQUE DICTA ORDENANZA SOBRE DERECHOS MUNICIPALES POR CONCESIONES, PERMISOS Y SERVICIOS",Derechos Municipales y Tarifas,https://www.bcn.cl/leychile/navegar?idNorma=86064,,,https://datos.bcn.cl/recurso/cl/orz/municipalidad-de-purranque/1992-03-12/1/datos.json
Purranque,10,Los Lagos,BCN,1,1990-02-14,"PRORROGA DECRETOS MUNICIPALES NO. 312 Y 429,DE 1989",Normativa General y Otras Materias,https://www.bcn.cl/leychile/navegar?idNorma=91423,,,https://datos.bcn.cl/recurso/cl/orz/municipalidad-de-purranque/1990-02-14/1/datos.json
Purranque,10,Los Lagos,Municipalidad,S/N,2026-01-01,Ordenanza Municipal de PURRANQUE — BASES BECA ED SUPERIOR,Normativa General y Otras Materias,https://www.purranque.cl/descargas/BASES-BECA-ED-SUPERIOR.pdf,https://www.purranque.cl/,3424a7fb87ad9b433420993eb396c0bba3aeae82573110115589868a9f8f70e4,
Purranque,10,Los Lagos,Municipalidad,S/N-9037,2026-01-01,Ordenanza Municipal de PURRANQUE — FORMULARIO ED SUPERIOR,Normativa General y Otras Materias,https://www.purranque.cl/descargas/FORMULARIO-ED-SUPERIOR.pdf,https://www.purranque.cl/,903792b2a4fb8af322a79687fd4e1597ea42bcf07337a9c88cad1391d399fbd9,
Purranque,10,Los Lagos,Municipalidad,S/N-ca9d,2026-01-01,Ordenanza Municipal de PURRANQUE — ord 5,Normativa General y Otras Materias,https://www.purranque.cl/descargas/ord_5.pdf,https://www.purranque.cl/,ca9dd52445b0f567a680413dcaf2e57f0b87423baf27e84c3c41fe185086e089,
Purranque,10,Los Lagos,Municipalidad,S/N-c2ee,2026-01-01,Ordenanza Municipal de PURRANQUE — bases pmjh,Normativa General y Otras Materias,https://www.purranque.cl/descargas/pmjh/bases-pmjh.pdf,https://www.purranque.cl/,c2ee4297ae03fe5e9a3e64b877aedf932b024447456ccf527ba4418f8b9ab820,
Purranque,10,Los Lagos,Municipalidad,S/N-9aa6,2026-01-01,Ordenanza Municipal de PURRANQUE — formulario pmjh,Normativa General y Otras Materias,https://www.purranque.cl/descargas/pmjh/formulario-pmjh.pdf,https://www.purranque.cl/,9aa6dac6d046d1cc11599129db4694b61917b6e09b1c8628a34d0809375cdb71,
Purranque,10,Los Lagos,Municipalidad,S/N-08f0,2026-01-01,Ordenanza Municipal de PURRANQUE — ordenanza pmjh,Normativa General y Otras Materias,https://www.purranque.cl/descargas/pmjh/ordenanza-pmjh.pdf,https://www.purranque.cl/,08f08a2b413e3b08b543efa8e250955ef1888b07bcbcda1582c068212bccdca8,
San Juan de la Costa,10,Los Lagos,BCN,2,1986-03-10,"DICTA ORDENANZA SOBRE DERECHOS MUNICIPALES POR CONCESIONES, PERMISOS Y SERVICIOS",Derechos Municipales y Tarifas,https://www.bcn.cl/leychile/navegar?idNorma=188882,,,https://datos.bcn.cl/recurso/cl/orz/municipalidad-de-san-juan-de-la-costa/1986-03-10/2/datos.json
San Juan de la Costa,10,Los Lagos,Municipalidad,S/N,2026-01-01,Ordenanza Municipal de SAN JUAN DE LA COSTA — OM tenencia responsable,Tenencia Responsable de Mascotas,https://sanjuandelacosta.cl/archivosvarios/ordenanzas/OM_tenencia_responsable.pdf,https://sanjuandelacosta.cl/archivosvarios/ordenanzas/OM_tenencia_responsable.pdf,a7d803035fe75b1178c645907c9b77cf8cefd39c0f4050f24f550d469c1de22a,
Futaleufú,10,Los Lagos,Municipalidad,1,2026-01-01,ver Documento Oficial PDF ver Documento Oficial PDF,Tránsito y Transporte,https://www.futaleufu.cl/wp-content/uploads/2026/07/DECRETO-APRUEBA-ORDENANZA-RETIRO-VEHICULOS-1.pdf,https://www.futaleufu.cl/2026/07/24/municipalidad-de-futaleufu-implementa-nueva-ordenanza-para-el-retiro-de-vehiculos-abandonados/,1d7637bce72f8411db19d48948c3482fe588fedaec7608d9a56afcd566ddcf8c,
Futaleufú,10,Los Lagos,Municipalidad,S/N,2026-01-01,Ordenanza Municipal de FUTALEUFÚ — Ordenanza Juego de Destraza,Normativa General y Otras Materias,https://www.futaleufu.cl/wp-content/uploads/2026/08/Ordenanza-Juego-de-Destraza.pdf,https://www.futaleufu.cl/2026/07/24/municipalidad-de-futaleufu-implementa-nueva-ordenanza-para-el-retiro-de-vehiculos-abandonados/,2428dab7d63b1f4b247d36737bbf772dcc16f58c05ad626d63ca8909c723dd8e,
Futaleufú,10,Los Lagos,Municipalidad,S/N-97d9,2026-01-01,Ordenanza Municipal de FUTALEUFÚ — Ordenanza Municipal de Expendio de Alcoholes y Plan de ReducciA³n de Patentes de Alcoholes de FTF,"Patentes, Comercio y Alcoholes",https://www.futaleufu.cl/wp-content/uploads/2026/08/Ordenanza-Municipal-de-Expendio-de-Alcoholes-y-Plan-de-ReducciA%C2%B3n-de-Patentes-de-Alcoholes-de-FTF.pdf,https://www.futaleufu.cl/2026/07/24/municipalidad-de-futaleufu-implementa-nueva-ordenanza-para-el-retiro-de-vehiculos-abandonados/,97d9614a2c15e5661fbb6d4aa11e98c7b12cfa4a078a48ef8d27a528c027c5ca,
Hualaihué,10,Los Lagos,BCN,1,2002-01-29,DICTA MODIFICACION DE ORDENANZA PARA EL HORARIO DE FUNCIONAMIENTO DE NEGOCIOS DE BEBIDAS ALCOHOLICAS,"Comercio, Alcoholes y Patentes",https://www.bcn.cl/leychile/navegar?idNorma=194143,,,https://datos.bcn.cl/recurso/cl/orz/municipalidad-de-hualaihue/2002-01-29/1/datos.json
Hualaihué,10,Los Lagos,BCN,1,2001-09-22,DICTA ORDENANZA PARA EL HORARIO DE FUNCIONAMIENTO DE NEGOCIOS DE BEBIDAS ALCOHOLICAS,"Comercio, Alcoholes y Patentes",https://www.bcn.cl/leychile/navegar?idNorma=189610,,,https://datos.bcn.cl/recurso/cl/orz/municipalidad-de-hualaihue/2001-09-22/1/datos.json
Hualaihué,10,Los Lagos,BCN,s-n,2000-08-31,"ORDENANZA SOBRE USO DE TERMINAL DE LOCOMOCION COLECTIVA DE TRANSPORTE DE PASAJEROS PARA BUSES, DE HORNOPIREN",Tránsito y Transporte,https://www.bcn.cl/leychile/navegar?idNorma=174768,,,https://datos.bcn.cl/recurso/cl/orz/municipalidad-de-hualaihue/2000-08-31/s-n/datos.json
Hualaihué,10,Los Lagos,Municipalidad,92,2026-01-01,Ordenanza Municipal de HUALAIHUÉ — CERT. ACUERDO N° 92 APRUEBA ORDENANZA DE PARTICIPACION CIUDADANA,Normativa General y Otras Materias,https://municipalidadhualaihue.cl/wp-content/uploads/2022/11/CERT.-ACUERDO-N%C2%B0-92-APRUEBA-ORDENANZA-DE-PARTICIPACION-CIUDADANA.pdf,https://municipalidadhualaihue.cl/cambio-del-articulo-no-31-de-la-ordenanza-municipal-de-terminales-de-locomocion-colectiva-urbana-y-no-urbana/,c2ef26352a1abc70672086b200c17a1ecfa283efd7671aba10816647704c0b5d,
Hualaihué,10,Los Lagos,Municipalidad,520,2026-01-01,Ordenanza Municipal de HUALAIHUÉ — Decreto Alcaldicio N 520 Ordenanza Humedales,"Aseo, Ornato y Medio Ambiente",https://municipalidadhualaihue.cl/wp-content/uploads/2023/02/Decreto-Alcaldicio-N-520-Ordenanza-Humedales.pdf,https://municipalidadhualaihue.cl/cambio-del-articulo-no-31-de-la-ordenanza-municipal-de-terminales-de-locomocion-colectiva-urbana-y-no-urbana/,c6c37b541a5b8534f843efc9ef64124dc82bbf6b92fdaa7bd1609e1cf42b60c0,
Hualaihué,10,Los Lagos,Municipalidad,S/N,2026-01-01,Ordenanza Municipal de HUALAIHUÉ — DECRETO ORDENANZA DE ALCOHOLES HUALAIHUE,"Patentes, Comercio y Alcoholes",https://municipalidadhualaihue.cl/wp-content/uploads/2026/08/DECRETO-ORDENANZA-DE-ALCOHOLES-HUALAIHUE.pdf,https://municipalidadhualaihue.cl/cambio-del-articulo-no-31-de-la-ordenanza-municipal-de-terminales-de-locomocion-colectiva-urbana-y-no-urbana/,861a3b9085513e5280723a389eca63caca057a4de9672b5f622f063a170b89f9,
Hualaihué,10,Los Lagos,Municipalidad,S/N-34fb,2026-01-01,Ordenanza Municipal de HUALAIHUÉ — DECRETO ORDENANZA DE MyQUINAS DE JUEGOS DE HABILIDAD O DESTREZA,Normativa General y Otras Materias,https://municipalidadhualaihue.cl/wp-content/uploads/2026/08/DECRETO-ORDENANZA-DE-MyQUINAS-DE-JUEGOS-DE-HABILIDAD-O-DESTREZA.pdf,https://municipalidadhualaihue.cl/cambio-del-articulo-no-31-de-la-ordenanza-municipal-de-terminales-de-locomocion-colectiva-urbana-y-no-urbana/,34fbcf4f2d247ed4b48b975385254ff6a4851e0440b8747e88efe1dfc12b9cca,
Coyhaique,11,Aysén,BCN,1,2008-07-22,DICTA ORDENANZA SOBRE HORARIOS DE FUNCIONAMIENTO DE ESTABLECIMIENTOS DE EXPENDIO DE BEBIDAS ALCOHÓLICAS,"Comercio, Alcoholes y Patentes",https://www.bcn.cl/leychile/navegar?idNorma=274774,,,https://datos.bcn.cl/recurso/cl/orz/municipalidad-de-coyhaique/2008-07-22/1/datos.json
Coyhaique,11,Aysén,BCN,2,2004-05-29,APRUEBA ORDENANZA SOBRE TRANSPORTE DE VEHICULOS DE CARGA MAYOR Y MENOR,Tránsito y Transporte,https://www.bcn.cl/leychile/navegar?idNorma=225844,,,https://datos.bcn.cl/recurso/cl/orz/municipalidad-de-coyhaique/2004-05-29/2/datos.json
Coyhaique,11,Aysén,BCN,5,1997-11-19,MODIFICACION PLAN REGULADOR DE COYHAIQUE MODIFICACION PLAN REGULADOR DE COYHAIQUE,"Urbanismo, Obras y Edificación",https://www.bcn.cl/leychile/navegar?idNorma=77456,,,https://datos.bcn.cl/recurso/cl/orz/municipalidad-de-coyhaique/1997-11-19/5/datos.json
Coyhaique,11,Aysén,BCN,3,1997-10-27,MODIFICA PLAN REGULADOR COMUNAL,"Urbanismo, Obras y Edificación",https://www.bcn.cl/leychile/navegar?idNorma=76480,,,https://datos.bcn.cl/recurso/cl/orz/municipalidad-de-coyhaique/1997-10-27/3/datos.json
Coyhaique,11,Aysén,BCN,4,1997-10-27,MODIFICA PLAN REGULADOR COMUNAL,"Urbanismo, Obras y Edificación",https://www.bcn.cl/leychile/navegar?idNorma=76481,,,https://datos.bcn.cl/recurso/cl/orz/municipalidad-de-coyhaique/1997-10-27/4/datos.json
Coyhaique,11,Aysén,BCN,2,1997-08-06,MODIFICA PLAN REGULADOR COMUNAL DE COYHAIQUE,"Urbanismo, Obras y Edificación",https://www.bcn.cl/leychile/navegar?idNorma=74702,,,https://datos.bcn.cl/recurso/cl/orz/municipalidad-de-coyhaique/1997-08-06/2/datos.json
Coyhaique,11,Aysén,BCN,2,1996-06-12,DICTA ORDENANZA LOCAL SOBRE INSTALACION DE CABINAS TELEFONICAS EN BIENES NACIONALES DE USO PUBLICO EN LA CIUDAD DE COYHAIQUE,Normativa General y Otras Materias,https://www.bcn.cl/leychile/navegar?idNorma=30951,,,https://datos.bcn.cl/recurso/cl/orz/municipalidad-de-coyhaique/1996-06-12/2/datos.json
Coyhaique,11,Aysén,BCN,6,1995-12-30,"EFECTUA MODIFICACION ORDENANZA SOBRE DERECHOS MUNICIPALES POR CONCESIONES, PERMISOS Y SERVICIOS",Derechos Municipales y Tarifas,https://www.bcn.cl/leychile/navegar?idNorma=31007,,,https://datos.bcn.cl/recurso/cl/orz/municipalidad-de-coyhaique/1995-12-30/6/datos.json
Coyhaique,11,Aysén,BCN,5,1995-12-29,DICTA ORDENANZA SOBRE EXENCIONES PARCIALES Y TOTALES PARA DETERMINAR TARIFAS DE ASEO DOMICILIARIO,Derechos Municipales y Tarifas,https://www.bcn.cl/leychile/navegar?idNorma=30997,,,https://datos.bcn.cl/recurso/cl/orz/municipalidad-de-coyhaique/1995-12-29/5/datos.json
Coyhaique,11,Aysén,BCN,3,1995-08-11,EXTRACTO ORDENANZA EXTRACCION DE ARIDOS,"Aseo, Ornato y Medio Ambiente",https://www.bcn.cl/leychile/navegar?idNorma=30969,,,https://datos.bcn.cl/recurso/cl/orz/municipalidad-de-coyhaique/1995-08-11/3/datos.json
Coyhaique,11,Aysén,BCN,2,1995-07-27,ORDENANZA SOBRE DISEÑO Y CONSTRUCCION DE AREAS VERDES EN LOTEOS NUEVOS,"Aseo, Ornato y Medio Ambiente",https://www.bcn.cl/leychile/navegar?idNorma=30944,,,https://datos.bcn.cl/recurso/cl/orz/municipalidad-de-coyhaique/1995-07-27/2/datos.json
Coyhaique,11,Aysén,BCN,8,1995-03-23,MODIFICA PLAN REGULADOR COMUNAL,"Urbanismo, Obras y Edificación",https://www.bcn.cl/leychile/navegar?idNorma=31024,,,https://datos.bcn.cl/recurso/cl/orz/municipalidad-de-coyhaique/1995-03-23/8/datos.json
Coyhaique,11,Aysén,BCN,9,1995-03-23,MODIFICA PLAN REGULADOR COMUNAL,"Urbanismo, Obras y Edificación",https://www.bcn.cl/leychile/navegar?idNorma=31028,,,https://datos.bcn.cl/recurso/cl/orz/municipalidad-de-coyhaique/1995-03-23/9/datos.json
Coyhaique,11,Aysén,BCN,13,1995-01-10,"MODIFICA ORDENANZA SOBRE DERECHOS MUNICIPALES POR CONCESIONES, PERMISOS Y SERVICIOS",Derechos Municipales y Tarifas,https://www.bcn.cl/leychile/navegar?idNorma=31038,,,https://datos.bcn.cl/recurso/cl/orz/municipalidad-de-coyhaique/1995-01-10/13/datos.json
Coyhaique,11,Aysén,BCN,7,1994-08-11,"MODIFICA ORDENANZA VIGENTE SOBRE DERECHOS MUNICIPALES POR CONCESIONES, PERMISOS Y SERVICIOS",Derechos Municipales y Tarifas,https://www.bcn.cl/leychile/navegar?idNorma=31015,,,https://datos.bcn.cl/recurso/cl/orz/municipalidad-de-coyhaique/1994-08-11/7/datos.json
Coyhaique,11,Aysén,BCN,2974,1994-06-30,MODIFICA PLAN REGULADOR DE COYHAIQUE,"Urbanismo, Obras y Edificación",https://www.bcn.cl/leychile/navegar?idNorma=31146,,,https://datos.bcn.cl/recurso/cl/orz/municipalidad-de-coyhaique/1994-06-30/2974/datos.json
Coyhaique,11,Aysén,BCN,3,1994-04-27,"MODIFICA ORDENANZA N° 1, DE 1994",Normativa General y Otras Materias,https://www.bcn.cl/leychile/navegar?idNorma=30962,,,https://datos.bcn.cl/recurso/cl/orz/municipalidad-de-coyhaique/1994-04-27/3/datos.json
Coyhaique,11,Aysén,BCN,1,1994-01-31,"MODIFICA ORDENANZA VIGENTE SOBRE DERECHOS MUNICIPALES POR CONCESIONES, PERMISOS Y SERVICIOS",Derechos Municipales y Tarifas,https://www.bcn.cl/leychile/navegar?idNorma=30886,,,https://datos.bcn.cl/recurso/cl/orz/municipalidad-de-coyhaique/1994-01-31/1/datos.json
Coyhaique,11,Aysén,BCN,3,1993-03-08,"MODIFICA ORDENANZA N° 02, DE 1990",Normativa General y Otras Materias,https://www.bcn.cl/leychile/navegar?idNorma=30956,,,https://datos.bcn.cl/recurso/cl/orz/municipalidad-de-coyhaique/1993-03-08/3/datos.json
Coyhaique,11,Aysén,BCN,s-n,1993-03-02,DICTA ORDENANZA SOBRE OTORGAMIENTO DE PATENTES DE EXPENDIO DE BEBIDAS ALCOHOLICAS,"Comercio, Alcoholes y Patentes",https://www.bcn.cl/leychile/navegar?idNorma=31158,,,https://datos.bcn.cl/recurso/cl/orz/municipalidad-de-coyhaique/1993-03-02/s-n/datos.json
Coyhaique,11,Aysén,BCN,1,1993-01-25,"MODIFICA ORDENANZA VIGENTE SOBRE DERECHOS MUNICIPALES POR CONCESIONES, PERMISOS Y SERVICIOS",Derechos Municipales y Tarifas,https://www.bcn.cl/leychile/navegar?idNorma=30867,,,https://datos.bcn.cl/recurso/cl/orz/municipalidad-de-coyhaique/1993-01-25/1/datos.json
Coyhaique,11,Aysén,BCN,3,1992-05-05,"MODIFICA ORDENANZA VIGENTE SOBRE DERECHOS MUNICIPALES POR CONCESIONES, PERMISOS Y SERVICIOS",Derechos Municipales y Tarifas,https://www.bcn.cl/leychile/navegar?idNorma=86655,,,https://datos.bcn.cl/recurso/cl/orz/municipalidad-de-coyhaique/1992-05-05/3/datos.json
Coyhaique,11,Aysén,BCN,1,1992-01-31,MODIFICA ORDENANZA VIGENTE SOBRE DERECHOS MUNICIPALES POR CONCESIONES PERMISOS Y SERVICIOS,Derechos Municipales y Tarifas,https://www.bcn.cl/leychile/navegar?idNorma=96889,,,https://datos.bcn.cl/recurso/cl/orz/municipalidad-de-coyhaique/1992-01-31/1/datos.json
Coyhaique,11,Aysén,BCN,1,1990-01-30,"MODIFICA ORDENANZA DE DERECHOS MUNICIPALES POR CONCESIONES, PERMISOS Y SERVICIOS",Derechos Municipales y Tarifas,https://www.bcn.cl/leychile/navegar?idNorma=95719,,,https://datos.bcn.cl/recurso/cl/orz/municipalidad-de-coyhaique/1990-01-30/1/datos.json
Coyhaique,11,Aysén,BCN,s-n,1989-01-30,"MODIFICA Y COMPLEMENTA ORDENANZA MUNICIPAL, SOBRE DERECHOS, CONCESIONES, PERMISOS Y SERVICIOS",Derechos Municipales y Tarifas,https://www.bcn.cl/leychile/navegar?idNorma=181717,,,https://datos.bcn.cl/recurso/cl/orz/municipalidad-de-coyhaique/1989-01-30/s-n/datos.json
Coyhaique,11,Aysén,BCN,1,1988-01-28,DICTA NORMAS DE NOTIFICACION DE ACTUACIONES Y RESOLUCIONES MUNICIPALES,Normativa General y Otras Materias,https://www.bcn.cl/leychile/navegar?idNorma=173368,,,https://datos.bcn.cl/recurso/cl/orz/municipalidad-de-coyhaique/1988-01-28/1/datos.json
Coyhaique,11,Aysén,BCN,2,1988-01-28,MODIFICA ORDENANZA DE DERECHOS MUNICIPALES,Derechos Municipales y Tarifas,https://www.bcn.cl/leychile/navegar?idNorma=173365,,,https://datos.bcn.cl/recurso/cl/orz/municipalidad-de-coyhaique/1988-01-28/2/datos.json
Coyhaique,11,Aysén,BCN,1,1987-01-15,"DICTA ORDENANZA SOBRE DERECHOS MUNICIPALES POR CONCESIONES, PERMISOS Y SERVICIOS",Derechos Municipales y Tarifas,https://www.bcn.cl/leychile/navegar?idNorma=146210,,,https://datos.bcn.cl/recurso/cl/orz/municipalidad-de-coyhaique/1987-01-15/1/datos.json
Coyhaique,11,Aysén,BCN,1,1986-01-28,"DICTA ORDENANZA SOBRE DERECHOS MUNICIPALES POR CONCESIONES, PERMISOS Y SERVICIOS",Derechos Municipales y Tarifas,https://www.bcn.cl/leychile/navegar?idNorma=160876,,,https://datos.bcn.cl/recurso/cl/orz/municipalidad-de-coyhaique/1986-01-28/1/datos.json
Aysén,11,Aysén,BCN,s-n,2003-06-19,MODIFICA ORDENANZA LOCAL DE MEDIO AMBIENTE,"Aseo, Ornato y Medio Ambiente",https://www.bcn.cl/leychile/navegar?idNorma=211404,,,https://datos.bcn.cl/recurso/cl/orz/municipalidad-de-aysen/2003-06-19/s-n/datos.json
Aysén,11,Aysén,BCN,s-n,2001-06-21,PLAN REGULADOR INTERURBANO DE PUERTO AYSEN - PUERTO CHACABUCO,"Urbanismo, Obras y Edificación",https://www.bcn.cl/leychile/navegar?idNorma=186699,,,https://datos.bcn.cl/recurso/cl/orz/municipalidad-de-aysen/2001-06-21/s-n/datos.json
Aysén,11,Aysén,BCN,s-n,1990-03-10,"MODIFICA ORDENANZA LOCAL SOBRE DERECHOS MUNICIPALES, PERMISOS, CONCESIONES Y SERVICIOS",Derechos Municipales y Tarifas,https://www.bcn.cl/leychile/navegar?idNorma=90591,,,https://datos.bcn.cl/recurso/cl/orz/municipalidad-de-aysen/1990-03-10/s-n/datos.json
Aysén,11,Aysén,Municipalidad,2006,2006-06-19,Enlace 2006 Decreto Exento Ordenanza de Medio Ambiente 1626 19-06-2006 Enlace,"Aseo, Ornato y Medio Ambiente",https://transparencia.puertoaysen.cl/pdf/Actos_y_Resoluciones/con_efectos_sobre_terceros/Ordenanzas/2006-1626.pdf,https://muniaysen.gob.cl/ordenanzas-y-reglamentos/,8548dd214425bb23cf7b7317705686ebf5d1337fa95bb99093672ef6c91bf277,
Aysén,11,Aysén,Municipalidad,2012,2012-12-21,"Enlace 2012 Decreto Exento Refúndase Ordenanza Local sobre Derechos, concesiones y servicios 4050 21-12-2012 Enlace",Derechos Municipales y Tarifas,https://transparencia.puertoaysen.cl/pdf/Actos_y_Resoluciones/con_efectos_sobre_terceros/Ordenanzas/2012-4050.pdf,https://muniaysen.gob.cl/ordenanzas-y-reglamentos/,768e0361fc9d5559df9a315b7aa5b1266dbe14adb984ce66eb69e27f0a21c095,
Aysén,11,Aysén,Municipalidad,2013,2013-01-01,Ordenanza Municipal de AYSÉN — 2013 4969,Normativa General y Otras Materias,https://transparencia.puertoaysen.cl/pdf/Actos_y_Resoluciones/con_efectos_sobre_terceros/Ordenanzas/2013-4969.pdf,https://muniaysen.gob.cl/ordenanzas-y-reglamentos/,a05d14d9f83c328ec26e41037059fcee69e0d683781910776c4e583bde87e5a7,
Aysén,11,Aysén,Municipalidad,2014,2014-01-01,Ordenanza Municipal de AYSÉN — 2014 3719,Normativa General y Otras Materias,https://transparencia.puertoaysen.cl/pdf/Actos_y_Resoluciones/con_efectos_sobre_terceros/Ordenanzas/2014-3719.pdf,https://muniaysen.gob.cl/ordenanzas-y-reglamentos/,89c956241be4c70db209bc5c3631f06b6106bb28d962d76d8a06662da6ed735b,
Aysén,11,Aysén,Municipalidad,2014-a743,2014-01-01,Ordenanza Municipal de AYSÉN — 2014 5381,Normativa General y Otras Materias,https://transparencia.puertoaysen.cl/pdf/Actos_y_Resoluciones/con_efectos_sobre_terceros/Ordenanzas/2014-5381.pdf,https://muniaysen.gob.cl/ordenanzas-y-reglamentos/,a743397f535e23a0b39260c377166004bcf86c7f871fcd29557f03537f2eab02,
Aysén,11,Aysén,Municipalidad,2015,2015-07-29,"Enlace 2015 Decreto Exento Ordenanza circulación de bicilcetas,triciclos y similares 3080 29-07-2015 Enlace",Normativa General y Otras Materias,https://transparencia.puertoaysen.cl/pdf/Actos_y_Resoluciones/con_efectos_sobre_terceros/Ordenanzas/2015-3080.pdf,https://muniaysen.gob.cl/ordenanzas-y-reglamentos/,e5487f6ad27da2470e812758fe7970d095a00a440d82b1229748c2c1fe99f102,
Aysén,11,Aysén,Municipalidad,2015,2015-01-01,Ordenanza Municipal de AYSÉN — 2015 3340,Normativa General y Otras Materias,https://transparencia.puertoaysen.cl/pdf/Actos_y_Resoluciones/con_efectos_sobre_terceros/Ordenanzas/2015-3340.pdf,https://muniaysen.gob.cl/ordenanzas-y-reglamentos/,199ad7b4d7b9b0de9e777736c14ce0610e7aa96df702569f598025a246e06f9c,
Aysén,11,Aysén,Municipalidad,2015,2015-12-31,Enlace 2015 Decreto Exento Ordenanza tarifas de cobro y exención de aseo domiciliario 5652 31-12-2015 Enlace,Derechos Municipales y Tarifas,https://transparencia.puertoaysen.cl/pdf/Actos_y_Resoluciones/con_efectos_sobre_terceros/Ordenanzas/2015-5652.pdf,https://muniaysen.gob.cl/ordenanzas-y-reglamentos/,12502b41719c56cd71431368150e5445e61c2851d4629131d2755a116c795d7a,
Aysén,11,Aysén,Municipalidad,2016,2016-01-01,Ordenanza Municipal de AYSÉN — 2016 1651,Normativa General y Otras Materias,https://transparencia.puertoaysen.cl/pdf/Actos_y_Resoluciones/con_efectos_sobre_terceros/Ordenanzas/2016-1651.pdf,https://muniaysen.gob.cl/ordenanzas-y-reglamentos/,82865337ba756447bff4064296ffa1587f107ed135081e1bfaffa5ecd05c6b20,
Aysén,11,Aysén,Municipalidad,2016-e74f,2016-01-01,Ordenanza Municipal de AYSÉN — 2016 2103,Normativa General y Otras Materias,https://transparencia.puertoaysen.cl/pdf/Actos_y_Resoluciones/con_efectos_sobre_terceros/Ordenanzas/2016-2103.pdf,https://muniaysen.gob.cl/ordenanzas-y-reglamentos/,e74fb481ae6e9532605976e47b4d54e6873ded22abc189d00da0fd3388612151,
Aysén,11,Aysén,Municipalidad,2016-6ed9,2016-01-01,Ordenanza Municipal de AYSÉN — 2016 3621,Normativa General y Otras Materias,https://transparencia.puertoaysen.cl/pdf/Actos_y_Resoluciones/con_efectos_sobre_terceros/Ordenanzas/2016-3621.pdf,https://muniaysen.gob.cl/ordenanzas-y-reglamentos/,6ed95dd8b33ae4d757234f384a03e8d0873be5fed6fb782ec6b6938a8fa3085a,
Aysén,11,Aysén,Municipalidad,2016-3749,2016-01-01,Ordenanza Municipal de AYSÉN — 2016 4480,Normativa General y Otras Materias,https://transparencia.puertoaysen.cl/pdf/Actos_y_Resoluciones/con_efectos_sobre_terceros/Ordenanzas/2016-4480.pdf,https://muniaysen.gob.cl/ordenanzas-y-reglamentos/,374946b00624cb7565b0eb530a5ef21779ec23725ba3ec6b15f7d9a1d6e17aa1,
Aysén,11,Aysén,Municipalidad,2016,2016-12-28,Enlace 2016 Decreto Exento Ordenanza de Alumbrado 5939 28-12-2016 Enlace,Normativa General y Otras Materias,https://transparencia.puertoaysen.cl/pdf/Actos_y_Resoluciones/con_efectos_sobre_terceros/Ordenanzas/2016-5939.pdf,https://muniaysen.gob.cl/ordenanzas-y-reglamentos/,4aa1ddaad91fdcda8593ff39381108e100d82ad65105ff3405a1bacb53a593d9,
Aysén,11,Aysén,Municipalidad,2016-f1b9,2016-12-28,Enlace 2016 Decreto Exento Ordenanza de instalación de propaganda 5940 28-12-2016 Enlace,"Patentes, Comercio y Alcoholes",https://transparencia.puertoaysen.cl/pdf/Actos_y_Resoluciones/con_efectos_sobre_terceros/Ordenanzas/2016-5940.pdf,https://muniaysen.gob.cl/ordenanzas-y-reglamentos/,f1b9bcc389800de595c65777787378db0c6cbefe596613426245447c3ee0bae8,
Aysén,11,Aysén,Municipalidad,2016-fab3,2016-01-01,Ordenanza Municipal de AYSÉN — 2016 5943,Normativa General y Otras Materias,https://transparencia.puertoaysen.cl/pdf/Actos_y_Resoluciones/con_efectos_sobre_terceros/Ordenanzas/2016-5943.pdf,https://muniaysen.gob.cl/ordenanzas-y-reglamentos/,fab3996768c16aaef555335096e5c44fe194953141e52fd3c9725b291233bfb2,
Aysén,11,Aysén,Municipalidad,2016-1ea3,2016-01-01,Ordenanza Municipal de AYSÉN — 2016 5944,Normativa General y Otras Materias,https://transparencia.puertoaysen.cl/pdf/Actos_y_Resoluciones/con_efectos_sobre_terceros/Ordenanzas/2016-5944.pdf,https://muniaysen.gob.cl/ordenanzas-y-reglamentos/,1ea3b01275062a0f38d3412c53e4207d68b4ee685d398b39524b4f2f84a47dba,
Aysén,11,Aysén,Municipalidad,2017,2017-01-01,Ordenanza Municipal de AYSÉN — 2017 1067,Normativa General y Otras Materias,https://transparencia.puertoaysen.cl/pdf/Actos_y_Resoluciones/con_efectos_sobre_terceros/Ordenanzas/2017-1067.pdf,https://muniaysen.gob.cl/ordenanzas-y-reglamentos/,2458892bb7199f665d7cf0997076bdf97eed8f17f5df206cf55815951c4d2bfb,
Guaitecas,11,Aysén,Municipalidad,1,2026-01-01,Open in new tab Taking too long? Reload document | Open in new tab,Normativa General y Otras Materias,https://muniguaitecas.cl/wp-content/uploads/2026/03/Ordenanza-TRM-Municipalidad-Guaitecas_compressed-1.pdf,https://muniguaitecas.cl/2026/03/19/ordenanza-tenencia-responsable-de-mascotas/,5879b43d70f843b0a6f6451d3f41c5c563501621d173cd735a9be5a43f57809d,
Cochrane,11,Aysén,BCN,1,1991-01-21,"MODIFICA Y COMPLEMENTA ORDENANZA LOCAL SOBRE DERECHOS MUNICIPALES POR CONCESIONES, PERMISOS Y SERVICIOS",Derechos Municipales y Tarifas,https://www.bcn.cl/leychile/navegar?idNorma=88454,,,https://datos.bcn.cl/recurso/cl/orz/municipalidad-de-cochrane/1991-01-21/1/datos.json
Tortel,11,Aysén,BCN,s/n,2020-07-17,ORDENANZA MUNICIPAL,Normativa General y Otras Materias,https://www.bcn.cl/leychile/navegar?idNorma=1147594,,,https://datos.bcn.cl/recurso/cl/orz/municipalidad-de-tortel/2020-07-17/s/n/datos.json
Tortel,11,Aysén,Municipalidad,17,2020-01-01,Ver Documento Ver Documento,Normativa General y Otras Materias,https://www.tortel.cl/wp-content/uploads/2021/07/ORDENANZA-MUNICIPAL-DE-USO-DE-MASCARILLA-S_N_-17-JUL-2020.pdf,https://www.tortel.cl/ordenanzas-y-reglamentos/,77c2b907f11d149a796decf6bc4ed558f13692aff3108afa8650fa7ba7f18aad,
Tortel,11,Aysén,Municipalidad,S/N,2026-01-01,Ver Documento Ver Documento,Normativa General y Otras Materias,https://www.tortel.cl/wp-content/uploads/2021/09/ORDENANZA-MUNICIPAL-MEDIO-AMBIENTE.pdf,https://www.tortel.cl/ordenanzas-y-reglamentos/,908994e99a82c3c399f06293a0bc8110594e5eb7777f2d3d12efb80a1686527c,
Chile Chico,11,Aysén,BCN,1,1998-01-30,"APRUEBA ORDENANZA SOBRE DERECHOS MUNICIPALES POR CONCESIONES, PERMISOS Y SERVICIOS",Derechos Municipales y Tarifas,https://www.bcn.cl/leychile/navegar?idNorma=90876,,,https://datos.bcn.cl/recurso/cl/orz/municipalidad-de-chile-chico/1998-01-30/1/datos.json
Chile Chico,11,Aysén,BCN,2,1997-12-04,APRUEBA ORDENANZA SOBRE OTORGAMIENTO DE PATENTES DE EXPENDIO DE BEBIDAS ALCOHOLICAS,"Comercio, Alcoholes y Patentes",https://www.bcn.cl/leychile/navegar?idNorma=80606,,,https://datos.bcn.cl/recurso/cl/orz/municipalidad-de-chile-chico/1997-12-04/2/datos.json
Río Ibáñez,11,Aysén,BCN,s-n,1998-02-09,DICTA ORDENANZA SOBRE DERECHOS MUNICIPALES,Derechos Municipales y Tarifas,https://www.bcn.cl/leychile/navegar?idNorma=95823,,,https://datos.bcn.cl/recurso/cl/orz/municipalidad-de-rio-ibanez/1998-02-09/s-n/datos.json
Río Ibáñez,11,Aysén,Municipalidad,566,2020-01-01,Ordenanza Municipal de RÍO IBÁÑEZ — 10.0 Decreto 566 23.03.2020 Aprueba Ordenanza Ferias Libres,"Patentes, Comercio y Alcoholes",https://rioibanez.cl/wp-content/uploads/2026/01/10.0-Decreto-566-23.03.2020-Aprueba-Ordenanza-Ferias-Libres.pdf,https://rioibanez.cl/ordenanzas-municipales/,cdd70f29f0abf7428ba0a58180dc21c8f06e7d98f11f78fc4817d4692cbf7b6b,
Punta Arenas,12,Magallanes,Municipalidad,S/N,2026-01-01,Ordenanza Local Plan Regulador Comunal de Punta Arenas,"Urbanismo, Obras y Edificación",https://puntaarenas.cl/archivos/Direcciones/dom/PRC_PUNTA_ARENAS_2016.pdf,https://puntaarenas.cl/normativas/,bb891bd1700706c12d901069af322f7d3c99d4854d3e9f6962751188a9757f7a,
Laguna Blanca,12,Magallanes,Municipalidad,S/N,2026-01-01,Ordenanza Municipal de LAGUNA BLANCA — Ordenanza extraccion aridos,Normativa General y Otras Materias,https://www.mlagunablanca.cl/Transparencia/07%20-%20Actos%20y%20resoluciones%20con%20efectos%20sobre%20te/Ordenanzas%20Municipales/Ordenanza%20extraccion%20aridos.pdf,https://www.mlagunablanca.cl/Transparencia/07%20-%20Actos%20y%20resoluciones%20con%20efectos%20sobre%20te/Ordenanzas%20Municipales/Ordenanza%20extraccion%20aridos.pdf,fb1e9217c0757b653d3564ea011b64e35df47d8f94eb09041abaa19e52a724e2,
Laguna Blanca,12,Magallanes,Municipalidad,747,2026-01-01,Ordenanza Municipal de LAGUNA BLANCA — Decreto N° 747   Aprueba Ordenanza de Derechos,Derechos Municipales y Tarifas,https://www.mlagunablanca.cl/Transparencia/Otros/ordenanzas/Decreto%20N%C2%B0%20747%20-%20Aprueba%20Ordenanza%20de%20Derechos.pdf,https://www.mlagunablanca.cl/Transparencia/Otros/ordenanzas/Decreto%20N%c2%b0%20747%20-%20Aprueba%20Ordenanza%20de%20Derechos.pdf,4658942162a9d0b1e21a8cae6f8c6b8a8b472d8e70570769af4c59552ab8c5c3,
San Gregorio,12,Magallanes,Municipalidad,0262,2026-01-01,Ordenanza Municipal de SAN GREGORIO — D. A. N° 0262 Ordenanza Tenencia responsable de mascotas,Tenencia Responsable de Mascotas,https://sangregorio.cl/wp-content/uploads/2025/10/D.-A.-N%C2%B0-0262-Ordenanza-Tenencia-responsable-de-mascotas.pdf,https://sangregorio.cl/ordenanzas-municipales/,7c1435cb6308e704fb76544f1eedd9484482095a7dd6361afb3018103b34be08,
San Gregorio,12,Magallanes,Municipalidad,1057,2026-01-01,Ordenanza Municipal de SAN GREGORIO — D.A. N°1057 Ordenanza municipal sobre dispositivos de videovigilancia,Normativa General y Otras Materias,https://sangregorio.cl/wp-content/uploads/2025/10/D.A.-N%C2%B01057-Ordenanza-municipal-sobre-dispositivos-de-videovigilancia.pdf,https://sangregorio.cl/ordenanzas-municipales/,3c1f24728abefa27f4b1beb3793a50b3d7cf8b1ee6aac7e0982829e7830fbec6,
San Gregorio,12,Magallanes,Municipalidad,1195,2026-01-01,D.A. N° 1195 Ordenanza local de derechos municipales D.A. N° 1195 Ordenanza local de derechos municipales,Derechos Municipales y Tarifas,https://sangregorio.cl/wp-content/uploads/2025/10/D.A.N%C2%B01195.pdf,https://sangregorio.cl/ordenanzas-municipales/,66d06b4fabf1a5c540b00c200fba5e8bc2db6b2c7a00b8aef7f5ba4084219156,
San Gregorio,12,Magallanes,Municipalidad,0497,2026-01-01,D.A. N° 0497 Ordenanza Plan Regulador Comunal San Gregorio D.A. N° 0497 Ordenanza Plan Regulador Comunal San Gregorio,"Urbanismo, Obras y Edificación",https://sangregorio.cl/wp-content/uploads/2025/10/DA.-0497-Ordenanza-PRC-SG.pdf,https://sangregorio.cl/ordenanzas-municipales/,71644b38619ec2d1e7b5cb94f17d165c5d9772842cc9779b13a88fcae553d39f,
San Gregorio,12,Magallanes,Municipalidad,0829,2017-01-01,D.A. N° 0829 (2017) Ordenanza sobre participación ciudadana D.A. N° 0829 (2017) Ordenanza sobre participación ciudadana,Normativa General y Otras Materias,https://sangregorio.cl/wp-content/uploads/2025/10/DTO.-829-2017-Ordenanza-participacion-ciudadana.pdf,https://sangregorio.cl/ordenanzas-municipales/,62e746443a116693d8fa1c2668a7776e6f408091ef812d10e6357c8e55b84968,
San Gregorio,12,Magallanes,Municipalidad,1531,2005-01-01,D.A. N° 1531 (2005) Ordenanza sobre extracción de áridos D.A. N° 1531 (2005) Ordenanza sobre extracción de áridos,Normativa General y Otras Materias,https://sangregorio.cl/wp-content/uploads/2025/10/ordenanza_aridos.pdf,https://sangregorio.cl/ordenanzas-municipales/,c128ee30d6880f485f310545ff1e3c565fc3c7fd16e74e1a8e1dacaeeecd9fce,
San Gregorio,12,Magallanes,Municipalidad,S/N,2026-01-01,Ordenanza Municipal de SAN GREGORIO — ordenanza circulacion y estacionamiento vehiculos,Tránsito y Transporte,https://sangregorio.cl/wp-content/uploads/2025/10/ordenanza_circulacion_y_estacionamiento_vehiculos.pdf,https://sangregorio.cl/ordenanzas-municipales/,700d37f38aa4cc0cd3b92cdfb578cfdeb62d83e7f6f52e9ee922adb9da177114,
San Gregorio,12,Magallanes,Municipalidad,1,2026-01-01,Ordenanza Municipal de SAN GREGORIO — ORDENANZA BECA MUNICIPAL ENSENANZA MEDIA 1,Normativa General y Otras Materias,https://sangregorio.cl/wp-content/uploads/2026/03/ORDENANZA-BECA-MUNICIPAL-ENSENANZA-MEDIA-1.pdf,https://sangregorio.cl/ordenanzas-municipales/,127b8b1976ff16e45a9638d0ac22fad9f88e33ab27b354afdd7560ebe41e9bc3,
San Gregorio,12,Magallanes,Municipalidad,1-5a53,2026-01-01,Ordenanza Municipal de SAN GREGORIO — ORDENANZA BECA MUNICIPAL ESTUDIANTES EDUCACION SUPERIOR 1,Normativa General y Otras Materias,https://sangregorio.cl/wp-content/uploads/2026/03/ORDENANZA-BECA-MUNICIPAL-ESTUDIANTES-EDUCACION-SUPERIOR-1.pdf,https://sangregorio.cl/ordenanzas-municipales/,5a53f123e9e0511d13df5189dbb1985128391cb983db770e316a82f59f9d0514,
Cabo de Hornos,12,Magallanes,Municipalidad,473,2026-01-01,Ordenanza Municipal de CABO DE HORNOS — 473,Normativa General y Otras Materias,https://imcabodehornos.cl/jsmallfib_top/Actos%20y%20resoluciones%20que%20afectan%20a%20terceros/Ordenanzas/2024/473.pdf,https://imcabodehornos.cl/jsmallfib_top/Actos%20y%20resoluciones%20que%20afectan%20a%20terceros/Ordenanzas/2024/473.pdf,38a72d21fe72981c1a1afae0c6ebbe9d68a41fd919ca64cd82ca83e8ff2b21a9,
Porvenir,12,Magallanes,Municipalidad,20,2026-01-01,Ordenanza Municipal de PORVENIR — ORDENANZA MUNICIPAL N° 20 SUBVENCIONES MUNICIPALES,Normativa General y Otras Materias,https://www.muniporvenir.cl/wpcont-wp/uploads/2026/07/ORDENANZA-MUNICIPAL-N%c2%b0-20-SUBVENCIONES-MUNICIPALES.pdf,https://www.muniporvenir.cl/wpcont-wp/uploads/2026/07/ORDENANZA-MUNICIPAL-N°-20-SUBVENCIONES-MUNICIPALES.pdf,109ec0b97f04d016219d5fd993c05425af94628cc63732e36be1e00485732fb4,
Porvenir,12,Magallanes,Municipalidad,21,2026-01-01,Ordenanza Municipal de PORVENIR — Ordenanza N° 21 Asignaciones directas municipales,Normativa General y Otras Materias,https://www.muniporvenir.cl/wpcont-wp/uploads/2026/07/Ordenanza-N%c2%b0-21-Asignaciones-directas-municipales.pdf,https://www.muniporvenir.cl/wpcont-wp/uploads/2026/07/Ordenanza-N°-21-Asignaciones-directas-municipales.pdf,42a33a3fa2b3597f8fe436371ea74f688bce5c1c26eadbb22fbe077d19546995,
Porvenir,12,Magallanes,Municipalidad,S/N,2026-01-01,Ordenanza Municipal de PORVENIR — FORMULARIO DE POSTULACION ASIGNACION DIRECTA,Normativa General y Otras Materias,https://www.muniporvenir.cl/wpcont-wp/uploads/2026/07/FORMULARIO-DE-POSTULACION-ASIGNACION-DIRECTA.pdf,https://www.muniporvenir.cl/municipalidad-de-porvenir-aprueba-nueva-ordenanza-de-subvenciones-municipales/,f8bcde8992b65fb390f952a0d9de7e3c43763df39945367332e252a304992590,
Porvenir,12,Magallanes,Municipalidad,22,2026-01-01,Ordenanza Municipal de PORVENIR — Ordenanza N° 22 FONDEVE,Normativa General y Otras Materias,https://www.muniporvenir.cl/wpcont-wp/uploads/2026/08/Ordenanza-N%c2%b0-22-FONDEVE.pdf,https://www.muniporvenir.cl/municipalidad-de-porvenir-aprueba-nueva-ordenanza-de-subvenciones-municipales/,24f08374a7e52ab67ed430d29b1d4b06d847cc0bd1b41c83f4a09c390951110b,
Natales,12,Magallanes,BCN,337,1989-08-08,FIJA ORDENANZA SOBRE FUNCIONAMIENTO DE ENTRETENIMIENTOS ELECTRONICOS,Normativa General y Otras Materias,https://www.bcn.cl/leychile/navegar?idNorma=207389,,,https://datos.bcn.cl/recurso/cl/orz/municipalidad-de-natales/1989-08-08/337/datos.json
Natales,12,Magallanes,BCN,2,1986-01-16,"APRUEBA ORDENANZA SOBRE DERECHOS MUNICIPALES POR PERMISOS, CONCESIONES Y/O SERVICIOS",Derechos Municipales y Tarifas,https://www.bcn.cl/leychile/navegar?idNorma=158791,,,https://datos.bcn.cl/recurso/cl/orz/municipalidad-de-puerto-natales/1986-01-16/2/datos.json
Torres del Paine,12,Magallanes,BCN,1,1993-01-30,APRUEBA ORDENANZA SOBRE DERECHOS MUNICIPALES,Derechos Municipales y Tarifas,https://www.bcn.cl/leychile/navegar?idNorma=30872,,,https://datos.bcn.cl/recurso/cl/orz/municipalidad-de-paine/1993-01-30/1/datos.json
Torres del Paine,12,Magallanes,BCN,1,1990-01-30,APRUEBA ORDENANZA MUNICIPAL,Normativa General y Otras Materias,https://www.bcn.cl/leychile/navegar?idNorma=95741,,,https://datos.bcn.cl/recurso/cl/orz/municipalidad-de-paine/1990-01-30/1/datos.json
Torres del Paine,12,Magallanes,BCN,2,1988-06-27,"MODIFICA ORDENANZA MUNICIPAL NO. 3, DE 1985",Normativa General y Otras Materias,https://www.bcn.cl/leychile/navegar?idNorma=133052,,,https://datos.bcn.cl/recurso/cl/orz/municipalidad-de-paine/1988-06-27/2/datos.json
Torres del Paine,12,Magallanes,BCN,30,1986-03-01,"ORDENANZA SOBRE DERECHOS MUNICIPALES, POR PERMISOS, CONCESIONES Y/O SERVICIOS",Derechos Municipales y Tarifas,https://www.bcn.cl/leychile/navegar?idNorma=188997,,,https://datos.bcn.cl/recurso/cl/orz/municipalidad-de-torres-del-paine/1986-03-01/30/datos.json
Torres del Paine,12,Magallanes,BCN,3,1985-02-09,DICTA ORDENANZA LOCAL SOBRE DERECHOS MUNICIPALES,Derechos Municipales y Tarifas,https://www.bcn.cl/leychile/navegar?idNorma=164611,,,https://datos.bcn.cl/recurso/cl/orz/municipalidad-de-paine/1985-02-09/3/datos.json
